0
SECTION
2
HEADER
9
$INSUNITS
70
4
9
$ACADVER
1
AC1014
9
$HANDSEED
5
FFFF
0
ENDSEC
0
SECTION
2
TABLES
0
TABLE
2
VPORT
5
8
100
AcDbSymbolTable
0
ENDTAB
0
TABLE
2
LTYPE
5
5
100
AcDbSymbolTable
0
LTYPE
5
14
100
AcDbSymbolTableRecord
100
AcDbLinetypeTableRecord
2
BYBLOCK
70
0
0
LTYPE
5
15
100
AcDbSymbolTableRecord
100
AcDbLinetypeTableRecord
2
BYLAYER
70
0
0
LTYPE
5
16
100
AcDbSymbolTableRecord
100
AcDbLinetypeTableRecord
2
DASHED
70
0
3
Dashed __ __ __ __ __ __ __ __ __ __ __ __ __ _
72
65
73
2
40
0.75
49
0.5
74
0
49
-0.25
74
0
0
ENDTAB
0
TABLE
2
LAYER
5
2
100
AcDbSymbolTable
70
2
0
LAYER
5
50
100
AcDbSymbolTableRecord
100
AcDbLayerTableRecord
2
0
70
0
62
7
6
CONTINUOUS
0
ENDTAB
0
TABLE
2
STYLE
5
3
100
AcDbSymbolTable
70
1
0
STYLE
5
11
100
AcDbSymbolTableRecord
100
AcDbTextStyleTableRecord
2
STANDARD
70
0
0
ENDTAB
0
TABLE
2
VIEW
5
6
100
AcDbSymbolTable
70
0
0
ENDTAB
0
TABLE
2
UCS
5
7
100
AcDbSymbolTable
70
0
0
ENDTAB
0
TABLE
2
APPID
5
9
100
AcDbSymbolTable
70
2
0
APPID
5
12
100
AcDbSymbolTableRecord
100
AcDbRegAppTableRecord
2
ACAD
70
0
0
ENDTAB
0
TABLE
2
DIMSTYLE
5
A
100
AcDbSymbolTable
70
1
0
ENDTAB
0
TABLE
2
BLOCK_RECORD
5
1
100
AcDbSymbolTable
70
1
0
BLOCK_RECORD
5
1F
100
AcDbSymbolTableRecord
100
AcDbBlockTableRecord
2
*MODEL_SPACE
0
BLOCK_RECORD
5
1B
100
AcDbSymbolTableRecord
100
AcDbBlockTableRecord
2
*PAPER_SPACE
0
ENDTAB
0
ENDSEC
0
SECTION
2
BLOCKS
0
BLOCK
5
20
100
AcDbEntity
100
AcDbBlockBegin
2
*MODEL_SPACE
0
ENDBLK
5
21
100
AcDbEntity
100
AcDbBlockEnd
0
BLOCK
5
1C
100
AcDbEntity
100
AcDbBlockBegin
2
*PAPER_SPACE
0
ENDBLK
5
1D
100
AcDbEntity
100
AcDbBlockEnd
0
ENDSEC
0
SECTION
2
ENTITIES
0
CIRCLE
5
100
100
AcDbEntity
8
0
100
AcDbCircle
10
-92.500136013148122
20
-35.502778706737828
30
0
40
2.1999999999999931
210
0
220
-0
230
1
0
CIRCLE
5
101
100
AcDbEntity
8
0
100
AcDbCircle
10
-22.860136013148118
20
-68.102778706737837
30
0
40
2.200000000000002
210
0
220
-0
230
1
0
CIRCLE
5
102
100
AcDbEntity
8
0
100
AcDbCircle
10
-39.000136013148115
20
-38.252778706737828
30
0
40
2.200000000000002
210
0
220
-0
230
1
0
CIRCLE
5
103
100
AcDbEntity
8
0
100
AcDbCircle
10
-91.835136013148144
20
-23.062778706737824
30
0
40
2.1999999999999931
210
0
220
-0
230
1
0
CIRCLE
5
104
100
AcDbEntity
8
0
100
AcDbCircle
10
-53.000136013148129
20
-60.78277870673783
30
0
40
2.1999999999999931
210
0
220
-0
230
1
0
CIRCLE
5
105
100
AcDbEntity
8
0
100
AcDbCircle
10
-94.500136013148108
20
-57.252778706737821
30
0
40
2.1999999999999931
210
0
220
-0
230
1
0
CIRCLE
5
106
100
AcDbEntity
8
0
100
AcDbCircle
10
-78.615136013148117
20
-22.59777870673782
30
0
40
2.200000000000002
210
0
220
-0
230
1
0
CIRCLE
5
107
100
AcDbEntity
8
0
100
AcDbCircle
10
-41.530136013148137
20
-50.982778706737818
30
0
40
2.200000000000002
210
0
220
-0
230
1
0
CIRCLE
5
108
100
AcDbEntity
8
0
100
AcDbCircle
10
-94.500136013148108
20
-77.002778706737843
30
0
40
2.1999999999999931
210
0
220
-0
230
1
0
CIRCLE
5
109
100
AcDbEntity
8
0
100
AcDbCircle
10
-85.750136013148136
20
-56.252778706737828
30
0
40
2.1999999999999931
210
0
220
-0
230
1
0
CIRCLE
5
110
100
AcDbEntity
8
0
100
AcDbCircle
10
-16.500136013148126
20
-49.252778706737821
30
0
40
2.1999999999999997
210
0
220
-0
230
1
0
CIRCLE
5
111
100
AcDbEntity
8
0
100
AcDbCircle
10
-39.330136013148127
20
-26.522778706737821
30
0
40
2.200000000000002
210
0
220
-0
230
1
0
LWPOLYLINE
5
112
100
AcDbEntity
8
0
100
AcDbPolyline
90
56
70
1
43
0.0
10
-121.77658915158814
20
-75.552778706737826
10
-119.25013601314814
20
-75.55277870673784
42
-0.99999999999999989
10
-119.25013601314814
20
-79.952778706737817
10
-121.77658915158814
20
-79.952778706737831
10
-121.77658915158814
20
-93.05277870673784
10
-119.25013601314814
20
-93.05277870673784
42
-0.41421356237309503
10
-117.05013601314815
20
-95.252778706737828
10
-117.05013601314815
20
-97.800000000000011
10
-78.700136013148111
20
-97.800000000000011
10
-78.700136013148111
20
-95.252778706737828
42
-0.99999999999999989
10
-74.300136013148119
20
-95.252778706737828
10
-74.300136013148119
20
-97.800000000000011
10
-4.9501360131481142
20
-97.800000000000011
10
-4.9501360131481142
20
-95.252778706737828
42
-0.41421356237309509
10
-2.7501360131481074
20
-93.052778706737826
10
-0.20000000000000018
20
-93.05277870673784
10
-0.20000000000000018
20
-25.952778706737831
10
-2.7501360131481296
20
-25.952778706737831
42
-0.99999999999999989
10
-2.7501360131481283
20
-21.552778706737826
10
-0.20000000000000018
20
-21.552778706737826
10
-0.20000000000000018
20
-4.9527787067378348
10
-2.7501360131481301
20
-4.9527787067378277
42
-0.41421356237309498
10
-4.9501360131481285
20
-2.752778706737828
10
-4.9501360131481276
20
-0.20000000000000018
10
-7.9987548127198149
20
-0.20000000000000018
10
-7.9987548127198167
20
-1.0000000000000009
42
-0.41421356237309509
10
-9.1987548127198178
20
-2.2000000000000002
10
-16.803803641304619
20
-2.2000000000000011
42
-0.41421356237309509
10
-18.003803641304618
20
-0.99999999999999978
10
-18.003803641304621
20
-0.20000000000000018
10
-46.550136013148126
20
-0.20000000000000018
10
-46.550136013148119
20
-2.7527787067378289
42
-0.99999999999999989
10
-50.950136013148125
20
-2.752778706737828
10
-50.950136013148118
20
-0.20000000000000018
10
-71.050136013148133
20
-0.20000000000000018
10
-71.050136013148119
20
-2.7527787067378293
42
-0.99999999999999989
10
-75.450136013148139
20
-2.7527787067378284
10
-75.450136013148125
20
-0.20000000000000018
10
-80.066708834947804
20
-0.20000000000000018
10
-80.066708834947804
20
-1.0000000000000007
42
-0.41421356237309481
10
-81.266708834947806
20
-2.2000000000000002
10
-88.844289030575894
20
-2.1999999999999922
42
-0.41421356237309515
10
-90.044289030575882
20
-0.99999999999999967
10
-90.044289030575882
20
-0.20000000000000018
10
-117.05013601314815
20
-0.20000000000000018
10
-117.05013601314815
20
-2.7527787067378107
42
-0.41421356237309503
10
-119.25013601314814
20
-4.9527787067378028
10
-121.77658915158814
20
-4.9527787067378037
10
-121.77658915158814
20
-21.552778706737826
10
-119.25013601314814
20
-21.552778706737822
42
-0.99999999999999989
10
-119.25013601314814
20
-25.95277870673781
10
-121.77658915158814
20
-25.95277870673781
10
-121.77658915158814
20
-55.052778706737826
10
-119.25013601314814
20
-55.052778706737811
42
-0.99999999999999989
10
-119.25013601314814
20
-59.452778706737831
10
-121.77658915158814
20
-59.452778706737817
0
LWPOLYLINE
5
113
100
AcDbEntity
8
0
100
AcDbPolyline
90
4
70
1
43
0.0
10
0
20
0
10
-121.9999972730875
20
0
10
-121.9999972730875
20
-97.999997809529305
10
5.2939559203393771e-22
20
-98.000002806914694
0
CIRCLE
5
114
100
AcDbEntity
8
0
100
AcDbCircle
10
-83.161362805582627
20
-90.332564275555072
30
0
40
0.95000000000001061
210
0
220
0
230
1
0
CIRCLE
5
115
100
AcDbEntity
8
0
100
AcDbCircle
10
-82.802810303437994
20
-94.349922553594013
30
0
40
0.95000000000001072
210
-0
220
0
230
1
0
CIRCLE
5
116
100
AcDbEntity
8
0
100
AcDbCircle
10
-63.492898194062505
20
-6.8472313639060012
30
0
40
0.95000000000000184
210
0
220
0
230
1
0
CIRCLE
5
117
100
AcDbEntity
8
0
100
AcDbCircle
10
-58.426870362031508
20
-6.8472313639060012
30
0
40
0.95000000000000184
210
0
220
0
230
1
0
CIRCLE
5
118
100
AcDbEntity
8
0
100
AcDbCircle
10
-56.126870362031497
20
-6.8472313639060012
30
0
40
0.95000000000000184
210
0
220
0
230
1
0
CIRCLE
5
119
100
AcDbEntity
8
0
100
AcDbCircle
10
-65.792898194062502
20
-6.8472313639060012
30
0
40
0.95000000000000184
210
0
220
0
230
1
0
CIRCLE
5
120
100
AcDbEntity
8
0
100
AcDbCircle
10
-82.444257801293347
20
-92.293233901475958
30
0
40
0.95000000000001072
210
0
220
-0
230
1
0
CIRCLE
5
121
100
AcDbEntity
8
0
100
AcDbCircle
10
-82.802810303437994
20
-88.275875623436974
30
0
40
0.95000000000001072
210
0
220
0
230
1
0
LINE
5
122
100
AcDbEntity
8
0
100
AcDbLine
10
-84.30281030343798
20
-93.379921729017937
30
0
11
-84.302810303437951
21
-94.579921702195847
31
0
0
LINE
5
123
100
AcDbEntity
8
0
100
AcDbLine
10
-84.302810303437951
20
-94.579921702195847
30
0
11
-84.755470607000831
21
-94.579921702195847
31
0
0
SPLINE
5
124
100
AcDbEntity
8
0
100
AcDbSpline
70
0
71
2
72
6
73
3
74
0
42
0.000000001
43
0.0000000001
44
0.0000000001
40
0
40
0
40
0
40
1
40
1
40
1
10
-84.755470607000831
20
-94.579921702195847
30
0
10
-84.874979484397414
20
-94.579921702195847
30
0
10
-84.938008117991927
20
-94.568461964179718
30
0
0
SPLINE
5
125
100
AcDbEntity
8
0
100
AcDbSpline
70
0
71
2
72
6
73
3
74
0
42
0.000000001
43
0.0000000001
44
0.0000000001
40
0
40
0
40
0
40
1
40
1
40
1
10
-84.938008117991927
20
-94.568461964179718
30
0
10
-85.026411938983443
20
-94.553727994014466
30
0
10
-85.086166340428832
20
-94.512391055275643
30
0
0
SPLINE
5
126
100
AcDbEntity
8
0
100
AcDbSpline
70
0
71
2
72
6
73
3
74
0
42
0.000000001
43
0.0000000001
44
0.0000000001
40
0
40
0
40
0
40
1
40
1
40
1
10
-85.086166340428832
20
-94.512391055275643
30
0
10
-85.145920816380027
20
-94.471054042031014
30
0
10
-85.182346406895164
20
-94.396565670420372
30
0
0
SPLINE
5
127
100
AcDbEntity
8
0
100
AcDbSpline
70
0
71
2
72
6
73
3
74
0
42
0.000000001
43
0.0000000001
44
0.0000000001
40
0
40
0
40
0
40
1
40
1
40
1
10
-85.182346406895164
20
-94.396565670420372
30
0
10
-85.218772071916106
20
-94.322077224303925
30
0
10
-85.218772071916135
20
-94.232854882528031
30
0
0
SPLINE
5
128
100
AcDbEntity
8
0
100
AcDbSpline
70
0
71
2
72
6
73
3
74
0
42
0.000000001
43
0.0000000001
44
0.0000000001
40
0
40
0
40
0
40
1
40
1
40
1
10
-85.218772071916135
20
-94.232854882528031
30
0
10
-85.218772071916135
20
-94.07978531186744
30
0
10
-85.12136414976743
20
-93.973782623459542
30
0
0
SPLINE
5
129
100
AcDbEntity
8
0
100
AcDbSpline
70
0
71
2
72
6
73
3
74
0
42
0.000000001
43
0.0000000001
44
0.0000000001
40
0
40
0
40
0
40
1
40
1
40
1
10
-85.12136414976743
20
-93.973782623459542
30
0
10
-85.023956227618726
20
-93.867779786040032
30
0
10
-84.769386056381734
20
-93.867779786040032
30
0
0
LINE
5
130
100
AcDbEntity
8
0
100
AcDbLine
10
-84.769386056381734
20
-93.867779786040032
30
0
11
-84.461609761733087
21
-93.867779786040032
31
0
0
LINE
5
131
100
AcDbEntity
8
0
100
AcDbLine
10
-84.461609761733087
20
-93.867779786040032
30
0
11
-84.461609761733087
21
-93.379921729017937
31
0
0
LINE
5
132
100
AcDbEntity
8
0
100
AcDbLine
10
-84.461609761733087
20
-93.379921729017937
30
0
11
-84.30281030343798
21
-93.379921729017937
31
0
0
LINE
5
133
100
AcDbEntity
8
0
100
AcDbLine
10
-84.461609761733087
20
-94.0093896931903
30
0
11
-84.771841693240674
21
-94.0093896931903
31
0
0
SPLINE
5
134
100
AcDbEntity
8
0
100
AcDbSpline
70
0
71
2
72
6
73
3
74
0
42
0.000000001
43
0.0000000001
44
0.0000000001
40
0
40
0
40
0
40
1
40
1
40
1
10
-84.771841693240674
20
-94.0093896931903
30
0
10
-84.925729784685643
20
-94.0093896931903
30
0
10
-84.990395534354718
20
-94.066688457776749
30
0
0
SPLINE
5
135
100
AcDbEntity
8
0
100
AcDbSpline
70
0
71
2
72
6
73
3
74
0
42
0.000000001
43
0.0000000001
44
0.0000000001
40
0
40
0
40
0
40
1
40
1
40
1
10
-84.990395534354718
20
-94.066688457776749
30
0
10
-85.055061284023793
20
-94.123987222363198
30
0
10
-85.055061284023793
20
-94.227943534304345
30
0
0
SPLINE
5
136
100
AcDbEntity
8
0
100
AcDbSpline
70
0
71
2
72
6
73
3
74
0
42
0.000000001
43
0.0000000001
44
0.0000000001
40
0
40
0
40
0
40
1
40
1
40
1
10
-85.055061284023793
20
-94.227943534304345
30
0
10
-85.055061284023765
20
-94.30325050120517
30
0
10
-85.016998577434066
20
-94.356865773250306
30
0
0
SPLINE
5
137
100
AcDbEntity
8
0
100
AcDbSpline
70
0
71
2
72
6
73
3
74
0
42
0.000000001
43
0.0000000001
44
0.0000000001
40
0
40
0
40
0
40
1
40
1
40
1
10
-85.016998577434066
20
-94.356865773250306
30
0
10
-84.978935796338561
20
-94.410481045295441
30
0
10
-84.916725758034232
20
-94.42767072682544
30
0
0
SPLINE
5
138
100
AcDbEntity
8
0
100
AcDbSpline
70
0
71
2
72
6
73
3
74
0
42
0.000000001
43
0.0000000001
44
0.0000000001
40
0
40
0
40
0
40
1
40
1
40
1
10
-84.916725758034232
20
-94.42767072682544
30
0
10
-84.876616600471976
20
-94.43831194405719
30
0
10
-84.768567461091521
20
-94.43831194405719
30
0
0
LINE
5
139
100
AcDbEntity
8
0
100
AcDbLine
10
-84.768567461091521
20
-94.43831194405719
30
0
11
-84.461609761733058
21
-94.43831194405719
31
0
0
LINE
5
140
100
AcDbEntity
8
0
100
AcDbLine
10
-84.461609761733058
20
-94.43831194405719
30
0
11
-84.461609761733058
21
-94.0093896931903
31
0
0
SPLINE
5
141
100
AcDbEntity
8
0
100
AcDbSpline
70
0
71
2
72
6
73
3
74
0
42
0.000000001
43
0.0000000001
44
0.0000000001
40
0
40
0
40
0
40
1
40
1
40
1
10
-85.347285050469907
20
-93.814573848892891
30
0
10
-85.347285050469907
20
-94.056047240544999
30
0
10
-85.481527898031743
20
-94.172281885792458
30
0
0
SPLINE
5
142
100
AcDbEntity
8
0
100
AcDbSpline
70
0
71
2
72
6
73
3
74
0
42
0.000000001
43
0.0000000001
44
0.0000000001
40
0
40
0
40
0
40
1
40
1
40
1
10
-85.481527898031743
20
-94.172281885792458
30
0
10
-85.593669715839894
20
-94.268871212650978
30
0
10
-85.754924866873296
20
-94.268871212650978
30
0
0
SPLINE
5
143
100
AcDbEntity
8
0
100
AcDbSpline
70
0
71
2
72
6
73
3
74
0
42
0.000000001
43
0.0000000001
44
0.0000000001
40
0
40
0
40
0
40
1
40
1
40
1
10
-85.754924866873296
20
-94.268871212650978
30
0
10
-85.934188220221074
20
-94.268871212650978
30
0
10
-86.047967079597981
20
-94.151408711721146
30
0
0
SPLINE
5
144
100
AcDbEntity
8
0
100
AcDbSpline
70
0
71
2
72
6
73
3
74
0
42
0.000000001
43
0.0000000001
44
0.0000000001
40
0
40
0
40
0
40
1
40
1
40
1
10
-86.047967079597981
20
-94.151408711721146
30
0
10
-86.161746087986501
20
-94.03394628529712
30
0
10
-86.161746087986501
20
-93.82685225670501
30
0
0
SPLINE
5
145
100
AcDbEntity
8
0
100
AcDbSpline
70
0
71
2
72
6
73
3
74
0
42
0.000000001
43
0.0000000001
44
0.0000000001
40
0
40
0
40
0
40
1
40
1
40
1
10
-86.161746087986501
20
-93.82685225670501
30
0
10
-86.161746087986501
20
-93.65904864137336
30
0
10
-86.111405197102101
20
-93.562868500401223
30
0
0
SPLINE
5
146
100
AcDbEntity
8
0
100
AcDbSpline
70
0
71
2
72
6
73
3
74
0
42
0.000000001
43
0.0000000001
44
0.0000000001
40
0
40
0
40
0
40
1
40
1
40
1
10
-86.111405197102101
20
-93.562868500401223
30
0
10
-86.061064008194478
20
-93.466688508440697
30
0
10
-85.964884016233952
20
-93.413482422281945
30
0
0
SPLINE
5
147
100
AcDbEntity
8
0
100
AcDbSpline
70
0
71
2
72
6
73
3
74
0
42
0.000000001
43
0.0000000001
44
0.0000000001
40
0
40
0
40
0
40
1
40
1
40
1
10
-85.964884016233952
20
-93.413482422281945
30
0
10
-85.868703875261815
20
-93.360276485134804
30
0
10
-85.754924866873296
20
-93.360276485134804
30
0
0
SPLINE
5
148
100
AcDbEntity
8
0
100
AcDbSpline
70
0
71
2
72
6
73
3
74
0
42
0.000000001
43
0.0000000001
44
0.0000000001
40
0
40
0
40
0
40
1
40
1
40
1
10
-85.754924866873296
20
-93.360276485134804
30
0
10
-85.572387430388005
20
-93.360276485134804
30
0
10
-85.459836277681859
20
-93.477329576660836
30
0
0
SPLINE
5
149
100
AcDbEntity
8
0
100
AcDbSpline
70
0
71
2
72
6
73
3
74
0
42
0.000000001
43
0.0000000001
44
0.0000000001
40
0
40
0
40
0
40
1
40
1
40
1
10
-85.459836277681859
20
-93.477329576660836
30
0
10
-85.347285050469907
20
-93.594382817198479
30
0
10
-85.347285050469907
20
-93.814573848892891
30
0
0
SPLINE
5
150
100
AcDbEntity
8
0
100
AcDbSpline
70
0
71
2
72
6
73
3
74
0
42
0.000000001
43
0.0000000001
44
0.0000000001
40
0
40
0
40
0
40
1
40
1
40
1
10
-85.498717579561742
20
-93.814573848892891
30
0
10
-85.498717579561742
20
-93.647588903357232
30
0
10
-85.571568760592015
20
-93.564505690981591
30
0
0
SPLINE
5
151
100
AcDbEntity
8
0
100
AcDbSpline
70
0
71
2
72
6
73
3
74
0
42
0.000000001
43
0.0000000001
44
0.0000000001
40
0
40
0
40
0
40
1
40
1
40
1
10
-85.571568760592015
20
-93.564505690981591
30
0
10
-85.644420090633901
20
-93.48142247860595
30
0
10
-85.754924866873296
20
-93.48142247860595
30
0
0
SPLINE
5
152
100
AcDbEntity
8
0
100
AcDbSpline
70
0
71
2
72
6
73
3
74
0
42
0.000000001
43
0.0000000001
44
0.0000000001
40
0
40
0
40
0
40
1
40
1
40
1
10
-85.754924866873296
20
-93.48142247860595
30
0
10
-85.864611122328313
20
-93.48142247860595
30
0
10
-85.937462452370198
20
-93.564914876867974
30
0
0
SPLINE
5
153
100
AcDbEntity
8
0
100
AcDbSpline
70
0
71
2
72
6
73
3
74
0
42
0.000000001
43
0.0000000001
44
0.0000000001
40
0
40
0
40
0
40
1
40
1
40
1
10
-85.937462452370198
20
-93.564914876867974
30
0
10
-86.010313633400472
20
-93.64840742414161
30
0
10
-86.010313633400472
20
-93.819485122610772
30
0
0
SPLINE
5
154
100
AcDbEntity
8
0
100
AcDbSpline
70
0
71
2
72
6
73
3
74
0
42
0.000000001
43
0.0000000001
44
0.0000000001
40
0
40
0
40
0
40
1
40
1
40
1
10
-86.010313633400472
20
-93.819485122610772
30
0
10
-86.010313633400472
20
-93.980740273644173
30
0
10
-85.937053117472203
20
-94.063823486019814
30
0
0
SPLINE
5
155
100
AcDbEntity
8
0
100
AcDbSpline
70
0
71
2
72
6
73
3
74
0
42
0.000000001
43
0.0000000001
44
0.0000000001
40
0
40
0
40
0
40
1
40
1
40
1
10
-85.937053117472203
20
-94.063823486019814
30
0
10
-85.863792601543935
20
-94.146906698395455
30
0
10
-85.754924866873296
20
-94.146906698395455
30
0
0
SPLINE
5
156
100
AcDbEntity
8
0
100
AcDbSpline
70
0
71
2
72
6
73
3
74
0
42
0.000000001
43
0.0000000001
44
0.0000000001
40
0
40
0
40
0
40
1
40
1
40
1
10
-85.754924866873296
20
-94.146906698395455
30
0
10
-85.644420090633901
20
-94.146906698395455
30
0
10
-85.571568760592015
20
-94.064232746412003
30
0
0
SPLINE
5
157
100
AcDbEntity
8
0
100
AcDbSpline
70
0
71
2
72
6
73
3
74
0
42
0.000000001
43
0.0000000001
44
0.0000000001
40
0
40
0
40
0
40
1
40
1
40
1
10
-85.571568760592015
20
-94.064232746412003
30
0
10
-85.498717579561742
20
-93.981558868934357
30
0
10
-85.498717579561742
20
-93.814573848892891
30
0
0
LINE
5
158
100
AcDbEntity
8
0
100
AcDbLine
10
-86.494897607285054
20
-93.379921729017937
30
0
11
-86.228867623526099
21
-94.249225968767846
31
0
0
LINE
5
159
100
AcDbEntity
8
0
100
AcDbLine
10
-86.228867623526128
20
-94.249225968767846
30
0
11
-86.381118598896535
21
-94.249225968767846
31
0
0
LINE
5
160
100
AcDbEntity
8
0
100
AcDbLine
10
-86.381118598896535
20
-94.249225968767846
30
0
11
-86.519454273897679
21
-93.747452462364876
31
0
0
LINE
5
161
100
AcDbEntity
8
0
100
AcDbLine
10
-86.519454273897679
20
-93.747452462364876
30
0
11
-86.571023169476064
21
-93.560822123934472
31
0
0
SPLINE
5
162
100
AcDbEntity
8
0
100
AcDbSpline
70
0
71
2
72
6
73
3
74
0
42
0.000000001
43
0.0000000001
44
0.0000000001
40
0
40
0
40
0
40
1
40
1
40
1
10
-86.571023169476064
20
-93.560822123934472
30
0
10
-86.574297401625188
20
-93.574737573315346
30
0
10
-86.6160436007562
20
-93.74008547728225
30
0
0
LINE
5
163
100
AcDbEntity
8
0
100
AcDbLine
10
-86.6160436007562
20
-93.74008547728225
30
0
11
-86.754379275757344
21
-94.249225968767846
31
0
0
LINE
5
164
100
AcDbEntity
8
0
100
AcDbLine
10
-86.754379275757344
20
-94.249225968767846
30
0
11
-86.905811730343373
21
-94.249225968767846
31
0
0
LINE
5
165
100
AcDbEntity
8
0
100
AcDbLine
10
-86.905811730343373
20
-94.249225968767846
30
0
11
-87.035961750465901
21
-93.74499675100013
31
0
0
LINE
5
166
100
AcDbEntity
8
0
100
AcDbLine
10
-87.035961750465901
20
-93.74499675100013
30
0
11
-87.079345289188893
21
-93.578830326248848
31
0
0
LINE
5
167
100
AcDbEntity
8
0
100
AcDbLine
10
-87.079345289188893
20
-93.578830326248848
30
0
11
-87.12927699418691
21
-93.746633941580498
31
0
0
LINE
5
168
100
AcDbEntity
8
0
100
AcDbLine
10
-87.12927699418691
20
-93.746633941580498
30
0
11
-87.278253737408193
21
-94.249225968767846
31
0
0
LINE
5
169
100
AcDbEntity
8
0
100
AcDbLine
10
-87.278253737408193
20
-94.249225968767846
30
0
11
-87.421500686127217
21
-94.249225968767846
31
0
0
LINE
5
170
100
AcDbEntity
8
0
100
AcDbLine
10
-87.421500686127217
20
-94.249225968767846
30
0
11
-87.149740758854435
21
-93.379921729017937
31
0
0
LINE
5
171
100
AcDbEntity
8
0
100
AcDbLine
10
-87.149740758854421
20
-93.379921729017937
30
0
11
-86.996671262699635
21
-93.379921729017937
31
0
0
LINE
5
172
100
AcDbEntity
8
0
100
AcDbLine
10
-86.996671262699635
20
-93.379921729017937
30
0
11
-86.858335438686879
21
-93.900521958519661
31
0
0
LINE
5
173
100
AcDbEntity
8
0
100
AcDbLine
10
-86.858335438686879
20
-93.900521958519661
30
0
11
-86.824774745422872
21
-94.048680255462372
31
0
0
LINE
5
174
100
AcDbEntity
8
0
100
AcDbLine
10
-86.824774745422872
20
-94.048680255462372
30
0
11
-86.648785773235829
21
-93.379921729017937
31
0
0
LINE
5
175
100
AcDbEntity
8
0
100
AcDbLine
10
-86.648785773235829
20
-93.379921729017937
30
0
11
-86.494897607285054
21
-93.379921729017937
31
0
0
LINE
5
176
100
AcDbEntity
8
0
100
AcDbLine
10
-88.140191141087087
20
-93.659867162157738
30
0
11
-88.292442265469106
21
-93.641040439058983
31
0
0
SPLINE
5
177
100
AcDbEntity
8
0
100
AcDbSpline
70
0
71
2
72
6
73
3
74
0
42
0.000000001
43
0.0000000001
44
0.0000000001
40
0
40
0
40
0
40
1
40
1
40
1
10
-88.292442265469106
20
-93.641040439058983
30
0
10
-88.256425860840352
20
-93.507616186787331
30
0
10
-88.159017864185842
20
-93.433946335961068
30
0
0
SPLINE
5
178
100
AcDbEntity
8
0
100
AcDbSpline
70
0
71
2
72
6
73
3
74
0
42
0.000000001
43
0.0000000001
44
0.0000000001
40
0
40
0
40
0
40
1
40
1
40
1
10
-88.159017864185842
20
-93.433946335961068
30
0
10
-88.061609867531331
20
-93.360276485134804
30
0
10
-87.910177412945302
20
-93.360276485134804
30
0
0
SPLINE
5
179
100
AcDbEntity
8
0
100
AcDbSpline
70
0
71
2
72
6
73
3
74
0
42
0.000000001
43
0.0000000001
44
0.0000000001
40
0
40
0
40
0
40
1
40
1
40
1
10
-87.910177412945302
20
-93.360276485134804
30
0
10
-87.719454470593007
20
-93.360276485134804
30
0
10
-87.607721689659627
20
-93.477738911558831
30
0
0
SPLINE
5
180
100
AcDbEntity
8
0
100
AcDbSpline
70
0
71
2
72
6
73
3
74
0
42
0.000000001
43
0.0000000001
44
0.0000000001
40
0
40
0
40
0
40
1
40
1
40
1
10
-87.607721689659627
20
-93.477738911558831
30
0
10
-87.495989206749471
20
-93.595201337982857
30
0
10
-87.495989206749471
20
-93.807206863810265
30
0
0
SPLINE
5
181
100
AcDbEntity
8
0
100
AcDbSpline
70
0
71
2
72
6
73
3
74
0
42
0.000000001
43
0.0000000001
44
0.0000000001
40
0
40
0
40
0
40
1
40
1
40
1
10
-87.495989206749471
20
-93.807206863810265
30
0
10
-87.495989206749471
20
-94.026579300214493
30
0
10
-87.608949545342
20
-94.147725219179833
30
0
0
SPLINE
5
182
100
AcDbEntity
8
0
100
AcDbSpline
70
0
71
2
72
6
73
3
74
0
42
0.000000001
43
0.0000000001
44
0.0000000001
40
0
40
0
40
0
40
1
40
1
40
1
10
-87.608949545342
20
-94.147725219179833
30
0
10
-87.721910181957753
20
-94.268871212650978
30
0
10
-87.901991907078298
20
-94.268871212650978
30
0
0
SPLINE
5
183
100
AcDbEntity
8
0
100
AcDbSpline
70
0
71
2
72
6
73
3
74
0
42
0.000000001
43
0.0000000001
44
0.0000000001
40
0
40
0
40
0
40
1
40
1
40
1
10
-87.901991907078298
20
-94.268871212650978
30
0
10
-88.076343837696584
20
-94.268871212650978
30
0
10
-88.186848762947591
20
-94.150180930544579
30
0
0
SPLINE
5
184
100
AcDbEntity
8
0
100
AcDbSpline
70
0
71
2
72
6
73
3
74
0
42
0.000000001
43
0.0000000001
44
0.0000000001
40
0
40
0
40
0
40
1
40
1
40
1
10
-88.186848762947591
20
-94.150180930544579
30
0
10
-88.297353390175374
20
-94.031490573932373
30
0
10
-88.297353390175374
20
-93.816211039473259
30
0
0
SPLINE
5
185
100
AcDbEntity
8
0
100
AcDbSpline
70
0
71
2
72
6
73
3
74
0
42
0.000000001
43
0.0000000001
44
0.0000000001
40
0
40
0
40
0
40
1
40
1
40
1
10
-88.297353390175374
20
-93.816211039473259
30
0
10
-88.297353390175374
20
-93.803114110876763
30
0
10
-88.296535018402608
20
-93.776920402695382
30
0
0
LINE
5
186
100
AcDbEntity
8
0
100
AcDbLine
10
-88.296535018402608
20
-93.776920402695382
30
0
11
-87.64824033113149
21
-93.776920402695382
31
0
0
SPLINE
5
187
100
AcDbEntity
8
0
100
AcDbSpline
70
0
71
2
72
6
73
3
74
0
42
0.000000001
43
0.0000000001
44
0.0000000001
40
0
40
0
40
0
40
1
40
1
40
1
10
-87.64824033113149
20
-93.776920402695382
30
0
10
-87.656425836998494
20
-93.633673453976357
30
0
10
-87.729277018028768
20
-93.557547891785347
30
0
0
SPLINE
5
188
100
AcDbEntity
8
0
100
AcDbSpline
70
0
71
2
72
6
73
3
74
0
42
0.000000001
43
0.0000000001
44
0.0000000001
40
0
40
0
40
0
40
1
40
1
40
1
10
-87.729277018028768
20
-93.557547891785347
30
0
10
-87.802128497082265
20
-93.48142247860595
30
0
10
-87.910996082741292
20
-93.48142247860595
30
0
0
SPLINE
5
189
100
AcDbEntity
8
0
100
AcDbSpline
70
0
71
2
72
6
73
3
74
0
42
0.000000001
43
0.0000000001
44
0.0000000001
40
0
40
0
40
0
40
1
40
1
40
1
10
-87.910996082741292
20
-93.48142247860595
30
0
10
-87.99203276963857
20
-93.48142247860595
30
0
10
-88.049331608730824
20
-93.52398719852134
30
0
0
SPLINE
5
190
100
AcDbEntity
8
0
100
AcDbSpline
70
0
71
2
72
6
73
3
74
0
42
0.000000001
43
0.0000000001
44
0.0000000001
40
0
40
0
40
0
40
1
40
1
40
1
10
-88.049331608730824
20
-93.52398719852134
30
0
10
-88.106630447823079
20
-93.566552067448342
30
0
10
-88.140191141087087
20
-93.659867162157738
30
0
0
LINE
5
191
100
AcDbEntity
8
0
100
AcDbLine
10
-87.656425836998494
20
-93.898066396166527
30
0
11
-88.141828182655843
21
-93.898066396166527
31
0
0
SPLINE
5
192
100
AcDbEntity
8
0
100
AcDbSpline
70
0
71
2
72
6
73
3
74
0
42
0.000000001
43
0.0000000001
44
0.0000000001
40
0
40
0
40
0
40
1
40
1
40
1
10
-88.141828182655843
20
-93.898066396166527
30
0
10
-88.132005635220082
20
-94.007752502609932
30
0
10
-88.086166683155568
20
-94.062595630337441
30
0
0
SPLINE
5
193
100
AcDbEntity
8
0
100
AcDbSpline
70
0
71
2
72
6
73
3
74
0
42
0.000000001
43
0.0000000001
44
0.0000000001
40
0
40
0
40
0
40
1
40
1
40
1
10
-88.086166683155568
20
-94.062595630337441
30
0
10
-88.015770915466817
20
-94.147725219179833
30
0
10
-87.903628948647054
20
-94.147725219179833
30
0
0
SPLINE
5
194
100
AcDbEntity
8
0
100
AcDbSpline
70
0
71
2
72
6
73
3
74
0
42
0.000000001
43
0.0000000001
44
0.0000000001
40
0
40
0
40
0
40
1
40
1
40
1
10
-87.903628948647054
20
-94.147725219179833
30
0
10
-87.802128497082265
20
-94.147725219179833
30
0
10
-87.732960585075887
20
-94.07978531186744
30
0
0
SPLINE
5
195
100
AcDbEntity
8
0
100
AcDbSpline
70
0
71
2
72
6
73
3
74
0
42
0.000000001
43
0.0000000001
44
0.0000000001
40
0
40
0
40
0
40
1
40
1
40
1
10
-87.732960585075887
20
-94.07978531186744
30
0
10
-87.663792673069509
20
-94.01184533004924
30
0
10
-87.656425836998494
20
-93.898066396166527
30
0
0
LINE
5
196
100
AcDbEntity
8
0
100
AcDbLine
10
-88.475798073727162
20
-93.379921729017937
30
0
11
-88.475798073727134
21
-94.249225968767846
31
0
0
LINE
5
197
100
AcDbEntity
8
0
100
AcDbLine
10
-88.475798073727162
20
-94.249225968767846
30
0
11
-88.608403805214436
21
-94.249225968767846
31
0
0
LINE
5
198
100
AcDbEntity
8
0
100
AcDbLine
10
-88.608403805214436
20
-94.24922596876786
30
0
11
-88.608403805214436
21
-94.117438758064964
31
0
0
SPLINE
5
199
100
AcDbEntity
8
0
100
AcDbSpline
70
0
71
2
72
6
73
3
74
0
42
0.000000001
43
0.0000000001
44
0.0000000001
40
0
40
0
40
0
40
1
40
1
40
1
10
-88.608403805214436
20
-94.117438758064964
30
0
10
-88.659154180008443
20
-94.209935406495788
30
0
10
-88.702128234821828
20
-94.239403346826293
30
0
0
SPLINE
5
200
100
AcDbEntity
8
0
100
AcDbSpline
70
0
71
2
72
6
73
3
74
0
42
0.000000001
43
0.0000000001
44
0.0000000001
40
0
40
0
40
0
40
1
40
1
40
1
10
-88.702128234821828
20
-94.239403346826293
30
0
10
-88.745102289635213
20
-94.268871287156799
30
0
10
-88.796671334225209
20
-94.268871287156799
30
0
0
SPLINE
5
201
100
AcDbEntity
8
0
100
AcDbSpline
70
0
71
2
72
6
73
3
74
0
42
0.000000001
43
0.0000000001
44
0.0000000001
40
0
40
0
40
0
40
1
40
1
40
1
10
-88.796671334225209
20
-94.268871287156799
30
0
10
-88.871159556824239
20
-94.268871287156799
30
0
10
-88.948103788811238
20
-94.221395144511916
30
0
0
LINE
5
202
100
AcDbEntity
8
0
100
AcDbLine
10
-88.948103788811238
20
-94.221395144511916
30
0
11
-88.897353414017232
21
-94.08469666009114
31
0
0
SPLINE
5
203
100
AcDbEntity
8
0
100
AcDbSpline
70
0
71
2
72
6
73
3
74
0
42
0.000000001
43
0.0000000001
44
0.0000000001
40
0
40
0
40
0
40
1
40
1
40
1
10
-88.897353414017232
20
-94.08469666009114
30
0
10
-88.843328658062489
20
-94.116620237280586
30
0
10
-88.789304200130971
20
-94.116620237280586
30
0
0
SPLINE
5
204
100
AcDbEntity
8
0
100
AcDbSpline
70
0
71
2
72
6
73
3
74
0
42
0.000000001
43
0.0000000001
44
0.0000000001
40
0
40
0
40
0
40
1
40
1
40
1
10
-88.789304200130971
20
-94.116620237280586
30
0
10
-88.741009536701711
20
-94.116620237280586
30
0
10
-88.702537420708211
20
-94.087561557342269
30
0
0
SPLINE
5
205
100
AcDbEntity
8
0
100
AcDbSpline
70
0
71
2
72
6
73
3
74
0
42
0.000000001
43
0.0000000001
44
0.0000000001
40
0
40
0
40
0
40
1
40
1
40
1
10
-88.702537420708211
20
-94.087561557342269
30
0
10
-88.664065602737935
20
-94.058502877403953
30
0
10
-88.647694292980702
20
-94.006933981825568
30
0
0
SPLINE
5
206
100
AcDbEntity
8
0
100
AcDbSpline
70
0
71
2
72
6
73
3
74
0
42
0.000000001
43
0.0000000001
44
0.0000000001
40
0
40
0
40
0
40
1
40
1
40
1
10
-88.647694292980702
20
-94.006933981825568
30
0
10
-88.623137775379689
20
-93.928352857281425
30
0
10
-88.623137775379689
20
-93.835037762572028
30
0
0
LINE
5
207
100
AcDbEntity
8
0
100
AcDbLine
10
-88.623137775379689
20
-93.835037762572028
30
0
11
-88.623137775379689
21
-93.379921729017951
31
0
0
LINE
5
208
100
AcDbEntity
8
0
100
AcDbLine
10
-88.623137775379689
20
-93.379921729017951
30
0
11
-88.475798073727162
21
-93.379921729017951
31
0
0
LINE
5
209
100
AcDbEntity
8
0
100
AcDbLine
10
-84.302361455909406
20
-91.601906872958949
30
0
11
-84.303259151018693
21
-92.801906510363267
31
0
0
LINE
5
210
100
AcDbEntity
8
0
100
AcDbLine
10
-84.303259151018693
20
-92.801906510363239
30
0
11
-84.753463663810592
21
-92.801569721603713
31
0
0
SPLINE
5
211
100
AcDbEntity
8
0
100
AcDbSpline
70
0
71
2
72
6
73
3
74
0
42
0.000000001
43
0.0000000001
44
0.0000000001
40
0
40
0
40
0
40
1
40
1
40
1
10
-84.753463663810592
20
-92.801569721603727
30
0
10
-84.890980705042708
20
-92.80146684792652
30
0
10
-84.974036644941421
20
-92.764979114774434
30
0
0
SPLINE
5
212
100
AcDbEntity
8
0
100
AcDbSpline
70
0
71
2
72
6
73
3
74
0
42
0.000000001
43
0.0000000001
44
0.0000000001
40
0
40
0
40
0
40
1
40
1
40
1
10
-84.974036644941421
20
-92.764979114774434
30
0
10
-85.057092584784357
20
-92.72849130711657
30
0
10
-85.10410281212684
20
-92.652739891250704
30
0
0
SPLINE
5
213
100
AcDbEntity
8
0
100
AcDbSpline
70
0
71
2
72
6
73
3
74
0
42
0.000000001
43
0.0000000001
44
0.0000000001
40
0
40
0
40
0
40
1
40
1
40
1
10
-85.10410281212684
20
-92.652739891250704
30
0
10
-85.151112964963517
20
-92.576988475440558
30
0
10
-85.151051118293495
20
-92.494314546590203
30
0
0
SPLINE
5
214
100
AcDbEntity
8
0
100
AcDbSpline
70
0
71
2
72
6
73
3
74
0
42
0.000000001
43
0.0000000001
44
0.0000000001
40
0
40
0
40
0
40
1
40
1
40
1
10
-85.151051118293495
20
-92.494314546590203
30
0
10
-85.150993558019735
20
-92.417370485144644
30
0
10
-85.10919654607747
20
-92.34946175180319
30
0
0
SPLINE
5
215
100
AcDbEntity
8
0
100
AcDbSpline
70
0
71
2
72
6
73
3
74
0
42
0.000000001
43
0.0000000001
44
0.0000000001
40
0
40
0
40
0
40
1
40
1
40
1
10
-85.10919654607747
20
-92.34946175180319
30
0
10
-85.067399459629428
20
-92.281553018517442
30
0
10
-84.983057185696254
20
-92.239869902430129
30
0
0
SPLINE
5
216
100
AcDbEntity
8
0
100
AcDbSpline
70
0
71
2
72
6
73
3
74
0
42
0.000000001
43
0.0000000001
44
0.0000000001
40
0
40
0
40
0
40
1
40
1
40
1
10
-84.983057185696254
20
-92.239869902430129
30
0
10
-85.091900934032211
20
-92.207864892533024
30
0
10
-85.150369977650868
20
-92.130877048535837
30
0
0
SPLINE
5
217
100
AcDbEntity
8
0
100
AcDbSpline
70
0
71
2
72
6
73
3
74
0
42
0.000000001
43
0.0000000001
44
0.0000000001
40
0
40
0
40
0
40
1
40
1
40
1
10
-85.150369977650868
20
-92.130877048535837
30
0
10
-85.208839021269512
20
-92.053889204538649
30
0
10
-85.208760641388665
20
-91.949114401130316
30
0
0
SPLINE
5
218
100
AcDbEntity
8
0
100
AcDbSpline
70
0
71
2
72
6
73
3
74
0
42
0.000000001
43
0.0000000001
44
0.0000000001
40
0
40
0
40
0
40
1
40
1
40
1
10
-85.208760641388665
20
-91.949114401130316
30
0
10
-85.208697570026033
20
-91.864803356663487
30
0
10
-85.173036317791883
20
-91.792387869689023
30
0
0
SPLINE
5
219
100
AcDbEntity
8
0
100
AcDbSpline
70
0
71
2
72
6
73
3
74
0
42
0.000000001
43
0.0000000001
44
0.0000000001
40
0
40
0
40
0
40
1
40
1
40
1
10
-85.173036317791883
20
-91.792387869689023
30
0
10
-85.137374991163455
20
-91.719972531781835
30
0
10
-85.084958197059692
20
-91.680721244949922
30
0
0
SPLINE
5
220
100
AcDbEntity
8
0
100
AcDbSpline
70
0
71
2
72
6
73
3
74
0
42
0.000000001
43
0.0000000001
44
0.0000000001
40
0
40
0
40
0
40
1
40
1
40
1
10
-85.084958197059692
20
-91.680721244949922
30
0
10
-85.032541328338681
20
-91.64146980916216
30
0
10
-84.953535888584227
20
-91.621474327118122
30
0
0
SPLINE
5
221
100
AcDbEntity
8
0
100
AcDbSpline
70
0
71
2
72
6
73
3
74
0
42
0.000000001
43
0.0000000001
44
0.0000000001
40
0
40
0
40
0
40
1
40
1
40
1
10
-84.953535888584227
20
-91.621474327118122
30
0
10
-84.874530448829773
20
-91.601478845074084
30
0
10
-84.759932951722575
20
-91.601564573110579
30
0
0
LINE
5
222
100
AcDbEntity
8
0
100
AcDbLine
10
-84.759932951722575
20
-91.601564573110579
30
0
11
-84.302361455909406
21
-91.601906872958949
31
0
0
LINE
5
223
100
AcDbEntity
8
0
100
AcDbLine
10
-84.461681370821481
20
-92.297558713599855
30
0
11
-84.721162854929176
21
-92.29736460082519
31
0
0
SPLINE
5
224
100
AcDbEntity
8
0
100
AcDbSpline
70
0
71
2
72
6
73
3
74
0
42
0.000000001
43
0.0000000001
44
0.0000000001
40
0
40
0
40
0
40
1
40
1
40
1
10
-84.721162854929176
20
-92.29736460082519
30
0
10
-84.826756290651545
20
-92.297285608542296
30
0
10
-84.872605714199125
20
-92.311166688297959
30
0
0
SPLINE
5
225
100
AcDbEntity
8
0
100
AcDbSpline
70
0
71
2
72
6
73
3
74
0
42
0.000000001
43
0.0000000001
44
0.0000000001
40
0
40
0
40
0
40
1
40
1
40
1
10
-84.872605714199125
20
-92.311166688297959
30
0
10
-84.933192165548604
20
-92.329129572169975
30
0
10
-84.96391918249455
20
-92.370852871236906
30
0
0
SPLINE
5
226
100
AcDbEntity
8
0
100
AcDbSpline
70
0
71
2
72
6
73
3
74
0
42
0.000000001
43
0.0000000001
44
0.0000000001
40
0
40
0
40
0
40
1
40
1
40
1
10
-84.96391918249455
20
-92.370852871236906
30
0
10
-84.994646124878969
20
-92.41257609585378
30
0
10
-84.994693275349192
20
-92.475604786317959
30
0
0
SPLINE
5
227
100
AcDbEntity
8
0
100
AcDbSpline
70
0
71
2
72
6
73
3
74
0
42
0.000000001
43
0.0000000001
44
0.0000000001
40
0
40
0
40
0
40
1
40
1
40
1
10
-84.994693275349192
20
-92.475604786317959
30
0
10
-84.994737976378474
20
-92.535359171043382
30
0
10
-84.966122624421075
20
-92.580810356491
30
0
0
SPLINE
5
228
100
AcDbEntity
8
0
100
AcDbSpline
70
0
71
2
72
6
73
3
74
0
42
0.000000001
43
0.0000000001
44
0.0000000001
40
0
40
0
40
0
40
1
40
1
40
1
10
-84.966122624421075
20
-92.580810356491
30
0
10
-84.937507197902164
20
-92.626261467488575
30
0
10
-84.884313754166399
20
-92.643081611739845
30
0
0
SPLINE
5
229
100
AcDbEntity
8
0
100
AcDbSpline
70
0
71
2
72
6
73
3
74
0
42
0.000000001
43
0.0000000001
44
0.0000000001
40
0
40
0
40
0
40
1
40
1
40
1
10
-84.884313754166399
20
-92.643081611739845
30
0
10
-84.831120310486369
20
-92.659901830496892
30
0
10
-84.701788847336644
20
-92.65999858071109
30
0
0
LINE
5
230
100
AcDbEntity
8
0
100
AcDbLine
10
-84.701788847336644
20
-92.65999858071109
30
0
11
-84.461952638868013
21
-92.660177997258103
31
0
0
LINE
5
231
100
AcDbEntity
8
0
100
AcDbLine
10
-84.461952638868013
20
-92.660177997258103
30
0
11
-84.461681370821481
21
-92.297558713599869
31
0
0
LINE
5
232
100
AcDbEntity
8
0
100
AcDbLine
10
-84.461266814408987
20
-91.743397796883073
30
0
11
-84.760038887047699
21
-91.743174291625209
31
0
0
SPLINE
5
233
100
AcDbEntity
8
0
100
AcDbSpline
70
0
71
2
72
6
73
3
74
0
42
0.000000001
43
0.0000000001
44
0.0000000001
40
0
40
0
40
0
40
1
40
1
40
1
10
-84.760038887047685
20
-91.743174291625209
30
0
10
-84.836982948493258
20
-91.743116731351435
30
0
10
-84.868092282646757
20
-91.748823404213979
30
0
0
SPLINE
5
234
100
AcDbEntity
8
0
100
AcDbSpline
70
0
71
2
72
6
73
3
74
0
42
0.000000001
43
0.0000000001
44
0.0000000001
40
0
40
0
40
0
40
1
40
1
40
1
10
-84.868092282646757
20
-91.748823404213979
30
0
10
-84.922942743184166
20
-91.758605070905645
30
0
10
-84.959794803875468
20
-91.781496985080508
30
0
0
SPLINE
5
235
100
AcDbEntity
8
0
100
AcDbSpline
70
0
71
2
72
6
73
3
74
0
42
0.000000001
43
0.0000000001
44
0.0000000001
40
0
40
0
40
0
40
1
40
1
40
1
10
-84.959794803875468
20
-91.781496985080508
30
0
10
-84.99664686456677
20
-91.804388899255343
30
0
10
-85.020417689565221
20
-91.848163704640285
30
0
0
SPLINE
5
236
100
AcDbEntity
8
0
100
AcDbSpline
70
0
71
2
72
6
73
3
74
0
42
0.000000001
43
0.0000000001
44
0.0000000001
40
0
40
0
40
0
40
1
40
1
40
1
10
-85.020417689565221
20
-91.848163704640285
30
0
10
-85.044188514675128
20
-91.891938659036782
30
0
10
-85.044231378749103
20
-91.94923748209618
30
0
0
SPLINE
5
237
100
AcDbEntity
8
0
100
AcDbSpline
70
0
71
2
72
6
73
3
74
0
42
0.000000001
43
0.0000000001
44
0.0000000001
40
0
40
0
40
0
40
1
40
1
40
1
10
-85.044231378749103
20
-91.94923748209618
30
0
10
-85.044281590867229
20
-92.01635884984286
30
0
10
-85.009939358702923
20
-92.065907073530781
30
0
0
SPLINE
5
238
100
AcDbEntity
8
0
100
AcDbSpline
70
0
71
2
72
6
73
3
74
0
42
0.000000001
43
0.0000000001
44
0.0000000001
40
0
40
0
40
0
40
1
40
1
40
1
10
-85.009939358702923
20
-92.065907073530781
30
0
10
-84.975597126538617
20
-92.115455297218688
30
0
10
-84.914629888833389
20
-92.135555415445197
30
0
0
SPLINE
5
239
100
AcDbEntity
8
0
100
AcDbSpline
70
0
71
2
72
6
73
3
74
0
42
0.000000001
43
0.0000000001
44
0.0000000001
40
0
40
0
40
0
40
1
40
1
40
1
10
-84.914629888833389
20
-92.135555415445197
30
0
10
-84.853662651183896
20
-92.155655608177497
30
0
10
-84.739065116823795
20
-92.155741336241846
30
0
0
LINE
5
240
100
AcDbEntity
8
0
100
AcDbLine
10
-84.739065116823795
20
-92.155741336241846
30
0
11
-84.461575435440622
21
-92.155948920579434
31
0
0
LINE
5
241
100
AcDbEntity
8
0
100
AcDbLine
10
-84.461575435440622
20
-92.155948920579434
30
0
11
-84.461266814408987
21
-91.743397796883073
31
0
0
SPLINE
5
242
100
AcDbEntity
8
0
100
AcDbSpline
70
0
71
2
72
6
73
3
74
0
42
0.000000001
43
0.0000000001
44
0.0000000001
40
0
40
0
40
0
40
1
40
1
40
1
10
-85.353709499454183
20
-92.035772622552827
30
0
10
-85.353890140693807
20
-92.277245946637962
30
0
10
-85.488219903422049
20
-92.393380135069648
30
0
0
SPLINE
5
243
100
AcDbEntity
8
0
100
AcDbSpline
70
0
71
2
72
6
73
3
74
0
42
0.000000001
43
0.0000000001
44
0.0000000001
40
0
40
0
40
0
40
1
40
1
40
1
10
-85.488219903422049
20
-92.393380135069648
30
0
10
-85.600433946325211
20
-92.489885543931663
30
0
10
-85.7616890522376
20
-92.489764912295286
30
0
0
SPLINE
5
244
100
AcDbEntity
8
0
100
AcDbSpline
70
0
71
2
72
6
73
3
74
0
42
0.000000001
43
0.0000000001
44
0.0000000001
40
0
40
0
40
0
40
1
40
1
40
1
10
-85.7616890522376
20
-92.489764912295286
30
0
10
-85.940952355425452
20
-92.489630809095971
30
0
10
-86.054643311703273
20
-92.37208322542692
30
0
0
SPLINE
5
245
100
AcDbEntity
8
0
100
AcDbSpline
70
0
71
2
72
6
73
3
74
0
42
0.000000001
43
0.0000000001
44
0.0000000001
40
0
40
0
40
0
40
1
40
1
40
1
10
-86.054643311703273
20
-92.37208322542692
30
0
10
-86.168334417048399
20
-92.254535716152162
30
0
10
-86.168179494297746
20
-92.047441745507314
30
0
0
SPLINE
5
246
100
AcDbEntity
8
0
100
AcDbSpline
70
0
71
2
72
6
73
3
74
0
42
0.000000001
43
0.0000000001
44
0.0000000001
40
0
40
0
40
0
40
1
40
1
40
1
10
-86.168179494297746
20
-92.047441745507314
30
0
10
-86.168053963890941
20
-91.87963817712901
30
0
10
-86.117641136722398
20
-91.783495722046297
30
0
0
SPLINE
5
247
100
AcDbEntity
8
0
100
AcDbSpline
70
0
71
2
72
6
73
3
74
0
42
0.000000001
43
0.0000000001
44
0.0000000001
40
0
40
0
40
0
40
1
40
1
40
1
10
-86.117641136722398
20
-91.783495722046297
30
0
10
-86.067228011642229
20
-91.687353416198093
30
0
10
-85.971008244223626
20
-91.634219295185616
30
0
0
SPLINE
5
248
100
AcDbEntity
8
0
100
AcDbSpline
70
0
71
2
72
6
73
3
74
0
42
0.000000001
43
0.0000000001
44
0.0000000001
40
0
40
0
40
0
40
1
40
1
40
1
10
-85.971008244223626
20
-91.634219295185616
30
0
10
-85.874788327904923
20
-91.581085323296179
30
0
10
-85.761009351353039
20
-91.581170439014215
30
0
0
SPLINE
5
249
100
AcDbEntity
8
0
100
AcDbSpline
70
0
71
2
72
6
73
3
74
0
42
0.000000001
43
0.0000000001
44
0.0000000001
40
0
40
0
40
0
40
1
40
1
40
1
10
-85.761009351353039
20
-91.581170439014215
30
0
10
-85.578471965943805
20
-91.581306991487267
30
0
10
-85.466008409722534
20
-91.698444247445167
30
0
0
SPLINE
5
250
100
AcDbEntity
8
0
100
AcDbSpline
70
0
71
2
72
6
73
3
74
0
42
0.000000001
43
0.0000000001
44
0.0000000001
40
0
40
0
40
0
40
1
40
1
40
1
10
-85.466008409722534
20
-91.698444247445167
30
0
10
-85.35354477910694
20
-91.815581652470385
30
0
10
-85.353709499454183
20
-92.035772622552827
30
0
0
SPLINE
5
251
100
AcDbEntity
8
0
100
AcDbSpline
70
0
71
2
72
6
73
3
74
0
42
0.000000001
43
0.0000000001
44
0.0000000001
40
0
40
0
40
0
40
1
40
1
40
1
10
-85.505141986173484
20
-92.035659339016348
30
0
10
-85.50501706819658
20
-91.868674440204984
30
0
10
-85.577806076013019
20
-91.785536752618313
30
0
0
SPLINE
5
252
100
AcDbEntity
8
0
100
AcDbSpline
70
0
71
2
72
6
73
3
74
0
42
0.000000001
43
0.0000000001
44
0.0000000001
40
0
40
0
40
0
40
1
40
1
40
1
10
-85.577806076013019
20
-91.785536752618313
30
0
10
-85.650595232841056
20
-91.702399064920172
30
0
10
-85.761099978159962
20
-91.702316398587342
30
0
0
SPLINE
5
253
100
AcDbEntity
8
0
100
AcDbSpline
70
0
71
2
72
6
73
3
74
0
42
0.000000001
43
0.0000000001
44
0.0000000001
40
0
40
0
40
0
40
1
40
1
40
1
10
-85.761099978159962
20
-91.702316398587342
30
0
10
-85.870786202923512
20
-91.702234344572958
30
0
10
-85.943699971513482
20
-91.785672220902725
30
0
0
SPLINE
5
254
100
AcDbEntity
8
0
100
AcDbSpline
70
0
71
2
72
6
73
3
74
0
42
0.000000001
43
0.0000000001
44
0.0000000001
40
0
40
0
40
0
40
1
40
1
40
1
10
-85.943699971513482
20
-91.785672220902725
30
0
10
-86.016613591203352
20
-91.869110246355547
30
0
10
-86.016741570883909
20
-92.040187896955231
30
0
0
SPLINE
5
255
100
AcDbEntity
8
0
100
AcDbSpline
70
0
71
2
72
6
73
3
74
0
42
0.000000001
43
0.0000000001
44
0.0000000001
40
0
40
0
40
0
40
1
40
1
40
1
10
-86.016741570883909
20
-92.040187896955231
30
0
10
-86.016862202520286
20
-92.20144300286762
30
0
10
-85.943663859920392
20
-92.284580996669234
30
0
0
SPLINE
5
256
100
AcDbEntity
8
0
100
AcDbSpline
70
0
71
2
72
6
73
3
74
0
42
0.000000001
43
0.0000000001
44
0.0000000001
40
0
40
0
40
0
40
1
40
1
40
1
10
-85.943663859920392
20
-92.284580996669234
30
0
10
-85.870465517320469
20
-92.367718990470848
30
0
10
-85.76159781311226
20
-92.367800432166817
30
0
0
SPLINE
5
257
100
AcDbEntity
8
0
100
AcDbSpline
70
0
71
2
72
6
73
3
74
0
42
0.000000001
43
0.0000000001
44
0.0000000001
40
0
40
0
40
0
40
1
40
1
40
1
10
-85.76159781311226
20
-92.367800432166817
30
0
10
-85.651093067793354
20
-92.367883098499647
30
0
10
-85.57817991146608
20
-92.285263668219415
30
0
0
SPLINE
5
258
100
AcDbEntity
8
0
100
AcDbSpline
70
0
71
2
72
6
73
3
74
0
42
0.000000001
43
0.0000000001
44
0.0000000001
40
0
40
0
40
0
40
1
40
1
40
1
10
-85.57817991146608
20
-92.285263668219415
30
0
10
-85.50526690420611
20
-92.202644312333518
30
0
10
-85.505141986173484
20
-92.035659339016348
30
0
0
SPLINE
5
259
100
AcDbEntity
8
0
100
AcDbSpline
70
0
71
2
72
6
73
3
74
0
42
0.000000001
43
0.0000000001
44
0.0000000001
40
0
40
0
40
0
40
1
40
1
40
1
10
-86.286042186427068
20
-92.035075163597668
30
0
10
-86.286222827666705
20
-92.276548487682788
30
0
10
-86.42055251588917
20
-92.39268267617021
30
0
0
SPLINE
5
260
100
AcDbEntity
8
0
100
AcDbSpline
70
0
71
2
72
6
73
3
74
0
42
0.000000001
43
0.0000000001
44
0.0000000001
40
0
40
0
40
0
40
1
40
1
40
1
10
-86.42055251588917
20
-92.39268267617021
30
0
10
-86.532766707803887
20
-92.489188084920769
30
0
10
-86.694021813716262
20
-92.489067453284378
30
0
0
SPLINE
5
261
100
AcDbEntity
8
0
100
AcDbSpline
70
0
71
2
72
6
73
3
74
0
42
0.000000001
43
0.0000000001
44
0.0000000001
40
0
40
0
40
0
40
1
40
1
40
1
10
-86.694021813716262
20
-92.489067453284378
30
0
10
-86.873285116904128
20
-92.488933350085063
30
0
10
-86.986976222193533
20
-92.371385766304542
30
0
0
SPLINE
5
262
100
AcDbEntity
8
0
100
AcDbSpline
70
0
71
2
72
6
73
3
74
0
42
0.000000001
43
0.0000000001
44
0.0000000001
40
0
40
0
40
0
40
1
40
1
40
1
10
-86.986976222193533
20
-92.371385766304542
30
0
10
-87.100667029515506
20
-92.253838257252724
30
0
10
-87.100512106764853
20
-92.046744286607876
30
0
0
SPLINE
5
263
100
AcDbEntity
8
0
100
AcDbSpline
70
0
71
2
72
6
73
3
74
0
42
0.000000001
43
0.0000000001
44
0.0000000001
40
0
40
0
40
0
40
1
40
1
40
1
10
-87.100512106764853
20
-92.046744286607876
30
0
10
-87.100386576358048
20
-91.878940718229586
30
0
10
-87.049973749189533
20
-91.782798263146859
30
0
0
SPLINE
5
264
100
AcDbEntity
8
0
100
AcDbSpline
70
0
71
2
72
6
73
3
74
0
42
0.000000001
43
0.0000000001
44
0.0000000001
40
0
40
0
40
0
40
1
40
1
40
1
10
-87.049973749189533
20
-91.782798263146859
30
0
10
-86.999560624109336
20
-91.686655957298655
30
0
10
-86.903341005702288
20
-91.633521836174708
30
0
0
SPLINE
5
265
100
AcDbEntity
8
0
100
AcDbSpline
70
0
71
2
72
6
73
3
74
0
42
0.000000001
43
0.0000000001
44
0.0000000001
40
0
40
0
40
0
40
1
40
1
40
1
10
-86.903341005702288
20
-91.633521836174708
30
0
10
-86.8071210893836
20
-91.580387864285271
30
0
10
-86.693342112831729
20
-91.580472980003293
30
0
0
SPLINE
5
266
100
AcDbEntity
8
0
100
AcDbSpline
70
0
71
2
72
6
73
3
74
0
42
0.000000001
43
0.0000000001
44
0.0000000001
40
0
40
0
40
0
40
1
40
1
40
1
10
-86.693342112831729
20
-91.580472980003293
30
0
10
-86.510804578410912
20
-91.580609532587829
30
0
10
-86.398341022189641
20
-91.697746788545729
30
0
0
SPLINE
5
267
100
AcDbEntity
8
0
100
AcDbSpline
70
0
71
2
72
6
73
3
74
0
42
0.000000001
43
0.0000000001
44
0.0000000001
40
0
40
0
40
0
40
1
40
1
40
1
10
-86.398341022189641
20
-91.697746788545729
30
0
10
-86.285877466079839
20
-91.814884193515212
30
0
10
-86.286042186427068
20
-92.035075163597668
30
0
0
SPLINE
5
268
100
AcDbEntity
8
0
100
AcDbSpline
70
0
71
2
72
6
73
3
74
0
42
0.000000001
43
0.0000000001
44
0.0000000001
40
0
40
0
40
0
40
1
40
1
40
1
10
-86.437474598640591
20
-92.03496188011691
30
0
10
-86.437349680663687
20
-91.867976981305532
30
0
10
-86.510138837491709
20
-91.784839293607391
30
0
0
SPLINE
5
269
100
AcDbEntity
8
0
100
AcDbSpline
70
0
71
2
72
6
73
3
74
0
42
0.000000001
43
0.0000000001
44
0.0000000001
40
0
40
0
40
0
40
1
40
1
40
1
10
-86.510138837491709
20
-91.784839293607391
30
0
10
-86.582927994319732
20
-91.701701605909264
30
0
10
-86.693432739638624
20
-91.70161893957642
30
0
0
SPLINE
5
270
100
AcDbEntity
8
0
100
AcDbSpline
70
0
71
2
72
6
73
3
74
0
42
0.000000001
43
0.0000000001
44
0.0000000001
40
0
40
0
40
0
40
1
40
1
40
1
10
-86.693432739638624
20
-91.70161893957642
30
0
10
-86.803118964402188
20
-91.701536885562035
30
0
10
-86.876032583980589
20
-91.784974762003287
30
0
0
SPLINE
5
271
100
AcDbEntity
8
0
100
AcDbSpline
70
0
71
2
72
6
73
3
74
0
42
0.000000001
43
0.0000000001
44
0.0000000001
40
0
40
0
40
0
40
1
40
1
40
1
10
-86.876032583980589
20
-91.784974762003287
30
0
10
-86.948946501693612
20
-91.868412787233183
30
0
10
-86.949074481374154
20
-92.039490437832839
30
0
0
SPLINE
5
272
100
AcDbEntity
8
0
100
AcDbSpline
70
0
71
2
72
6
73
3
74
0
42
0.000000001
43
0.0000000001
44
0.0000000001
40
0
40
0
40
0
40
1
40
1
40
1
10
-86.949074481374154
20
-92.039490437832839
30
0
10
-86.949195113010546
20
-92.200745543745228
30
0
10
-86.875996621399054
20
-92.283883537658312
30
0
0
SPLINE
5
273
100
AcDbEntity
8
0
100
AcDbSpline
70
0
71
2
72
6
73
3
74
0
42
0.000000001
43
0.0000000001
44
0.0000000001
40
0
40
0
40
0
40
1
40
1
40
1
10
-86.875996621399054
20
-92.283883537658312
30
0
10
-86.80279812978759
20
-92.36702153157141
30
0
10
-86.693930574590951
20
-92.367102973155895
30
0
0
SPLINE
5
274
100
AcDbEntity
8
0
100
AcDbSpline
70
0
71
2
72
6
73
3
74
0
42
0.000000001
43
0.0000000001
44
0.0000000001
40
0
40
0
40
0
40
1
40
1
40
1
10
-86.693930574590951
20
-92.367102973155895
30
0
10
-86.583425829272045
20
-92.367185639488724
30
0
10
-86.51051267294477
20
-92.284566209208521
30
0
0
SPLINE
5
275
100
AcDbEntity
8
0
100
AcDbSpline
70
0
71
2
72
6
73
3
74
0
42
0.000000001
43
0.0000000001
44
0.0000000001
40
0
40
0
40
0
40
1
40
1
40
1
10
-86.51051267294477
20
-92.284566209208521
30
0
10
-86.437599516673217
20
-92.20194685343408
30
0
10
-86.437474598640591
20
-92.03496188011691
30
0
0
LINE
5
276
100
AcDbEntity
8
0
100
AcDbLine
10
-87.59468303558387
20
-91.731231202309672
30
0
11
-87.615868101448214
21
-91.601065148644892
31
0
0
SPLINE
5
277
100
AcDbEntity
8
0
100
AcDbSpline
70
0
71
2
72
6
73
3
74
0
42
0.000000001
43
0.0000000001
44
0.0000000001
40
0
40
0
40
0
40
1
40
1
40
1
10
-87.6158681014482
20
-91.601065148644892
30
0
10
-87.553648059604228
20
-91.588014910932159
30
0
10
-87.504534740121443
20
-91.588051651598846
30
0
0
SPLINE
5
278
100
AcDbEntity
8
0
100
AcDbSpline
70
0
71
2
72
6
73
3
74
0
42
0.000000001
43
0.0000000001
44
0.0000000001
40
0
40
0
40
0
40
1
40
1
40
1
10
-87.504534740121443
20
-91.588051651598846
30
0
10
-87.424316745466072
20
-91.588111661034887
30
0
10
-87.380133829990285
20
-91.613519907864742
30
0
0
SPLINE
5
279
100
AcDbEntity
8
0
100
AcDbSpline
70
0
71
2
72
6
73
3
74
0
42
0.000000001
43
0.0000000001
44
0.0000000001
40
0
40
0
40
0
40
1
40
1
40
1
10
-87.380133829990285
20
-91.613519907864742
30
0
10
-87.335950914514498
20
-91.638928154694611
30
0
10
-87.317973491478853
20
-91.680278479035508
30
0
0
SPLINE
5
280
100
AcDbEntity
8
0
100
AcDbSpline
70
0
71
2
72
6
73
3
74
0
42
0.000000001
43
0.0000000001
44
0.0000000001
40
0
40
0
40
0
40
1
40
1
40
1
10
-87.317973491478853
20
-91.680278479035508
30
0
10
-87.299996366577815
20
-91.72162895216502
30
0
10
-87.30009556617722
20
-91.854234646547695
30
0
0
LINE
5
281
100
AcDbEntity
8
0
100
AcDbLine
10
-87.30009556617722
20
-91.854234646547695
30
0
11
-87.300469707900973
21
-92.354370971438044
31
0
0
LINE
5
282
100
AcDbEntity
8
0
100
AcDbLine
10
-87.300469707900973
20
-92.354370971438073
30
0
11
-87.192420524248107
21
-92.35445180081561
31
0
0
LINE
5
283
100
AcDbEntity
8
0
100
AcDbLine
10
-87.192420524248107
20
-92.354451800815582
30
0
11
-87.192506252284574
21
-92.469049297922794
31
0
0
LINE
5
284
100
AcDbEntity
8
0
100
AcDbLine
10
-87.192506252284574
20
-92.469049297922808
30
0
11
-87.30055543593744
21
-92.46896846854527
31
0
0
LINE
5
285
100
AcDbEntity
8
0
100
AcDbLine
10
-87.30055543593744
20
-92.46896846854527
30
0
11
-87.300716482206866
21
-92.684248091778301
31
0
0
LINE
5
286
100
AcDbEntity
8
0
100
AcDbLine
10
-87.300716482206866
20
-92.684248091778301
30
0
11
-87.447303606131413
21
-92.772542278686231
31
0
0
LINE
5
287
100
AcDbEntity
8
0
100
AcDbLine
10
-87.447303606131413
20
-92.772542278686231
30
0
11
-87.447076426795732
21
-92.468858859198079
31
0
0
LINE
5
288
100
AcDbEntity
8
0
100
AcDbLine
10
-87.447076426795732
20
-92.468858859198079
30
0
11
-87.595234756787875
21
-92.468748024991058
31
0
0
LINE
5
289
100
AcDbEntity
8
0
100
AcDbLine
10
-87.595234756787875
20
-92.468748024991058
30
0
11
-87.595149028751393
21
-92.354150527883846
31
0
0
LINE
5
290
100
AcDbEntity
8
0
100
AcDbLine
10
-87.595149028751379
20
-92.354150527883846
30
0
11
-87.446990698759237
21
-92.354261362090867
31
0
0
LINE
5
291
100
AcDbEntity
8
0
100
AcDbLine
10
-87.446990698759265
20
-92.354261362090867
30
0
11
-87.446610433628237
21
-91.84593953362392
31
0
0
SPLINE
5
292
100
AcDbEntity
8
0
100
AcDbSpline
70
0
71
2
72
6
73
3
74
0
42
0.000000001
43
0.0000000001
44
0.0000000001
40
0
40
0
40
0
40
1
40
1
40
1
10
-87.446610433628223
20
-91.845939533623891
30
0
10
-87.44656328321372
20
-91.782910917665518
30
0
10
-87.454326129455524
20
-91.764896903086225
30
0
0
SPLINE
5
293
100
AcDbEntity
8
0
100
AcDbSpline
70
0
71
2
72
6
73
3
74
0
42
0.000000001
43
0.0000000001
44
0.0000000001
40
0
40
0
40
0
40
1
40
1
40
1
10
-87.454326129455524
20
-91.764896903086225
30
0
10
-87.462088975697327
20
-91.746882888506946
30
0
10
-87.479679877715284
20
-91.736228508904745
30
0
0
SPLINE
5
294
100
AcDbEntity
8
0
100
AcDbSpline
70
0
71
2
72
6
73
3
74
0
42
0.000000001
43
0.0000000001
44
0.0000000001
40
0
40
0
40
0
40
1
40
1
40
1
10
-87.479679877715284
20
-91.736228508904745
30
0
10
-87.497270779733242
20
-91.725574129302572
30
0
10
-87.530012794039664
20
-91.725549635673417
30
0
0
SPLINE
5
295
100
AcDbEntity
8
0
100
AcDbSpline
70
0
71
2
72
6
73
3
74
0
42
0.000000001
43
0.0000000001
44
0.0000000001
40
0
40
0
40
0
40
1
40
1
40
1
10
-87.530012794039664
20
-91.725549635673417
30
0
10
-87.554569602792625
20
-91.725531265228582
30
0
10
-87.59468303558387
20
-91.731231202309672
30
0
0
LINE
5
296
100
AcDbEntity
8
0
100
AcDbLine
10
-88.333947584459921
20
-91.878836437560835
30
0
11
-88.486184284335849
21
-91.859895824042312
31
0
0
SPLINE
5
297
100
AcDbEntity
8
0
100
AcDbSpline
70
0
71
2
72
6
73
3
74
0
42
0.000000001
43
0.0000000001
44
0.0000000001
40
0
40
0
40
0
40
1
40
1
40
1
10
-88.486184284335849
20
-91.859895824042312
30
0
10
-88.450068375890197
20
-91.726498552007172
30
0
10
-88.352605295602999
20
-91.652901590698036
30
0
0
SPLINE
5
298
100
AcDbEntity
8
0
100
AcDbSpline
70
0
71
2
72
6
73
3
74
0
42
0.000000001
43
0.0000000001
44
0.0000000001
40
0
40
0
40
0
40
1
40
1
40
1
10
-88.352605295602999
20
-91.652901590698036
30
0
10
-88.255142215315786
20
-91.579304629388901
30
0
10
-88.103709803102277
20
-91.579417912869644
30
0
0
SPLINE
5
299
100
AcDbEntity
8
0
100
AcDbSpline
70
0
71
2
72
6
73
3
74
0
42
0.000000001
43
0.0000000001
44
0.0000000001
40
0
40
0
40
0
40
1
40
1
40
1
10
-88.103709803102277
20
-91.579417912869644
30
0
10
-87.912986914116431
20
-91.579560588749985
30
0
10
-87.801342035653889
20
-91.697106567284379
30
0
0
SPLINE
5
300
100
AcDbEntity
8
0
100
AcDbSpline
70
0
71
2
72
6
73
3
74
0
42
0.000000001
43
0.0000000001
44
0.0000000001
40
0
40
0
40
0
40
1
40
1
40
1
10
-87.801342035653889
20
-91.697106567284379
30
0
10
-87.689697455214471
20
-91.814652545595834
30
0
10
-87.689856052154425
20
-92.026658012101706
30
0
0
SPLINE
5
301
100
AcDbEntity
8
0
100
AcDbSpline
70
0
71
2
72
6
73
3
74
0
42
0.000000001
43
0.0000000001
44
0.0000000001
40
0
40
0
40
0
40
1
40
1
40
1
10
-87.689856052154425
20
-92.026658012101706
30
0
10
-87.690020160127489
20
-92.246030387123028
30
0
10
-87.803071093863593
20
-92.367091768902227
30
0
0
SPLINE
5
302
100
AcDbEntity
8
0
100
AcDbSpline
70
0
71
2
72
6
73
3
74
0
42
0.000000001
43
0.0000000001
44
0.0000000001
40
0
40
0
40
0
40
1
40
1
40
1
10
-87.803071093863593
20
-92.367091768902227
30
0
10
-87.916122325678586
20
-92.488153224964265
30
0
10
-88.096204000410211
20
-92.488018509558003
30
0
0
SPLINE
5
303
100
AcDbEntity
8
0
100
AcDbSpline
70
0
71
2
72
6
73
3
74
0
42
0.000000001
43
0.0000000001
44
0.0000000001
40
0
40
0
40
0
40
1
40
1
40
1
10
-88.096204000410211
20
-92.488018509558003
30
0
10
-88.270555882242846
20
-92.48788808049224
30
0
10
-88.380971986833217
20
-92.369115165152422
30
0
0
SPLINE
5
304
100
AcDbEntity
8
0
100
AcDbSpline
70
0
71
2
72
6
73
3
74
0
42
0.000000001
43
0.0000000001
44
0.0000000001
40
0
40
0
40
0
40
1
40
1
40
1
10
-88.380971986833217
20
-92.369115165152422
30
0
10
-88.491387793344686
20
-92.250342175529767
30
0
10
-88.49122674718673
20
-92.035062701308306
30
0
0
SPLINE
5
305
100
AcDbEntity
8
0
100
AcDbSpline
70
0
71
2
72
6
73
3
74
0
42
0.000000001
43
0.0000000001
44
0.0000000001
40
0
40
0
40
0
40
1
40
1
40
1
10
-88.49122674718673
20
-92.035062701308306
30
0
10
-88.491216949645889
20
-92.02196577637649
30
0
10
-88.490378983131905
20
-91.995772687731346
30
0
0
LINE
5
306
100
AcDbEntity
8
0
100
AcDbLine
10
-88.490378983131905
20
-91.995772687731346
30
0
11
-87.842084477260997
21
-91.996257663550637
31
0
0
SPLINE
5
307
100
AcDbEntity
8
0
100
AcDbSpline
70
0
71
2
72
6
73
3
74
0
42
0.000000001
43
0.0000000001
44
0.0000000001
40
0
40
0
40
0
40
1
40
1
40
1
10
-87.842084477260997
20
-91.996257663550637
30
0
10
-87.85016282076414
20
-91.853004631506451
30
0
10
-87.92295703345448
20
-91.776824592157581
30
0
0
SPLINE
5
308
100
AcDbEntity
8
0
100
AcDbSpline
70
0
71
2
72
6
73
3
74
0
42
0.000000001
43
0.0000000001
44
0.0000000001
40
0
40
0
40
0
40
1
40
1
40
1
10
-87.92295703345448
20
-91.776824592157581
30
0
10
-87.995751544279443
20
-91.700644701597355
30
0
10
-88.10461909947611
20
-91.700563260012856
30
0
0
SPLINE
5
309
100
AcDbEntity
8
0
100
AcDbSpline
70
0
71
2
72
6
73
3
74
0
42
0.000000001
43
0.0000000001
44
0.0000000001
40
0
40
0
40
0
40
1
40
1
40
1
10
-88.10461909947611
20
-91.700563260012856
30
0
10
-88.185655763698406
20
-91.700502638146929
30
0
10
-88.242986428542579
20
-91.743024482078241
30
0
0
SPLINE
5
310
100
AcDbEntity
8
0
100
AcDbSpline
70
0
71
2
72
6
73
3
74
0
42
0.000000001
43
0.0000000001
44
0.0000000001
40
0
40
0
40
0
40
1
40
1
40
1
10
-88.242986428542579
20
-91.743024482078241
30
0
10
-88.300317093498236
20
-91.785546475021135
30
0
10
-88.333947584459921
20
-91.878836437560835
30
0
0
LINE
5
311
100
AcDbEntity
8
0
100
AcDbLine
10
-87.850360607644518
20
-92.117397499716475
30
0
11
-88.335762817480784
21
-92.117034380281922
31
0
0
SPLINE
5
312
100
AcDbEntity
8
0
100
AcDbSpline
70
0
71
2
72
6
73
3
74
0
42
0.000000001
43
0.0000000001
44
0.0000000001
40
0
40
0
40
0
40
1
40
1
40
1
10
-88.33576281748077
20
-92.117034380281922
30
0
10
-88.326022326696403
20
-92.226727804078067
30
0
10
-88.280224414465337
20
-92.281605207629838
30
0
0
SPLINE
5
313
100
AcDbEntity
8
0
100
AcDbSpline
70
0
71
2
72
6
73
3
74
0
42
0.000000001
43
0.0000000001
44
0.0000000001
40
0
40
0
40
0
40
1
40
1
40
1
10
-88.280224414465337
20
-92.281605207629838
30
0
10
-88.209892350155172
20
-92.366787434266826
30
0
10
-88.097750414714
20
-92.366871325348001
30
0
0
SPLINE
5
314
100
AcDbEntity
8
0
100
AcDbSpline
70
0
71
2
72
6
73
3
74
0
42
0.000000001
43
0.0000000001
44
0.0000000001
40
0
40
0
40
0
40
1
40
1
40
1
10
-88.097750414714
20
-92.366871325348001
30
0
10
-87.996249991550201
20
-92.366947255732171
30
0
10
-87.927031274461228
20
-92.299059110511564
30
0
0
SPLINE
5
315
100
AcDbEntity
8
0
100
AcDbSpline
70
0
71
2
72
6
73
3
74
0
42
0.000000001
43
0.0000000001
44
0.0000000001
40
0
40
0
40
0
40
1
40
1
40
1
10
-87.927031274461228
20
-92.299059110511564
30
0
10
-87.857812557316493
20
-92.231170890785165
30
0
10
-87.850360607644518
20
-92.117397499716475
30
0
0
LINE
5
316
100
AcDbEntity
8
0
100
AcDbLine
10
-89.234965802354793
20
-91.598216892845812
30
0
11
-89.235047856369192
21
-91.707903117609376
31
0
0
SPLINE
5
317
100
AcDbEntity
8
0
100
AcDbSpline
70
0
71
2
72
6
73
3
74
0
42
0.000000001
43
0.0000000001
44
0.0000000001
40
0
40
0
40
0
40
1
40
1
40
1
10
-89.235047856369192
20
-91.707903117609362
30
0
10
-89.152277400822015
20
-91.578633500962439
30
0
10
-88.991840815464968
20
-91.578753520280401
30
0
0
SPLINE
5
318
100
AcDbEntity
8
0
100
AcDbSpline
70
0
71
2
72
6
73
3
74
0
42
0.000000001
43
0.0000000001
44
0.0000000001
40
0
40
0
40
0
40
1
40
1
40
1
10
-88.991840815464968
20
-91.578753520280401
30
0
10
-88.887884681623547
20
-91.578831287731333
30
0
10
-88.800751604669728
20
-91.636195176312029
30
0
0
SPLINE
5
319
100
AcDbEntity
8
0
100
AcDbSpline
70
0
71
2
72
6
73
3
74
0
42
0.000000001
43
0.0000000001
44
0.0000000001
40
0
40
0
40
0
40
1
40
1
40
1
10
-88.800751604669728
20
-91.636195176312029
30
0
10
-88.713618527827393
20
-91.693559213904308
30
0
10
-88.665809912712433
20
-91.796323463551772
30
0
0
SPLINE
5
320
100
AcDbEntity
8
0
100
AcDbSpline
70
0
71
2
72
6
73
3
74
0
42
0.000000001
43
0.0000000001
44
0.0000000001
40
0
40
0
40
0
40
1
40
1
40
1
10
-88.665809912712433
20
-91.796323463551772
30
0
10
-88.618001297597488
20
-91.899087713199265
30
0
10
-88.618101109626792
20
-92.032512077148866
30
0
0
SPLINE
5
321
100
AcDbEntity
8
0
100
AcDbSpline
70
0
71
2
72
6
73
3
74
0
42
0.000000001
43
0.0000000001
44
0.0000000001
40
0
40
0
40
0
40
1
40
1
40
1
10
-88.618101109626792
20
-92.032512077148866
30
0
10
-88.61819847215942
20
-92.162662060853947
30
0
10
-88.661660999134298
20
-92.268632265497871
30
0
0
SPLINE
5
322
100
AcDbEntity
8
0
100
AcDbSpline
70
0
71
2
72
6
73
3
74
0
42
0.000000001
43
0.0000000001
44
0.0000000001
40
0
40
0
40
0
40
1
40
1
40
1
10
-88.661660999134298
20
-92.268632265497871
30
0
10
-88.705123824188064
20
-92.374602544424619
30
0
10
-88.791932831032284
20
-92.431017863993489
30
0
0
SPLINE
5
323
100
AcDbEntity
8
0
100
AcDbSpline
70
0
71
2
72
6
73
3
74
0
42
0.000000001
43
0.0000000001
44
0.0000000001
40
0
40
0
40
0
40
1
40
1
40
1
10
-88.791932831032284
20
-92.431017863993489
30
0
10
-88.878741539797659
20
-92.487433109279493
30
0
10
-88.985972053883586
20
-92.487352892331884
30
0
0
SPLINE
5
324
100
AcDbEntity
8
0
100
AcDbSpline
70
0
71
2
72
6
73
3
74
0
42
0.000000001
43
0.0000000001
44
0.0000000001
40
0
40
0
40
0
40
1
40
1
40
1
10
-88.985972053883586
20
-92.487352892331884
30
0
10
-89.064553305451426
20
-92.487294107309765
30
0
10
-89.125920080399254
20
-92.454096757936469
30
0
0
SPLINE
5
325
100
AcDbEntity
8
0
100
AcDbSpline
70
0
71
2
72
6
73
3
74
0
42
0.000000001
43
0.0000000001
44
0.0000000001
40
0
40
0
40
0
40
1
40
1
40
1
10
-89.125920080399254
20
-92.454096757936469
30
0
10
-89.187286557323972
20
-92.420899408786127
30
0
10
-89.225719158261086
20
-92.367664631605265
30
0
0
LINE
5
326
100
AcDbEntity
8
0
100
AcDbLine
10
-89.225719158261086
20
-92.367664631605265
30
0
11
-89.226041250799909
21
-92.798223878071312
31
0
0
LINE
5
327
100
AcDbEntity
8
0
100
AcDbLine
10
-89.226041250799923
20
-92.798223878071326
30
0
11
-89.372561943635077
21
-92.798114268947074
31
0
0
LINE
5
328
100
AcDbEntity
8
0
100
AcDbLine
10
-89.372561943635063
20
-92.798114268947074
30
0
11
-89.371664248525775
21
-91.598114631542757
31
0
0
LINE
5
329
100
AcDbEntity
8
0
100
AcDbLine
10
-89.371664248525775
20
-91.598114631542757
30
0
11
-89.234965802354793
21
-91.598216892845812
31
0
0
SPLINE
5
330
100
AcDbEntity
8
0
100
AcDbSpline
70
0
71
2
72
6
73
3
74
0
42
0.000000001
43
0.0000000001
44
0.0000000001
40
0
40
0
40
0
40
1
40
1
40
1
10
-88.769533521840302
20
-92.032398793668108
30
0
10
-88.769408603751927
20
-91.86541374584516
30
0
10
-88.839742505128868
20
-91.782687229885781
30
0
0
SPLINE
5
331
100
AcDbEntity
8
0
100
AcDbSpline
70
0
71
2
72
6
73
3
74
0
42
0.000000001
43
0.0000000001
44
0.0000000001
40
0
40
0
40
0
40
1
40
1
40
1
10
-88.839742505128868
20
-91.782687229885781
30
0
10
-88.910076108482656
20
-91.699960714149356
30
0
10
-89.005847036770618
20
-91.699889069882772
30
0
0
SPLINE
5
332
100
AcDbEntity
8
0
100
AcDbSpline
70
0
71
2
72
6
73
3
74
0
42
0.000000001
43
0.0000000001
44
0.0000000001
40
0
40
0
40
0
40
1
40
1
40
1
10
-89.005847036770618
20
-91.699889069882772
30
0
10
-89.102436336602352
20
-91.699816813409214
30
0
10
-89.170025981246525
20
-91.778756732527299
30
0
0
SPLINE
5
333
100
AcDbEntity
8
0
100
AcDbSpline
70
0
71
2
72
6
73
3
74
0
42
0.000000001
43
0.0000000001
44
0.0000000001
40
0
40
0
40
0
40
1
40
1
40
1
10
-89.170025981246525
20
-91.778756732527299
30
0
10
-89.237615625779213
20
-91.857696502633829
30
0
10
-89.237736869845492
20
-92.019770278113128
30
0
0
SPLINE
5
334
100
AcDbEntity
8
0
100
AcDbSpline
70
0
71
2
72
6
73
3
74
0
42
0.000000001
43
0.0000000001
44
0.0000000001
40
0
40
0
40
0
40
1
40
1
40
1
10
-89.237736869845492
20
-92.019770278113128
30
0
10
-89.237870360614906
20
-92.19821491173407
30
0
10
-89.169174410745967
20
-92.281758797894767
30
0
0
SPLINE
5
335
100
AcDbEntity
8
0
100
AcDbSpline
70
0
71
2
72
6
73
3
74
0
42
0.000000001
43
0.0000000001
44
0.0000000001
40
0
40
0
40
0
40
1
40
1
40
1
10
-89.169174410745967
20
-92.281758797894767
30
0
10
-89.100478460877056
20
-92.36530268405545
30
0
10
-88.999796409257016
20
-92.36537800223266
30
0
0
SPLINE
5
336
100
AcDbEntity
8
0
100
AcDbSpline
70
0
71
2
72
6
73
3
74
0
42
0.000000001
43
0.0000000001
44
0.0000000001
40
0
40
0
40
0
40
1
40
1
40
1
10
-88.999796409257016
20
-92.36537800223266
30
0
10
-88.901569770291445
20
-92.365451483566034
30
0
10
-88.835616248224596
20
-92.285282484472262
30
0
0
SPLINE
5
337
100
AcDbEntity
8
0
100
AcDbSpline
70
0
71
2
72
6
73
3
74
0
42
0.000000001
43
0.0000000001
44
0.0000000001
40
0
40
0
40
0
40
1
40
1
40
1
10
-88.835616248224596
20
-92.285282484472262
30
0
10
-88.769662726269189
20
-92.205113634390045
30
0
10
-88.769533521840302
20
-92.032398793668108
30
0
0
LINE
5
338
100
AcDbEntity
8
0
100
AcDbLine
10
-84.303762800197589
20
-88.045877123075215
30
0
11
-84.301857806772986
21
-89.245875584168814
31
0
0
LINE
5
339
100
AcDbEntity
8
0
100
AcDbLine
10
-84.301857806772986
20
-89.245875584168814
30
0
11
-84.752061878247758
21
-89.246590281581945
31
0
0
SPLINE
5
340
100
AcDbEntity
8
0
100
AcDbSpline
70
0
71
2
72
6
73
3
74
0
42
0.000000001
43
0.0000000001
44
0.0000000001
40
0
40
0
40
0
40
1
40
1
40
1
10
-84.752061878247758
20
-89.246590281581945
30
0
10
-84.889578784677553
20
-89.246808589197343
30
0
10
-84.972719717789147
20
-89.210514938728352
30
0
0
SPLINE
5
341
100
AcDbEntity
8
0
100
AcDbSpline
70
0
71
2
72
6
73
3
74
0
42
0.000000001
43
0.0000000001
44
0.0000000001
40
0
40
0
40
0
40
1
40
1
40
1
10
-84.972719717789147
20
-89.210514938728352
30
0
10
-85.055860651019017
20
-89.17422121375364
30
0
10
-85.103047673062747
20
-89.098579800287737
30
0
0
SPLINE
5
342
100
AcDbEntity
8
0
100
AcDbSpline
70
0
71
2
72
6
73
3
74
0
42
0.000000001
43
0.0000000001
44
0.0000000001
40
0
40
0
40
0
40
1
40
1
40
1
10
-85.103047673062747
20
-89.098579800287737
30
0
10
-85.150234620600784
20
-89.022938386703544
30
0
10
-85.15036586504948
20
-88.940264538895093
30
0
0
SPLINE
5
343
100
AcDbEntity
8
0
100
AcDbSpline
70
0
71
2
72
6
73
3
74
0
42
0.000000001
43
0.0000000001
44
0.0000000001
40
0
40
0
40
0
40
1
40
1
40
1
10
-85.15036586504948
20
-88.940264538895093
30
0
10
-85.15048801336232
20
-88.863320552874654
30
0
10
-85.108849721185734
20
-88.795314384801742
30
0
0
SPLINE
5
344
100
AcDbEntity
8
0
100
AcDbSpline
70
0
71
2
72
6
73
3
74
0
42
0.000000001
43
0.0000000001
44
0.0000000001
40
0
40
0
40
0
40
1
40
1
40
1
10
-85.108849721185734
20
-88.795314384801742
30
0
10
-85.067211354503414
20
-88.727308216610581
30
0
10
-84.982966664547135
20
-88.685428226721143
30
0
0
SPLINE
5
345
100
AcDbEntity
8
0
100
AcDbSpline
70
0
71
2
72
6
73
3
74
0
42
0.000000001
43
0.0000000001
44
0.0000000001
40
0
40
0
40
0
40
1
40
1
40
1
10
-84.982966664547135
20
-88.685428226721143
30
0
10
-85.091884866036054
20
-88.653677516575499
30
0
10
-85.150533560870059
20
-88.576826441246112
30
0
0
SPLINE
5
346
100
AcDbEntity
8
0
100
AcDbSpline
70
0
71
2
72
6
73
3
74
0
42
0.000000001
43
0.0000000001
44
0.0000000001
40
0
40
0
40
0
40
1
40
1
40
1
10
-85.150533560870059
20
-88.576826441246112
30
0
10
-85.209182255704064
20
-88.49997536591674
30
0
10
-85.209348585417189
20
-88.395200516203431
30
0
0
SPLINE
5
347
100
AcDbEntity
8
0
100
AcDbSpline
70
0
71
2
72
6
73
3
74
0
42
0.000000001
43
0.0000000001
44
0.0000000001
40
0
40
0
40
0
40
1
40
1
40
1
10
-85.209348585417189
20
-88.395200516203431
30
0
10
-85.209482428778728
20
-88.310889554383309
30
0
10
-85.173990405188306
20
-88.238391124492054
30
0
0
SPLINE
5
348
100
AcDbEntity
8
0
100
AcDbSpline
70
0
71
2
72
6
73
3
74
0
42
0.000000001
43
0.0000000001
44
0.0000000001
40
0
40
0
40
0
40
1
40
1
40
1
10
-85.173990405188306
20
-88.238391124492054
30
0
10
-85.138498307092163
20
-88.165892694482551
30
0
10
-85.086173330176649
20
-88.12651909148677
30
0
0
SPLINE
5
349
100
AcDbEntity
8
0
100
AcDbSpline
70
0
71
2
72
6
73
3
74
0
42
0.000000001
43
0.0000000001
44
0.0000000001
40
0
40
0
40
0
40
1
40
1
40
1
10
-85.086173330176649
20
-88.12651909148677
30
0
10
-85.033848278991982
20
-88.087145339361314
30
0
10
-84.954889755618012
20
-88.066965388926022
30
0
0
SPLINE
5
350
100
AcDbEntity
8
0
100
AcDbSpline
70
0
71
2
72
6
73
3
74
0
42
0.000000001
43
0.0000000001
44
0.0000000001
40
0
40
0
40
0
40
1
40
1
40
1
10
-84.954889755618012
20
-88.066965388926022
30
0
10
-84.875931232244028
20
-88.04678543849073
30
0
10
-84.761333847472088
20
-88.046603515537043
30
0
0
LINE
5
351
100
AcDbEntity
8
0
100
AcDbLine
10
-84.761333847472088
20
-88.046603515537043
30
0
11
-84.303762800197603
21
-88.045877123075215
31
0
0
LINE
5
352
100
AcDbEntity
8
0
100
AcDbLine
10
-84.461457535302742
20
-88.741899169561393
30
0
11
-84.720938765051329
21
-88.742311095120044
31
0
0
SPLINE
5
353
100
AcDbEntity
8
0
100
AcDbSpline
70
0
71
2
72
6
73
3
74
0
42
0.000000001
43
0.0000000001
44
0.0000000001
40
0
40
0
40
0
40
1
40
1
40
1
10
-84.720938765051329
20
-88.742311095120044
30
0
10
-84.826532097264732
20
-88.742478724171306
30
0
10
-84.872348975492798
20
-88.75646685071716
30
0
0
SPLINE
5
354
100
AcDbEntity
8
0
100
AcDbSpline
70
0
71
2
72
6
73
3
74
0
42
0.000000001
43
0.0000000001
44
0.0000000001
40
0
40
0
40
0
40
1
40
1
40
1
10
-84.872348975492798
20
-88.75646685071716
30
0
10
-84.932893307979015
20
-88.774571189642501
30
0
10
-84.963522793330895
20
-88.816366140085137
30
0
0
SPLINE
5
355
100
AcDbEntity
8
0
100
AcDbSpline
70
0
71
2
72
6
73
3
74
0
42
0.000000001
43
0.0000000001
44
0.0000000001
40
0
40
0
40
0
40
1
40
1
40
1
10
-84.963522793330895
20
-88.816366140085137
30
0
10
-84.994152204295347
20
-88.858161015903789
30
0
10
-84.994052146564371
20
-88.921189644583492
30
0
0
SPLINE
5
356
100
AcDbEntity
8
0
100
AcDbSpline
70
0
71
2
72
6
73
3
74
0
42
0.000000001
43
0.0000000001
44
0.0000000001
40
0
40
0
40
0
40
1
40
1
40
1
10
-84.994052146564371
20
-88.921189644583492
30
0
10
-84.993957286777388
20
-88.980943970734145
30
0
10
-84.965235858330757
20
-89.026328198988296
30
0
0
SPLINE
5
357
100
AcDbEntity
8
0
100
AcDbSpline
70
0
71
2
72
6
73
3
74
0
42
0.000000001
43
0.0000000001
44
0.0000000001
40
0
40
0
40
0
40
1
40
1
40
1
10
-84.965235858330757
20
-89.026328198988296
30
0
10
-84.936514355496712
20
-89.071712352618448
30
0
10
-84.883281772178151
20
-89.08840821385219
30
0
0
SPLINE
5
358
100
AcDbEntity
8
0
100
AcDbSpline
70
0
71
2
72
6
73
3
74
0
42
0.000000001
43
0.0000000001
44
0.0000000001
40
0
40
0
40
0
40
1
40
1
40
1
10
-84.883281772178151
20
-89.08840821385219
30
0
10
-84.830049188741313
20
-89.105104149591654
30
0
10
-84.700717852369948
20
-89.104898836540528
30
0
0
LINE
5
359
100
AcDbEntity
8
0
100
AcDbLine
10
-84.700717852369948
20
-89.104898836540528
30
0
11
-84.460881879002955
21
-89.104518097758728
31
0
0
LINE
5
360
100
AcDbEntity
8
0
100
AcDbLine
10
-84.460881879002955
20
-89.104518097758728
30
0
11
-84.461457535302742
21
-88.741899169561393
31
0
0
LINE
5
361
100
AcDbEntity
8
0
100
AcDbLine
10
-84.462337262987319
20
-88.187738796065943
30
0
11
-84.761109042751968
21
-88.188213095237444
31
0
0
SPLINE
5
362
100
AcDbEntity
8
0
100
AcDbSpline
70
0
71
2
72
6
73
3
74
0
42
0.000000001
43
0.0000000001
44
0.0000000001
40
0
40
0
40
0
40
1
40
1
40
1
10
-84.761109042751968
20
-88.188213095237444
30
0
10
-84.838053028772407
20
-88.188335243550284
30
0
10
-84.869148949728782
20
-88.194114558951725
30
0
0
SPLINE
5
363
100
AcDbEntity
8
0
100
AcDbSpline
70
0
71
2
72
6
73
3
74
0
42
0.000000001
43
0.0000000001
44
0.0000000001
40
0
40
0
40
0
40
1
40
1
40
1
10
-84.869148949728782
20
-88.194114558951725
30
0
10
-84.923976414872953
20
-88.204024306188529
30
0
10
-84.960774909328066
20
-88.227002228584183
30
0
0
SPLINE
5
364
100
AcDbEntity
8
0
100
AcDbSpline
70
0
71
2
72
6
73
3
74
0
42
0.000000001
43
0.0000000001
44
0.0000000001
40
0
40
0
40
0
40
1
40
1
40
1
10
-84.960774909328066
20
-88.227002228584183
30
0
10
-84.997573403783178
20
-88.249980150979866
30
0
10
-85.021241924482069
20
-88.293810504466308
30
0
0
SPLINE
5
365
100
AcDbEntity
8
0
100
AcDbSpline
70
0
71
2
72
6
73
3
74
0
42
0.000000001
43
0.0000000001
44
0.0000000001
40
0
40
0
40
0
40
1
40
1
40
1
10
-85.021241924482069
20
-88.293810504466308
30
0
10
-85.044910445417514
20
-88.33764070894135
30
0
10
-85.044819484058948
20
-88.394939326821614
30
0
0
SPLINE
5
366
100
AcDbEntity
8
0
100
AcDbSpline
70
0
71
2
72
6
73
3
74
0
42
0.000000001
43
0.0000000001
44
0.0000000001
40
0
40
0
40
0
40
1
40
1
40
1
10
-85.044819484058948
20
-88.394939326821614
30
0
10
-85.044712928986698
20
-88.462060777783392
30
0
10
-85.010255067259877
20
-88.511528508548324
30
0
0
SPLINE
5
367
100
AcDbEntity
8
0
100
AcDbSpline
70
0
71
2
72
6
73
3
74
0
42
0.000000001
43
0.0000000001
44
0.0000000001
40
0
40
0
40
0
40
1
40
1
40
1
10
-85.010255067259877
20
-88.511528508548324
30
0
10
-84.975797205296516
20
-88.560996388324682
30
0
10
-84.914783188357774
20
-88.580954207340156
30
0
0
SPLINE
5
368
100
AcDbEntity
8
0
100
AcDbSpline
70
0
71
2
72
6
73
3
74
0
42
0.000000001
43
0.0000000001
44
0.0000000001
40
0
40
0
40
0
40
1
40
1
40
1
10
-84.914783188357774
20
-88.580954207340156
30
0
10
-84.853769171537309
20
-88.600911951849895
30
0
10
-84.739171749512508
20
-88.600730028837063
30
0
0
LINE
5
369
100
AcDbEntity
8
0
100
AcDbLine
10
-84.739171749512508
20
-88.600730028837063
30
0
11
-84.461682340141152
21
-88.600289515355257
31
0
0
LINE
5
370
100
AcDbEntity
8
0
100
AcDbLine
10
-84.461682340141124
20
-88.600289515355257
30
0
11
-84.462337262987319
21
-88.187738796065929
31
0
0
LINE
5
371
100
AcDbEntity
8
0
100
AcDbLine
10
-85.979340488188484
20
-88.048537096884786
30
0
11
-85.979137773931939
21
-88.176231393750186
31
0
0
SPLINE
5
372
100
AcDbEntity
8
0
100
AcDbSpline
70
0
71
2
72
6
73
3
74
0
42
0.000000001
43
0.0000000001
44
0.0000000001
40
0
40
0
40
0
40
1
40
1
40
1
10
-85.979137773931939
20
-88.176231393750172
30
0
10
-85.877871202227681
20
-88.028730746105182
30
0
10
-85.703519342293646
20
-88.028453963127959
30
0
0
SPLINE
5
373
100
AcDbEntity
8
0
100
AcDbSpline
70
0
71
2
72
6
73
3
74
0
42
0.000000001
43
0.0000000001
44
0.0000000001
40
0
40
0
40
0
40
1
40
1
40
1
10
-85.703519342293646
20
-88.028453963127959
30
0
10
-85.626575356273221
20
-88.028331814815104
30
0
10
-85.559816608510232
20
-88.057693812995154
30
0
0
SPLINE
5
374
100
AcDbEntity
8
0
100
AcDbSpline
70
0
71
2
72
6
73
3
74
0
42
0.000000001
43
0.0000000001
44
0.0000000001
40
0
40
0
40
0
40
1
40
1
40
1
10
-85.559816608510232
20
-88.057693812995154
30
0
10
-85.493057711735801
20
-88.087055810938665
30
0
10
-85.460654095023173
20
-88.131615522904042
30
0
0
SPLINE
5
375
100
AcDbEntity
8
0
100
AcDbSpline
70
0
71
2
72
6
73
3
74
0
42
0.000000001
43
0.0000000001
44
0.0000000001
40
0
40
0
40
0
40
1
40
1
40
1
10
-85.460654095023173
20
-88.131615522904042
30
0
10
-85.428250403568285
20
-88.176175383762569
30
0
10
-85.415050909573267
20
-88.240820186257963
30
0
0
SPLINE
5
376
100
AcDbEntity
8
0
100
AcDbSpline
70
0
71
2
72
6
73
3
74
0
42
0.000000001
43
0.0000000001
44
0.0000000001
40
0
40
0
40
0
40
1
40
1
40
1
10
-85.415050909573267
20
-88.240820186257963
30
0
10
-85.405977948866877
20
-88.284189227341656
30
0
10
-85.405828512028194
20
-88.378322873231895
30
0
0
LINE
5
377
100
AcDbEntity
8
0
100
AcDbLine
10
-85.405828512028194
20
-88.378322873231895
30
0
11
-85.404973474074879
21
-88.916930626363524
31
0
0
LINE
5
378
100
AcDbEntity
8
0
100
AcDbLine
10
-85.404973474074879
20
-88.916930626363509
30
0
11
-85.552313064574733
21
-88.917164527456052
31
0
0
LINE
5
379
100
AcDbEntity
8
0
100
AcDbLine
10
-85.552313064574733
20
-88.917164527456052
30
0
11
-85.553078440566779
21
-88.435036872451718
31
0
0
SPLINE
5
380
100
AcDbEntity
8
0
100
AcDbSpline
70
0
71
2
72
6
73
3
74
0
42
0.000000001
43
0.0000000001
44
0.0000000001
40
0
40
0
40
0
40
1
40
1
40
1
10
-85.553078440566779
20
-88.435036872451718
30
0
10
-85.553261662917762
20
-88.319620967926767
30
0
10
-85.562329351292718
20
-88.279526154748154
30
0
0
SPLINE
5
381
100
AcDbEntity
8
0
100
AcDbSpline
70
0
71
2
72
6
73
3
74
0
42
0.000000001
43
0.0000000001
44
0.0000000001
40
0
40
0
40
0
40
1
40
1
40
1
10
-85.562329351292718
20
-88.279526154748154
30
0
10
-85.576337044131549
20
-88.221430958803623
30
0
10
-85.621410046283714
20
-88.188351111900204
30
0
0
SPLINE
5
382
100
AcDbEntity
8
0
100
AcDbSpline
70
0
71
2
72
6
73
3
74
0
42
0.000000001
43
0.0000000001
44
0.0000000001
40
0
40
0
40
0
40
1
40
1
40
1
10
-85.621410046283714
20
-88.188351111900204
30
0
10
-85.666483048672418
20
-88.155271115985386
30
0
10
-85.732785830869801
20
-88.155376371423785
30
0
0
SPLINE
5
383
100
AcDbEntity
8
0
100
AcDbSpline
70
0
71
2
72
6
73
3
74
0
42
0.000000001
43
0.0000000001
44
0.0000000001
40
0
40
0
40
0
40
1
40
1
40
1
10
-85.732785830869801
20
-88.155376371423785
30
0
10
-85.79908861306717
20
-88.155481626862212
30
0
10
-85.857151972477055
20
-88.189543873212003
30
0
0
SPLINE
5
384
100
AcDbEntity
8
0
100
AcDbSpline
70
0
71
2
72
6
73
3
74
0
42
0.000000001
43
0.0000000001
44
0.0000000001
40
0
40
0
40
0
40
1
40
1
40
1
10
-85.857151972477055
20
-88.189543873212003
30
0
10
-85.915215332123509
20
-88.223605970550366
30
0
10
-85.93926972260148
20
-88.282170925334896
30
0
0
SPLINE
5
385
100
AcDbEntity
8
0
100
AcDbSpline
70
0
71
2
72
6
73
3
74
0
42
0.000000001
43
0.0000000001
44
0.0000000001
40
0
40
0
40
0
40
1
40
1
40
1
10
-85.93926972260148
20
-88.282170925334896
30
0
10
-85.963324113315991
20
-88.340735731107983
30
0
10
-85.963147387951452
20
-88.452059036868008
30
0
0
LINE
5
386
100
AcDbEntity
8
0
100
AcDbLine
10
-85.963147387951452
20
-88.452059036868008
30
0
11
-85.962408001087965
21
-88.917815551755538
31
0
0
LINE
5
387
100
AcDbEntity
8
0
100
AcDbLine
10
-85.962408001087965
20
-88.917815551755538
30
0
11
-86.109747517082113
21
-88.91804945272979
31
0
0
LINE
5
388
100
AcDbEntity
8
0
100
AcDbLine
10
-86.109747517082127
20
-88.91804945272979
30
0
11
-86.111127532830238
21
-88.048746308364315
31
0
0
LINE
5
389
100
AcDbEntity
8
0
100
AcDbLine
10
-86.111127532830224
20
-88.048746308364315
30
0
11
-85.979340488188456
21
-88.048537096884786
31
0
0
LINE
5
390
100
AcDbEntity
8
0
100
AcDbLine
10
-86.282611758994335
20
-88.308500385408863
30
0
11
-86.428277850702528
21
-88.331651283752066
31
0
0
SPLINE
5
391
100
AcDbEntity
8
0
100
AcDbSpline
70
0
71
2
72
6
73
3
74
0
42
0.000000001
43
0.0000000001
44
0.0000000001
40
0
40
0
40
0
40
1
40
1
40
1
10
-86.428277850702543
20
-88.331651283752066
30
0
10
-86.440695135218846
20
-88.244085585577565
30
0
10
-86.496840116696049
20
-88.19751703488987
30
0
0
SPLINE
5
392
100
AcDbEntity
8
0
100
AcDbSpline
70
0
71
2
72
6
73
3
74
0
42
0.000000001
43
0.0000000001
44
0.0000000001
40
0
40
0
40
0
40
1
40
1
40
1
10
-86.496840116696049
20
-88.19751703488987
30
0
10
-86.552984948925271
20
-88.15094863297702
30
0
10
-86.653667050862211
20
-88.151108465467132
30
0
0
SPLINE
5
393
100
AcDbEntity
8
0
100
AcDbSpline
70
0
71
2
72
6
73
3
74
0
42
0.000000001
43
0.0000000001
44
0.0000000001
40
0
40
0
40
0
40
1
40
1
40
1
10
-86.653667050862211
20
-88.151108465467132
30
0
10
-86.75516752354072
20
-88.151269597117974
30
0
10
-86.804215172832798
20
-88.192684376412757
30
0
0
SPLINE
5
394
100
AcDbEntity
8
0
100
AcDbSpline
70
0
71
2
72
6
73
3
74
0
42
0.000000001
43
0.0000000001
44
0.0000000001
40
0
40
0
40
0
40
1
40
1
40
1
10
-86.804215172832798
20
-88.192684376412757
30
0
10
-86.853262523865453
20
-88.234099304245859
30
0
10
-86.853174161301467
20
-88.289760882620158
30
0
0
SPLINE
5
395
100
AcDbEntity
8
0
100
AcDbSpline
70
0
71
2
72
6
73
3
74
0
42
0.000000001
43
0.0000000001
44
0.0000000001
40
0
40
0
40
0
40
1
40
1
40
1
10
-86.853174161301467
20
-88.289760882620158
30
0
10
-86.85309489475506
20
-88.339692673712136
30
0
10
-86.809666228160225
20
-88.368273037488123
30
0
0
SPLINE
5
396
100
AcDbEntity
8
0
100
AcDbSpline
70
0
71
2
72
6
73
3
74
0
42
0.000000001
43
0.0000000001
44
0.0000000001
40
0
40
0
40
0
40
1
40
1
40
1
10
-86.809666228160225
20
-88.368273037488123
30
0
10
-86.77934846924272
20
-88.387870325799597
30
0
10
-86.658973217596298
20
-88.417965729780136
30
0
0
SPLINE
5
397
100
AcDbEntity
8
0
100
AcDbSpline
70
0
71
2
72
6
73
3
74
0
42
0.000000001
43
0.0000000001
44
0.0000000001
40
0
40
0
40
0
40
1
40
1
40
1
10
-86.658973217596298
20
-88.417965729780136
30
0
10
-86.496834777536179
20
-88.458636065483347
30
0
10
-86.43416812773259
20
-88.488413895268593
30
0
0
SPLINE
5
398
100
AcDbEntity
8
0
100
AcDbSpline
70
0
71
2
72
6
73
3
74
0
42
0.000000001
43
0.0000000001
44
0.0000000001
40
0
40
0
40
0
40
1
40
1
40
1
10
-86.43416812773259
20
-88.488413895268593
30
0
10
-86.371501328917603
20
-88.518191724817285
30
0
10
-86.339084717758965
20
-88.570936932335371
30
0
0
SPLINE
5
399
100
AcDbEntity
8
0
100
AcDbSpline
70
0
71
2
72
6
73
3
74
0
42
0.000000001
43
0.0000000001
44
0.0000000001
40
0
40
0
40
0
40
1
40
1
40
1
10
-86.339084717758965
20
-88.570936932335371
30
0
10
-86.306668106363773
20
-88.62368228886487
30
0
10
-86.306566749353792
20
-88.687529362791864
30
0
0
SPLINE
5
400
100
AcDbEntity
8
0
100
AcDbSpline
70
0
71
2
72
6
73
3
74
0
42
0.000000001
43
0.0000000001
44
0.0000000001
40
0
40
0
40
0
40
1
40
1
40
1
10
-86.306566749353792
20
-88.687529362791864
30
0
10
-86.306474488361374
20
-88.745646649436537
30
0
10
-86.33299873217814
20
-88.795211338095825
30
0
0
SPLINE
5
401
100
AcDbEntity
8
0
100
AcDbSpline
70
0
71
2
72
6
73
3
74
0
42
0.000000001
43
0.0000000001
44
0.0000000001
40
0
40
0
40
0
40
1
40
1
40
1
10
-86.33299873217814
20
-88.795211338095825
30
0
10
-86.359523125006319
20
-88.844776026991653
30
0
10
-86.405310190419669
20
-88.877590853031563
30
0
0
SPLINE
5
402
100
AcDbEntity
8
0
100
AcDbSpline
70
0
71
2
72
6
73
3
74
0
42
0.000000001
43
0.0000000001
44
0.0000000001
40
0
40
0
40
0
40
1
40
1
40
1
10
-86.405310190419669
20
-88.877590853031563
30
0
10
-86.439649078175975
20
-88.903020585269161
30
0
10
-86.498966280731352
20
-88.920713715222078
30
0
0
SPLINE
5
403
100
AcDbEntity
8
0
100
AcDbSpline
70
0
71
2
72
6
73
3
74
0
42
0.000000001
43
0.0000000001
44
0.0000000001
40
0
40
0
40
0
40
1
40
1
40
1
10
-86.498966280731352
20
-88.920713715222078
30
0
10
-86.558283334393579
20
-88.938406770432721
30
0
10
-86.62622330510834
20
-88.938514624902268
30
0
0
SPLINE
5
404
100
AcDbEntity
8
0
100
AcDbSpline
70
0
71
2
72
6
73
3
74
0
42
0.000000001
43
0.0000000001
44
0.0000000001
40
0
40
0
40
0
40
1
40
1
40
1
10
-86.62622330510834
20
-88.938514624902268
30
0
10
-86.728542297539818
20
-88.938677055950407
30
0
10
-86.805942398137319
20
-88.909331950881324
30
0
0
SPLINE
5
405
100
AcDbEntity
8
0
100
AcDbSpline
70
0
71
2
72
6
73
3
74
0
42
0.000000001
43
0.0000000001
44
0.0000000001
40
0
40
0
40
0
40
1
40
1
40
1
10
-86.805942398137319
20
-88.909331950881324
30
0
10
-86.883342498734805
20
-88.879986845812269
30
0
10
-86.920257144848705
20
-88.8297043443565
30
0
0
SPLINE
5
406
100
AcDbEntity
8
0
100
AcDbSpline
70
0
71
2
72
6
73
3
74
0
42
0.000000001
43
0.0000000001
44
0.0000000001
40
0
40
0
40
0
40
1
40
1
40
1
10
-86.920257144848705
20
-88.8297043443565
30
0
10
-86.95717208898543
20
-88.779421843373868
30
0
10
-86.971221215181998
20
-88.695132972017319
30
0
0
LINE
5
407
100
AcDbEntity
8
0
100
AcDbLine
10
-86.971221215181998
20
-88.695132972017319
30
0
11
-86.827186965035779
21
-88.67525897499776
31
0
0
SPLINE
5
408
100
AcDbEntity
8
0
100
AcDbSpline
70
0
71
2
72
6
73
3
74
0
42
0.000000001
43
0.0000000001
44
0.0000000001
40
0
40
0
40
0
40
1
40
1
40
1
10
-86.827186965035779
20
-88.675258974997746
30
0
10
-86.817257875023145
20
-88.742364758213228
30
0
10
-86.770131351942879
20
-88.779943438663693
30
0
0
SPLINE
5
409
100
AcDbEntity
8
0
100
AcDbSpline
70
0
71
2
72
6
73
3
74
0
42
0.000000001
43
0.0000000001
44
0.0000000001
40
0
40
0
40
0
40
1
40
1
40
1
10
-86.770131351942879
20
-88.779943438663693
30
0
10
-86.723004828862628
20
-88.817522119114159
30
0
10
-86.637056827536512
20
-88.817385676958025
30
0
0
SPLINE
5
410
100
AcDbEntity
8
0
100
AcDbSpline
70
0
71
2
72
6
73
3
74
0
42
0.000000001
43
0.0000000001
44
0.0000000001
40
0
40
0
40
0
40
1
40
1
40
1
10
-86.637056827536512
20
-88.817385676958025
30
0
10
-86.535556205846575
20
-88.817224545070616
30
0
10
-86.492226148219174
20
-88.783595023200448
30
0
0
SPLINE
5
411
100
AcDbEntity
8
0
100
AcDbSpline
70
0
71
2
72
6
73
3
74
0
42
0.000000001
43
0.0000000001
44
0.0000000001
40
0
40
0
40
0
40
1
40
1
40
1
10
-86.492226148219174
20
-88.783595023200448
30
0
10
-86.448896090591774
20
-88.74996550133028
30
0
10
-86.448967560281332
20
-88.704945126779066
30
0
0
SPLINE
5
412
100
AcDbEntity
8
0
100
AcDbSpline
70
0
71
2
72
6
73
3
74
0
42
0.000000001
43
0.0000000001
44
0.0000000001
40
0
40
0
40
0
40
1
40
1
40
1
10
-86.448967560281332
20
-88.704945126779066
30
0
10
-86.449013041078899
20
-88.676295743333213
30
0
10
-86.467057605245103
20
-88.653404884104248
30
0
0
SPLINE
5
413
100
AcDbEntity
8
0
100
AcDbSpline
70
0
71
2
72
6
73
3
74
0
42
0.000000001
43
0.0000000001
44
0.0000000001
40
0
40
0
40
0
40
1
40
1
40
1
10
-86.467057605245103
20
-88.653404884104248
30
0
10
-86.485103468926866
20
-88.629695430616579
30
0
10
-86.523600225937514
20
-88.614204033538883
30
0
0
SPLINE
5
414
100
AcDbEntity
8
0
100
AcDbSpline
70
0
71
2
72
6
73
3
74
0
42
0.000000001
43
0.0000000001
44
0.0000000001
40
0
40
0
40
0
40
1
40
1
40
1
10
-86.523600225937514
20
-88.614204033538883
30
0
10
-86.545713998889497
20
-88.606053548390065
30
0
10
-86.653809856820999
20
-88.576757172730055
30
0
0
SPLINE
5
415
100
AcDbEntity
8
0
100
AcDbSpline
70
0
71
2
72
6
73
3
74
0
42
0.000000001
43
0.0000000001
44
0.0000000001
40
0
40
0
40
0
40
1
40
1
40
1
10
-86.653809856820999
20
-88.576757172730055
30
0
10
-86.810219808996095
20
-88.535259221256283
30
0
10
-86.872062741220972
20
-88.508754320097097
30
0
0
SPLINE
5
416
100
AcDbEntity
8
0
100
AcDbSpline
70
0
71
2
72
6
73
3
74
0
42
0.000000001
43
0.0000000001
44
0.0000000001
40
0
40
0
40
0
40
1
40
1
40
1
10
-86.872062741220972
20
-88.508754320097097
30
0
10
-86.933905673445864
20
-88.482249418937911
30
0
10
-86.969183929870709
20
-88.431554984305393
30
0
0
SPLINE
5
417
100
AcDbEntity
8
0
100
AcDbSpline
70
0
71
2
72
6
73
3
74
0
42
0.000000001
43
0.0000000001
44
0.0000000001
40
0
40
0
40
0
40
1
40
1
40
1
10
-86.969183929870709
20
-88.431554984305393
30
0
10
-87.004462186058987
20
-88.380860698684259
30
0
10
-87.004581735577261
20
-88.3055537521698
30
0
0
SPLINE
5
418
100
AcDbEntity
8
0
100
AcDbSpline
70
0
71
2
72
6
73
3
74
0
42
0.000000001
43
0.0000000001
44
0.0000000001
40
0
40
0
40
0
40
1
40
1
40
1
10
-87.004581735577261
20
-88.3055537521698
30
0
10
-87.004698686064387
20
-88.231883994172733
30
0
10
-86.961828289648366
20
-88.166740845505586
30
0
0
SPLINE
5
419
100
AcDbEntity
8
0
100
AcDbSpline
70
0
71
2
72
6
73
3
74
0
42
0.000000001
43
0.0000000001
44
0.0000000001
40
0
40
0
40
0
40
1
40
1
40
1
10
-86.961828289648366
20
-88.166740845505586
30
0
10
-86.918957297186665
20
-88.101597695892252
30
0
10
-86.837977238430682
20
-88.065862025729601
30
0
0
SPLINE
5
420
100
AcDbEntity
8
0
100
AcDbSpline
70
0
71
2
72
6
73
3
74
0
42
0.000000001
43
0.0000000001
44
0.0000000001
40
0
40
0
40
0
40
1
40
1
40
1
10
-86.837977238430682
20
-88.065862025729601
30
0
10
-86.756996881651816
20
-88.03012635509387
30
0
10
-86.654677889220309
20
-88.029963924045731
30
0
0
SPLINE
5
421
100
AcDbEntity
8
0
100
AcDbSpline
70
0
71
2
72
6
73
3
74
0
42
0.000000001
43
0.0000000001
44
0.0000000001
40
0
40
0
40
0
40
1
40
1
40
1
10
-86.654677889220309
20
-88.029963924045731
30
0
10
-86.485237445827053
20
-88.029694937925342
30
0
10
-86.396312649186939
20
-88.099949477497574
30
0
0
SPLINE
5
422
100
AcDbEntity
8
0
100
AcDbSpline
70
0
71
2
72
6
73
3
74
0
42
0.000000001
43
0.0000000001
44
0.0000000001
40
0
40
0
40
0
40
1
40
1
40
1
10
-86.396312649186939
20
-88.099949477497574
30
0
10
-86.307388001558252
20
-88.170204017306375
30
0
10
-86.282611758994335
20
-88.308500385408863
30
0
0
LINE
5
423
100
AcDbEntity
8
0
100
AcDbLine
10
-87.174140562511852
20
-87.715644855163333
30
0
11
-87.157549964275503
21
-87.853954366959798
31
0
0
SPLINE
5
424
100
AcDbEntity
8
0
100
AcDbSpline
70
0
71
2
72
6
73
3
74
0
42
0.000000001
43
0.0000000001
44
0.0000000001
40
0
40
0
40
0
40
1
40
1
40
1
10
-87.157549964275489
20
-87.853954366959798
30
0
10
-87.205865358152934
20
-87.840934122381626
30
0
10
-87.241881717398485
20
-87.840991298227905
30
0
0
SPLINE
5
425
100
AcDbEntity
8
0
100
AcDbSpline
70
0
71
2
72
6
73
3
74
0
42
0.000000001
43
0.0000000001
44
0.0000000001
40
0
40
0
40
0
40
1
40
1
40
1
10
-87.241881717398485
20
-87.840991298227905
30
0
10
-87.290994988737495
20
-87.84106926537703
30
0
10
-87.320436902807756
20
-87.857487185688683
30
0
0
SPLINE
5
426
100
AcDbEntity
8
0
100
AcDbSpline
70
0
71
2
72
6
73
3
74
0
42
0.000000001
43
0.0000000001
44
0.0000000001
40
0
40
0
40
0
40
1
40
1
40
1
10
-87.320436902807756
20
-87.857487185688683
30
0
10
-87.349878817114586
20
-87.873904956988923
30
0
10
-87.368658736295487
20
-87.903402747508181
30
0
0
SPLINE
5
427
100
AcDbEntity
8
0
100
AcDbSpline
70
0
71
2
72
6
73
3
74
0
42
0.000000001
43
0.0000000001
44
0.0000000001
40
0
40
0
40
0
40
1
40
1
40
1
10
-87.368658736295487
20
-87.903402747508181
30
0
10
-87.382538933984364
20
-87.925525765370878
30
0
10
-87.413505133524737
20
-88.013160334676925
30
0
0
SPLINE
5
428
100
AcDbEntity
8
0
100
AcDbSpline
70
0
71
2
72
6
73
3
74
0
42
0.000000001
43
0.0000000001
44
0.0000000001
40
0
40
0
40
0
40
1
40
1
40
1
10
-87.413505133524737
20
-88.013160334676925
30
0
10
-87.417578091609244
20
-88.025445074755851
30
0
10
-87.426544571985616
20
-88.049197335740786
30
0
0
LINE
5
429
100
AcDbEntity
8
0
100
AcDbLine
10
-87.426544571985616
20
-88.049197335740786
30
0
11
-87.095285234736934
21
-88.919613990462693
31
0
0
LINE
5
430
100
AcDbEntity
8
0
100
AcDbLine
10
-87.095285234736949
20
-88.919613990462722
30
0
11
-87.254084623318576
21
-88.919866083945237
31
0
0
LINE
5
431
100
AcDbEntity
8
0
100
AcDbLine
10
-87.254084623318562
20
-88.919866083945237
30
0
11
-87.435783952028771
21
-88.416743199686863
31
0
0
SPLINE
5
432
100
AcDbEntity
8
0
100
AcDbSpline
70
0
71
2
72
6
73
3
74
0
42
0.000000001
43
0.0000000001
44
0.0000000001
40
0
40
0
40
0
40
1
40
1
40
1
10
-87.435783952028771
20
-88.416743199686863
30
0
10
-87.471133678143204
20
-88.321028390503088
30
0
10
-87.499132170709899
20
-88.215479351448508
30
0
0
SPLINE
5
433
100
AcDbEntity
8
0
100
AcDbSpline
70
0
71
2
72
6
73
3
74
0
42
0.000000001
43
0.0000000001
44
0.0000000001
40
0
40
0
40
0
40
1
40
1
40
1
10
-87.499132170709899
20
-88.215479351448508
30
0
10
-87.524346194481538
20
-88.317020107098884
30
0
10
-87.559390549932132
20
-88.41366518846047
30
0
0
LINE
5
434
100
AcDbEntity
8
0
100
AcDbLine
10
-87.559390549932132
20
-88.41366518846047
30
0
11
-87.744397773875619
21
-88.920644454383279
31
0
0
LINE
5
435
100
AcDbEntity
8
0
100
AcDbLine
10
-87.74439777387559
20
-88.920644454383279
30
0
11
-87.891737289869738
21
-88.92087835535753
31
0
0
LINE
5
436
100
AcDbEntity
8
0
100
AcDbLine
10
-87.891737289869752
20
-88.92087835535753
30
0
11
-87.562445304481429
21
-88.036316281597848
31
0
0
SPLINE
5
437
100
AcDbEntity
8
0
100
AcDbSpline
70
0
71
2
72
6
73
3
74
0
42
0.000000001
43
0.0000000001
44
0.0000000001
40
0
40
0
40
0
40
1
40
1
40
1
10
-87.562445304481429
20
-88.036316281597863
30
0
10
-87.509466689117346
20
-87.892985049007933
30
0
10
-87.480084549687916
20
-87.83891372994475
30
0
0
SPLINE
5
438
100
AcDbEntity
8
0
100
AcDbSpline
70
0
71
2
72
6
73
3
74
0
42
0.000000001
43
0.0000000001
44
0.0000000001
40
0
40
0
40
0
40
1
40
1
40
1
10
-87.480084549687916
20
-87.83891372994475
30
0
10
-87.440909762283709
20
-87.766000267276652
30
0
10
-87.390213378673536
20
-87.731949715975588
30
0
0
SPLINE
5
439
100
AcDbEntity
8
0
100
AcDbSpline
70
0
71
2
72
6
73
3
74
0
42
0.000000001
43
0.0000000001
44
0.0000000001
40
0
40
0
40
0
40
1
40
1
40
1
10
-87.390213378673536
20
-87.731949715975588
30
0
10
-87.339516995063335
20
-87.69789916467451
30
0
10
-87.269121316078198
20
-87.697787411776531
30
0
0
SPLINE
5
440
100
AcDbEntity
8
0
100
AcDbSpline
70
0
71
2
72
6
73
3
74
0
42
0.000000001
43
0.0000000001
44
0.0000000001
40
0
40
0
40
0
40
1
40
1
40
1
10
-87.269121316078198
20
-87.697787411776531
30
0
10
-87.226556798808758
20
-87.69771984075193
30
0
10
-87.174140562511852
20
-87.715644855163333
30
0
0
LINE
5
441
100
AcDbEntity
8
0
100
AcDbLine
10
-84.302383189977519
20
-89.82389168215451
30
0
11
-84.30323741689385
21
-91.023891351289194
31
0
0
LINE
5
442
100
AcDbEntity
8
0
100
AcDbLine
10
-84.303237416893836
20
-91.023891351289194
30
0
11
-84.835297286856886
21
-91.023512601299757
31
0
0
SPLINE
5
443
100
AcDbEntity
8
0
100
AcDbSpline
70
0
71
2
72
6
73
3
74
0
42
0.000000001
43
0.0000000001
44
0.0000000001
40
0
40
0
40
0
40
1
40
1
40
1
10
-84.835297286856886
20
-91.023512601299757
30
0
10
-84.995733876456185
20
-91.023398393557244
30
0
10
-85.079203237246489
20
-90.991006129621525
30
0
0
SPLINE
5
444
100
AcDbEntity
8
0
100
AcDbSpline
70
0
71
2
72
6
73
3
74
0
42
0.000000001
43
0.0000000001
44
0.0000000001
40
0
40
0
40
0
40
1
40
1
40
1
10
-85.079203237246489
20
-90.991006129621525
30
0
10
-85.162672746995355
20
-90.958613791073915
30
0
10
-85.212546319145019
20
-90.876722910841437
30
0
0
SPLINE
5
445
100
AcDbEntity
8
0
100
AcDbSpline
70
0
71
2
72
6
73
3
74
0
42
0.000000001
43
0.0000000001
44
0.0000000001
40
0
40
0
40
0
40
1
40
1
40
1
10
-85.212546319145019
20
-90.876722910841437
30
0
10
-85.262419742230094
20
-90.794831956209237
30
0
10
-85.262349236500242
20
-90.695787017586724
30
0
0
SPLINE
5
446
100
AcDbEntity
8
0
100
AcDbSpline
70
0
71
2
72
6
73
3
74
0
42
0.000000001
43
0.0000000001
44
0.0000000001
40
0
40
0
40
0
40
1
40
1
40
1
10
-85.262349236500242
20
-90.695787017586724
30
0
10
-85.262258336462452
20
-90.568092592171197
30
0
10
-85.179522131882734
20
-90.480566240538778
30
0
0
SPLINE
5
447
100
AcDbEntity
8
0
100
AcDbSpline
70
0
71
2
72
6
73
3
74
0
42
0.000000001
43
0.0000000001
44
0.0000000001
40
0
40
0
40
0
40
1
40
1
40
1
10
-85.179522131882734
20
-90.480566240538778
30
0
10
-85.096785778291419
20
-90.393039889012442
30
0
10
-84.924054109372037
20
-90.369424697237662
30
0
0
SPLINE
5
448
100
AcDbEntity
8
0
100
AcDbSpline
70
0
71
2
72
6
73
3
74
0
42
0.000000001
43
0.0000000001
44
0.0000000001
40
0
40
0
40
0
40
1
40
1
40
1
10
-84.924054109372037
20
-90.369424697237662
30
0
10
-84.987061092898841
20
-90.33909337655237
30
0
10
-85.019782280158992
20
-90.309602135983411
30
0
0
SPLINE
5
449
100
AcDbEntity
8
0
100
AcDbSpline
70
0
71
2
72
6
73
3
74
0
42
0.000000001
43
0.0000000001
44
0.0000000001
40
0
40
0
40
0
40
1
40
1
40
1
10
-85.019782280158992
20
-90.309602135983411
30
0
10
-85.089313910457193
20
-90.245705468922182
30
0
10
-85.151455832503373
20
-90.14989040248507
30
0
0
LINE
5
450
100
AcDbEntity
8
0
100
AcDbLine
10
-85.151455832503373
20
-90.14989040248507
30
0
11
-85.359954579023238
21
-89.823138843658199
31
0
0
LINE
5
451
100
AcDbEntity
8
0
100
AcDbLine
10
-85.359954579023238
20
-89.823138843658199
30
0
11
-85.160227511612675
21
-89.823281020561467
31
0
0
LINE
5
452
100
AcDbEntity
8
0
100
AcDbLine
10
-85.160227511612675
20
-89.823281020561495
30
0
11
-85.001605684349499
21
-90.073052971735464
31
0
0
SPLINE
5
453
100
AcDbEntity
8
0
100
AcDbSpline
70
0
71
2
72
6
73
3
74
0
42
0.000000001
43
0.0000000001
44
0.0000000001
40
0
40
0
40
0
40
1
40
1
40
1
10
-85.001605684349499
20
-90.073052971735464
30
0
10
-84.932105668448315
20
-90.181151537986977
30
0
10
-84.887125962578963
20
-90.238482410668709
30
0
0
SPLINE
5
454
100
AcDbEntity
8
0
100
AcDbSpline
70
0
71
2
72
6
73
3
74
0
42
0.000000001
43
0.0000000001
44
0.0000000001
40
0
40
0
40
0
40
1
40
1
40
1
10
-84.887125962578963
20
-90.238482410668709
30
0
10
-84.842146256603542
20
-90.295813134338857
30
0
10
-84.806555511255993
20
-90.318757951662406
30
0
0
SPLINE
5
455
100
AcDbEntity
8
0
100
AcDbSpline
70
0
71
2
72
6
73
3
74
0
42
0.000000001
43
0.0000000001
44
0.0000000001
40
0
40
0
40
0
40
1
40
1
40
1
10
-84.806555511255993
20
-90.318757951662406
30
0
10
-84.770964728761626
20
-90.341702918024041
30
0
10
-84.734136222249745
20
-90.350733163548611
30
0
0
SPLINE
5
456
100
AcDbEntity
8
0
100
AcDbSpline
70
0
71
2
72
6
73
3
74
0
42
0.000000001
43
0.0000000001
44
0.0000000001
40
0
40
0
40
0
40
1
40
1
40
1
10
-84.734136222249745
20
-90.350733163548611
30
0
10
-84.70712804176857
20
-90.356482334448529
30
0
10
-84.645736502550463
20
-90.356526036381609
30
0
0
LINE
5
457
100
AcDbEntity
8
0
100
AcDbLine
10
-84.645736502550463
20
-90.356526036381609
30
0
11
-84.461561940775454
21
-90.35665714214106
31
0
0
LINE
5
458
100
AcDbEntity
8
0
100
AcDbLine
10
-84.461561940775454
20
-90.35665714214106
30
0
11
-84.461182608037703
21
-89.823778639842331
31
0
0
LINE
5
459
100
AcDbEntity
8
0
100
AcDbLine
10
-84.461182608037703
20
-89.823778639842331
30
0
11
-84.302383189977505
21
-89.823891682154496
31
0
0
LINE
5
460
100
AcDbEntity
8
0
100
AcDbLine
10
-84.46165983305039
20
-90.494174112503615
30
0
11
-84.802996715852274
21
-90.493931129809255
31
0
0
SPLINE
5
461
100
AcDbEntity
8
0
100
AcDbSpline
70
0
71
2
72
6
73
3
74
0
42
0.000000001
43
0.0000000001
44
0.0000000001
40
0
40
0
40
0
40
1
40
1
40
1
10
-84.802996715852274
20
-90.493931129809255
30
0
10
-84.911864348433369
20
-90.493853631736158
30
0
10
-84.973271948931469
20
-90.516320139713258
30
0
0
SPLINE
5
462
100
AcDbEntity
8
0
100
AcDbSpline
70
0
71
2
72
6
73
3
74
0
42
0.000000001
43
0.0000000001
44
0.0000000001
40
0
40
0
40
0
40
1
40
1
40
1
10
-84.973271948931469
20
-90.516320139713258
30
0
10
-85.034679400418014
20
-90.538786647796385
30
0
10
-85.066638296916238
20
-90.588286429324569
30
0
0
SPLINE
5
463
100
AcDbEntity
8
0
100
AcDbSpline
70
0
71
2
72
6
73
3
74
0
42
0.000000001
43
0.0000000001
44
0.0000000001
40
0
40
0
40
0
40
1
40
1
40
1
10
-85.066638296916238
20
-90.588286429324569
30
0
10
-85.098597193414463
20
-90.637786210852752
30
0
10
-85.098638564592974
20
-90.695903556004225
30
0
0
SPLINE
5
464
100
AcDbEntity
8
0
100
AcDbSpline
70
0
71
2
72
6
73
3
74
0
42
0.000000001
43
0.0000000001
44
0.0000000001
40
0
40
0
40
0
40
1
40
1
40
1
10
-85.098638564592974
20
-90.695903556004225
30
0
10
-85.098699164582797
20
-90.781033123277396
30
0
10
-85.036937293714942
20
-90.835920230456338
30
0
0
SPLINE
5
465
100
AcDbEntity
8
0
100
AcDbSpline
70
0
71
2
72
6
73
3
74
0
42
0.000000001
43
0.0000000001
44
0.0000000001
40
0
40
0
40
0
40
1
40
1
40
1
10
-85.036937293714942
20
-90.835920230456338
30
0
10
-84.975175571805636
20
-90.890807263023433
30
0
10
-84.841751353339589
20
-90.890902241848551
30
0
0
LINE
5
466
100
AcDbEntity
8
0
100
AcDbLine
10
-84.841751353339589
20
-90.890902241848551
30
0
11
-84.461942438797664
21
-90.891172611087981
31
0
0
LINE
5
467
100
AcDbEntity
8
0
100
AcDbLine
10
-84.461942438797678
20
-90.891172611087981
30
0
11
-84.46165983305039
21
-90.494174112503615
31
0
0
LINE
5
468
100
AcDbEntity
8
0
100
AcDbLine
10
-86.087029487444966
20
-90.102566775120749
30
0
11
-86.239267022328008
21
-90.083631676055361
31
0
0
SPLINE
5
469
100
AcDbEntity
8
0
100
AcDbSpline
70
0
71
2
72
6
73
3
74
0
42
0.000000001
43
0.0000000001
44
0.0000000001
40
0
40
0
40
0
40
1
40
1
40
1
10
-86.239267022327994
20
-90.083631676055361
30
0
10
-86.203155647999594
20
-89.95023309607511
30
0
10
-86.105695382727774
20
-89.876632604253857
30
0
0
SPLINE
5
470
100
AcDbEntity
8
0
100
AcDbSpline
70
0
71
2
72
6
73
3
74
0
42
0.000000001
43
0.0000000001
44
0.0000000001
40
0
40
0
40
0
40
1
40
1
40
1
10
-86.105695382727774
20
-89.876632604253857
30
0
10
-86.008235117455939
20
-89.803032112432589
30
0
10
-85.856802701238252
20
-89.803139910500605
30
0
0
SPLINE
5
471
100
AcDbEntity
8
0
100
AcDbSpline
70
0
71
2
72
6
73
3
74
0
42
0.000000001
43
0.0000000001
44
0.0000000001
40
0
40
0
40
0
40
1
40
1
40
1
10
-85.856802701238252
20
-89.803139910500605
30
0
10
-85.666079658197731
20
-89.803275677835472
30
0
10
-85.554430670892714
20
-89.920817612017913
30
0
0
SPLINE
5
472
100
AcDbEntity
8
0
100
AcDbSpline
70
0
71
2
72
6
73
3
74
0
42
0.000000001
43
0.0000000001
44
0.0000000001
40
0
40
0
40
0
40
1
40
1
40
1
10
-85.554430670892714
20
-89.920817612017913
30
0
10
-85.442781683587711
20
-90.038359546200368
30
0
10
-85.442932600946548
20
-90.250365018312067
30
0
0
SPLINE
5
473
100
AcDbEntity
8
0
100
AcDbSpline
70
0
71
2
72
6
73
3
74
0
42
0.000000001
43
0.0000000001
44
0.0000000001
40
0
40
0
40
0
40
1
40
1
40
1
10
-85.442932600946548
20
-90.250365018312067
30
0
10
-85.443088762483285
20
-90.469737399134047
30
0
10
-85.556135459889276
20
-90.590802875828757
30
0
0
SPLINE
5
474
100
AcDbEntity
8
0
100
AcDbSpline
70
0
71
2
72
6
73
3
74
0
42
0.000000001
43
0.0000000001
44
0.0000000001
40
0
40
0
40
0
40
1
40
1
40
1
10
-85.556135459889276
20
-90.590802875828757
30
0
10
-85.669182008336719
20
-90.711868427135329
30
0
10
-85.849263836841658
20
-90.711740234812453
30
0
0
SPLINE
5
475
100
AcDbEntity
8
0
100
AcDbSpline
70
0
71
2
72
6
73
3
74
0
42
0.000000001
43
0.0000000001
44
0.0000000001
40
0
40
0
40
0
40
1
40
1
40
1
10
-85.849263836841658
20
-90.711740234812453
30
0
10
-86.023615872296077
20
-90.71161612127689
30
0
10
-86.134035981162086
20
-90.59284720588542
30
0
0
SPLINE
5
476
100
AcDbEntity
8
0
100
AcDbSpline
70
0
71
2
72
6
73
3
74
0
42
0.000000001
43
0.0000000001
44
0.0000000001
40
0
40
0
40
0
40
1
40
1
40
1
10
-86.134035981162086
20
-90.59284720588542
30
0
10
-86.244456387998198
20
-90.47407821577599
30
0
10
-86.244303139911324
20
-90.258798586850531
30
0
0
SPLINE
5
477
100
AcDbEntity
8
0
100
AcDbSpline
70
0
71
2
72
6
73
3
74
0
42
0.000000001
43
0.0000000001
44
0.0000000001
40
0
40
0
40
0
40
1
40
1
40
1
10
-86.244303139911324
20
-90.258798586850531
30
0
10
-86.244293816893077
20
-90.245701810583967
30
0
10
-86.243456501161958
20
-90.219508691814113
30
0
0
LINE
5
478
100
AcDbEntity
8
0
100
AcDbLine
10
-86.243456501161958
20
-90.219508691814113
30
0
11
-85.595161978148852
21
-90.219970184134098
31
0
0
SPLINE
5
479
100
AcDbEntity
8
0
100
AcDbSpline
70
0
71
2
72
6
73
3
74
0
42
0.000000001
43
0.0000000001
44
0.0000000001
40
0
40
0
40
0
40
1
40
1
40
1
10
-85.595161978148852
20
-90.219970184134084
30
0
10
-85.603245510773547
20
-90.076717444809788
30
0
10
-85.676042631935729
20
-90.000540042266337
30
0
0
SPLINE
5
480
100
AcDbEntity
8
0
100
AcDbSpline
70
0
71
2
72
6
73
3
74
0
42
0.000000001
43
0.0000000001
44
0.0000000001
40
0
40
0
40
0
40
1
40
1
40
1
10
-85.676042631935729
20
-90.000540042266337
30
0
10
-85.748839753203967
20
-89.924362788734442
30
0
10
-85.857707460290868
20
-89.92428529060831
30
0
0
SPLINE
5
481
100
AcDbEntity
8
0
100
AcDbSpline
70
0
71
2
72
6
73
3
74
0
42
0.000000001
43
0.0000000001
44
0.0000000001
40
0
40
0
40
0
40
1
40
1
40
1
10
-85.857707460290868
20
-89.92428529060831
30
0
10
-85.938744275667517
20
-89.924227604068321
30
0
10
-85.996073251172305
20
-89.966751524795413
30
0
0
SPLINE
5
482
100
AcDbEntity
8
0
100
AcDbSpline
70
0
71
2
72
6
73
3
74
0
42
0.000000001
43
0.0000000001
44
0.0000000001
40
0
40
0
40
0
40
1
40
1
40
1
10
-85.996073251172305
20
-89.966751524795413
30
0
10
-86.053402375794718
20
-90.009275594428004
30
0
10
-86.087029487444966
20
-90.102566775120749
30
0
0
LINE
5
483
100
AcDbEntity
8
0
100
AcDbLine
10
-85.603433720417513
20
-90.341110320010898
30
0
11
-86.088836241111935
21
-90.340764783333583
31
0
0
SPLINE
5
484
100
AcDbEntity
8
0
100
AcDbSpline
70
0
71
2
72
6
73
3
74
0
42
0.000000001
43
0.0000000001
44
0.0000000001
40
0
40
0
40
0
40
1
40
1
40
1
10
-86.088836241111935
20
-90.340764783333583
30
0
10
-86.079091478830563
20
-90.4504578544352
30
0
10
-86.033291578777664
20
-90.505333598990092
30
0
0
SPLINE
5
485
100
AcDbEntity
8
0
100
AcDbSpline
70
0
71
2
72
6
73
3
74
0
42
0.000000001
43
0.0000000001
44
0.0000000001
40
0
40
0
40
0
40
1
40
1
40
1
10
-86.033291578777664
20
-90.505333598990092
30
0
10
-85.962956577926448
20
-90.590513277791274
30
0
10
-85.850814788531579
20
-90.590593106592394
30
0
0
SPLINE
5
486
100
AcDbEntity
8
0
100
AcDbSpline
70
0
71
2
72
6
73
3
74
0
42
0.000000001
43
0.0000000001
44
0.0000000001
40
0
40
0
40
0
40
1
40
1
40
1
10
-85.850814788531579
20
-90.590593106592394
30
0
10
-85.749314064660766
20
-90.59066536048762
30
0
10
-85.68009795577531
20
-90.522774707860961
30
0
0
SPLINE
5
487
100
AcDbEntity
8
0
100
AcDbSpline
70
0
71
2
72
6
73
3
74
0
42
0.000000001
43
0.0000000001
44
0.0000000001
40
0
40
0
40
0
40
1
40
1
40
1
10
-85.68009795577531
20
-90.522774707860961
30
0
10
-85.610881846836818
20
-90.454883980728511
30
0
10
-85.603433720417513
20
-90.341110320010898
30
0
0
SPLINE
5
488
100
AcDbEntity
8
0
100
AcDbSpline
70
0
71
2
72
6
73
3
74
0
42
0.000000001
43
0.0000000001
44
0.0000000001
40
0
40
0
40
0
40
1
40
1
40
1
10
-86.991408433774154
20
-89.929208054767599
30
0
10
-86.909503568961256
20
-89.859689243712296
30
0
10
-86.833766817585968
20
-89.831093730565129
30
0
0
SPLINE
5
489
100
AcDbEntity
8
0
100
AcDbSpline
70
0
71
2
72
6
73
3
74
0
42
0.000000001
43
0.0000000001
44
0.0000000001
40
0
40
0
40
0
40
1
40
1
40
1
10
-86.833766817585968
20
-89.831093730565129
30
0
10
-86.758030364339888
20
-89.802498366217392
30
0
10
-86.671263606901178
20
-89.802560131650779
30
0
0
SPLINE
5
490
100
AcDbEntity
8
0
100
AcDbSpline
70
0
71
2
72
6
73
3
74
0
42
0.000000001
43
0.0000000001
44
0.0000000001
40
0
40
0
40
0
40
1
40
1
40
1
10
-86.671263606901178
20
-89.802560131650779
30
0
10
-86.528016694476534
20
-89.802662102819141
30
0
10
-86.45112245113701
20
-89.872703141956066
30
0
0
SPLINE
5
491
100
AcDbEntity
8
0
100
AcDbSpline
70
0
71
2
72
6
73
3
74
0
42
0.000000001
43
0.0000000001
44
0.0000000001
40
0
40
0
40
0
40
1
40
1
40
1
10
-86.45112245113701
20
-89.872703141956066
30
0
10
-86.37422820790357
20
-89.942744330104588
30
0
10
-86.374305705923632
20
-90.051611888179906
30
0
0
SPLINE
5
492
100
AcDbEntity
8
0
100
AcDbSpline
70
0
71
2
72
6
73
3
74
0
42
0.000000001
43
0.0000000001
44
0.0000000001
40
0
40
0
40
0
40
1
40
1
40
1
10
-86.374305705923632
20
-90.051611888179906
30
0
10
-86.374351155889457
20
-90.115459026381885
30
0
10
-86.403447337738015
20
-90.168235227740908
30
0
0
SPLINE
5
493
100
AcDbEntity
8
0
100
AcDbSpline
70
0
71
2
72
6
73
3
74
0
42
0.000000001
43
0.0000000001
44
0.0000000001
40
0
40
0
40
0
40
1
40
1
40
1
10
-86.403447337738015
20
-90.168235227740908
30
0
10
-86.432543668385989
20
-90.221011130970709
30
0
10
-86.479633189243557
20
-90.252901269798372
30
0
0
SPLINE
5
494
100
AcDbEntity
8
0
100
AcDbSpline
70
0
71
2
72
6
73
3
74
0
42
0.000000001
43
0.0000000001
44
0.0000000001
40
0
40
0
40
0
40
1
40
1
40
1
10
-86.479633189243557
20
-90.252901269798372
30
0
10
-86.526722710101126
20
-90.28479140862602
30
0
10
-86.585670229628903
20
-90.30112046236485
30
0
0
SPLINE
5
495
100
AcDbEntity
8
0
100
AcDbSpline
70
0
71
2
72
6
73
3
74
0
42
0.000000001
43
0.0000000001
44
0.0000000001
40
0
40
0
40
0
40
1
40
1
40
1
10
-86.585670229628903
20
-90.30112046236485
30
0
10
-86.629061766029011
20
-90.31254931476073
30
0
10
-86.716654470045128
20
-90.323128181300248
30
0
0
SPLINE
5
496
100
AcDbEntity
8
0
100
AcDbSpline
70
0
71
2
72
6
73
3
74
0
42
0.000000001
43
0.0000000001
44
0.0000000001
40
0
40
0
40
0
40
1
40
1
40
1
10
-86.716654470045128
20
-90.323128181300248
30
0
10
-86.895114556431622
20
-90.344283583279974
30
0
10
-86.97944658005143
20
-90.373691498823121
30
0
0
SPLINE
5
497
100
AcDbEntity
8
0
100
AcDbSpline
70
0
71
2
72
6
73
3
74
0
42
0.000000001
43
0.0000000001
44
0.0000000001
40
0
40
0
40
0
40
1
40
1
40
1
10
-86.97944658005143
20
-90.373691498823121
30
0
10
-86.980286511209229
20
-90.403977369701664
30
0
10
-86.980292338108882
20
-90.412162873494708
30
0
0
SPLINE
5
498
100
AcDbEntity
8
0
100
AcDbSpline
70
0
71
2
72
6
73
3
74
0
42
0.000000001
43
0.0000000001
44
0.0000000001
40
0
40
0
40
0
40
1
40
1
40
1
10
-86.980292338108882
20
-90.412162873494708
30
0
10
-86.980356434270334
20
-90.502203787747177
30
0
10
-86.938636466871074
20
-90.539068421100595
30
0
0
SPLINE
5
499
100
AcDbEntity
8
0
100
AcDbSpline
70
0
71
2
72
6
73
3
74
0
42
0.000000001
43
0.0000000001
44
0.0000000001
40
0
40
0
40
0
40
1
40
1
40
1
10
-86.938636466871074
20
-90.539068421100595
30
0
10
-86.882191856110964
20
-90.58904039368818
30
0
10
-86.770868587293108
20
-90.589119639820552
30
0
0
SPLINE
5
500
100
AcDbEntity
8
0
100
AcDbSpline
70
0
71
2
72
6
73
3
74
0
42
0.000000001
43
0.0000000001
44
0.0000000001
40
0
40
0
40
0
40
1
40
1
40
1
10
-86.770868587293108
20
-90.589119639820552
30
0
10
-86.666912152679743
20
-90.589193641828118
30
0
10
-86.617363716295429
20
-90.552803238927751
30
0
0
SPLINE
5
501
100
AcDbEntity
8
0
100
AcDbSpline
70
0
71
2
72
6
73
3
74
0
42
0.000000001
43
0.0000000001
44
0.0000000001
40
0
40
0
40
0
40
1
40
1
40
1
10
-86.617363716295429
20
-90.552803238927751
30
0
10
-86.567815279911116
20
-90.516412836027413
30
0
10
-86.544011444941248
20
-90.423933258074214
30
0
0
LINE
5
502
100
AcDbEntity
8
0
100
AcDbLine
10
-86.544011444941248
20
-90.423933258074214
30
0
11
-86.399959996573045
21
-90.443681125322712
31
0
0
SPLINE
5
503
100
AcDbEntity
8
0
100
AcDbSpline
70
0
71
2
72
6
73
3
74
0
42
0.000000001
43
0.0000000001
44
0.0000000001
40
0
40
0
40
0
40
1
40
1
40
1
10
-86.399959996573074
20
-90.443681125322712
30
0
10
-86.419671079646392
20
-90.536163616725759
30
0
10
-86.464731996642087
20
-90.593021058451754
30
0
0
SPLINE
5
504
100
AcDbEntity
8
0
100
AcDbSpline
70
0
71
2
72
6
73
3
74
0
42
0.000000001
43
0.0000000001
44
0.0000000001
40
0
40
0
40
0
40
1
40
1
40
1
10
-86.464731996642087
20
-90.593021058451754
30
0
10
-86.509793062649351
20
-90.649878500071679
30
0
10
-86.594944480902313
20
-90.680513688317347
30
0
0
SPLINE
5
505
100
AcDbEntity
8
0
100
AcDbSpline
70
0
71
2
72
6
73
3
74
0
42
0.000000001
43
0.0000000001
44
0.0000000001
40
0
40
0
40
0
40
1
40
1
40
1
10
-86.594944480902313
20
-90.680513688317347
30
0
10
-86.680095899102241
20
-90.711148802057252
30
0
10
-86.792237837508679
20
-90.711068973150034
30
0
0
SPLINE
5
506
100
AcDbEntity
8
0
100
AcDbSpline
70
0
71
2
72
6
73
3
74
0
42
0.000000001
43
0.0000000001
44
0.0000000001
40
0
40
0
40
0
40
1
40
1
40
1
10
-86.792237837508679
20
-90.711068973150034
30
0
10
-86.903561106326521
20
-90.710989727017648
30
0
10
-86.973119540448039
20
-90.684746496613698
30
0
0
SPLINE
5
507
100
AcDbEntity
8
0
100
AcDbSpline
70
0
71
2
72
6
73
3
74
0
42
0.000000001
43
0.0000000001
44
0.0000000001
40
0
40
0
40
0
40
1
40
1
40
1
10
-86.973119540448039
20
-90.684746496613698
30
0
10
-87.042677974569528
20
-90.658503266209735
30
0
10
-87.075391729140463
20
-90.618780071499771
30
0
0
SPLINE
5
508
100
AcDbEntity
8
0
100
AcDbSpline
70
0
71
2
72
6
73
3
74
0
42
0.000000001
43
0.0000000001
44
0.0000000001
40
0
40
0
40
0
40
1
40
1
40
1
10
-87.075391729140463
20
-90.618780071499771
30
0
10
-87.108105483764447
20
-90.579056951295598
30
0
10
-87.121159289804794
20
-90.518474646783034
30
0
0
SPLINE
5
509
100
AcDbEntity
8
0
100
AcDbSpline
70
0
71
2
72
6
73
3
74
0
42
0.000000001
43
0.0000000001
44
0.0000000001
40
0
40
0
40
0
40
1
40
1
40
1
10
-87.121159289804794
20
-90.518474646783034
30
0
10
-87.128499618156084
20
-90.480815891283001
30
0
10
-87.128429695094979
20
-90.382589473237473
30
0
0
LINE
5
510
100
AcDbEntity
8
0
100
AcDbLine
10
-87.128429695094979
20
-90.382589473237473
30
0
11
-87.128289848972784
21
-90.186136637146447
31
0
0
SPLINE
5
511
100
AcDbEntity
8
0
100
AcDbSpline
70
0
71
2
72
6
73
3
74
0
42
0.000000001
43
0.0000000001
44
0.0000000001
40
0
40
0
40
0
40
1
40
1
40
1
10
-87.12828984897277
20
-90.186136637146461
30
0
10
-87.128143593176077
20
-89.980679627673808
30
0
10
-87.137518203330373
20
-89.926239147680334
30
0
0
SPLINE
5
512
100
AcDbEntity
8
0
100
AcDbSpline
70
0
71
2
72
6
73
3
74
0
42
0.000000001
43
0.0000000001
44
0.0000000001
40
0
40
0
40
0
40
1
40
1
40
1
10
-87.137518203330373
20
-89.926239147680334
30
0
10
-87.146892813484669
20
-89.871798667686846
30
0
10
-87.174688160916048
20
-89.821847014742303
30
0
0
LINE
5
513
100
AcDbEntity
8
0
100
AcDbLine
10
-87.174688160916048
20
-89.821847014742303
30
0
11
-87.020800033955823
21
-89.821956560922644
31
0
0
SPLINE
5
514
100
AcDbEntity
8
0
100
AcDbSpline
70
0
71
2
72
6
73
3
74
0
42
0.000000001
43
0.0000000001
44
0.0000000001
40
0
40
0
40
0
40
1
40
1
40
1
10
-87.020800033955823
20
-89.821956560922615
30
0
10
-86.997913194453616
20
-89.867811816734431
30
0
10
-86.991408433774154
20
-89.929208054767599
30
0
0
SPLINE
5
515
100
AcDbEntity
8
0
100
AcDbSpline
70
0
71
2
72
6
73
3
74
0
42
0.000000001
43
0.0000000001
44
0.0000000001
40
0
40
0
40
0
40
1
40
1
40
1
10
-86.97936442036314
20
-90.25827532909716
30
0
10
-86.899122817964866
20
-90.225590417796212
30
0
10
-86.738669913004074
20
-90.202785155313535
30
0
0
SPLINE
5
516
100
AcDbEntity
8
0
100
AcDbSpline
70
0
71
2
72
6
73
3
74
0
42
0.000000001
43
0.0000000001
44
0.0000000001
40
0
40
0
40
0
40
1
40
1
40
1
10
-86.738669913004074
20
-90.202785155313535
30
0
10
-86.647801080544525
20
-90.189752908918649
30
0
10
-86.610135990087912
20
-90.173408705155836
30
0
0
SPLINE
5
517
100
AcDbEntity
8
0
100
AcDbSpline
70
0
71
2
72
6
73
3
74
0
42
0.000000001
43
0.0000000001
44
0.0000000001
40
0
40
0
40
0
40
1
40
1
40
1
10
-86.610135990087912
20
-90.173408705155836
30
0
10
-86.572470899525257
20
-90.157064352381454
30
0
10
-86.551984557382511
20
-90.125564610924187
30
0
0
SPLINE
5
518
100
AcDbEntity
8
0
100
AcDbSpline
70
0
71
2
72
6
73
3
74
0
42
0.000000001
43
0.0000000001
44
0.0000000001
40
0
40
0
40
0
40
1
40
1
40
1
10
-86.551984557382511
20
-90.125564610924187
30
0
10
-86.53149836425132
20
-90.094064869360849
30
0
10
-86.531470977653214
20
-90.055592763115015
30
0
0
SPLINE
5
519
100
AcDbEntity
8
0
100
AcDbSpline
70
0
71
2
72
6
73
3
74
0
42
0.000000001
43
0.0000000001
44
0.0000000001
40
0
40
0
40
0
40
1
40
1
40
1
10
-86.531470977653214
20
-90.055592763115015
30
0
10
-86.531429023805941
20
-89.996656897386544
30
0
10
-86.576012139724199
20
-89.957334662908494
30
0
0
SPLINE
5
520
100
AcDbEntity
8
0
100
AcDbSpline
70
0
71
2
72
6
73
3
74
0
42
0.000000001
43
0.0000000001
44
0.0000000001
40
0
40
0
40
0
40
1
40
1
40
1
10
-86.576012139724199
20
-89.957334662908494
30
0
10
-86.62059540454797
20
-89.918012279312791
30
0
10
-86.706543492398112
20
-89.917951096654207
30
0
0
SPLINE
5
521
100
AcDbEntity
8
0
100
AcDbSpline
70
0
71
2
72
6
73
3
74
0
42
0.000000001
43
0.0000000001
44
0.0000000001
40
0
40
0
40
0
40
1
40
1
40
1
10
-86.706543492398112
20
-89.917951096654207
30
0
10
-86.791673208682852
20
-89.9178904965583
30
0
10
-86.858002421157764
20
-89.955087549460785
30
0
0
SPLINE
5
522
100
AcDbEntity
8
0
100
AcDbSpline
70
0
71
2
72
6
73
3
74
0
42
0.000000001
43
0.0000000001
44
0.0000000001
40
0
40
0
40
0
40
1
40
1
40
1
10
-86.858002421157764
20
-89.955087549460785
30
0
10
-86.924331931549744
20
-89.992284453139519
30
0
10
-86.95548293830862
20
-90.056928118668935
30
0
0
SPLINE
5
523
100
AcDbEntity
8
0
100
AcDbSpline
70
0
71
2
72
6
73
3
74
0
42
0.000000001
43
0.0000000001
44
0.0000000001
40
0
40
0
40
0
40
1
40
1
40
1
10
-86.95548293830862
20
-90.056928118668935
30
0
10
-86.979256622295139
20
-90.106842912879472
30
0
10
-86.979325962740518
20
-90.204250884853792
30
0
0
LINE
5
524
100
AcDbEntity
8
0
100
AcDbLine
10
-86.979325962740518
20
-90.204250884853792
30
0
11
-86.97936442036314
21
-90.25827532909716
31
0
0
LINE
5
525
100
AcDbEntity
8
0
100
AcDbLine
10
-87.920390655903475
20
-89.821316181976925
30
0
11
-87.920468736698353
21
-89.931002409640811
31
0
0
SPLINE
5
526
100
AcDbEntity
8
0
100
AcDbSpline
70
0
71
2
72
6
73
3
74
0
42
0.000000001
43
0.0000000001
44
0.0000000001
40
0
40
0
40
0
40
1
40
1
40
1
10
-87.920468736698353
20
-89.931002409640811
30
0
10
-87.837702665780881
20
-89.801729795054854
30
0
10
-87.677266076181581
20
-89.801844002797367
30
0
0
SPLINE
5
527
100
AcDbEntity
8
0
100
AcDbSpline
70
0
71
2
72
6
73
3
74
0
42
0.000000001
43
0.0000000001
44
0.0000000001
40
0
40
0
40
0
40
1
40
1
40
1
10
-87.677266076181581
20
-89.801844002797367
30
0
10
-87.573309939591368
20
-89.80191800459275
30
0
10
-87.486174784773638
20
-89.859278736870408
30
0
0
SPLINE
5
528
100
AcDbEntity
8
0
100
AcDbSpline
70
0
71
2
72
6
73
3
74
0
42
0.000000001
43
0.0000000001
44
0.0000000001
40
0
40
0
40
0
40
1
40
1
40
1
10
-87.486174784773638
20
-89.859278736870408
30
0
10
-87.399039332038825
20
-89.916639618371789
30
0
10
-87.351227292497114
20
-90.019402135944105
30
0
0
SPLINE
5
529
100
AcDbEntity
8
0
100
AcDbSpline
70
0
71
2
72
6
73
3
74
0
42
0.000000001
43
0.0000000001
44
0.0000000001
40
0
40
0
40
0
40
1
40
1
40
1
10
-87.351227292497114
20
-90.019402135944105
30
0
10
-87.303414954932265
20
-90.122164653728589
30
0
10
-87.303509933863452
20
-90.255589021206205
30
0
0
SPLINE
5
530
100
AcDbEntity
8
0
100
AcDbSpline
70
0
71
2
72
6
73
3
74
0
42
0.000000001
43
0.0000000001
44
0.0000000001
40
0
40
0
40
0
40
1
40
1
40
1
10
-87.303509933863452
20
-90.255589021206205
30
0
10
-87.303602581907484
20
-90.385739008352715
30
0
10
-87.347061270241653
20
-90.491710787292149
30
0
0
SPLINE
5
531
100
AcDbEntity
8
0
100
AcDbSpline
70
0
71
2
72
6
73
3
74
0
42
0.000000001
43
0.0000000001
44
0.0000000001
40
0
40
0
40
0
40
1
40
1
40
1
10
-87.347061270241653
20
-90.491710787292149
30
0
10
-87.39052025665201
20
-90.597682640525221
30
0
10
-87.477327219878703
20
-90.654101104583518
30
0
0
SPLINE
5
532
100
AcDbEntity
8
0
100
AcDbSpline
70
0
71
2
72
6
73
3
74
0
42
0.000000001
43
0.0000000001
44
0.0000000001
40
0
40
0
40
0
40
1
40
1
40
1
10
-87.477327219878703
20
-90.654101104583518
30
0
10
-87.564133885029207
20
-90.710519494348176
30
0
10
-87.671364401950541
20
-90.710443161665637
30
0
0
SPLINE
5
533
100
AcDbEntity
8
0
100
AcDbSpline
70
0
71
2
72
6
73
3
74
0
42
0.000000001
43
0.0000000001
44
0.0000000001
40
0
40
0
40
0
40
1
40
1
40
1
10
-87.671364401950541
20
-90.710443161665637
30
0
10
-87.749945655596221
20
-90.710387223131889
30
0
10
-87.811313633028135
20
-90.677192096700026
30
0
0
SPLINE
5
534
100
AcDbEntity
8
0
100
AcDbSpline
70
0
71
2
72
6
73
3
74
0
42
0.000000001
43
0.0000000001
44
0.0000000001
40
0
40
0
40
0
40
1
40
1
40
1
10
-87.811313633028135
20
-90.677192096700026
30
0
10
-87.872681610460063
20
-90.643996970268162
30
0
10
-87.911115543675862
20
-90.590763585710022
30
0
0
LINE
5
535
100
AcDbEntity
8
0
100
AcDbLine
10
-87.911115543675862
20
-90.590763585710022
30
0
11
-87.911422039849626
21
-91.02132284356091
31
0
0
LINE
5
536
100
AcDbEntity
8
0
100
AcDbLine
10
-87.911422039849626
20
-91.02132284356091
30
0
11
-88.057943332605376
21
-91.021218541505405
31
0
0
LINE
5
537
100
AcDbEntity
8
0
100
AcDbLine
10
-88.057943332605376
20
-91.021218541505419
30
0
11
-88.057089105689045
21
-89.821218872370736
31
0
0
LINE
5
538
100
AcDbEntity
8
0
100
AcDbLine
10
-88.057089105689045
20
-89.821218872370736
30
0
11
-87.920390655903475
21
-89.821316181976925
31
0
0
SPLINE
5
539
100
AcDbEntity
8
0
100
AcDbSpline
70
0
71
2
72
6
73
3
74
0
42
0.000000001
43
0.0000000001
44
0.0000000001
40
0
40
0
40
0
40
1
40
1
40
1
10
-87.454942350081126
20
-90.255481223138204
30
0
10
-87.454823480776469
20
-90.088496170899816
30
0
10
-87.525160378751607
20
-90.00577220273513
30
0
0
SPLINE
5
540
100
AcDbEntity
8
0
100
AcDbSpline
70
0
71
2
72
6
73
3
74
0
42
0.000000001
43
0.0000000001
44
0.0000000001
40
0
40
0
40
0
40
1
40
1
40
1
10
-87.525160378751607
20
-90.00577220273513
30
0
10
-87.595496978703579
20
-89.92304823478257
30
0
10
-87.691267909523916
20
-89.922980059674686
30
0
0
SPLINE
5
541
100
AcDbEntity
8
0
100
AcDbSpline
70
0
71
2
72
6
73
3
74
0
42
0.000000001
43
0.0000000001
44
0.0000000001
40
0
40
0
40
0
40
1
40
1
40
1
10
-87.691267909523916
20
-89.922980059674686
30
0
10
-87.787857211909653
20
-89.922911302004124
30
0
10
-87.855443996922872
20
-90.001853520392658
30
0
0
SPLINE
5
542
100
AcDbEntity
8
0
100
AcDbSpline
70
0
71
2
72
6
73
3
74
0
42
0.000000001
43
0.0000000001
44
0.0000000001
40
0
40
0
40
0
40
1
40
1
40
1
10
-87.855443996922872
20
-90.001853520392658
30
0
10
-87.923031080065329
20
-90.080795887580621
30
0
10
-87.923146453145321
20
-90.24286951833389
30
0
0
SPLINE
5
543
100
AcDbEntity
8
0
100
AcDbSpline
70
0
71
2
72
6
73
3
74
0
42
0.000000001
43
0.0000000001
44
0.0000000001
40
0
40
0
40
0
40
1
40
1
40
1
10
-87.923146453145321
20
-90.24286951833389
30
0
10
-87.923273480130717
20
-90.421314305684831
30
0
10
-87.854574206031359
20
-90.504855703594814
30
0
0
SPLINE
5
544
100
AcDbEntity
8
0
100
AcDbSpline
70
0
71
2
72
6
73
3
74
0
42
0.000000001
43
0.0000000001
44
0.0000000001
40
0
40
0
40
0
40
1
40
1
40
1
10
-87.854574206031359
20
-90.504855703594814
30
0
10
-87.785875229955153
20
-90.588397101292642
30
0
10
-87.685193175672879
20
-90.588468772413052
30
0
0
SPLINE
5
545
100
AcDbEntity
8
0
100
AcDbSpline
70
0
71
2
72
6
73
3
74
0
42
0.000000001
43
0.0000000001
44
0.0000000001
40
0
40
0
40
0
40
1
40
1
40
1
10
-87.685193175672879
20
-90.588468772413052
30
0
10
-87.586966534110005
20
-90.588538695633247
30
0
10
-87.521015916088515
20
-90.508367307524367
30
0
0
SPLINE
5
546
100
AcDbEntity
8
0
100
AcDbSpline
70
0
71
2
72
6
73
3
74
0
42
0.000000001
43
0.0000000001
44
0.0000000001
40
0
40
0
40
0
40
1
40
1
40
1
10
-87.521015916088515
20
-90.508367307524367
30
0
10
-87.45506529817311
20
-90.428196068427056
30
0
10
-87.454942350081126
20
-90.255481223138204
30
0
0
LINE
5
547
100
AcDbEntity
8
0
100
AcDbLine
10
-88.281952734872192
20
-89.486270156163641
30
0
11
-88.265680202335858
21
-89.624617449914084
31
0
0
SPLINE
5
548
100
AcDbEntity
8
0
100
AcDbSpline
70
0
71
2
72
6
73
3
74
0
42
0.000000001
43
0.0000000001
44
0.0000000001
40
0
40
0
40
0
40
1
40
1
40
1
10
-88.265680202335858
20
-89.624617449914084
30
0
10
-88.313965530404417
20
-89.611486145800669
30
0
10
-88.349981925907727
20
-89.611460507314874
30
0
0
SPLINE
5
549
100
AcDbEntity
8
0
100
AcDbSpline
70
0
71
2
72
6
73
3
74
0
42
0.000000001
43
0.0000000001
44
0.0000000001
40
0
40
0
40
0
40
1
40
1
40
1
10
-88.349981925907727
20
-89.611460507314874
30
0
10
-88.399095246689143
20
-89.611425545704776
30
0
10
-88.428574833458782
20
-89.627775725378797
30
0
0
SPLINE
5
550
100
AcDbEntity
8
0
100
AcDbSpline
70
0
71
2
72
6
73
3
74
0
42
0.000000001
43
0.0000000001
44
0.0000000001
40
0
40
0
40
0
40
1
40
1
40
1
10
-88.428574833458782
20
-89.627775725378797
30
0
10
-88.458054420122338
20
-89.644125756041262
30
0
10
-88.476902115374614
20
-89.673580286993854
30
0
0
SPLINE
5
551
100
AcDbEntity
8
0
100
AcDbSpline
70
0
71
2
72
6
73
3
74
0
42
0.000000001
43
0.0000000001
44
0.0000000001
40
0
40
0
40
0
40
1
40
1
40
1
10
-88.476902115374614
20
-89.673580286993854
30
0
10
-88.490833144910894
20
-89.695671330955022
30
0
10
-88.522000467031248
20
-89.783234466709587
30
0
0
SPLINE
5
552
100
AcDbEntity
8
0
100
AcDbSpline
70
0
71
2
72
6
73
3
74
0
42
0.000000001
43
0.0000000001
44
0.0000000001
40
0
40
0
40
0
40
1
40
1
40
1
10
-88.522000467031248
20
-89.783234466709587
30
0
10
-88.526102257300408
20
-89.795509808737194
30
0
10
-88.535123030689107
20
-89.819241390077011
30
0
0
LINE
5
553
100
AcDbEntity
8
0
100
AcDbLine
10
-88.535123030689107
20
-89.819241390077011
30
0
11
-88.205865960822848
21
-90.690417424684725
31
0
0
LINE
5
554
100
AcDbEntity
8
0
100
AcDbLine
10
-88.205865960822848
20
-90.690417424684725
30
0
11
-88.364665509268164
21
-90.690304382279749
31
0
0
LINE
5
555
100
AcDbEntity
8
0
100
AcDbLine
10
-88.364665509268164
20
-90.690304382279749
30
0
11
-88.545207502535973
21
-90.186765037853604
31
0
0
SPLINE
5
556
100
AcDbEntity
8
0
100
AcDbSpline
70
0
71
2
72
6
73
3
74
0
42
0.000000001
43
0.0000000001
44
0.0000000001
40
0
40
0
40
0
40
1
40
1
40
1
10
-88.545207502535973
20
-90.186765037853604
30
0
10
-88.580337053448886
20
-90.090969200333888
30
0
10
-88.608092777920163
20
-89.985356061991979
30
0
0
SPLINE
5
557
100
AcDbEntity
8
0
100
AcDbSpline
70
0
71
2
72
6
73
3
74
0
42
0.000000001
43
0.0000000001
44
0.0000000001
40
0
40
0
40
0
40
1
40
1
40
1
10
-88.608092777920163
20
-89.985356061991979
30
0
10
-88.633540212677019
20
-90.08683857337742
30
0
10
-88.668806696262322
20
-90.183402820052194
30
0
0
LINE
5
558
100
AcDbEntity
8
0
100
AcDbLine
10
-88.668806696262322
20
-90.183402820052194
30
0
11
-88.854978855401384
21
-90.689955349802062
31
0
0
LINE
5
559
100
AcDbEntity
8
0
100
AcDbLine
10
-88.854978855401384
20
-90.689955349802091
30
0
11
-89.002318519722536
21
-90.689850465183909
31
0
0
LINE
5
560
100
AcDbEntity
8
0
100
AcDbLine
10
-89.002318519722536
20
-90.689850465183909
30
0
11
-88.670993785891028
21
-89.806047886766933
31
0
0
SPLINE
5
561
100
AcDbEntity
8
0
100
AcDbSpline
70
0
71
2
72
6
73
3
74
0
42
0.000000001
43
0.0000000001
44
0.0000000001
40
0
40
0
40
0
40
1
40
1
40
1
10
-88.670993785891028
20
-89.806047886766933
30
0
10
-88.617685742044728
20
-89.662838849402235
30
0
10
-88.588179351451799
20
-89.60883523307092
30
0
0
SPLINE
5
562
100
AcDbEntity
8
0
100
AcDbSpline
70
0
71
2
72
6
73
3
74
0
42
0.000000001
43
0.0000000001
44
0.0000000001
40
0
40
0
40
0
40
1
40
1
40
1
10
-88.588179351451799
20
-89.60883523307092
30
0
10
-88.548837014106269
20
-89.53601203965971
30
0
10
-88.498062470409991
20
-89.502078147052259
30
0
0
SPLINE
5
563
100
AcDbEntity
8
0
100
AcDbSpline
70
0
71
2
72
6
73
3
74
0
42
0.000000001
43
0.0000000001
44
0.0000000001
40
0
40
0
40
0
40
1
40
1
40
1
10
-88.498062470409991
20
-89.502078147052259
30
0
10
-88.447287926713685
20
-89.468144254444852
30
0
10
-88.376892176861062
20
-89.468194366078933
30
0
0
SPLINE
5
564
100
AcDbEntity
8
0
100
AcDbSpline
70
0
71
2
72
6
73
3
74
0
42
0.000000001
43
0.0000000001
44
0.0000000001
40
0
40
0
40
0
40
1
40
1
40
1
10
-88.376892176861062
20
-89.468194366078933
30
0
10
-88.334327616741859
20
-89.468224665914718
30
0
10
-88.281952734872192
20
-89.486270156163641
30
0
0
LINE
5
565
100
AcDbEntity
8
0
100
AcDbLine
10
-55.945055731383484
20
-8.3473367973899251
30
0
11
-55.8034459027526
21
-8.347370512725707
31
0
0
LINE
5
566
100
AcDbEntity
8
0
100
AcDbLine
10
-55.8034459027526
20
-8.347370512725707
30
0
11
-55.803630849874644
21
-9.1241781472207002
31
0
0
LINE
5
567
100
AcDbEntity
8
0
100
AcDbLine
10
-55.803630849874637
20
-9.1241781472207002
30
0
11
-55.918228375799551
21
-9.1241508631394765
31
0
0
SPLINE
5
568
100
AcDbEntity
8
0
100
AcDbSpline
70
0
71
2
72
6
73
3
74
0
42
0.000000001
43
0.0000000001
44
0.0000000001
40
0
40
0
40
0
40
1
40
1
40
1
10
-55.918228375799551
20
-9.1241508631394765
30
0
10
-56.040165602499314
20
-9.0095242246506295
30
0
10
-56.242321629299312
20
-8.8969250127146431
30
0
0
SPLINE
5
569
100
AcDbEntity
8
0
100
AcDbSpline
70
0
71
2
72
6
73
3
74
0
42
0.000000001
43
0.0000000001
44
0.0000000001
40
0
40
0
40
0
40
1
40
1
40
1
10
-56.242321629299312
20
-8.8969250127146431
30
0
10
-56.444477656072692
20
-8.7843256890199495
30
0
10
-56.658105675442336
20
-8.7228832706391461
30
0
0
SPLINE
5
570
100
AcDbEntity
8
0
100
AcDbSpline
70
0
71
2
72
6
73
3
74
0
42
0.000000001
43
0.0000000001
44
0.0000000001
40
0
40
0
40
0
40
1
40
1
40
1
10
-56.658105675442336
20
-8.7228832706391461
30
0
10
-56.808708932102178
20
-8.6786455023443576
30
0
10
-56.987969357077297
20
-8.6663245265224695
30
0
0
LINE
5
571
100
AcDbEntity
8
0
100
AcDbLine
10
-56.987969357077297
20
-8.6663245265224695
30
0
11
-56.987933303102658
21
-8.5148920389755123
31
0
0
SPLINE
5
572
100
AcDbEntity
8
0
100
AcDbSpline
70
0
71
2
72
6
73
3
74
0
42
0.000000001
43
0.0000000001
44
0.0000000001
40
0
40
0
40
0
40
1
40
1
40
1
10
-56.987933303102658
20
-8.5148920389755123
30
0
10
-56.846324133639499
20
-8.5173814283357991
30
0
10
-56.645791019125141
20
-8.5706351856495022
30
0
0
SPLINE
5
573
100
AcDbEntity
8
0
100
AcDbSpline
70
0
71
2
72
6
73
3
74
0
42
0.000000001
43
0.0000000001
44
0.0000000001
40
0
40
0
40
0
40
1
40
1
40
1
10
-56.645791019125141
20
-8.5706351856495022
30
0
10
-56.445258053622389
20
-8.6238889429277279
30
0
10
-56.25906065954149
20
-8.7233875381256585
30
0
0
SPLINE
5
574
100
AcDbEntity
8
0
100
AcDbSpline
70
0
71
2
72
6
73
3
74
0
42
0.000000001
43
0.0000000001
44
0.0000000001
40
0
40
0
40
0
40
1
40
1
40
1
10
-56.25906065954149
20
-8.7233875381256585
30
0
10
-56.072863339975271
20
-8.8228861705587533
30
0
10
-55.945195659759051
20
-8.9350584619547426
30
0
0
LINE
5
575
100
AcDbEntity
8
0
100
AcDbLine
10
-55.945195659759051
20
-8.9350584619547426
30
0
11
-55.945055731383484
21
-8.3473367973899251
31
0
0
LINE
5
576
100
AcDbEntity
8
0
100
AcDbLine
10
-56.673788350016764
20
-9.2696735644983033
30
0
11
-56.660728255306473
21
-9.4243833650456104
31
0
0
SPLINE
5
577
100
AcDbEntity
8
0
100
AcDbSpline
70
0
71
2
72
6
73
3
74
0
42
0.000000001
43
0.0000000001
44
0.0000000001
40
0
40
0
40
0
40
1
40
1
40
1
10
-56.660728255306466
20
-9.4243833650456104
30
0
10
-56.773692832315888
20
-9.4415460772582609
30
0
10
-56.830597243701455
20
-9.504151904084404
30
0
0
SPLINE
5
578
100
AcDbEntity
8
0
100
AcDbSpline
70
0
71
2
72
6
73
3
74
0
42
0.000000001
43
0.0000000001
44
0.0000000001
40
0
40
0
40
0
40
1
40
1
40
1
10
-56.830597243701455
20
-9.504151904084404
30
0
10
-56.887501655104757
20
-9.5667578054163513
30
0
10
-56.887522702827617
20
-9.6551616239022806
30
0
0
SPLINE
5
579
100
AcDbEntity
8
0
100
AcDbSpline
70
0
71
2
72
6
73
3
74
0
42
0.000000001
43
0.0000000001
44
0.0000000001
40
0
40
0
40
0
40
1
40
1
40
1
10
-56.887522702827617
20
-9.6551616239022806
30
0
10
-56.887548038018039
20
-9.761573495180583
30
0
10
-56.807347264936169
20
-9.8352624427863589
30
0
0
SPLINE
5
580
100
AcDbEntity
8
0
100
AcDbSpline
70
0
71
2
72
6
73
3
74
0
42
0.000000001
43
0.0000000001
44
0.0000000001
40
0
40
0
40
0
40
1
40
1
40
1
10
-56.807347264936169
20
-9.8352624427863589
30
0
10
-56.727146491854292
20
-9.9089513903921329
30
0
10
-56.594540764125398
20
-9.9089829619763954
30
0
0
SPLINE
5
581
100
AcDbEntity
8
0
100
AcDbSpline
70
0
71
2
72
6
73
3
74
0
42
0.000000001
43
0.0000000001
44
0.0000000001
40
0
40
0
40
0
40
1
40
1
40
1
10
-56.594540764125398
20
-9.9089829619763954
30
0
10
-56.468483500509151
20
-9.9090129744621933
30
0
10
-56.395615314890755
20
-9.8382255167960526
30
0
0
SPLINE
5
582
100
AcDbEntity
8
0
100
AcDbSpline
70
0
71
2
72
6
73
3
74
0
42
0.000000001
43
0.0000000001
44
0.0000000001
40
0
40
0
40
0
40
1
40
1
40
1
10
-56.395615314890755
20
-9.8382255167960526
30
0
10
-56.322747203742686
20
-9.7674379101005631
30
0
10
-56.322719919661431
20
-9.6528403841756472
30
0
0
SPLINE
5
583
100
AcDbEntity
8
0
100
AcDbSpline
70
0
71
2
72
6
73
3
74
0
42
0.000000001
43
0.0000000001
44
0.0000000001
40
0
40
0
40
0
40
1
40
1
40
1
10
-56.322719919661431
20
-9.6528403841756472
30
0
10
-56.322702964563184
20
-9.5816262467325171
30
0
10
-56.355022159170062
20
-9.5243197112643667
30
0
0
SPLINE
5
584
100
AcDbEntity
8
0
100
AcDbSpline
70
0
71
2
72
6
73
3
74
0
42
0.000000001
43
0.0000000001
44
0.0000000001
40
0
40
0
40
0
40
1
40
1
40
1
10
-56.355022159170062
20
-9.5243197112643667
30
0
10
-56.387341428300473
20
-9.4670132502842801
30
0
10
-56.438902526960419
20
-9.4342588008943231
30
0
0
LINE
5
585
100
AcDbEntity
8
0
100
AcDbLine
10
-56.438902526960419
20
-9.4342588008943231
30
0
11
-56.420861389369861
21
-9.2959274918228001
31
0
0
LINE
5
586
100
AcDbEntity
8
0
100
AcDbLine
10
-56.420861389369861
20
-9.2959274918228001
30
0
11
-55.80451797061356
21
-9.4123088831827157
31
0
0
LINE
5
587
100
AcDbEntity
8
0
100
AcDbLine
10
-55.80451797061356
20
-9.4123088831827157
30
0
11
-55.804660042760602
21
-10.009034732468551
31
0
0
LINE
5
588
100
AcDbEntity
8
0
100
AcDbLine
10
-55.804660042760602
20
-10.009034732468551
30
0
11
-55.9454513506303
21
-10.009001212011208
31
0
0
LINE
5
589
100
AcDbEntity
8
0
100
AcDbLine
10
-55.9454513506303
20
-10.009001212011208
30
0
11
-55.945337342131474
21
-9.5301471952124182
31
0
0
LINE
5
590
100
AcDbEntity
8
0
100
AcDbLine
10
-55.945337342131474
20
-9.5301471952124164
30
0
11
-56.267832164516456
21
-9.4654045876611903
31
0
0
SPLINE
5
591
100
AcDbEntity
8
0
100
AcDbSpline
70
0
71
2
72
6
73
3
74
0
42
0.000000001
43
0.0000000001
44
0.0000000001
40
0
40
0
40
0
40
1
40
1
40
1
10
-56.267832164516463
20
-9.4654045876611903
30
0
10
-56.192550924732807
20
-9.5734715790171094
30
0
10
-56.192579183277196
20
-9.6921620067711363
30
0
0
SPLINE
5
592
100
AcDbEntity
8
0
100
AcDbSpline
70
0
71
2
72
6
73
3
74
0
42
0.000000001
43
0.0000000001
44
0.0000000001
40
0
40
0
40
0
40
1
40
1
40
1
10
-56.192579183277196
20
-9.6921620067711363
30
0
10
-56.192616601427517
20
-9.8493242514050543
30
0
10
-56.301509983489559
20
-9.9573473933383863
30
0
0
SPLINE
5
593
100
AcDbEntity
8
0
100
AcDbSpline
70
0
71
2
72
6
73
3
74
0
42
0.000000001
43
0.0000000001
44
0.0000000001
40
0
40
0
40
0
40
1
40
1
40
1
10
-56.301509983489559
20
-9.9573473933383863
30
0
10
-56.410403365587065
20
-10.065370684283327
30
0
10
-56.581481059207455
20
-10.065329953057669
30
0
0
SPLINE
5
594
100
AcDbEntity
8
0
100
AcDbSpline
70
0
71
2
72
6
73
3
74
0
42
0.000000001
43
0.0000000001
44
0.0000000001
40
0
40
0
40
0
40
1
40
1
40
1
10
-56.581481059207455
20
-10.065329953057669
30
0
10
-56.744373396204452
20
-10.065291170651879
30
0
10
-56.86304106812554
20
-9.9703106295444037
30
0
0
SPLINE
5
595
100
AcDbEntity
8
0
100
AcDbSpline
70
0
71
2
72
6
73
3
74
0
42
0.000000001
43
0.0000000001
44
0.0000000001
40
0
40
0
40
0
40
1
40
1
40
1
10
-56.86304106812554
20
-9.9703106295444037
30
0
10
-57.008716245120048
20
-9.8548598930771174
30
0
10
-57.008668692865179
20
-9.6551327807225924
30
0
0
SPLINE
5
596
100
AcDbEntity
8
0
100
AcDbSpline
70
0
71
2
72
6
73
3
74
0
42
0.000000001
43
0.0000000001
44
0.0000000001
40
0
40
0
40
0
40
1
40
1
40
1
10
-57.008668692865179
20
-9.6551327807225924
30
0
10
-57.008629715580909
20
-9.4914219229644203
30
0
10
-56.916927011922766
20
-9.3878967016223189
30
0
0
SPLINE
5
597
100
AcDbEntity
8
0
100
AcDbSpline
70
0
71
2
72
6
73
3
74
0
42
0.000000001
43
0.0000000001
44
0.0000000001
40
0
40
0
40
0
40
1
40
1
40
1
10
-56.916927011922766
20
-9.3878967016223189
30
0
10
-56.825224308264623
20
-9.2843714802802175
30
0
10
-56.673788350016764
20
-9.2696735644983033
30
0
0
LINE
5
598
100
AcDbEntity
8
0
100
AcDbLine
10
-56.846727548336517
20
-10.211787986569041
30
0
11
-56.84678991195586
21
-10.473725209970508
31
0
0
SPLINE
5
599
100
AcDbEntity
8
0
100
AcDbSpline
70
0
71
2
72
6
73
3
74
0
42
0.000000001
43
0.0000000001
44
0.0000000001
40
0
40
0
40
0
40
1
40
1
40
1
10
-56.846789911955867
20
-10.473725209970508
30
0
10
-56.638817899532313
20
-10.224934415939988
30
0
10
-56.339227231000528
20
-10.225005744322235
30
0
0
SPLINE
5
600
100
AcDbEntity
8
0
100
AcDbSpline
70
0
71
2
72
6
73
3
74
0
42
0.000000001
43
0.0000000001
44
0.0000000001
40
0
40
0
40
0
40
1
40
1
40
1
10
-56.339227231000528
20
-10.225005744322235
30
0
10
-56.176334968509344
20
-10.22504452671029
30
0
10
-56.047019063714991
20
-10.290559512836982
30
0
0
SPLINE
5
601
100
AcDbEntity
8
0
100
AcDbSpline
70
0
71
2
72
6
73
3
74
0
42
0.000000001
43
0.0000000001
44
0.0000000001
40
0
40
0
40
0
40
1
40
1
40
1
10
-56.047019063714991
20
-10.290559512836982
30
0
10
-55.91770315895613
20
-10.35607464797528
30
0
10
-55.84283390795764
20
-10.47560127958331
30
0
0
SPLINE
5
602
100
AcDbEntity
8
0
100
AcDbSpline
70
0
71
2
72
6
73
3
74
0
42
0.000000001
43
0.0000000001
44
0.0000000001
40
0
40
0
40
0
40
1
40
1
40
1
10
-55.84283390795764
20
-10.47560127958331
30
0
10
-55.767964656994629
20
-10.595128060202949
30
0
10
-55.768004608706569
20
-10.762931670778624
30
0
0
SPLINE
5
603
100
AcDbEntity
8
0
100
AcDbSpline
70
0
71
2
72
6
73
3
74
0
42
0.000000001
43
0.0000000001
44
0.0000000001
40
0
40
0
40
0
40
1
40
1
40
1
10
-55.768004608706569
20
-10.762931670778624
30
0
10
-55.768044170626148
20
-10.929098090820336
30
0
10
-55.836829152825317
20
-11.039995530328
30
0
0
SPLINE
5
604
100
AcDbEntity
8
0
100
AcDbSpline
70
0
71
2
72
6
73
3
74
0
42
0.000000001
43
0.0000000001
44
0.0000000001
40
0
40
0
40
0
40
1
40
1
40
1
10
-55.836829152825317
20
-11.039995530328
30
0
10
-55.905614060589642
20
-11.15089326787662
30
0
10
-56.034144088091722
20
-11.222486292061163
30
0
0
SPLINE
5
605
100
AcDbEntity
8
0
100
AcDbSpline
70
0
71
2
72
6
73
3
74
0
42
0.000000001
43
0.0000000001
44
0.0000000001
40
0
40
0
40
0
40
1
40
1
40
1
10
-56.034144088091722
20
-11.222486292061163
30
0
10
-56.162674115522854
20
-11.294079018222487
30
0
10
-56.33948175249472
20
-11.294036922776804
30
0
0
SPLINE
5
606
100
AcDbEntity
8
0
100
AcDbSpline
70
0
71
2
72
6
73
3
74
0
42
0.000000001
43
0.0000000001
44
0.0000000001
40
0
40
0
40
0
40
1
40
1
40
1
10
-56.33948175249472
20
-11.294036922776804
30
0
10
-56.639072421026498
20
-11.293965594394555
30
0
10
-56.846925942640702
20
-11.045075947084339
30
0
0
LINE
5
607
100
AcDbEntity
8
0
100
AcDbLine
10
-56.846925942640702
20
-11.045075947084339
30
0
11
-56.846988306224574
21
-11.3070130214742
31
0
0
LINE
5
608
100
AcDbEntity
8
0
100
AcDbLine
10
-56.846988306224574
20
-11.307013021474202
30
0
11
-56.988598060349659
21
-11.306979306156158
31
0
0
LINE
5
609
100
AcDbEntity
8
0
100
AcDbLine
10
-56.988598060349659
20
-11.306979306156158
30
0
11
-56.988486975169323
21
-10.840403696821483
31
0
0
LINE
5
610
100
AcDbEntity
8
0
100
AcDbLine
10
-56.988486975169323
20
-10.840403696821483
30
0
11
-56.855881247440429
21
-10.840435268405745
31
0
0
SPLINE
5
611
100
AcDbEntity
8
0
100
AcDbSpline
70
0
71
2
72
6
73
3
74
0
42
0.000000001
43
0.0000000001
44
0.0000000001
40
0
40
0
40
0
40
1
40
1
40
1
10
-56.855881247440429
20
-10.840435268405745
30
0
10
-56.720070667146693
20
-11.131872633424411
30
0
10
-56.363999756413634
20
-11.131957408968834
30
0
0
SPLINE
5
612
100
AcDbEntity
8
0
100
AcDbSpline
70
0
71
2
72
6
73
3
74
0
42
0.000000001
43
0.0000000001
44
0.0000000001
40
0
40
0
40
0
40
1
40
1
40
1
10
-56.363999756413634
20
-11.131957408968834
30
0
10
-56.163454048792126
20
-11.132005156119842
30
0
10
-56.033688834554731
20
-11.029307741258506
30
0
0
SPLINE
5
613
100
AcDbEntity
8
0
100
AcDbSpline
70
0
71
2
72
6
73
3
74
0
42
0.000000001
43
0.0000000001
44
0.0000000001
40
0
40
0
40
0
40
1
40
1
40
1
10
-56.033688834554731
20
-11.029307741258506
30
0
10
-55.903923545740575
20
-10.926610028391694
30
0
10
-55.903884373577874
20
-10.762080649872344
30
0
0
SPLINE
5
614
100
AcDbEntity
8
0
100
AcDbSpline
70
0
71
2
72
6
73
3
74
0
42
0.000000001
43
0.0000000001
44
0.0000000001
40
0
40
0
40
0
40
1
40
1
40
1
10
-55.903884373577874
20
-10.762080649872344
30
0
10
-55.903844032109049
20
-10.59263999777431
30
0
10
-56.034379217544881
20
-10.491108315704263
30
0
0
SPLINE
5
615
100
AcDbEntity
8
0
100
AcDbSpline
70
0
71
2
72
6
73
3
74
0
42
0.000000001
43
0.0000000001
44
0.0000000001
40
0
40
0
40
0
40
1
40
1
40
1
10
-56.034379217544881
20
-10.491108315704263
30
0
10
-56.164914402945236
20
-10.389576484622609
30
0
10
-56.355637488903568
20
-10.389531076101557
30
0
0
SPLINE
5
616
100
AcDbEntity
8
0
100
AcDbSpline
70
0
71
2
72
6
73
3
74
0
42
0.000000001
43
0.0000000001
44
0.0000000001
40
0
40
0
40
0
40
1
40
1
40
1
10
-56.355637488903568
20
-10.389531076101557
30
0
10
-56.71661967321532
20
-10.389445131251026
30
0
10
-56.85584285482696
20
-10.67918012194272
30
0
0
LINE
5
617
100
AcDbEntity
8
0
100
AcDbLine
10
-56.85584285482696
20
-10.67918012194272
30
0
11
-56.988448582555847
21
-10.679148550358457
31
0
0
LINE
5
618
100
AcDbEntity
8
0
100
AcDbLine
10
-56.988448582555847
20
-10.679148550358457
30
0
11
-56.988337302461602
21
-10.211754271250996
31
0
0
LINE
5
619
100
AcDbEntity
8
0
100
AcDbLine
10
-56.988337302461602
20
-10.211754271250996
30
0
11
-56.846727548336517
21
-10.211787986569041
31
0
0
LINE
5
620
100
AcDbEntity
8
0
100
AcDbLine
10
-56.988756892698774
20
-11.974100697618141
30
0
11
-55.788756953531866
21
-11.974386400957229
31
0
0
LINE
5
621
100
AcDbEntity
8
0
100
AcDbLine
10
-55.788756953531866
20
-11.974386400957229
30
0
11
-55.788864141001511
21
-12.424590999021889
31
0
0
SPLINE
5
622
100
AcDbEntity
8
0
100
AcDbSpline
70
0
71
2
72
6
73
3
74
0
42
0.000000001
43
0.0000000001
44
0.0000000001
40
0
40
0
40
0
40
1
40
1
40
1
10
-55.788864141001511
20
-12.424590999021889
30
0
10
-55.788896881927386
20
-12.562108149341075
30
0
10
-55.825342252369921
20
-12.645182686934371
30
0
0
SPLINE
5
623
100
AcDbEntity
8
0
100
AcDbSpline
70
0
71
2
72
6
73
3
74
0
42
0.000000001
43
0.0000000001
44
0.0000000001
40
0
40
0
40
0
40
1
40
1
40
1
10
-55.825342252369921
20
-12.645182686934371
30
0
10
-55.861787697318263
20
-12.728257224509926
30
0
10
-55.937515128418994
20
-12.775306003939953
30
0
0
SPLINE
5
624
100
AcDbEntity
8
0
100
AcDbSpline
70
0
71
2
72
6
73
3
74
0
42
0.000000001
43
0.0000000001
44
0.0000000001
40
0
40
0
40
0
40
1
40
1
40
1
10
-55.937515128418994
20
-12.775306003939953
30
0
10
-56.013242559519725
20
-12.822354783369981
30
0
10
-56.095916509159991
20
-12.822335099849425
30
0
0
SPLINE
5
625
100
AcDbEntity
8
0
100
AcDbSpline
70
0
71
2
72
6
73
3
74
0
42
0.000000001
43
0.0000000001
44
0.0000000001
40
0
40
0
40
0
40
1
40
1
40
1
10
-56.095916509159991
20
-12.822335099849425
30
0
10
-56.172860589954595
20
-12.822316780531157
30
0
10
-56.240790630656569
20
-12.780554407016588
30
0
0
SPLINE
5
626
100
AcDbEntity
8
0
100
AcDbSpline
70
0
71
2
72
6
73
3
74
0
42
0.000000001
43
0.0000000001
44
0.0000000001
40
0
40
0
40
0
40
1
40
1
40
1
10
-56.240790630656569
20
-12.780554407016588
30
0
10
-56.308720671358543
20
-12.738792033502023
30
0
10
-56.35044679601117
20
-12.654471028642968
30
0
0
SPLINE
5
627
100
AcDbEntity
8
0
100
AcDbSpline
70
0
71
2
72
6
73
3
74
0
42
0.000000001
43
0.0000000001
44
0.0000000001
40
0
40
0
40
0
40
1
40
1
40
1
10
-56.35044679601117
20
-12.654471028642968
30
0
10
-56.382396292157047
20
-12.763331010655747
30
0
10
-56.4593543073454
20
-12.821839384453316
30
0
0
SPLINE
5
628
100
AcDbEntity
8
0
100
AcDbSpline
70
0
71
2
72
6
73
3
74
0
42
0.000000001
43
0.0000000001
44
0.0000000001
40
0
40
0
40
0
40
1
40
1
40
1
10
-56.4593543073454
20
-12.821839384453316
30
0
10
-56.53631232253376
20
-12.880347758250883
30
0
10
-56.641087152289707
20
-12.880322812817358
30
0
0
SPLINE
5
629
100
AcDbEntity
8
0
100
AcDbSpline
70
0
71
2
72
6
73
3
74
0
42
0.000000001
43
0.0000000001
44
0.0000000001
40
0
40
0
40
0
40
1
40
1
40
1
10
-56.641087152289707
20
-12.880322812817358
30
0
10
-56.72539821795813
20
-12.880302739522186
30
0
10
-56.79783188247584
20
-12.844678274319898
30
0
0
SPLINE
5
630
100
AcDbEntity
8
0
100
AcDbSpline
70
0
71
2
72
6
73
3
74
0
42
0.000000001
43
0.0000000001
44
0.0000000001
40
0
40
0
40
0
40
1
40
1
40
1
10
-56.79783188247584
20
-12.844678274319898
30
0
10
-56.870265397981939
20
-12.809053809153088
30
0
10
-56.909543411917838
20
-12.756657039755282
30
0
0
SPLINE
5
631
100
AcDbEntity
8
0
100
AcDbSpline
70
0
71
2
72
6
73
3
74
0
42
0.000000001
43
0.0000000001
44
0.0000000001
40
0
40
0
40
0
40
1
40
1
40
1
10
-56.909543411917838
20
-12.756657039755282
30
0
10
-56.948821574865349
20
-12.704260270321999
30
0
10
-56.96885734654596
20
-12.625265038401771
30
0
0
SPLINE
5
632
100
AcDbEntity
8
0
100
AcDbSpline
70
0
71
2
72
6
73
3
74
0
42
0.000000001
43
0.0000000001
44
0.0000000001
40
0
40
0
40
0
40
1
40
1
40
1
10
-56.96885734654596
20
-12.625265038401771
30
0
10
-56.988893118226571
20
-12.546269806481547
30
0
10
-56.9888658341808
20
-12.431672429568238
30
0
0
LINE
5
633
100
AcDbEntity
8
0
100
AcDbLine
10
-56.9888658341808
20
-12.431672429568238
30
0
11
-56.988756892698767
21
-11.974100697618141
31
0
0
LINE
5
634
100
AcDbEntity
8
0
100
AcDbLine
10
-56.293023890480818
20
-12.133065935175789
30
0
11
-56.293085669393896
21
-12.392547298270504
31
0
0
SPLINE
5
635
100
AcDbEntity
8
0
100
AcDbSpline
70
0
71
2
72
6
73
3
74
0
42
0.000000001
43
0.0000000001
44
0.0000000001
40
0
40
0
40
0
40
1
40
1
40
1
10
-56.293085669393889
20
-12.392547298270504
30
0
10
-56.29311080974135
20
-12.498140797799236
30
0
10
-56.279206348878994
20
-12.543983061622189
30
0
0
SPLINE
5
636
100
AcDbEntity
8
0
100
AcDbSpline
70
0
71
2
72
6
73
3
74
0
42
0.000000001
43
0.0000000001
44
0.0000000001
40
0
40
0
40
0
40
1
40
1
40
1
10
-56.279206348878994
20
-12.543983061622189
30
0
10
-56.261212568718086
20
-12.604560567661419
30
0
10
-56.219473604507478
20
-12.635266302012671
30
0
0
SPLINE
5
637
100
AcDbEntity
8
0
100
AcDbSpline
70
0
71
2
72
6
73
3
74
0
42
0.000000001
43
0.0000000001
44
0.0000000001
40
0
40
0
40
0
40
1
40
1
40
1
10
-56.219473604507478
20
-12.635266302012671
30
0
10
-56.17773471473172
20
-12.665971738322966
30
0
10
-56.114706008417784
20
-12.665986744583602
30
0
0
SPLINE
5
638
100
AcDbEntity
8
0
100
AcDbSpline
70
0
71
2
72
6
73
3
74
0
42
0.000000001
43
0.0000000001
44
0.0000000001
40
0
40
0
40
0
40
1
40
1
40
1
10
-56.114706008417784
20
-12.665986744583602
30
0
10
-56.054951608665995
20
-12.666000971277269
30
0
10
-56.009515022781748
20
-12.637362517751562
30
0
0
SPLINE
5
639
100
AcDbEntity
8
0
100
AcDbSpline
70
0
71
2
72
6
73
3
74
0
42
0.000000001
43
0.0000000001
44
0.0000000001
40
0
40
0
40
0
40
1
40
1
40
1
10
-56.009515022781748
20
-12.637362517751562
30
0
10
-55.96407851133236
20
-12.608723766184902
30
0
10
-55.947285497616221
20
-12.555521974725002
30
0
0
SPLINE
5
640
100
AcDbEntity
8
0
100
AcDbSpline
70
0
71
2
72
6
73
3
74
0
42
0.000000001
43
0.0000000001
44
0.0000000001
40
0
40
0
40
0
40
1
40
1
40
1
10
-55.947285497616221
20
-12.555521974725002
30
0
10
-55.930492409323314
20
-12.502319885259626
30
0
10
-55.930461617323736
20
-12.372988538598658
30
0
0
LINE
5
641
100
AcDbEntity
8
0
100
AcDbLine
10
-55.930461617323736
20
-12.372988538598658
30
0
11
-55.930404515635104
21
-12.133152269818675
31
0
0
LINE
5
642
100
AcDbEntity
8
0
100
AcDbLine
10
-55.930404515635104
20
-12.133152269818675
30
0
11
-56.293023890480818
21
-12.133065935175789
31
0
0
LINE
5
643
100
AcDbEntity
8
0
100
AcDbLine
10
-56.847184946551849
20
-12.132933997115675
30
0
11
-56.847256080055715
21
-12.431706144886281
31
0
0
SPLINE
5
644
100
AcDbEntity
8
0
100
AcDbSpline
70
0
71
2
72
6
73
3
74
0
42
0.000000001
43
0.0000000001
44
0.0000000001
40
0
40
0
40
0
40
1
40
1
40
1
10
-56.847256080055722
20
-12.431706144886281
30
0
10
-56.847274399338524
20
-12.508650076669273
30
0
10
-56.84155186165156
20
-12.539756421906967
30
0
0
SPLINE
5
645
100
AcDbEntity
8
0
100
AcDbSpline
70
0
71
2
72
6
73
3
74
0
42
0.000000001
43
0.0000000001
44
0.0000000001
40
0
40
0
40
0
40
1
40
1
40
1
10
-56.84155186165156
20
-12.539756421906967
30
0
10
-56.831742222870147
20
-12.59460188672778
30
0
10
-56.808831517407498
20
-12.631442416917675
30
0
0
SPLINE
5
646
100
AcDbEntity
8
0
100
AcDbSpline
70
0
71
2
72
6
73
3
74
0
42
0.000000001
43
0.0000000001
44
0.0000000001
40
0
40
0
40
0
40
1
40
1
40
1
10
-56.808831517407498
20
-12.631442416917675
30
0
10
-56.785920811873879
20
-12.668282649084354
30
0
10
-56.742133889240378
20
-12.692031220644267
30
0
0
SPLINE
5
647
100
AcDbEntity
8
0
100
AcDbSpline
70
0
71
2
72
6
73
3
74
0
42
0.000000001
43
0.0000000001
44
0.0000000001
40
0
40
0
40
0
40
1
40
1
40
1
10
-56.742133889240378
20
-12.692031220644267
30
0
10
-56.698346817595265
20
-12.715779792239656
30
0
10
-56.641047980127006
20
-12.715793434298007
30
0
0
SPLINE
5
648
100
AcDbEntity
8
0
100
AcDbSpline
70
0
71
2
72
6
73
3
74
0
42
0.000000001
43
0.0000000001
44
0.0000000001
40
0
40
0
40
0
40
1
40
1
40
1
10
-56.641047980127006
20
-12.715793434298007
30
0
10
-56.573926595501376
20
-12.715809414968575
30
0
10
-56.524395892544128
20
-12.681441843507464
30
0
0
SPLINE
5
649
100
AcDbEntity
8
0
100
AcDbSpline
70
0
71
2
72
6
73
3
74
0
42
0.000000001
43
0.0000000001
44
0.0000000001
40
0
40
0
40
0
40
1
40
1
40
1
10
-56.524395892544128
20
-12.681441843507464
30
0
10
-56.474865189586872
20
-12.647074272046353
30
0
10
-56.454796166886354
20
-12.586096940357724
30
0
0
SPLINE
5
650
100
AcDbEntity
8
0
100
AcDbSpline
70
0
71
2
72
6
73
3
74
0
42
0.000000001
43
0.0000000001
44
0.0000000001
40
0
40
0
40
0
40
1
40
1
40
1
10
-56.454796166886354
20
-12.586096940357724
30
0
10
-56.434727069609067
20
-12.525119310663619
30
0
10
-56.434699785563296
20
-12.41052193375031
30
0
0
LINE
5
651
100
AcDbEntity
8
0
100
AcDbLine
10
-56.434699785563296
20
-12.41052193375031
30
0
11
-56.434633719111702
21
-12.133032219840008
31
0
0
LINE
5
652
100
AcDbEntity
8
0
100
AcDbLine
10
-56.434633719111702
20
-12.133032219840008
30
0
11
-56.847184946551849
21
-12.132933997115675
31
0
0
LINE
5
653
100
AcDbEntity
8
0
100
AcDbLine
10
-56.989024276702089
20
-13.09715648148465
30
0
11
-55.789024337535182
21
-13.097442184823736
31
0
0
LINE
5
654
100
AcDbEntity
8
0
100
AcDbLine
10
-55.789024337535189
20
-13.097442184823734
30
0
11
-55.789063119941019
21
-13.260334521820727
31
0
0
LINE
5
655
100
AcDbEntity
8
0
100
AcDbLine
10
-55.789063119941005
20
-13.260334521820727
30
0
11
-56.731368651024027
21
-13.890396823777715
31
0
0
LINE
5
656
100
AcDbEntity
8
0
100
AcDbLine
10
-56.731368651024034
20
-13.890396823777715
30
0
11
-55.789213182441088
21
-13.89062113792518
31
0
0
LINE
5
657
100
AcDbEntity
8
0
100
AcDbLine
10
-55.789213182441088
20
-13.89062113792518
30
0
11
-55.789249431178867
21
-14.04287166194559
31
0
0
LINE
5
658
100
AcDbEntity
8
0
100
AcDbLine
10
-55.789249431178867
20
-14.04287166194559
30
0
11
-56.989249370345775
21
-14.042585958606503
31
0
0
LINE
5
659
100
AcDbEntity
8
0
100
AcDbLine
10
-56.989249370345767
20
-14.042585958606505
30
0
11
-56.989210588081853
21
-13.879694217655945
31
0
0
LINE
5
660
100
AcDbEntity
8
0
100
AcDbLine
10
-56.989210588081853
20
-13.879694217655942
30
0
11
-56.046086461731846
21
-13.249632110595131
31
0
0
LINE
5
661
100
AcDbEntity
8
0
100
AcDbLine
10
-56.046086461731846
20
-13.249632110595131
30
0
11
-56.989060525581777
21
-13.249407601551489
31
0
0
LINE
5
662
100
AcDbEntity
8
0
100
AcDbLine
10
-56.989060525581785
20
-13.249407601551489
30
0
11
-56.989024276702096
21
-13.097156481484646
31
0
0
LINE
5
663
100
AcDbEntity
8
0
100
AcDbLine
10
-56.568780095921653
20
-15.165742510081376
30
0
11
-56.608927060254317
21
-15.324532246803901
31
0
0
SPLINE
5
664
100
AcDbEntity
8
0
100
AcDbSpline
70
0
71
2
72
6
73
3
74
0
42
0.000000001
43
0.0000000001
44
0.0000000001
40
0
40
0
40
0
40
1
40
1
40
1
10
-56.608927060254317
20
-15.324532246803901
30
0
10
-56.804549531674397
20
-15.274553667370698
30
0
10
-56.90724709552957
20
-15.144788378592043
30
0
0
SPLINE
5
665
100
AcDbEntity
8
0
100
AcDbSpline
70
0
71
2
72
6
73
3
74
0
42
0.000000001
43
0.0000000001
44
0.0000000001
40
0
40
0
40
0
40
1
40
1
40
1
10
-56.90724709552957
20
-15.144788378592043
30
0
10
-57.009944808538265
20
-15.015023685824341
30
0
10
-57.009900179424505
20
-14.827574235875897
30
0
0
SPLINE
5
666
100
AcDbEntity
8
0
100
AcDbSpline
70
0
71
2
72
6
73
3
74
0
42
0.000000001
43
0.0000000001
44
0.0000000001
40
0
40
0
40
0
40
1
40
1
40
1
10
-57.009900179424505
20
-14.827574235875897
30
0
10
-57.009853991425132
20
-14.633577215884451
30
0
10
-56.930834593585111
20
-14.512040697492594
30
0
0
SPLINE
5
667
100
AcDbEntity
8
0
100
AcDbSpline
70
0
71
2
72
6
73
3
74
0
42
0.000000001
43
0.0000000001
44
0.0000000001
40
0
40
0
40
0
40
1
40
1
40
1
10
-56.930834593585111
20
-14.512040697492594
30
0
10
-56.85181519574509
20
-14.390504179100738
30
0
10
-56.702004683308999
20
-14.32710202562669
30
0
0
SPLINE
5
668
100
AcDbEntity
8
0
100
AcDbSpline
70
0
71
2
72
6
73
3
74
0
42
0.000000001
43
0.0000000001
44
0.0000000001
40
0
40
0
40
0
40
1
40
1
40
1
10
-56.702004683308999
20
-14.32710202562669
30
0
10
-56.552194170872909
20
-14.263699872152644
30
0
10
-56.380297881985527
20
-14.26374079827448
30
0
0
SPLINE
5
669
100
AcDbEntity
8
0
100
AcDbSpline
70
0
71
2
72
6
73
3
74
0
42
0.000000001
43
0.0000000001
44
0.0000000001
40
0
40
0
40
0
40
1
40
1
40
1
10
-56.380297881985527
20
-14.26374079827448
30
0
10
-56.192849102589328
20
-14.263785427228562
30
0
10
-56.053302702886924
20
-14.335441978668422
30
0
0
SPLINE
5
670
100
AcDbEntity
8
0
100
AcDbSpline
70
0
71
2
72
6
73
3
74
0
42
0.000000001
43
0.0000000001
44
0.0000000001
40
0
40
0
40
0
40
1
40
1
40
1
10
-56.053302702886924
20
-14.335441978668422
30
0
10
-55.913756303184527
20
-14.407098530108284
30
0
10
-55.841345784256632
20
-14.539312319396034
30
0
0
SPLINE
5
671
100
AcDbEntity
8
0
100
AcDbSpline
70
0
71
2
72
6
73
3
74
0
42
0.000000001
43
0.0000000001
44
0.0000000001
40
0
40
0
40
0
40
1
40
1
40
1
10
-55.841345784256632
20
-14.539312319396034
30
0
10
-55.768935190822937
20
-14.671526108701517
30
0
10
-55.768972998730135
20
-14.830325394857793
30
0
0
SPLINE
5
672
100
AcDbEntity
8
0
100
AcDbSpline
70
0
71
2
72
6
73
3
74
0
42
0.000000001
43
0.0000000001
44
0.0000000001
40
0
40
0
40
0
40
1
40
1
40
1
10
-55.768972998730135
20
-14.830325394857793
30
0
10
-55.76901587383152
20
-15.010407710920802
30
0
10
-55.860723157345845
20
-15.13316906422026
30
0
0
SPLINE
5
673
100
AcDbEntity
8
0
100
AcDbSpline
70
0
71
2
72
6
73
3
74
0
42
0.000000001
43
0.0000000001
44
0.0000000001
40
0
40
0
40
0
40
1
40
1
40
1
10
-55.860723157345845
20
-15.13316906422026
30
0
10
-55.95243044071826
20
-15.255929821473286
30
0
10
-56.11860835904907
20
-15.304184921614208
30
0
0
LINE
5
674
100
AcDbEntity
8
0
100
AcDbLine
10
-56.11860835904907
20
-15.304184921614208
30
0
11
-56.155406060181804
21
-15.147832576868561
31
0
0
SPLINE
5
675
100
AcDbEntity
8
0
100
AcDbSpline
70
0
71
2
72
6
73
3
74
0
42
0.000000001
43
0.0000000001
44
0.0000000001
40
0
40
0
40
0
40
1
40
1
40
1
10
-56.155406060181804
20
-15.147832576868563
30
0
10
-56.024427509219478
20
-15.106117262707173
30
0
10
-55.964654205585035
20
-15.026732144345916
30
0
0
SPLINE
5
676
100
AcDbEntity
8
0
100
AcDbSpline
70
0
71
2
72
6
73
3
74
0
42
0.000000001
43
0.0000000001
44
0.0000000001
40
0
40
0
40
0
40
1
40
1
40
1
10
-55.964654205585035
20
-15.026732144345916
30
0
10
-55.904880827302875
20
-14.947346429955971
30
0
10
-55.904852179001601
20
-14.827018960679583
30
0
0
SPLINE
5
677
100
AcDbEntity
8
0
100
AcDbSpline
70
0
71
2
72
6
73
3
74
0
42
0.000000001
43
0.0000000001
44
0.0000000001
40
0
40
0
40
0
40
1
40
1
40
1
10
-55.904852179001601
20
-14.827018960679583
30
0
10
-55.90481924330372
20
-14.68868373663404
30
0
10
-55.971099987454238
20
-14.595761597617258
30
0
0
SPLINE
5
678
100
AcDbEntity
8
0
100
AcDbSpline
70
0
71
2
72
6
73
3
74
0
42
0.000000001
43
0.0000000001
44
0.0000000001
40
0
40
0
40
0
40
1
40
1
40
1
10
-55.971099987454238
20
-14.595761597617258
30
0
10
-56.03738073174668
20
-14.502840054646908
30
0
10
-56.149104395738696
20
-14.465160007527642
30
0
0
SPLINE
5
679
100
AcDbEntity
8
0
100
AcDbSpline
70
0
71
2
72
6
73
3
74
0
42
0.000000001
43
0.0000000001
44
0.0000000001
40
0
40
0
40
0
40
1
40
1
40
1
10
-56.149104395738696
20
-14.465160007527642
30
0
10
-56.260827985224921
20
-14.427479960426115
30
0
10
-56.37951833847314
20
-14.427451701899482
30
0
0
SPLINE
5
680
100
AcDbEntity
8
0
100
AcDbSpline
70
0
71
2
72
6
73
3
74
0
42
0.000000001
43
0.0000000001
44
0.0000000001
40
0
40
0
40
0
40
1
40
1
40
1
10
-56.37951833847314
20
-14.427451701899482
30
0
10
-56.532587904795363
20
-14.427415258159126
30
0
10
-56.646786717116797
20
-14.471999166652614
30
0
0
SPLINE
5
681
100
AcDbEntity
8
0
100
AcDbSpline
70
0
71
2
72
6
73
3
74
0
42
0.000000001
43
0.0000000001
44
0.0000000001
40
0
40
0
40
0
40
1
40
1
40
1
10
-56.646786717116797
20
-14.471999166652614
30
0
10
-56.760985678449828
20
-14.516583075110621
30
0
10
-56.817488258194629
20
-14.610703836838411
30
0
0
SPLINE
5
682
100
AcDbEntity
8
0
100
AcDbSpline
70
0
71
2
72
6
73
3
74
0
42
0.000000001
43
0.0000000001
44
0.0000000001
40
0
40
0
40
0
40
1
40
1
40
1
10
-56.817488258194629
20
-14.610703836838411
30
0
10
-56.873990986809126
20
-14.70482400248429
30
0
10
-56.874017101584258
20
-14.814510254830527
30
0
0
SPLINE
5
683
100
AcDbEntity
8
0
100
AcDbSpline
70
0
71
2
72
6
73
3
74
0
42
0.000000001
43
0.0000000001
44
0.0000000001
40
0
40
0
40
0
40
1
40
1
40
1
10
-56.874017101584258
20
-14.814510254830527
30
0
10
-56.874048867940559
20
-14.947934056285778
30
0
10
-56.797126809367441
20
-15.040449244930693
30
0
0
SPLINE
5
684
100
AcDbEntity
8
0
100
AcDbSpline
70
0
71
2
72
6
73
3
74
0
42
0.000000001
43
0.0000000001
44
0.0000000001
40
0
40
0
40
0
40
1
40
1
40
1
10
-56.797126809367441
20
-15.040449244930693
30
0
10
-56.720204750794323
20
-15.13296443357561
30
0
10
-56.568780095921653
20
-15.165742510081376
30
0
0
LINE
5
685
100
AcDbEntity
8
0
100
AcDbLine
10
-58.451522675498033
20
-8.3469551161390232
30
0
11
-58.438575354206215
21
-8.5016743952563871
31
0
0
SPLINE
5
686
100
AcDbEntity
8
0
100
AcDbSpline
70
0
71
2
72
6
73
3
74
0
42
0.000000001
43
0.0000000001
44
0.0000000001
40
0
40
0
40
0
40
1
40
1
40
1
10
-58.438575354206215
20
-8.5016743952563871
30
0
10
-58.551552411343891
20
-8.5187547802135395
30
0
10
-58.608502441798933
20
-8.5813191120559775
30
0
0
SPLINE
5
687
100
AcDbEntity
8
0
100
AcDbSpline
70
0
71
2
72
6
73
3
74
0
42
0.000000001
43
0.0000000001
44
0.0000000001
40
0
40
0
40
0
40
1
40
1
40
1
10
-58.608502441798933
20
-8.5813191120559775
30
0
10
-58.665452472253968
20
-8.6438834438984138
30
0
10
-58.665537958643284
20
-8.7322872235573019
30
0
0
SPLINE
5
688
100
AcDbEntity
8
0
100
AcDbSpline
70
0
71
2
72
6
73
3
74
0
42
0.000000001
43
0.0000000001
44
0.0000000001
40
0
40
0
40
0
40
1
40
1
40
1
10
-58.665537958643284
20
-8.7322872235573019
30
0
10
-58.665640858942723
20
-8.8386991971109516
30
0
10
-58.585493819981522
20
-8.9124465845082721
30
0
0
SPLINE
5
689
100
AcDbEntity
8
0
100
AcDbSpline
70
0
71
2
72
6
73
3
74
0
42
0.000000001
43
0.0000000001
44
0.0000000001
40
0
40
0
40
0
40
1
40
1
40
1
10
-58.585493819981522
20
-8.9124465845082721
30
0
10
-58.505346781020322
20
-8.9861939719055943
30
0
10
-58.372741111531987
20
-8.9863222014895605
30
0
0
SPLINE
5
690
100
AcDbEntity
8
0
100
AcDbSpline
70
0
71
2
72
6
73
3
74
0
42
0.000000001
43
0.0000000001
44
0.0000000001
40
0
40
0
40
0
40
1
40
1
40
1
10
-58.372741111531987
20
-8.9863222014895605
30
0
10
-58.246683903280214
20
-8.9864440987163725
30
0
10
-58.173764138993953
20
-8.9157096253947703
30
0
0
SPLINE
5
691
100
AcDbEntity
8
0
100
AcDbSpline
70
0
71
2
72
6
73
3
74
0
42
0.000000001
43
0.0000000001
44
0.0000000001
40
0
40
0
40
0
40
1
40
1
40
1
10
-58.173764138993953
20
-8.9157096253947703
30
0
10
-58.100844449285503
20
-8.8449752265068895
30
0
10
-58.100733633611661
20
-8.730377750913318
30
0
0
SPLINE
5
692
100
AcDbEntity
8
0
100
AcDbSpline
70
0
71
2
72
6
73
3
74
0
42
0.000000001
43
0.0000000001
44
0.0000000001
40
0
40
0
40
0
40
1
40
1
40
1
10
-58.100733633611661
20
-8.730377750913318
30
0
10
-58.100664769551813
20
-8.6591635702417342
30
0
10
-58.13294218417952
20
-8.6018335666296242
30
0
0
SPLINE
5
693
100
AcDbEntity
8
0
100
AcDbSpline
70
0
71
2
72
6
73
3
74
0
42
0.000000001
43
0.0000000001
44
0.0000000001
40
0
40
0
40
0
40
1
40
1
40
1
10
-58.13294218417952
20
-8.6018335666296242
30
0
10
-58.165219673294992
20
-8.5445035443190243
30
0
10
-58.216756883139013
20
-8.5117115387137936
30
0
0
LINE
5
694
100
AcDbEntity
8
0
100
AcDbLine
10
-58.216756883139013
20
-8.5117115387137936
30
0
11
-58.198614918883791
21
-8.3733934168064899
31
0
0
LINE
5
695
100
AcDbEntity
8
0
100
AcDbLine
10
-58.198614918883791
20
-8.3733934168064899
30
0
11
-57.582356495745522
21
-8.4902240378364713
31
0
0
LINE
5
696
100
AcDbEntity
8
0
100
AcDbLine
10
-57.582356495745522
20
-8.4902240378364731
30
0
11
-57.582933528873383
21
-9.0869495505339675
31
0
0
LINE
5
697
100
AcDbEntity
8
0
100
AcDbLine
10
-57.582933528873383
20
-9.0869495505339675
30
0
11
-57.72372477490741
21
-9.0868134055035572
31
0
0
LINE
5
698
100
AcDbEntity
8
0
100
AcDbLine
10
-57.72372477490741
20
-9.0868134055035572
30
0
11
-57.723261723631971
21
-8.6079595990179119
31
0
0
LINE
5
699
100
AcDbEntity
8
0
100
AcDbLine
10
-57.723261723631971
20
-8.6079595990179119
30
0
11
-58.04570926870273
21
-8.5429820125780314
31
0
0
SPLINE
5
700
100
AcDbEntity
8
0
100
AcDbSpline
70
0
71
2
72
6
73
3
74
0
42
0.000000001
43
0.0000000001
44
0.0000000001
40
0
40
0
40
0
40
1
40
1
40
1
10
-58.045709268702723
20
-8.5429820125780314
30
0
10
-57.970506820363887
20
-8.6511038859349814
30
0
10
-57.970621593760953
20
-8.7697941498014025
30
0
0
SPLINE
5
701
100
AcDbEntity
8
0
100
AcDbSpline
70
0
71
2
72
6
73
3
74
0
42
0.000000001
43
0.0000000001
44
0.0000000001
40
0
40
0
40
0
40
1
40
1
40
1
10
-57.970621593760953
20
-8.7697941498014025
30
0
10
-57.970773569540157
20
-8.9269563999152801
30
0
10
-58.079745662193353
20
-9.0349002138807162
30
0
0
SPLINE
5
702
100
AcDbEntity
8
0
100
AcDbSpline
70
0
71
2
72
6
73
3
74
0
42
0.000000001
43
0.0000000001
44
0.0000000001
40
0
40
0
40
0
40
1
40
1
40
1
10
-58.079745662193353
20
-9.0349002138807162
30
0
10
-58.188717754846557
20
-9.1428440278461522
30
0
10
-58.359795373329462
20
-9.142678595916065
30
0
0
SPLINE
5
703
100
AcDbEntity
8
0
100
AcDbSpline
70
0
71
2
72
6
73
3
74
0
42
0.000000001
43
0.0000000001
44
0.0000000001
40
0
40
0
40
0
40
1
40
1
40
1
10
-58.359795373329462
20
-9.142678595916065
30
0
10
-58.522687638783985
20
-9.1425210792162801
30
0
10
-58.641286046651047
20
-9.0474540649597976
30
0
0
SPLINE
5
704
100
AcDbEntity
8
0
100
AcDbSpline
70
0
71
2
72
6
73
3
74
0
42
0.000000001
43
0.0000000001
44
0.0000000001
40
0
40
0
40
0
40
1
40
1
40
1
10
-58.641286046651047
20
-9.0474540649597976
30
0
10
-58.786877031357989
20
-8.9318971001604925
30
0
10
-58.786683895473416
20
-8.7321700755263105
30
0
0
SPLINE
5
705
100
AcDbEntity
8
0
100
AcDbSpline
70
0
71
2
72
6
73
3
74
0
42
0.000000001
43
0.0000000001
44
0.0000000001
40
0
40
0
40
0
40
1
40
1
40
1
10
-58.786683895473416
20
-8.7321700755263105
30
0
10
-58.786525587355065
20
-8.5684593828023186
30
0
10
-58.69474744718471
20
-8.4650010136075533
30
0
0
SPLINE
5
706
100
AcDbEntity
8
0
100
AcDbSpline
70
0
71
2
72
6
73
3
74
0
42
0.000000001
43
0.0000000001
44
0.0000000001
40
0
40
0
40
0
40
1
40
1
40
1
10
-58.69474744718471
20
-8.4650010136075533
30
0
10
-58.602969307014362
20
-8.3615426444127863
30
0
10
-58.451522675498033
20
-8.3469551161390232
30
0
0
SPLINE
5
707
100
AcDbEntity
8
0
100
AcDbSpline
70
0
71
2
72
6
73
3
74
0
42
0.000000001
43
0.0000000001
44
0.0000000001
40
0
40
0
40
0
40
1
40
1
40
1
10
-58.174934499242923
20
-9.2795559045773786
30
0
10
-57.962110626641405
20
-9.2797617051042138
30
0
10
-57.832412275010853
20
-9.3236797938925164
30
0
0
SPLINE
5
708
100
AcDbEntity
8
0
100
AcDbSpline
70
0
71
2
72
6
73
3
74
0
42
0.000000001
43
0.0000000001
44
0.0000000001
40
0
40
0
40
0
40
1
40
1
40
1
10
-57.832412275010853
20
-9.3236797938925164
30
0
10
-57.702713848874524
20
-9.3675978827528645
30
0
10
-57.632401770656116
20
-9.4540233593809546
30
0
0
SPLINE
5
709
100
AcDbEntity
8
0
100
AcDbSpline
70
0
71
2
72
6
73
3
74
0
42
0.000000001
43
0.0000000001
44
0.0000000001
40
0
40
0
40
0
40
1
40
1
40
1
10
-57.632401770656116
20
-9.4540233593809546
30
0
10
-57.562089692437695
20
-9.5404488360090429
30
0
10
-57.562216338860324
20
-9.671417315682465
30
0
0
SPLINE
5
710
100
AcDbEntity
8
0
100
AcDbSpline
70
0
71
2
72
6
73
3
74
0
42
0.000000001
43
0.0000000001
44
0.0000000001
40
0
40
0
40
0
40
1
40
1
40
1
10
-57.562216338860324
20
-9.671417315682465
30
0
10
-57.562309740624038
20
-9.7680065973812784
30
0
10
-57.601261471474359
20
-9.8408202951895216
30
0
0
SPLINE
5
711
100
AcDbEntity
8
0
100
AcDbSpline
70
0
71
2
72
6
73
3
74
0
42
0.000000001
43
0.0000000001
44
0.0000000001
40
0
40
0
40
0
40
1
40
1
40
1
10
-57.601261471474359
20
-9.8408202951895216
30
0
10
-57.640213202324688
20
-9.9136339929977666
30
0
10
-57.713519667879481
20
-9.9610392705420399
30
0
0
SPLINE
5
712
100
AcDbEntity
8
0
100
AcDbSpline
70
0
71
2
72
6
73
3
74
0
42
0.000000001
43
0.0000000001
44
0.0000000001
40
0
40
0
40
0
40
1
40
1
40
1
10
-57.713519667879481
20
-9.9610392705420399
30
0
10
-57.786826133434282
20
-10.008444548086313
30
0
10
-57.892036372672784
20
-10.035355051458218
30
0
0
SPLINE
5
713
100
AcDbEntity
8
0
100
AcDbSpline
70
0
71
2
72
6
73
3
74
0
42
0.000000001
43
0.0000000001
44
0.0000000001
40
0
40
0
40
0
40
1
40
1
40
1
10
-57.892036372672784
20
-10.035355051458218
30
0
10
-57.99724661191128
20
-10.062265554830125
30
0
10
-58.175691212032426
20
-10.06209299903426
30
0
0
SPLINE
5
714
100
AcDbEntity
8
0
100
AcDbSpline
70
0
71
2
72
6
73
3
74
0
42
0.000000001
43
0.0000000001
44
0.0000000001
40
0
40
0
40
0
40
1
40
1
40
1
10
-58.175691212032426
20
-10.06209299903426
30
0
10
-58.386878118336355
20
-10.061888781452621
30
0
10
-58.51657679135954
20
-10.01838010194875
30
0
0
SPLINE
5
715
100
AcDbEntity
8
0
100
AcDbSpline
70
0
71
2
72
6
73
3
74
0
42
0.000000001
43
0.0000000001
44
0.0000000001
40
0
40
0
40
0
40
1
40
1
40
1
10
-58.51657679135954
20
-10.01838010194875
30
0
10
-58.646275613250168
20
-9.9748712732892422
30
0
10
-58.7169970261752
20
-9.8884454008347955
30
0
0
SPLINE
5
716
100
AcDbEntity
8
0
100
AcDbSpline
70
0
71
2
72
6
73
3
74
0
42
0.000000001
43
0.0000000001
44
0.0000000001
40
0
40
0
40
0
40
1
40
1
40
1
10
-58.7169970261752
20
-9.8884454008347955
30
0
10
-58.787718439100225
20
-9.8020195283803488
30
0
10
-58.787591001024879
20
-9.6702323792937008
30
0
0
SPLINE
5
717
100
AcDbEntity
8
0
100
AcDbSpline
70
0
71
2
72
6
73
3
74
0
42
0.000000001
43
0.0000000001
44
0.0000000001
40
0
40
0
40
0
40
1
40
1
40
1
10
-58.787591001024879
20
-9.6702323792937008
30
0
10
-58.787423194424832
20
-9.4966990505942022
30
0
10
-58.662907250542759
20
-9.3977743728883656
30
0
0
SPLINE
5
718
100
AcDbEntity
8
0
100
AcDbSpline
70
0
71
2
72
6
73
3
74
0
42
0.000000001
43
0.0000000001
44
0.0000000001
40
0
40
0
40
0
40
1
40
1
40
1
10
-58.662907250542759
20
-9.3977743728883656
30
0
10
-58.512997134200319
20
-9.2792289982603062
30
0
10
-58.174934499242923
20
-9.2795559045773786
30
0
0
SPLINE
5
719
100
AcDbEntity
8
0
100
AcDbSpline
70
0
71
2
72
6
73
3
74
0
42
0.000000001
43
0.0000000001
44
0.0000000001
40
0
40
0
40
0
40
1
40
1
40
1
10
-58.175080934245642
20
-9.4309882883621547
30
0
10
-58.4705788691885
20
-9.4307025420784019
30
0
10
-58.568462891211858
20
-9.4997757581413182
30
0
0
SPLINE
5
720
100
AcDbEntity
8
0
100
AcDbSpline
70
0
71
2
72
6
73
3
74
0
42
0.000000001
43
0.0000000001
44
0.0000000001
40
0
40
0
40
0
40
1
40
1
40
1
10
-58.568462891211858
20
-9.4997757581413182
30
0
10
-58.666346913235223
20
-9.5688489742042329
30
0
10
-58.666445064194754
20
-9.6703495273246922
30
0
0
SPLINE
5
721
100
AcDbEntity
8
0
100
AcDbSpline
70
0
71
2
72
6
73
3
74
0
42
0.000000001
43
0.0000000001
44
0.0000000001
40
0
40
0
40
0
40
1
40
1
40
1
10
-58.666445064194754
20
-9.6703495273246922
30
0
10
-58.666543215298368
20
-9.771850229456696
30
0
10
-58.568383628928856
20
-9.8411129450375707
30
0
0
SPLINE
5
722
100
AcDbEntity
8
0
100
AcDbSpline
70
0
71
2
72
6
73
3
74
0
42
0.000000001
43
0.0000000001
44
0.0000000001
40
0
40
0
40
0
40
1
40
1
40
1
10
-58.568383628928856
20
-9.8411129450375707
30
0
10
-58.470224042559337
20
-9.9103756606184472
30
0
10
-58.175544777029707
20
-9.9106606152494852
30
0
0
SPLINE
5
723
100
AcDbEntity
8
0
100
AcDbSpline
70
0
71
2
72
6
73
3
74
0
42
0.000000001
43
0.0000000001
44
0.0000000001
40
0
40
0
40
0
40
1
40
1
40
1
10
-58.175544777029707
20
-9.9106606152494852
30
0
10
-57.879228470696717
20
-9.910947152897764
30
0
10
-57.781753708946233
20
-9.8418736155863087
30
0
0
SPLINE
5
724
100
AcDbEntity
8
0
100
AcDbSpline
70
0
71
2
72
6
73
3
74
0
42
0.000000001
43
0.0000000001
44
0.0000000001
40
0
40
0
40
0
40
1
40
1
40
1
10
-57.781753708946233
20
-9.8418736155863087
30
0
10
-57.684278947195764
20
-9.7728000782748516
30
0
10
-57.684179213074898
20
-9.6696623353394848
30
0
0
SPLINE
5
725
100
AcDbEntity
8
0
100
AcDbSpline
70
0
71
2
72
6
73
3
74
0
42
0.000000001
43
0.0000000001
44
0.0000000001
40
0
40
0
40
0
40
1
40
1
40
1
10
-57.684179213074898
20
-9.6696623353394848
30
0
10
-57.684081061971277
20
-9.568161633207481
30
0
10
-57.769970631975895
20
-9.507505627506788
30
0
0
SPLINE
5
726
100
AcDbEntity
8
0
100
AcDbSpline
70
0
71
2
72
6
73
3
74
0
42
0.000000001
43
0.0000000001
44
0.0000000001
40
0
40
0
40
0
40
1
40
1
40
1
10
-57.769970631975895
20
-9.507505627506788
30
0
10
-57.879583148314339
20
-9.4312740345018149
30
0
10
-58.175080934245642
20
-9.4309882883621547
30
0
0
LINE
5
727
100
AcDbEntity
8
0
100
AcDbLine
10
-58.626050111899545
20
-10.221275686405455
30
0
11
-58.626303404888901
21
-10.48321279476384
31
0
0
SPLINE
5
728
100
AcDbEntity
8
0
100
AcDbSpline
70
0
71
2
72
6
73
3
74
0
42
0.000000001
43
0.0000000001
44
0.0000000001
40
0
40
0
40
0
40
1
40
1
40
1
10
-58.626303404888908
20
-10.48321279476384
30
0
10
-58.418150100928202
20
-10.234573660281631
30
0
10
-58.11855956397693
20
-10.234863364108488
30
0
0
SPLINE
5
729
100
AcDbEntity
8
0
100
AcDbSpline
70
0
71
2
72
6
73
3
74
0
42
0.000000001
43
0.0000000001
44
0.0000000001
40
0
40
0
40
0
40
1
40
1
40
1
10
-58.11855956397693
20
-10.234863364108488
30
0
10
-57.955667373028177
20
-10.235020880736228
30
0
10
-57.826399257297396
20
-10.300630109472557
30
0
0
SPLINE
5
730
100
AcDbEntity
8
0
100
AcDbSpline
70
0
71
2
72
6
73
3
74
0
42
0.000000001
43
0.0000000001
44
0.0000000001
40
0
40
0
40
0
40
1
40
1
40
1
10
-57.826399257297396
20
-10.300630109472557
30
0
10
-57.697131141710699
20
-10.366239487220428
30
0
10
-57.622349035089655
20
-10.485820660228384
30
0
0
SPLINE
5
731
100
AcDbEntity
8
0
100
AcDbSpline
70
0
71
2
72
6
73
3
74
0
42
0.000000001
43
0.0000000001
44
0.0000000001
40
0
40
0
40
0
40
1
40
1
40
1
10
-57.622349035089655
20
-10.485820660228384
30
0
10
-57.54756692861271
20
-10.605401982247884
30
0
10
-57.547729194508307
20
-10.773205519124051
30
0
0
SPLINE
5
732
100
AcDbEntity
8
0
100
AcDbSpline
70
0
71
2
72
6
73
3
74
0
42
0.000000001
43
0.0000000001
44
0.0000000001
40
0
40
0
40
0
40
1
40
1
40
1
10
-57.547729194508307
20
-10.773205519124051
30
0
10
-57.547889877242582
20
-10.93937186618531
30
0
10
-57.616755675728157
20
-11.050219137980509
30
0
0
SPLINE
5
733
100
AcDbEntity
8
0
100
AcDbSpline
70
0
71
2
72
6
73
3
74
0
42
0.000000001
43
0.0000000001
44
0.0000000001
40
0
40
0
40
0
40
1
40
1
40
1
10
-57.616755675728157
20
-11.050219137980509
30
0
10
-57.685621399996137
20
-11.161066707870839
30
0
10
-57.814203578422763
20
-11.23256602585804
30
0
0
SPLINE
5
734
100
AcDbEntity
8
0
100
AcDbSpline
70
0
71
2
72
6
73
3
74
0
42
0.000000001
43
0.0000000001
44
0.0000000001
40
0
40
0
40
0
40
1
40
1
40
1
10
-57.814203578422763
20
-11.23256602585804
30
0
10
-57.942785756561207
20
-11.304065045822153
30
0
10
-58.119593315878987
20
-11.30389407304353
30
0
0
SPLINE
5
735
100
AcDbEntity
8
0
100
AcDbSpline
70
0
71
2
72
6
73
3
74
0
42
0.000000001
43
0.0000000001
44
0.0000000001
40
0
40
0
40
0
40
1
40
1
40
1
10
-58.119593315878987
20
-11.30389407304353
30
0
10
-58.419183852830258
20
-11.303604369216673
30
0
10
-58.626855900384953
20
-11.054563280939879
30
0
0
LINE
5
736
100
AcDbEntity
8
0
100
AcDbLine
10
-58.626855900384953
20
-11.054563280939879
30
0
11
-58.627109193230218
21
-11.316500240286725
31
0
0
LINE
5
737
100
AcDbEntity
8
0
100
AcDbLine
10
-58.627109193230211
20
-11.316500240286725
30
0
11
-58.768718885160148
21
-11.316363303819738
31
0
0
LINE
5
738
100
AcDbEntity
8
0
100
AcDbLine
10
-58.768718885160155
20
-11.316363303819738
30
0
11
-58.768267707090409
21
-10.849787899405523
31
0
0
LINE
5
739
100
AcDbEntity
8
0
100
AcDbLine
10
-58.768267707090402
20
-10.849787899405523
30
0
11
-58.635662037602067
21
-10.84991612898949
31
0
0
SPLINE
5
740
100
AcDbEntity
8
0
100
AcDbSpline
70
0
71
2
72
6
73
3
74
0
42
0.000000001
43
0.0000000001
44
0.0000000001
40
0
40
0
40
0
40
1
40
1
40
1
10
-58.635662037602074
20
-10.84991612898949
30
0
10
-58.500063925803829
20
-11.141452410651842
30
0
10
-58.143993171457453
20
-11.141796730806997
30
0
0
SPLINE
5
741
100
AcDbEntity
8
0
100
AcDbSpline
70
0
71
2
72
6
73
3
74
0
42
0.000000001
43
0.0000000001
44
0.0000000001
40
0
40
0
40
0
40
1
40
1
40
1
10
-58.143993171457453
20
-11.141796730806997
30
0
10
-57.943447551915817
20
-11.141990658272238
30
0
10
-57.813607514694503
20
-11.039387858214722
30
0
0
SPLINE
5
742
100
AcDbEntity
8
0
100
AcDbSpline
70
0
71
2
72
6
73
3
74
0
42
0.000000001
43
0.0000000001
44
0.0000000001
40
0
40
0
40
0
40
1
40
1
40
1
10
-57.813607514694503
20
-11.039387858214722
30
0
10
-57.683767402679244
20
-10.936784760206171
30
0
10
-57.683608302962206
20
-10.772255453948281
30
0
0
SPLINE
5
743
100
AcDbEntity
8
0
100
AcDbSpline
70
0
71
2
72
6
73
3
74
0
42
0.000000001
43
0.0000000001
44
0.0000000001
40
0
40
0
40
0
40
1
40
1
40
1
10
-57.683608302962206
20
-10.772255453948281
30
0
10
-57.683444454049358
20
-10.602814876268745
30
0
10
-57.813905597068185
20
-10.501188072407919
30
0
0
SPLINE
5
744
100
AcDbEntity
8
0
100
AcDbSpline
70
0
71
2
72
6
73
3
74
0
42
0.000000001
43
0.0000000001
44
0.0000000001
40
0
40
0
40
0
40
1
40
1
40
1
10
-57.813905597068185
20
-10.501188072407919
30
0
10
-57.944366739942915
20
-10.39956111953555
30
0
10
-58.135089742135484
20
-10.399376690533995
30
0
0
SPLINE
5
745
100
AcDbEntity
8
0
100
AcDbSpline
70
0
71
2
72
6
73
3
74
0
42
0.000000001
43
0.0000000001
44
0.0000000001
40
0
40
0
40
0
40
1
40
1
40
1
10
-58.135089742135484
20
-10.399376690533995
30
0
10
-58.496071767903508
20
-10.39902762118302
30
0
10
-58.635506104063623
20
-10.688661053349879
30
0
0
LINE
5
746
100
AcDbEntity
8
0
100
AcDbLine
10
-58.635506104063623
20
-10.688661053349879
30
0
11
-58.768111773551951
21
-10.688532823765913
31
0
0
LINE
5
747
100
AcDbEntity
8
0
100
AcDbLine
10
-58.768111773551951
20
-10.688532823765913
30
0
11
-58.767659803829488
21
-10.221138749938472
31
0
0
LINE
5
748
100
AcDbEntity
8
0
100
AcDbLine
10
-58.767659803829488
20
-10.22113874993847
30
0
11
-58.626050111899552
21
-10.221275686405455
31
0
0
LINE
5
749
100
AcDbEntity
8
0
100
AcDbLine
10
-58.383779325844756
20
-11.936380948512404
30
0
11
-58.370827404368661
21
-12.086188956064028
31
0
0
SPLINE
5
750
100
AcDbEntity
8
0
100
AcDbSpline
70
0
71
2
72
6
73
3
74
0
42
0.000000001
43
0.0000000001
44
0.0000000001
40
0
40
0
40
0
40
1
40
1
40
1
10
-58.370827404368661
20
-12.086188956064028
30
0
10
-58.460878514875276
20
-12.096743098913993
30
0
10
-58.518624111045384
20
-12.13556857902395
30
0
0
SPLINE
5
751
100
AcDbEntity
8
0
100
AcDbSpline
70
0
71
2
72
6
73
3
74
0
42
0.000000001
43
0.0000000001
44
0.0000000001
40
0
40
0
40
0
40
1
40
1
40
1
10
-58.518624111045384
20
-12.13556857902395
30
0
10
-58.576369856227032
20
-12.174394058989812
30
0
10
-58.612056063342095
20
-12.256214945418243
30
0
0
SPLINE
5
752
100
AcDbEntity
8
0
100
AcDbSpline
70
0
71
2
72
6
73
3
74
0
42
0.000000001
43
0.0000000001
44
0.0000000001
40
0
40
0
40
0
40
1
40
1
40
1
10
-58.612056063342095
20
-12.256214945418243
30
0
10
-58.647742270457158
20
-12.338035831846671
30
0
10
-58.647841212925307
20
-12.440354905368816
30
0
0
SPLINE
5
753
100
AcDbEntity
8
0
100
AcDbSpline
70
0
71
2
72
6
73
3
74
0
42
0.000000001
43
0.0000000001
44
0.0000000001
40
0
40
0
40
0
40
1
40
1
40
1
10
-58.647841212925307
20
-12.440354905368816
30
0
10
-58.647929073984571
20
-12.531214395244296
30
0
10
-58.620984138618766
20
-12.600817581399891
30
0
0
SPLINE
5
754
100
AcDbEntity
8
0
100
AcDbSpline
70
0
71
2
72
6
73
3
74
0
42
0.000000001
43
0.0000000001
44
0.0000000001
40
0
40
0
40
0
40
1
40
1
40
1
10
-58.620984138618766
20
-12.600817581399891
30
0
10
-58.594039054241421
20
-12.670420767699575
30
0
10
-58.547005117621069
20
-12.704436442537531
30
0
0
SPLINE
5
755
100
AcDbEntity
8
0
100
AcDbSpline
70
0
71
2
72
6
73
3
74
0
42
0.000000001
43
0.0000000001
44
0.0000000001
40
0
40
0
40
0
40
1
40
1
40
1
10
-58.547005117621069
20
-12.704436442537531
30
0
10
-58.499971180712521
20
-12.738451819352402
30
0
10
-58.44430955822488
20
-12.738505644100034
30
0
0
SPLINE
5
756
100
AcDbEntity
8
0
100
AcDbSpline
70
0
71
2
72
6
73
3
74
0
42
0.000000001
43
0.0000000001
44
0.0000000001
40
0
40
0
40
0
40
1
40
1
40
1
10
-58.44430955822488
20
-12.738505644100034
30
0
10
-58.387829266324005
20
-12.738560260500378
30
0
10
-58.345642090506956
20
-12.705859016691736
30
0
0
SPLINE
5
757
100
AcDbEntity
8
0
100
AcDbSpline
70
0
71
2
72
6
73
3
74
0
42
0.000000001
43
0.0000000001
44
0.0000000001
40
0
40
0
40
0
40
1
40
1
40
1
10
-58.345642090506956
20
-12.705859016691736
30
0
10
-58.303454914401712
20
-12.673157474860009
30
0
10
-58.274732686575426
20
-12.597878321628716
30
0
0
SPLINE
5
758
100
AcDbEntity
8
0
100
AcDbSpline
70
0
71
2
72
6
73
3
74
0
42
0.000000001
43
0.0000000001
44
0.0000000001
40
0
40
0
40
0
40
1
40
1
40
1
10
-58.274732686575426
20
-12.597878321628716
30
0
10
-58.255859271397135
20
-12.549601886198062
30
0
10
-58.215999575924528
20
-12.384292300208045
30
0
0
SPLINE
5
759
100
AcDbEntity
8
0
100
AcDbSpline
70
0
71
2
72
6
73
3
74
0
42
0.000000001
43
0.0000000001
44
0.0000000001
40
0
40
0
40
0
40
1
40
1
40
1
10
-58.215999575924528
20
-12.384292300208045
30
0
10
-58.176139880740095
20
-12.218983012241114
30
0
10
-58.140877972921956
20
-12.152714064724996
30
0
0
SPLINE
5
760
100
AcDbEntity
8
0
100
AcDbSpline
70
0
71
2
72
6
73
3
74
0
42
0.000000001
43
0.0000000001
44
0.0000000001
40
0
40
0
40
0
40
1
40
1
40
1
10
-58.140877972921956
20
-12.152714064724996
30
0
10
-58.095774376465698
20
-12.066809530058027
30
0
10
-58.02902151731373
20
-12.024718675296398
30
0
0
SPLINE
5
761
100
AcDbEntity
8
0
100
AcDbSpline
70
0
71
2
72
6
73
3
74
0
42
0.000000001
43
0.0000000001
44
0.0000000001
40
0
40
0
40
0
40
1
40
1
40
1
10
-58.02902151731373
20
-12.024718675296398
30
0
10
-57.962268657873572
20
-11.982627522511688
30
0
10
-57.87959474454378
20
-11.982707468124511
30
0
0
SPLINE
5
762
100
AcDbEntity
8
0
100
AcDbSpline
70
0
71
2
72
6
73
3
74
0
42
0.000000001
43
0.0000000001
44
0.0000000001
40
0
40
0
40
0
40
1
40
1
40
1
10
-57.87959474454378
20
-11.982707468124511
30
0
10
-57.788735329174074
20
-11.982795329111733
30
0
10
-57.709794773867927
20
-12.034440733270895
30
0
0
SPLINE
5
763
100
AcDbEntity
8
0
100
AcDbSpline
70
0
71
2
72
6
73
3
74
0
42
0.000000001
43
0.0000000001
44
0.0000000001
40
0
40
0
40
0
40
1
40
1
40
1
10
-57.709794773867927
20
-12.034440733270895
30
0
10
-57.630854218273598
20
-12.086085839406975
30
0
10
-57.590022335496101
20
-12.185170408338461
30
0
0
SPLINE
5
764
100
AcDbEntity
8
0
100
AcDbSpline
70
0
71
2
72
6
73
3
74
0
42
0.000000001
43
0.0000000001
44
0.0000000001
40
0
40
0
40
0
40
1
40
1
40
1
10
-57.590022335496101
20
-12.185170408338461
30
0
10
-57.549190378212828
20
-12.284254977341993
30
0
10
-57.549307526099732
20
-12.405400765160582
30
0
0
SPLINE
5
765
100
AcDbEntity
8
0
100
AcDbSpline
70
0
71
2
72
6
73
3
74
0
42
0.000000001
43
0.0000000001
44
0.0000000001
40
0
40
0
40
0
40
1
40
1
40
1
10
-57.549307526099732
20
-12.405400765160582
30
0
10
-57.549436547336413
20
-12.538825104062139
30
0
10
-57.592509203349216
20
-12.640693435957486
30
0
0
SPLINE
5
766
100
AcDbEntity
8
0
100
AcDbSpline
70
0
71
2
72
6
73
3
74
0
42
0.000000001
43
0.0000000001
44
0.0000000001
40
0
40
0
40
0
40
1
40
1
40
1
10
-57.592509203349216
20
-12.640693435957486
30
0
10
-57.635581784856249
20
-12.742561767924883
30
0
10
-57.719127251826734
20
-12.797324132889401
30
0
0
SPLINE
5
767
100
AcDbEntity
8
0
100
AcDbSpline
70
0
71
2
72
6
73
3
74
0
42
0.000000001
43
0.0000000001
44
0.0000000001
40
0
40
0
40
0
40
1
40
1
40
1
10
-57.719127251826734
20
-12.797324132889401
30
0
10
-57.802672793302989
20
-12.852086497781873
30
0
10
-57.908270129636378
20
-12.856077140083059
30
0
0
LINE
5
768
100
AcDbEntity
8
0
100
AcDbLine
10
-57.908270129636378
20
-12.856077140083059
30
0
11
-57.919582635927334
21
-12.703815303355167
31
0
0
SPLINE
5
769
100
AcDbEntity
8
0
100
AcDbSpline
70
0
71
2
72
6
73
3
74
0
42
0.000000001
43
0.0000000001
44
0.0000000001
40
0
40
0
40
0
40
1
40
1
40
1
10
-57.919582635927334
20
-12.703815303355167
30
0
10
-57.80579180738566
20
-12.691646776437413
30
0
10
-57.747606080881653
20
-12.62089805531221
30
0
0
SPLINE
5
770
100
AcDbEntity
8
0
100
AcDbSpline
70
0
71
2
72
6
73
3
74
0
42
0.000000001
43
0.0000000001
44
0.0000000001
40
0
40
0
40
0
40
1
40
1
40
1
10
-57.747606080881653
20
-12.62089805531221
30
0
10
-57.689420280160057
20
-12.550149632282142
30
0
10
-57.689286509583454
20
-12.411813872947395
30
0
0
SPLINE
5
771
100
AcDbEntity
8
0
100
AcDbSpline
70
0
71
2
72
6
73
3
74
0
42
0.000000001
43
0.0000000001
44
0.0000000001
40
0
40
0
40
0
40
1
40
1
40
1
10
-57.689286509583454
20
-12.411813872947395
30
0
10
-57.689147198590611
20
-12.2677486198124
30
0
10
-57.74188020620096
20
-12.201804065379438
30
0
0
SPLINE
5
772
100
AcDbEntity
8
0
100
AcDbSpline
70
0
71
2
72
6
73
3
74
0
42
0.000000001
43
0.0000000001
44
0.0000000001
40
0
40
0
40
0
40
1
40
1
40
1
10
-57.74188020620096
20
-12.201804065379438
30
0
10
-57.794613213811317
20
-12.135859510946474
30
0
10
-57.86910155059541
20
-12.135787480780094
30
0
0
SPLINE
5
773
100
AcDbEntity
8
0
100
AcDbSpline
70
0
71
2
72
6
73
3
74
0
42
0.000000001
43
0.0000000001
44
0.0000000001
40
0
40
0
40
0
40
1
40
1
40
1
10
-57.86910155059541
20
-12.135787480780094
30
0
10
-57.933767270030437
20
-12.1357249490774
30
0
10
-57.975558641725485
20
-12.182341882503607
30
0
0
SPLINE
5
774
100
AcDbEntity
8
0
100
AcDbSpline
70
0
71
2
72
6
73
3
74
0
42
0.000000001
43
0.0000000001
44
0.0000000001
40
0
40
0
40
0
40
1
40
1
40
1
10
-57.975558641725485
20
-12.182341882503607
30
0
10
-58.017349222344194
20
-12.228140742562758
30
0
10
-58.061328976676705
20
-12.421686144287156
30
0
0
SPLINE
5
775
100
AcDbEntity
8
0
100
AcDbSpline
70
0
71
2
72
6
73
3
74
0
42
0.000000001
43
0.0000000001
44
0.0000000001
40
0
40
0
40
0
40
1
40
1
40
1
10
-58.061328976676705
20
-12.421686144287156
30
0
10
-58.105308805803176
20
-12.615231843962594
30
0
10
-58.138120618326745
20
-12.687232659876866
30
0
0
SPLINE
5
776
100
AcDbEntity
8
0
100
AcDbSpline
70
0
71
2
72
6
73
3
74
0
42
0.000000001
43
0.0000000001
44
0.0000000001
40
0
40
0
40
0
40
1
40
1
40
1
10
-58.138120618326745
20
-12.687232659876866
30
0
10
-58.186516576602443
20
-12.791961040756835
30
0
10
-58.260643937084794
20
-12.841821087997538
30
0
0
SPLINE
5
777
100
AcDbEntity
8
0
100
AcDbSpline
70
0
71
2
72
6
73
3
74
0
42
0.000000001
43
0.0000000001
44
0.0000000001
40
0
40
0
40
0
40
1
40
1
40
1
10
-58.260643937084794
20
-12.841821087997538
30
0
10
-58.334771372072908
20
-12.891681135166195
30
0
10
-58.431360653771726
20
-12.891587733402488
30
0
0
SPLINE
5
778
100
AcDbEntity
8
0
100
AcDbSpline
70
0
71
2
72
6
73
3
74
0
42
0.000000001
43
0.0000000001
44
0.0000000001
40
0
40
0
40
0
40
1
40
1
40
1
10
-58.431360653771726
20
-12.891587733402488
30
0
10
-58.527131415068851
20
-12.891495123147401
30
0
10
-58.611798745175385
20
-12.836570096532967
30
0
0
SPLINE
5
779
100
AcDbEntity
8
0
100
AcDbSpline
70
0
71
2
72
6
73
3
74
0
42
0.000000001
43
0.0000000001
44
0.0000000001
40
0
40
0
40
0
40
1
40
1
40
1
10
-58.611798745175385
20
-12.836570096532967
30
0
10
-58.696465926270363
20
-12.781645070062627
30
0
10
-58.743433373572877
20
-12.678870999275453
30
0
0
SPLINE
5
780
100
AcDbEntity
8
0
100
AcDbSpline
70
0
71
2
72
6
73
3
74
0
42
0.000000001
43
0.0000000001
44
0.0000000001
40
0
40
0
40
0
40
1
40
1
40
1
10
-58.743433373572877
20
-12.678870999275453
30
0
10
-58.790400970175114
20
-12.576097226367269
30
0
10
-58.790276698278348
20
-12.447584307898898
30
0
0
SPLINE
5
781
100
AcDbEntity
8
0
100
AcDbSpline
70
0
71
2
72
6
73
3
74
0
42
0.000000001
43
0.0000000001
44
0.0000000001
40
0
40
0
40
0
40
1
40
1
40
1
10
-58.790276698278348
20
-12.447584307898898
30
0
10
-58.790119181578561
20
-12.284692042444377
30
0
10
-58.74253659897056
20
-12.174642561950613
30
0
0
SPLINE
5
782
100
AcDbEntity
8
0
100
AcDbSpline
70
0
71
2
72
6
73
3
74
0
42
0.000000001
43
0.0000000001
44
0.0000000001
40
0
40
0
40
0
40
1
40
1
40
1
10
-58.74253659897056
20
-12.174642561950613
30
0
10
-58.694954016362544
20
-12.064593081456849
30
0
10
-58.59953188782935
20
-12.002065877598856
30
0
0
SPLINE
5
783
100
AcDbEntity
8
0
100
AcDbSpline
70
0
71
2
72
6
73
3
74
0
42
0.000000001
43
0.0000000001
44
0.0000000001
40
0
40
0
40
0
40
1
40
1
40
1
10
-58.59953188782935
20
-12.002065877598856
30
0
10
-58.504109908307683
20
-11.93953867359677
30
0
10
-58.383779325844756
20
-11.936380948512404
30
0
0
LINE
5
784
100
AcDbEntity
8
0
100
AcDbLine
10
-58.770446818365151
20
-13.103265611293949
30
0
11
-57.570447406239367
21
-13.104426009834761
31
0
0
LINE
5
785
100
AcDbEntity
8
0
100
AcDbLine
10
-57.570447406239381
20
-13.104426009834761
30
0
11
-57.570678536266882
21
-13.343443801888281
31
0
0
LINE
5
786
100
AcDbEntity
8
0
100
AcDbLine
10
-57.570678536266875
20
-13.343443801888281
30
0
11
-58.420611724962072
21
-13.626660235999246
31
0
0
SPLINE
5
787
100
AcDbEntity
8
0
100
AcDbSpline
70
0
71
2
72
6
73
3
74
0
42
0.000000001
43
0.0000000001
44
0.0000000001
40
0
40
0
40
0
40
1
40
1
40
1
10
-58.420611724962072
20
-13.626660235999246
30
0
10
-58.539339945142153
20
-13.66583563401138
30
0
10
-58.598293212302302
20
-13.683786985991478
30
0
0
SPLINE
5
788
100
AcDbEntity
8
0
100
AcDbSpline
70
0
71
2
72
6
73
3
74
0
42
0.000000001
43
0.0000000001
44
0.0000000001
40
0
40
0
40
0
40
1
40
1
40
1
10
-58.598293212302302
20
-13.683786985991478
30
0
10
-58.532828686684006
20
-13.704314362397735
30
0
10
-58.405994909572485
20
-13.747820271549386
30
0
0
LINE
5
789
100
AcDbEntity
8
0
100
AcDbLine
10
-58.405994909572485
20
-13.747820271549386
30
0
11
-57.571348179361628
21
-14.035939777859824
31
0
0
LINE
5
790
100
AcDbEntity
8
0
100
AcDbLine
10
-57.571348179361635
20
-14.035939777859824
30
0
11
-57.571554771613236
21
-14.249582394380344
31
0
0
LINE
5
791
100
AcDbEntity
8
0
100
AcDbLine
10
-57.571554771613236
20
-14.249582394380344
30
0
11
-58.771554183739021
21
-14.248421995839532
31
0
0
LINE
5
792
100
AcDbEntity
8
0
100
AcDbLine
10
-58.771554183739013
20
-14.248421995839532
30
0
11
-58.771406165719057
21
-14.095352571251389
31
0
0
LINE
5
793
100
AcDbEntity
8
0
100
AcDbLine
10
-58.771406165719057
20
-14.095352571251389
30
0
11
-57.767041027207497
21
-14.096323791594829
31
0
0
LINE
5
794
100
AcDbEntity
8
0
100
AcDbLine
10
-57.767041027207497
20
-14.096323791594827
30
0
11
-58.771068969501727
21
-13.746648873049024
31
0
0
LINE
5
795
100
AcDbEntity
8
0
100
AcDbLine
10
-58.771068969501712
20
-13.746648873049025
30
0
11
-58.770930449585208
21
-13.603401693281089
31
0
0
LINE
5
796
100
AcDbEntity
8
0
100
AcDbLine
10
-58.770930449585208
20
-13.603401693281088
30
0
11
-57.749040024380484
21
-13.257322878627038
31
0
0
LINE
5
797
100
AcDbEntity
8
0
100
AcDbLine
10
-57.749040024380484
20
-13.257322878627038
30
0
11
-58.770594836385115
21
-13.25633503588209
31
0
0
LINE
5
798
100
AcDbEntity
8
0
100
AcDbLine
10
-58.770594836385115
20
-13.256335035882092
30
0
11
-58.770446818365158
21
-13.103265611293949
31
0
0
LINE
5
799
100
AcDbEntity
8
0
100
AcDbLine
10
-58.771674497660399
20
-14.372841865264856
30
0
11
-57.572120722899925
21
-14.834847876396553
31
0
0
LINE
5
800
100
AcDbEntity
8
0
100
AcDbLine
10
-57.572120722899925
20
-14.834847876396553
30
0
11
-57.572286154974108
21
-15.005925643890999
31
0
0
LINE
5
801
100
AcDbEntity
8
0
100
AcDbLine
10
-57.572286154974115
20
-15.005925643891
30
0
11
-58.772760491292843
21
-15.495897155884178
31
0
0
LINE
5
802
100
AcDbEntity
8
0
100
AcDbLine
10
-58.772760491292829
20
-15.495897155884178
30
0
11
-58.7725855611152
21
-15.314997143569522
31
0
0
LINE
5
803
100
AcDbEntity
8
0
100
AcDbLine
10
-58.7725855611152
20
-15.314997143569524
30
0
11
-58.409012396742781
21
-15.175375489501302
31
0
0
LINE
5
804
100
AcDbEntity
8
0
100
AcDbLine
10
-58.409012396742781
20
-15.175375489501302
30
0
11
-58.408527182505487
21
-14.673602366710794
31
0
0
LINE
5
805
100
AcDbEntity
8
0
100
AcDbLine
10
-58.408527182505487
20
-14.673602366710794
30
0
11
-58.771837555064621
21
-14.541463922542711
31
0
0
LINE
5
806
100
AcDbEntity
8
0
100
AcDbLine
10
-58.771837555064621
20
-14.541463922542707
30
0
11
-58.771674497660399
21
-14.372841865264856
31
0
0
LINE
5
807
100
AcDbEntity
8
0
100
AcDbLine
10
-58.279240069847333
20
-14.719566360748995
30
0
11
-58.279633465626347
21
-15.126387540667142
31
0
0
LINE
5
808
100
AcDbEntity
8
0
100
AcDbLine
10
-58.279633465626347
20
-15.126387540667142
30
0
11
-57.947179665641556
21
-15.001470069274047
31
0
0
SPLINE
5
809
100
AcDbEntity
8
0
100
AcDbSpline
70
0
71
2
72
6
73
3
74
0
42
0.000000001
43
0.0000000001
44
0.0000000001
40
0
40
0
40
0
40
1
40
1
40
1
10
-57.947179665641542
20
-15.001470069274047
30
0
10
-57.795691874235999
20
-14.944317989997291
30
0
10
-57.698257085472051
20
-14.916581595615156
30
0
0
SPLINE
5
810
100
AcDbEntity
8
0
100
AcDbSpline
70
0
71
2
72
6
73
3
74
0
42
0.000000001
43
0.0000000001
44
0.0000000001
40
0
40
0
40
0
40
1
40
1
40
1
10
-57.698257085472051
20
-14.916581595615156
30
0
10
-57.813650992578943
20
-14.893550225021158
30
0
10
-57.927389504452179
20
-14.851693723292057
30
0
0
LINE
5
811
100
AcDbEntity
8
0
100
AcDbLine
10
-57.927389504452179
20
-14.851693723292057
30
0
11
-58.27924006984734
21
-14.719566360748995
31
0
0
LINE
5
812
100
AcDbEntity
8
0
100
AcDbLine
10
-64.353860148355963
20
-8.3471003310611938
30
0
11
-63.153860203794061
21
-8.3473623967210422
31
0
0
LINE
5
813
100
AcDbEntity
8
0
100
AcDbLine
10
-63.153860203794061
20
-8.347362396721044
30
0
11
-63.153959059397224
21
-8.8000226894894809
31
0
0
SPLINE
5
814
100
AcDbEntity
8
0
100
AcDbSpline
70
0
71
2
72
6
73
3
74
0
42
0.000000001
43
0.0000000001
44
0.0000000001
40
0
40
0
40
0
40
1
40
1
40
1
10
-63.153959059397224
20
-8.8000226894894809
30
0
10
-63.15398515870848
20
-8.919531564036177
30
0
10
-63.165458661152016
20
-8.9825576934577729
30
0
0
SPLINE
5
815
100
AcDbEntity
8
0
100
AcDbSpline
70
0
71
2
72
6
73
3
74
0
42
0.000000001
43
0.0000000001
44
0.0000000001
40
0
40
0
40
0
40
1
40
1
40
1
10
-63.165458661152016
20
-8.9825576934577729
30
0
10
-63.180211937304414
20
-9.0709582946180696
30
0
10
-63.221561924704979
20
-9.1307036671448731
30
0
0
SPLINE
5
816
100
AcDbEntity
8
0
100
AcDbSpline
70
0
71
2
72
6
73
3
74
0
42
0.000000001
43
0.0000000001
44
0.0000000001
40
0
40
0
40
0
40
1
40
1
40
1
10
-63.221561924704979
20
-9.1307036671448731
30
0
10
-63.262911986627628
20
-9.1904491141612112
30
0
10
-63.337408311375825
20
-9.2268584364371407
30
0
0
SPLINE
5
817
100
AcDbEntity
8
0
100
AcDbSpline
70
0
71
2
72
6
73
3
74
0
42
0.000000001
43
0.0000000001
44
0.0000000001
40
0
40
0
40
0
40
1
40
1
40
1
10
-63.337408311375825
20
-9.2268584364371407
30
0
10
-63.411904710646098
20
-9.2632678332026028
30
0
10
-63.501127050294329
20
-9.2632483481089416
30
0
0
SPLINE
5
818
100
AcDbEntity
8
0
100
AcDbSpline
70
0
71
2
72
6
73
3
74
0
42
0.000000001
43
0.0000000001
44
0.0000000001
40
0
40
0
40
0
40
1
40
1
40
1
10
-63.501127050294329
20
-9.2632483481089416
30
0
10
-63.65419661730472
20
-9.263214919543163
30
0
10
-63.760178030458178
20
-9.1657838499963926
30
0
0
SPLINE
5
819
100
AcDbEntity
8
0
100
AcDbSpline
70
0
71
2
72
6
73
3
74
0
42
0.000000001
43
0.0000000001
44
0.0000000001
40
0
40
0
40
0
40
1
40
1
40
1
10
-63.760178030458178
20
-9.1657838499963926
30
0
10
-63.866159592623234
20
-9.0683527804170811
30
0
10
-63.866103997538737
20
-8.813782615250739
30
0
0
LINE
5
820
100
AcDbEntity
8
0
100
AcDbLine
10
-63.866103997538737
20
-8.813782615250739
30
0
11
-63.866036782872449
21
-8.5060063279415328
31
0
0
LINE
5
821
100
AcDbEntity
8
0
100
AcDbLine
10
-63.866036782872449
20
-8.5060063279415328
30
0
11
-64.353894828260763
21
-8.5058997855694614
31
0
0
LINE
5
822
100
AcDbEntity
8
0
100
AcDbLine
10
-64.353894828260763
20
-8.5058997855694614
30
0
11
-64.353860148355963
21
-8.3471003310611938
31
0
0
LINE
5
823
100
AcDbEntity
8
0
100
AcDbLine
10
-63.724426879099106
20
-8.5060372538536893
30
0
11
-63.724494630047147
21
-8.816269177963278
31
0
0
SPLINE
5
824
100
AcDbEntity
8
0
100
AcDbSpline
70
0
71
2
72
6
73
3
74
0
42
0.000000001
43
0.0000000001
44
0.0000000001
40
0
40
0
40
0
40
1
40
1
40
1
10
-63.724494630047147
20
-8.816269177963278
30
0
10
-63.724528237368091
20
-8.9701572657385285
30
0
10
-63.667243596375307
20
-9.0348355272312784
30
0
0
SPLINE
5
825
100
AcDbEntity
8
0
100
AcDbSpline
70
0
71
2
72
6
73
3
74
0
42
0.000000001
43
0.0000000001
44
0.0000000001
40
0
40
0
40
0
40
1
40
1
40
1
10
-63.667243596375307
20
-9.0348355272312784
30
0
10
-63.609958955382524
20
-9.0995137887240283
30
0
10
-63.50600264592039
20
-9.099536491540773
30
0
0
SPLINE
5
826
100
AcDbEntity
8
0
100
AcDbSpline
70
0
71
2
72
6
73
3
74
0
42
0.000000001
43
0.0000000001
44
0.0000000001
40
0
40
0
40
0
40
1
40
1
40
1
10
-63.50600264592039
20
-9.099536491540773
30
0
10
-63.43069568081539
20
-9.0995529376827839
30
0
10
-63.377072097608348
20
-9.0615019409357203
30
0
0
SPLINE
5
827
100
AcDbEntity
8
0
100
AcDbSpline
70
0
71
2
72
6
73
3
74
0
42
0.000000001
43
0.0000000001
44
0.0000000001
40
0
40
0
40
0
40
1
40
1
40
1
10
-63.377072097608348
20
-9.0615019409357203
30
0
10
-63.323448514385035
20
-9.0234508696828541
30
0
10
-63.306245247335696
20
-8.9612445868831401
30
0
0
SPLINE
5
828
100
AcDbEntity
8
0
100
AcDbSpline
70
0
71
2
72
6
73
3
74
0
42
0.000000001
43
0.0000000001
44
0.0000000001
40
0
40
0
40
0
40
1
40
1
40
1
10
-63.306245247335696
20
-8.9612445868831401
30
0
10
-63.295595270996813
20
-8.9211377541920847
30
0
10
-63.295571674355443
20
-8.8130886173882423
30
0
0
LINE
5
829
100
AcDbEntity
8
0
100
AcDbLine
10
-63.295571674355443
20
-8.8130886173882423
30
0
11
-63.295504638460585
21
-8.5061309253496979
31
0
0
LINE
5
830
100
AcDbEntity
8
0
100
AcDbLine
10
-63.295504638460585
20
-8.5061309253496979
30
0
11
-63.724426879099106
21
-8.5060372538536893
31
0
0
SPLINE
5
831
100
AcDbEntity
8
0
100
AcDbSpline
70
0
71
2
72
6
73
3
74
0
42
0.000000001
43
0.0000000001
44
0.0000000001
40
0
40
0
40
0
40
1
40
1
40
1
10
-63.919436139654266
20
-9.3916699760168303
30
0
10
-63.677962753760497
20
-9.3917227109211083
30
0
10
-63.56175742831919
20
-9.5259909395397706
30
0
0
SPLINE
5
832
100
AcDbEntity
8
0
100
AcDbSpline
70
0
71
2
72
6
73
3
74
0
42
0.000000001
43
0.0000000001
44
0.0000000001
40
0
40
0
40
0
40
1
40
1
40
1
10
-63.56175742831919
20
-9.5259909395397706
30
0
10
-63.465192594197447
20
-9.6381538486289156
30
0
10
-63.465227810396208
20
-9.7994089958169184
30
0
0
SPLINE
5
833
100
AcDbEntity
8
0
100
AcDbSpline
70
0
71
2
72
6
73
3
74
0
42
0.000000001
43
0.0000000001
44
0.0000000001
40
0
40
0
40
0
40
1
40
1
40
1
10
-63.465227810396208
20
-9.7994089958169184
30
0
10
-63.465266959371228
20
-9.978672344889862
30
0
10
-63.582754305443743
20
-10.092425549146437
30
0
0
SPLINE
5
834
100
AcDbEntity
8
0
100
AcDbSpline
70
0
71
2
72
6
73
3
74
0
42
0.000000001
43
0.0000000001
44
0.0000000001
40
0
40
0
40
0
40
1
40
1
40
1
10
-63.582754305443743
20
-10.092425549146437
30
0
10
-63.700241577043002
20
-10.206178902430894
30
0
10
-63.907335600696612
20
-10.206133675568836
30
0
0
SPLINE
5
835
100
AcDbEntity
8
0
100
AcDbSpline
70
0
71
2
72
6
73
3
74
0
42
0.000000001
43
0.0000000001
44
0.0000000001
40
0
40
0
40
0
40
1
40
1
40
1
10
-63.907335600696612
20
-10.206133675568836
30
0
10
-64.075139212026698
20
-10.206097029263702
30
0
10
-64.171308356856031
20
-10.155735134985875
30
0
0
SPLINE
5
836
100
AcDbEntity
8
0
100
AcDbSpline
70
0
71
2
72
6
73
3
74
0
42
0.000000001
43
0.0000000001
44
0.0000000001
40
0
40
0
40
0
40
1
40
1
40
1
10
-64.171308356856031
20
-10.155735134985875
30
0
10
-64.267477352608651
20
-10.10537294271737
30
0
10
-64.320662432937269
20
-10.009181333476761
30
0
0
SPLINE
5
837
100
AcDbEntity
8
0
100
AcDbSpline
70
0
71
2
72
6
73
3
74
0
42
0.000000001
43
0.0000000001
44
0.0000000001
40
0
40
0
40
0
40
1
40
1
40
1
10
-64.320662432937269
20
-10.009181333476761
30
0
10
-64.373847364221731
20
-9.9129895752570825
30
0
10
-64.373822516245426
20
-9.799210569581815
30
0
0
SPLINE
5
838
100
AcDbEntity
8
0
100
AcDbSpline
70
0
71
2
72
6
73
3
74
0
42
0.000000001
43
0.0000000001
44
0.0000000001
40
0
40
0
40
0
40
1
40
1
40
1
10
-64.373822516245426
20
-9.799210569581815
30
0
10
-64.373782652249744
20
-9.6166731374494336
30
0
10
-64.25670498368774
20
-9.5041475504242197
30
0
0
SPLINE
5
839
100
AcDbEntity
8
0
100
AcDbSpline
70
0
71
2
72
6
73
3
74
0
42
0.000000001
43
0.0000000001
44
0.0000000001
40
0
40
0
40
0
40
1
40
1
40
1
10
-64.25670498368774
20
-9.5041475504242197
30
0
10
-64.139627166097853
20
-9.3916218889257426
30
0
10
-63.919436139654266
20
-9.3916699760168303
30
0
0
SPLINE
5
840
100
AcDbEntity
8
0
100
AcDbSpline
70
0
71
2
72
6
73
3
74
0
42
0.000000001
43
0.0000000001
44
0.0000000001
40
0
40
0
40
0
40
1
40
1
40
1
10
-63.919469210709721
20
-9.5431025014975042
30
0
10
-64.086454152263343
20
-9.5430660339800752
30
0
10
-64.16955327248543
20
-9.6158990688919559
30
0
0
SPLINE
5
841
100
AcDbEntity
8
0
100
AcDbSpline
70
0
71
2
72
6
73
3
74
0
42
0.000000001
43
0.0000000001
44
0.0000000001
40
0
40
0
40
0
40
1
40
1
40
1
10
-64.16955327248543
20
-9.6158990688919559
30
0
10
-64.252652392740075
20
-9.6887322528154467
30
0
10
-64.252676525663205
20
-9.7992370264196698
30
0
0
SPLINE
5
842
100
AcDbEntity
8
0
100
AcDbSpline
70
0
71
2
72
6
73
3
74
0
42
0.000000001
43
0.0000000001
44
0.0000000001
40
0
40
0
40
0
40
1
40
1
40
1
10
-64.252676525663205
20
-9.7992370264196698
30
0
10
-64.252700479831162
20
-9.9089232792590352
30
0
10
-64.169223993420403
20
-9.9817928413061026
30
0
0
SPLINE
5
843
100
AcDbEntity
8
0
100
AcDbSpline
70
0
71
2
72
6
73
3
74
0
42
0.000000001
43
0.0000000001
44
0.0000000001
40
0
40
0
40
0
40
1
40
1
40
1
10
-64.169223993420403
20
-9.9817928413061026
30
0
10
-64.085747357965502
20
-10.054662254374103
30
0
10
-63.914669663575978
20
-10.054699615699882
30
0
0
SPLINE
5
844
100
AcDbEntity
8
0
100
AcDbSpline
70
0
71
2
72
6
73
3
74
0
42
0.000000001
43
0.0000000001
44
0.0000000001
40
0
40
0
40
0
40
1
40
1
40
1
10
-63.914669663575978
20
-10.054699615699882
30
0
10
-63.75341451638797
20
-10.054734831898637
30
0
10
-63.670315306772025
20
-9.9814924620985224
30
0
0
SPLINE
5
845
100
AcDbEntity
8
0
100
AcDbSpline
70
0
71
2
72
6
73
3
74
0
42
0.000000001
43
0.0000000001
44
0.0000000001
40
0
40
0
40
0
40
1
40
1
40
1
10
-63.670315306772025
20
-9.9814924620985224
30
0
10
-63.58721609715608
20
-9.908250092298406
30
0
10
-63.587192321743274
20
-9.7993823602239001
30
0
0
SPLINE
5
846
100
AcDbEntity
8
0
100
AcDbSpline
70
0
71
2
72
6
73
3
74
0
42
0.000000001
43
0.0000000001
44
0.0000000001
40
0
40
0
40
0
40
1
40
1
40
1
10
-63.587192321743274
20
-9.7993823602239001
30
0
10
-63.587168188820158
20
-9.688877586619677
30
0
10
-63.669826228971857
20
-9.6160082033115
30
0
0
SPLINE
5
847
100
AcDbEntity
8
0
100
AcDbSpline
70
0
71
2
72
6
73
3
74
0
42
0.000000001
43
0.0000000001
44
0.0000000001
40
0
40
0
40
0
40
1
40
1
40
1
10
-63.669826228971857
20
-9.6160082033115
30
0
10
-63.752484194650293
20
-9.5431389690312045
30
0
10
-63.919469210709721
20
-9.5431025014975042
30
0
0
LINE
5
848
100
AcDbEntity
8
0
100
AcDbLine
10
-64.354303479116737
20
-10.377114063693028
30
0
11
-63.484999260096842
21
-10.377303909354939
31
0
0
LINE
5
849
100
AcDbEntity
8
0
100
AcDbLine
10
-63.484999260096842
20
-10.377303909354939
30
0
11
-63.485028219604594
21
-10.509909637680009
31
0
0
LINE
5
850
100
AcDbEntity
8
0
100
AcDbLine
10
-63.485028219604594
20
-10.509909637680009
30
0
11
-63.616815427164809
21
-10.50988085692742
31
0
0
SPLINE
5
851
100
AcDbEntity
8
0
100
AcDbSpline
70
0
71
2
72
6
73
3
74
0
42
0.000000001
43
0.0000000001
44
0.0000000001
40
0
40
0
40
0
40
1
40
1
40
1
10
-63.616815427164809
20
-10.50988085692742
30
0
10
-63.524329864215339
20
-10.560651430674321
30
0
10
-63.494871309607788
20
-10.603631919909088
30
0
0
SPLINE
5
852
100
AcDbEntity
8
0
100
AcDbSpline
70
0
71
2
72
6
73
3
74
0
42
0.000000001
43
0.0000000001
44
0.0000000001
40
0
40
0
40
0
40
1
40
1
40
1
10
-63.494871309607788
20
-10.603631919909088
30
0
10
-63.46541275500023
20
-10.646612409143849
30
0
10
-63.465424017031026
20
-10.698181303492486
30
0
0
SPLINE
5
853
100
AcDbEntity
8
0
100
AcDbSpline
70
0
71
2
72
6
73
3
74
0
42
0.000000001
43
0.0000000001
44
0.0000000001
40
0
40
0
40
0
40
1
40
1
40
1
10
-63.465424017031026
20
-10.698181303492486
30
0
10
-63.465440284434145
20
-10.772669822338436
30
0
10
-63.512933229582941
20
-10.849603386244917
30
0
0
LINE
5
854
100
AcDbEntity
8
0
100
AcDbLine
10
-63.512933229582941
20
-10.849603386244917
30
0
11
-63.649620627468281
21
-10.798823159345037
31
0
0
SPLINE
5
855
100
AcDbEntity
8
0
100
AcDbSpline
70
0
71
2
72
6
73
3
74
0
42
0.000000001
43
0.0000000001
44
0.0000000001
40
0
40
0
40
0
40
1
40
1
40
1
10
-63.649620627468281
20
-10.798823159345037
30
0
10
-63.61768525274384
20
-10.744805674429745
30
0
10
-63.617673454415012
20
-10.690781068774921
30
0
0
SPLINE
5
856
100
AcDbEntity
8
0
100
AcDbSpline
70
0
71
2
72
6
73
3
74
0
42
0.000000001
43
0.0000000001
44
0.0000000001
40
0
40
0
40
0
40
1
40
1
40
1
10
-63.617673454415012
20
-10.690781068774921
30
0
10
-63.617662907437413
20
-10.64248640649733
30
0
10
-63.646713184864737
20
-10.604008094364284
30
0
0
SPLINE
5
857
100
AcDbEntity
8
0
100
AcDbSpline
70
0
71
2
72
6
73
3
74
0
42
0.000000001
43
0.0000000001
44
0.0000000001
40
0
40
0
40
0
40
1
40
1
40
1
10
-63.646713184864737
20
-10.604008094364284
30
0
10
-63.675763462259532
20
-10.565529633219629
30
0
10
-63.727328781374766
20
-10.549147359845223
30
0
0
SPLINE
5
858
100
AcDbEntity
8
0
100
AcDbSpline
70
0
71
2
72
6
73
3
74
0
42
0.000000001
43
0.0000000001
44
0.0000000001
40
0
40
0
40
0
40
1
40
1
40
1
10
-63.727328781374766
20
-10.549147359845223
30
0
10
-63.805904541162363
20
-10.524573532639263
30
0
10
-63.899219633646496
20
-10.524553153737251
30
0
0
LINE
5
859
100
AcDbEntity
8
0
100
AcDbLine
10
-63.899219633646496
20
-10.524553153737251
30
0
11
-64.354335656347573
21
-10.524453761831992
31
0
0
LINE
5
860
100
AcDbEntity
8
0
100
AcDbLine
10
-64.354335656347573
20
-10.524453761831992
30
0
11
-64.354303479116737
21
-10.377114063693027
31
0
0
LINE
5
861
100
AcDbEntity
8
0
100
AcDbLine
10
-64.222708798676038
20
-11.258725470984832
30
0
11
-64.352863612470912
21
-11.279979183675337
31
0
0
SPLINE
5
862
100
AcDbEntity
8
0
100
AcDbSpline
70
0
71
2
72
6
73
3
74
0
42
0.000000001
43
0.0000000001
44
0.0000000001
40
0
40
0
40
0
40
1
40
1
40
1
10
-64.352863612470912
20
-11.279979183675337
30
0
10
-64.365946805830504
20
-11.217766361180097
30
0
10
-64.365936080065197
20
-11.168653029126038
30
0
0
SPLINE
5
863
100
AcDbEntity
8
0
100
AcDbSpline
70
0
71
2
72
6
73
3
74
0
42
0.000000001
43
0.0000000001
44
0.0000000001
40
0
40
0
40
0
40
1
40
1
40
1
10
-64.365936080065197
20
-11.168653029126038
30
0
10
-64.365918561408478
20
-11.08843501393768
30
0
10
-64.340533721447343
20
-11.044238646133806
30
0
0
SPLINE
5
864
100
AcDbEntity
8
0
100
AcDbSpline
70
0
71
2
72
6
73
3
74
0
42
0.000000001
43
0.0000000001
44
0.0000000001
40
0
40
0
40
0
40
1
40
1
40
1
10
-64.340533721447343
20
-11.044238646133806
30
0
10
-64.315148881486209
20
-11.000042278329932
30
0
10
-64.273808085430119
20
-10.982042954910751
30
0
0
SPLINE
5
865
100
AcDbEntity
8
0
100
AcDbSpline
70
0
71
2
72
6
73
3
74
0
42
0.000000001
43
0.0000000001
44
0.0000000001
40
0
40
0
40
0
40
1
40
1
40
1
10
-64.273808085430119
20
-10.982042954910751
30
0
10
-64.232467140427502
20
-10.964043929547332
30
0
10
-64.099861412102442
20
-10.964072889055082
30
0
0
LINE
5
866
100
AcDbEntity
8
0
100
AcDbLine
10
-64.099861412102442
20
-10.964072889055082
30
0
11
-63.599724959194823
21
-10.964182112884748
31
0
0
LINE
5
867
100
AcDbEntity
8
0
100
AcDbLine
10
-63.599724959194816
20
-10.964182112884748
30
0
11
-63.599701362537175
21
-10.856132901575101
31
0
0
LINE
5
868
100
AcDbEntity
8
0
100
AcDbLine
10
-63.599701362537175
20
-10.856132901575101
30
0
11
-63.485103836097053
21
-10.856157928306578
31
0
0
LINE
5
869
100
AcDbEntity
8
0
100
AcDbLine
10
-63.485103836097053
20
-10.856157928306578
30
0
11
-63.485127432754695
21
-10.964207139616224
31
0
0
LINE
5
870
100
AcDbEntity
8
0
100
AcDbLine
10
-63.485127432754695
20
-10.964207139616224
30
0
11
-63.269847754417668
21
-10.964254154127527
31
0
0
LINE
5
871
100
AcDbEntity
8
0
100
AcDbLine
10
-63.269847754417661
20
-10.964254154127527
30
0
11
-63.18147593397741
21
-11.110794488828525
31
0
0
LINE
5
872
100
AcDbEntity
8
0
100
AcDbLine
10
-63.18147593397741
20
-11.110794488828525
30
0
11
-63.485159431197815
21
-11.110728167978722
31
0
0
LINE
5
873
100
AcDbEntity
8
0
100
AcDbLine
10
-63.485159431197822
20
-11.110728167978721
30
0
11
-63.485191787216365
21
-11.258886535894153
31
0
0
LINE
5
874
100
AcDbEntity
8
0
100
AcDbLine
10
-63.485191787216351
20
-11.258886535894154
30
0
11
-63.599789313656473
21
-11.258861509162678
31
0
0
LINE
5
875
100
AcDbEntity
8
0
100
AcDbLine
10
-63.599789313656487
20
-11.258861509162678
30
0
11
-63.599756957637943
21
-11.110703141247246
31
0
0
LINE
5
876
100
AcDbEntity
8
0
100
AcDbLine
10
-63.599756957637943
20
-11.110703141247246
30
0
11
-64.10807891621738
21
-11.110592129800876
31
0
0
SPLINE
5
877
100
AcDbEntity
8
0
100
AcDbSpline
70
0
71
2
72
6
73
3
74
0
42
0.000000001
43
0.0000000001
44
0.0000000001
40
0
40
0
40
0
40
1
40
1
40
1
10
-64.10807891621738
20
-11.110592129800875
30
0
10
-64.171107548308868
20
-11.11057836510019
30
0
10
-64.18911744844921
20
-11.118350752119097
30
0
0
SPLINE
5
878
100
AcDbEntity
8
0
100
AcDbSpline
70
0
71
2
72
6
73
3
74
0
42
0.000000001
43
0.0000000001
44
0.0000000001
40
0
40
0
40
0
40
1
40
1
40
1
10
-64.18911744844921
20
-11.118350752119097
30
0
10
-64.207127348589538
20
-11.126123139138006
30
0
10
-64.217772408949955
20
-11.143719682219984
30
0
0
SPLINE
5
879
100
AcDbEntity
8
0
100
AcDbSpline
70
0
71
2
72
6
73
3
74
0
42
0.000000001
43
0.0000000001
44
0.0000000001
40
0
40
0
40
0
40
1
40
1
40
1
10
-64.217772408949955
20
-11.143719682219984
30
0
10
-64.228417469310358
20
-11.16131622530196
30
0
10
-64.228424619777172
20
-11.19405824798919
30
0
0
SPLINE
5
880
100
AcDbEntity
8
0
100
AcDbSpline
70
0
71
2
72
6
73
3
74
0
42
0.000000001
43
0.0000000001
44
0.0000000001
40
0
40
0
40
0
40
1
40
1
40
1
10
-64.228424619777172
20
-11.19405824798919
30
0
10
-64.228429982692376
20
-11.218615063027828
30
0
10
-64.222708798676038
20
-11.258725470984832
30
0
0
LINE
5
881
100
AcDbEntity
8
0
100
AcDbLine
10
-64.213179600508028
20
-12.601974282459413
30
0
11
-64.354789355269759
21
-12.601943356579797
31
0
0
LINE
5
882
100
AcDbEntity
8
0
100
AcDbLine
10
-64.354789355269773
20
-12.601943356579799
30
0
11
-64.354616134521308
21
-11.808764697935572
31
0
0
SPLINE
5
883
100
AcDbEntity
8
0
100
AcDbSpline
70
0
71
2
72
6
73
3
74
0
42
0.000000001
43
0.0000000001
44
0.0000000001
40
0
40
0
40
0
40
1
40
1
40
1
10
-64.354616134521308
20
-11.808764697935569
30
0
10
-64.301409841132624
20
-11.807139275946968
30
0
10
-64.252300620610001
20
-11.825976724362073
30
0
0
SPLINE
5
884
100
AcDbEntity
8
0
100
AcDbSpline
70
0
71
2
72
6
73
3
74
0
42
0.000000001
43
0.0000000001
44
0.0000000001
40
0
40
0
40
0
40
1
40
1
40
1
10
-64.252300620610001
20
-11.825976724362073
30
0
10
-64.171270400867428
20
-11.856281031243292
30
0
10
-64.092703847279836
20
-11.923010093449772
30
0
0
SPLINE
5
885
100
AcDbEntity
8
0
100
AcDbSpline
70
0
71
2
72
6
73
3
74
0
42
0.000000001
43
0.0000000001
44
0.0000000001
40
0
40
0
40
0
40
1
40
1
40
1
10
-64.092703847279836
20
-11.923010093449772
30
0
10
-64.014137293757315
20
-11.989739453679471
30
0
10
-63.911027034461412
20
-12.115819241924033
30
0
0
SPLINE
5
886
100
AcDbEntity
8
0
100
AcDbSpline
70
0
71
2
72
6
73
3
74
0
42
0.000000001
43
0.0000000001
44
0.0000000001
40
0
40
0
40
0
40
1
40
1
40
1
10
-63.911027034461412
20
-12.115819241924033
30
0
10
-63.750633132246705
20
-12.311488639784184
30
0
10
-63.656923720958773
20
-12.380267832560376
30
0
0
SPLINE
5
887
100
AcDbEntity
8
0
100
AcDbSpline
70
0
71
2
72
6
73
3
74
0
42
0.000000001
43
0.0000000001
44
0.0000000001
40
0
40
0
40
0
40
1
40
1
40
1
10
-63.656923720958773
20
-12.380267832560376
30
0
10
-63.563214309605755
20
-12.449046727313354
30
0
10
-63.479721838828944
20
-12.449064961072068
30
0
0
SPLINE
5
888
100
AcDbEntity
8
0
100
AcDbSpline
70
0
71
2
72
6
73
3
74
0
42
0.000000001
43
0.0000000001
44
0.0000000001
40
0
40
0
40
0
40
1
40
1
40
1
10
-63.479721838828944
20
-12.449064961072068
30
0
10
-63.392136540710425
20
-12.449084088655407
30
0
10
-63.331959204968172
20
-12.386477781465617
30
0
0
SPLINE
5
889
100
AcDbEntity
8
0
100
AcDbSpline
70
0
71
2
72
6
73
3
74
0
42
0.000000001
43
0.0000000001
44
0.0000000001
40
0
40
0
40
0
40
1
40
1
40
1
10
-63.331959204968172
20
-12.386477781465617
30
0
10
-63.271781794785198
20
-12.323871772315316
30
0
10
-63.271759806956567
20
-12.223189396901009
30
0
0
SPLINE
5
890
100
AcDbEntity
8
0
100
AcDbSpline
70
0
71
2
72
6
73
3
74
0
42
0.000000001
43
0.0000000001
44
0.0000000001
40
0
40
0
40
0
40
1
40
1
40
1
10
-63.271759806956567
20
-12.223189396901009
30
0
10
-63.271736567874335
20
-12.116777525144297
30
0
10
-63.335569851748097
20
-12.052916279804222
30
0
0
SPLINE
5
891
100
AcDbEntity
8
0
100
AcDbSpline
70
0
71
2
72
6
73
3
74
0
42
0.000000001
43
0.0000000001
44
0.0000000001
40
0
40
0
40
0
40
1
40
1
40
1
10
-63.335569851748097
20
-12.052916279804222
30
0
10
-63.399403061181147
20
-11.989055332503636
30
0
10
-63.512363367303848
20
-11.988211993506015
30
0
0
LINE
5
892
100
AcDbEntity
8
0
100
AcDbLine
10
-63.512363367303848
20
-11.988211993506015
30
0
11
-63.496777731180103
21
-11.836782939025664
31
0
0
SPLINE
5
893
100
AcDbEntity
8
0
100
AcDbSpline
70
0
71
2
72
6
73
3
74
0
42
0.000000001
43
0.0000000001
44
0.0000000001
40
0
40
0
40
0
40
1
40
1
40
1
10
-63.496777731180103
20
-11.836782939025664
30
0
10
-63.327340474831075
20
-11.852372582431483
30
0
10
-63.238549562051446
20
-11.953892427291905
30
0
0
SPLINE
5
894
100
AcDbEntity
8
0
100
AcDbSpline
70
0
71
2
72
6
73
3
74
0
42
0.000000001
43
0.0000000001
44
0.0000000001
40
0
40
0
40
0
40
1
40
1
40
1
10
-63.238549562051446
20
-11.953892427291905
30
0
10
-63.149758649336896
20
-12.055412570175543
30
0
10
-63.149796010695226
20
-12.226490413576681
30
0
0
SPLINE
5
895
100
AcDbEntity
8
0
100
AcDbSpline
70
0
71
2
72
6
73
3
74
0
42
0.000000001
43
0.0000000001
44
0.0000000001
40
0
40
0
40
0
40
1
40
1
40
1
10
-63.149796010695226
20
-12.226490413576681
30
0
10
-63.149833729563866
20
-12.399205298507534
30
0
10
-63.245626521117742
20
-12.499866460698584
30
0
0
SPLINE
5
896
100
AcDbEntity
8
0
100
AcDbSpline
70
0
71
2
72
6
73
3
74
0
42
0.000000001
43
0.0000000001
44
0.0000000001
40
0
40
0
40
0
40
1
40
1
40
1
10
-63.245626521117742
20
-12.499866460698584
30
0
10
-63.341419312671633
20
-12.600527622889633
30
0
10
-63.48302914193917
20
-12.600496696993746
30
0
0
SPLINE
5
897
100
AcDbEntity
8
0
100
AcDbSpline
70
0
71
2
72
6
73
3
74
0
42
0.000000001
43
0.0000000001
44
0.0000000001
40
0
40
0
40
0
40
1
40
1
40
1
10
-63.48302914193917
20
-12.600496696993746
30
0
10
-63.555061874973127
20
-12.600480965904925
30
0
10
-63.62463253576054
20
-12.570997831470068
30
0
0
SPLINE
5
898
100
AcDbEntity
8
0
100
AcDbSpline
70
0
71
2
72
6
73
3
74
0
42
0.000000001
43
0.0000000001
44
0.0000000001
40
0
40
0
40
0
40
1
40
1
40
1
10
-63.62463253576054
20
-12.570997831470068
30
0
10
-63.694203122042154
20
-12.541514697051481
30
0
10
-63.771132276524625
20
-12.473148652802388
30
0
0
SPLINE
5
899
100
AcDbEntity
8
0
100
AcDbSpline
70
0
71
2
72
6
73
3
74
0
42
0.000000001
43
0.0000000001
44
0.0000000001
40
0
40
0
40
0
40
1
40
1
40
1
10
-63.771132276524625
20
-12.473148652802388
30
0
10
-63.848061505512909
20
-12.404782608537026
30
0
10
-63.982269595499517
20
-12.245954004648745
30
0
0
SPLINE
5
900
100
AcDbEntity
8
0
100
AcDbSpline
70
0
71
2
72
6
73
3
74
0
42
0.000000001
43
0.0000000001
44
0.0000000001
40
0
40
0
40
0
40
1
40
1
40
1
10
-63.982269595499517
20
-12.245954004648745
30
0
10
-64.093563930360844
20
-12.113323964645391
30
0
10
-64.133255528950443
20
-12.075661551355527
30
0
0
SPLINE
5
901
100
AcDbEntity
8
0
100
AcDbSpline
70
0
71
2
72
6
73
3
74
0
42
0.000000001
43
0.0000000001
44
0.0000000001
40
0
40
0
40
0
40
1
40
1
40
1
10
-64.133255528950443
20
-12.075661551355527
30
0
10
-64.172947276616725
20
-12.037999436056337
30
0
10
-64.213051070372401
20
-12.013434159680019
30
0
0
LINE
5
902
100
AcDbEntity
8
0
100
AcDbLine
10
-64.213051070372401
20
-12.013434159680019
30
0
11
-64.213179600508028
21
-12.601974282459414
31
0
0
SPLINE
5
903
100
AcDbEntity
8
0
100
AcDbSpline
70
0
71
2
72
6
73
3
74
0
42
0.000000001
43
0.0000000001
44
0.0000000001
40
0
40
0
40
0
40
1
40
1
40
1
10
-63.770480555982665
20
-13.237269034490101
30
0
10
-63.471708406868828
20
-13.237334282760113
30
0
10
-63.302712126340843
20
-13.397807823604865
30
0
0
SPLINE
5
904
100
AcDbEntity
8
0
100
AcDbSpline
70
0
71
2
72
6
73
3
74
0
42
0.000000001
43
0.0000000001
44
0.0000000001
40
0
40
0
40
0
40
1
40
1
40
1
10
-63.302712126340843
20
-13.397807823604865
30
0
10
-63.13371577130706
20
-13.558281364465884
30
0
10
-63.133771187555034
20
-13.812032636338344
30
0
0
SPLINE
5
905
100
AcDbEntity
8
0
100
AcDbSpline
70
0
71
2
72
6
73
3
74
0
42
0.000000001
43
0.0000000001
44
0.0000000001
40
0
40
0
40
0
40
1
40
1
40
1
10
-63.133771187555034
20
-13.812032636338344
30
0
10
-63.133807476447473
20
-13.978199653173544
30
0
10
-63.21323633255367
20
-14.111606115278285
30
0
0
SPLINE
5
906
100
AcDbEntity
8
0
100
AcDbSpline
70
0
71
2
72
6
73
3
74
0
42
0.000000001
43
0.0000000001
44
0.0000000001
40
0
40
0
40
0
40
1
40
1
40
1
10
-63.21323633255367
20
-14.111606115278285
30
0
10
-63.292665188790025
20
-14.245013173429458
30
0
10
-63.434699562673458
20
-14.314968738289412
30
0
0
SPLINE
5
907
100
AcDbEntity
8
0
100
AcDbSpline
70
0
71
2
72
6
73
3
74
0
42
0.000000001
43
0.0000000001
44
0.0000000001
40
0
40
0
40
0
40
1
40
1
40
1
10
-63.434699562673458
20
-14.314968738289412
30
0
10
-63.576733936426713
20
-14.384923707102931
30
0
10
-63.75681580626452
20
-14.384884379372744
30
0
0
SPLINE
5
908
100
AcDbEntity
8
0
100
AcDbSpline
70
0
71
2
72
6
73
3
74
0
42
0.000000001
43
0.0000000001
44
0.0000000001
40
0
40
0
40
0
40
1
40
1
40
1
10
-63.75681580626452
20
-14.384884379372744
30
0
10
-63.939353312902711
20
-14.3848445153608
30
0
10
-64.0834026904203
20
-14.311143502136892
30
0
0
SPLINE
5
909
100
AcDbEntity
8
0
100
AcDbSpline
70
0
71
2
72
6
73
3
74
0
42
0.000000001
43
0.0000000001
44
0.0000000001
40
0
40
0
40
0
40
1
40
1
40
1
10
-64.0834026904203
20
-14.311143502136892
30
0
10
-64.227452067807718
20
-14.237441892866549
30
0
10
-64.301501756024734
20
-14.102364573249243
30
0
0
SPLINE
5
910
100
AcDbEntity
8
0
100
AcDbSpline
70
0
71
2
72
6
73
3
74
0
42
0.000000001
43
0.0000000001
44
0.0000000001
40
0
40
0
40
0
40
1
40
1
40
1
10
-64.301501756024734
20
-14.102364573249243
30
0
10
-64.375551444111593
20
-13.967286657585504
30
0
10
-64.375517300541432
20
-13.810943082021481
30
0
0
SPLINE
5
911
100
AcDbEntity
8
0
100
AcDbSpline
70
0
71
2
72
6
73
3
74
0
42
0.000000001
43
0.0000000001
44
0.0000000001
40
0
40
0
40
0
40
1
40
1
40
1
10
-64.375517300541432
20
-13.810943082021481
30
0
10
-64.375480296758511
20
-13.641502578173279
30
0
10
-64.29359565471016
20
-13.508096056336406
30
0
0
SPLINE
5
912
100
AcDbEntity
8
0
100
AcDbSpline
70
0
71
2
72
6
73
3
74
0
42
0.000000001
43
0.0000000001
44
0.0000000001
40
0
40
0
40
0
40
1
40
1
40
1
10
-64.29359565471016
20
-13.508096056336406
30
0
10
-64.211711161673421
20
-13.374689534466988
30
0
10
-64.070086390957414
20
-13.305962331912706
30
0
0
SPLINE
5
913
100
AcDbEntity
8
0
100
AcDbSpline
70
0
71
2
72
6
73
3
74
0
42
0.000000001
43
0.0000000001
44
0.0000000001
40
0
40
0
40
0
40
1
40
1
40
1
10
-64.070086390957414
20
-13.305962331912706
30
0
10
-63.928461471099624
20
-13.237234533344536
30
0
10
-63.770480555982665
20
-13.237269034490101
30
0
0
SPLINE
5
914
100
AcDbEntity
8
0
100
AcDbSpline
70
0
71
2
72
6
73
3
74
0
42
0.000000001
43
0.0000000001
44
0.0000000001
40
0
40
0
40
0
40
1
40
1
40
1
10
-63.772972019753091
20
-13.40097920767465
30
0
10
-63.989888814125635
20
-13.400931835636754
30
0
10
-64.114743696291171
20
-13.517548477242478
30
0
0
SPLINE
5
915
100
AcDbEntity
8
0
100
AcDbSpline
70
0
71
2
72
6
73
3
74
0
42
0.000000001
43
0.0000000001
44
0.0000000001
40
0
40
0
40
0
40
1
40
1
40
1
10
-64.114743696291171
20
-13.517548477242478
30
0
10
-64.239598727468319
20
-13.634165118815659
30
0
10
-64.239637161422706
20
-13.810154384829168
30
0
0
SPLINE
5
916
100
AcDbEntity
8
0
100
AcDbSpline
70
0
71
2
72
6
73
3
74
0
42
0.000000001
43
0.0000000001
44
0.0000000001
40
0
40
0
40
0
40
1
40
1
40
1
10
-64.239637161422706
20
-13.810154384829168
30
0
10
-64.239676310397726
20
-13.989417733902112
30
0
10
-64.113644191985998
20
-14.10527019839442
30
0
0
SPLINE
5
917
100
AcDbEntity
8
0
100
AcDbSpline
70
0
71
2
72
6
73
3
74
0
42
0.000000001
43
0.0000000001
44
0.0000000001
40
0
40
0
40
0
40
1
40
1
40
1
10
-64.113644191985998
20
-14.10527019839442
30
0
10
-63.987612222716059
20
-14.221123258900619
30
0
10
-63.755961458529612
20
-14.2211738486616
30
0
0
SPLINE
5
918
100
AcDbEntity
8
0
100
AcDbSpline
70
0
71
2
72
6
73
3
74
0
42
0.000000001
43
0.0000000001
44
0.0000000001
40
0
40
0
40
0
40
1
40
1
40
1
10
-63.755961458529612
20
-14.2211738486616
30
0
10
-63.609440355661313
20
-14.221205847120997
30
0
10
-63.500152622583563
20
-14.171707193964419
30
0
0
SPLINE
5
919
100
AcDbEntity
8
0
100
AcDbSpline
70
0
71
2
72
6
73
3
74
0
42
0.000000001
43
0.0000000001
44
0.0000000001
40
0
40
0
40
0
40
1
40
1
40
1
10
-63.500152622583563
20
-14.171707193964419
30
0
10
-63.390864815000015
20
-14.122208540824117
30
0
10
-63.330680328790947
20
-14.026860210947099
30
0
0
SPLINE
5
920
100
AcDbEntity
8
0
100
AcDbSpline
70
0
71
2
72
6
73
3
74
0
42
0.000000001
43
0.0000000001
44
0.0000000001
40
0
40
0
40
0
40
1
40
1
40
1
10
-63.330680328790947
20
-14.026860210947099
30
0
10
-63.270495768076088
20
-13.931511881086351
30
0
10
-63.270469847568798
20
-13.812821750821929
30
0
0
SPLINE
5
921
100
AcDbEntity
8
0
100
AcDbSpline
70
0
71
2
72
6
73
3
74
0
42
0.000000001
43
0.0000000001
44
0.0000000001
40
0
40
0
40
0
40
1
40
1
40
1
10
-63.270469847568798
20
-13.812821750821929
30
0
10
-63.270433022508499
20
-13.644199618726978
30
0
10
-63.38623185837001
20
-13.522618998376037
30
0
0
SPLINE
5
922
100
AcDbEntity
8
0
100
AcDbSpline
70
0
71
2
72
6
73
3
74
0
42
0.000000001
43
0.0000000001
44
0.0000000001
40
0
40
0
40
0
40
1
40
1
40
1
10
-63.38623185837001
20
-13.522618998376037
30
0
10
-63.502030694231522
20
-13.401038378025095
30
0
10
-63.772972019753091
20
-13.40097920767465
30
0
0
LINE
5
923
100
AcDbEntity
8
0
100
AcDbLine
10
-64.355343697448447
20
-15.140278917405908
30
0
11
-64.227649242724141
21
-15.140306804350143
31
0
0
SPLINE
5
924
100
AcDbEntity
8
0
100
AcDbSpline
70
0
71
2
72
6
73
3
74
0
42
0.000000001
43
0.0000000001
44
0.0000000001
40
0
40
0
40
0
40
1
40
1
40
1
10
-64.227649242724141
20
-15.140306804350141
30
0
10
-64.374966774311858
20
-15.038773879951751
30
0
10
-64.374928697932873
20
-14.864421953491181
30
0
0
SPLINE
5
925
100
AcDbEntity
8
0
100
AcDbSpline
70
0
71
2
72
6
73
3
74
0
42
0.000000001
43
0.0000000001
44
0.0000000001
40
0
40
0
40
0
40
1
40
1
40
1
10
-64.374928697932873
20
-14.864421953491181
30
0
10
-64.37491189423173
20
-14.787477723339045
30
0
10
-64.3454293855213
20
-14.720772257757657
30
0
0
SPLINE
5
926
100
AcDbEntity
8
0
100
AcDbSpline
70
0
71
2
72
6
73
3
74
0
42
0.000000001
43
0.0000000001
44
0.0000000001
40
0
40
0
40
0
40
1
40
1
40
1
10
-64.3454293855213
20
-14.720772257757657
30
0
10
-64.315946876680684
20
-14.654066196129838
30
0
10
-64.271328720321947
20
-14.621743399873012
30
0
0
SPLINE
5
927
100
AcDbEntity
8
0
100
AcDbSpline
70
0
71
2
72
6
73
3
74
0
42
0.000000001
43
0.0000000001
44
0.0000000001
40
0
40
0
40
0
40
1
40
1
40
1
10
-64.271328720321947
20
-14.621743399873012
30
0
10
-64.22671041482144
20
-14.589420007602293
30
0
10
-64.162041880987474
20
-14.576337201529125
30
0
0
SPLINE
5
928
100
AcDbEntity
8
0
100
AcDbSpline
70
0
71
2
72
6
73
3
74
0
42
0.000000001
43
0.0000000001
44
0.0000000001
40
0
40
0
40
0
40
1
40
1
40
1
10
-64.162041880987474
20
-14.576337201529125
30
0
10
-64.118656525971318
20
-14.567342798518153
30
0
10
-64.024522763710706
20
-14.567363356207871
30
0
0
LINE
5
929
100
AcDbEntity
8
0
100
AcDbLine
10
-64.024522763710706
20
-14.567363356207871
30
0
11
-63.485914344738632
21
-14.567480981855569
31
0
0
LINE
5
930
100
AcDbEntity
8
0
100
AcDbLine
10
-63.485914344738632
20
-14.567480981855569
30
0
11
-63.485946521969467
21
-14.714820679994535
31
0
0
LINE
5
931
100
AcDbEntity
8
0
100
AcDbLine
10
-63.485946521969467
20
-14.714820679994535
30
0
11
-63.968074772992139
21
-14.714715388941142
31
0
0
SPLINE
5
932
100
AcDbEntity
8
0
100
AcDbSpline
70
0
71
2
72
6
73
3
74
0
42
0.000000001
43
0.0000000001
44
0.0000000001
40
0
40
0
40
0
40
1
40
1
40
1
10
-63.968074772992139
20
-14.714715388941141
30
0
10
-64.083490820197127
20
-14.714690183454504
30
0
10
-64.123601943142233
20
-14.723685301518664
30
0
0
SPLINE
5
933
100
AcDbEntity
8
0
100
AcDbSpline
70
0
71
2
72
6
73
3
74
0
42
0.000000001
43
0.0000000001
44
0.0000000001
40
0
40
0
40
0
40
1
40
1
40
1
10
-64.123601943142233
20
-14.723685301518664
30
0
10
-64.181722340698514
20
-14.737588505465355
30
0
10
-64.214883530100764
20
-14.782601248776412
30
0
0
SPLINE
5
934
100
AcDbEntity
8
0
100
AcDbSpline
70
0
71
2
72
6
73
3
74
0
42
0.000000001
43
0.0000000001
44
0.0000000001
40
0
40
0
40
0
40
1
40
1
40
1
10
-64.214883530100764
20
-14.782601248776412
30
0
10
-64.248044868644797
20
-14.827614588101362
30
0
10
-64.248059348431198
20
-14.893917601275501
30
0
0
SPLINE
5
935
100
AcDbEntity
8
0
100
AcDbSpline
70
0
71
2
72
6
73
3
74
0
42
0.000000001
43
0.0000000001
44
0.0000000001
40
0
40
0
40
0
40
1
40
1
40
1
10
-64.248059348431198
20
-14.893917601275501
30
0
10
-64.248073828217628
20
-14.960220614449646
30
0
10
-64.214116492905234
20
-15.018344944553919
30
0
0
SPLINE
5
936
100
AcDbEntity
8
0
100
AcDbSpline
70
0
71
2
72
6
73
3
74
0
42
0.000000001
43
0.0000000001
44
0.0000000001
40
0
40
0
40
0
40
1
40
1
40
1
10
-64.214116492905234
20
-15.018344944553919
30
0
10
-64.180159157723025
20
-15.076469870704624
30
0
10
-64.121637886909554
20
-15.10063028136512
30
0
0
SPLINE
5
937
100
AcDbEntity
8
0
100
AcDbSpline
70
0
71
2
72
6
73
3
74
0
42
0.000000001
43
0.0000000001
44
0.0000000001
40
0
40
0
40
0
40
1
40
1
40
1
10
-64.121637886909554
20
-15.10063028136512
30
0
10
-64.06311661596591
20
-15.124790095979179
30
0
10
-63.951793321596838
20
-15.124814407657466
30
0
0
LINE
5
938
100
AcDbEntity
8
0
100
AcDbLine
10
-63.951793321596838
20
-15.124814407657466
30
0
11
-63.486036081917767
21
-15.124916123477451
31
0
0
LINE
5
939
100
AcDbEntity
8
0
100
AcDbLine
10
-63.486036081917767
20
-15.124916123477451
30
0
11
-63.486068259148603
21
-15.272255821616419
31
0
0
LINE
5
940
100
AcDbEntity
8
0
100
AcDbLine
10
-63.486068259148603
20
-15.272255821616419
30
0
11
-64.355372478168505
21
-15.272065975954508
31
0
0
LINE
5
941
100
AcDbEntity
8
0
100
AcDbLine
10
-64.355372478168505
20
-15.272065975954508
30
0
11
-64.355343697448447
21
-15.140278917405904
31
0
0
LINE
5
942
100
AcDbEntity
8
0
100
AcDbLine
10
-64.223705935191362
20
-15.824618475716608
30
0
11
-64.353860749051321
21
-15.845872486430331
31
0
0
SPLINE
5
943
100
AcDbEntity
8
0
100
AcDbSpline
70
0
71
2
72
6
73
3
74
0
42
0.000000001
43
0.0000000001
44
0.0000000001
40
0
40
0
40
0
40
1
40
1
40
1
10
-64.353860749051321
20
-15.845872486430327
30
0
10
-64.366943942410913
20
-15.78365966393509
30
0
10
-64.366933216710692
20
-15.734546629904244
30
0
0
SPLINE
5
944
100
AcDbEntity
8
0
100
AcDbSpline
70
0
71
2
72
6
73
3
74
0
42
0.000000001
43
0.0000000001
44
0.0000000001
40
0
40
0
40
0
40
1
40
1
40
1
10
-64.366933216710692
20
-15.734546629904244
30
0
10
-64.366915697988901
20
-15.654328316692672
30
0
10
-64.341530857962667
20
-15.610131650865583
30
0
0
SPLINE
5
945
100
AcDbEntity
8
0
100
AcDbSpline
70
0
71
2
72
6
73
3
74
0
42
0.000000001
43
0.0000000001
44
0.0000000001
40
0
40
0
40
0
40
1
40
1
40
1
10
-64.341530857962667
20
-15.610131650865583
30
0
10
-64.316146018066604
20
-15.565935581084922
30
0
10
-64.274805222010528
20
-15.547936257665745
30
0
0
SPLINE
5
946
100
AcDbEntity
8
0
100
AcDbSpline
70
0
71
2
72
6
73
3
74
0
42
0.000000001
43
0.0000000001
44
0.0000000001
40
0
40
0
40
0
40
1
40
1
40
1
10
-64.274805222010528
20
-15.547936257665745
30
0
10
-64.233464276942826
20
-15.529936934279105
30
0
10
-64.100858548617765
20
-15.529965893786855
30
0
0
LINE
5
947
100
AcDbEntity
8
0
100
AcDbLine
10
-64.100858548617765
20
-15.529965893786855
30
0
11
-63.600722095710147
21
-15.530075117616523
31
0
0
LINE
5
948
100
AcDbEntity
8
0
100
AcDbLine
10
-63.600722095710147
20
-15.530075117616523
30
0
11
-63.600698499117591
21
-15.422026204330093
31
0
0
LINE
5
949
100
AcDbEntity
8
0
100
AcDbLine
10
-63.600698499117591
20
-15.422026204330093
30
0
11
-63.486100972677463
21
-15.42205123106157
31
0
0
LINE
5
950
100
AcDbEntity
8
0
100
AcDbLine
10
-63.486100972677455
20
-15.42205123106157
30
0
11
-63.486124569270011
21
-15.530100144347998
31
0
0
LINE
5
951
100
AcDbEntity
8
0
100
AcDbLine
10
-63.486124569270011
20
-15.530100144348001
30
0
11
-63.270844890932992
21
-15.530147158859302
31
0
0
LINE
5
952
100
AcDbEntity
8
0
100
AcDbLine
10
-63.270844890932992
20
-15.530147158859302
30
0
11
-63.182473070557833
21
-15.676687791583516
31
0
0
LINE
5
953
100
AcDbEntity
8
0
100
AcDbLine
10
-63.182473070557833
20
-15.676687791583515
30
0
11
-63.486156567778231
21
-15.676621470733714
31
0
0
LINE
5
954
100
AcDbEntity
8
0
100
AcDbLine
10
-63.486156567778231
20
-15.676621470733714
30
0
11
-63.486188923731682
21
-15.824779540625931
31
0
0
LINE
5
955
100
AcDbEntity
8
0
100
AcDbLine
10
-63.486188923731682
20
-15.824779540625931
30
0
11
-63.60078645017181
21
-15.824754513894455
31
0
0
LINE
5
956
100
AcDbEntity
8
0
100
AcDbLine
10
-63.60078645017181
20
-15.824754513894455
30
0
11
-63.600754094218352
21
-15.676596444002238
31
0
0
LINE
5
957
100
AcDbEntity
8
0
100
AcDbLine
10
-63.600754094218352
20
-15.676596444002238
30
0
11
-64.109076052797775
21
-15.676485432555866
31
0
0
SPLINE
5
958
100
AcDbEntity
8
0
100
AcDbSpline
70
0
71
2
72
6
73
3
74
0
42
0.000000001
43
0.0000000001
44
0.0000000001
40
0
40
0
40
0
40
1
40
1
40
1
10
-64.109076052797789
20
-15.676485432555866
30
0
10
-64.172104684889277
20
-15.676471667855182
30
0
10
-64.190114584964533
20
-15.684243756850872
30
0
0
SPLINE
5
959
100
AcDbEntity
8
0
100
AcDbSpline
70
0
71
2
72
6
73
3
74
0
42
0.000000001
43
0.0000000001
44
0.0000000001
40
0
40
0
40
0
40
1
40
1
40
1
10
-64.190114584964533
20
-15.684243756850872
30
0
10
-64.208124485169947
20
-15.692016441892997
30
0
10
-64.218769545530364
20
-15.709612984974974
30
0
0
SPLINE
5
960
100
AcDbEntity
8
0
100
AcDbSpline
70
0
71
2
72
6
73
3
74
0
42
0.000000001
43
0.0000000001
44
0.0000000001
40
0
40
0
40
0
40
1
40
1
40
1
10
-64.218769545530364
20
-15.709612984974974
30
0
10
-64.229414605890781
20
-15.727209528056951
30
0
10
-64.229421756357596
20
-15.75995155074418
30
0
0
SPLINE
5
961
100
AcDbEntity
8
0
100
AcDbSpline
70
0
71
2
72
6
73
3
74
0
42
0.000000001
43
0.0000000001
44
0.0000000001
40
0
40
0
40
0
40
1
40
1
40
1
10
-64.229421756357596
20
-15.75995155074418
30
0
10
-64.229427119207699
20
-15.784508067759603
30
0
10
-64.223705935191362
20
-15.824618475716608
30
0
0
LINE
5
962
100
AcDbEntity
8
0
100
AcDbLine
10
-66.131935841176755
20
-8.3464853994148154
30
0
11
-64.93193679543748
21
-8.3479773283021697
31
0
0
LINE
5
963
100
AcDbEntity
8
0
100
AcDbLine
10
-64.93193679543748
20
-8.3479773283021697
30
0
11
-64.932499576269279
21
-8.8006372820194976
31
0
0
SPLINE
5
964
100
AcDbEntity
8
0
100
AcDbSpline
70
0
71
2
72
6
73
3
74
0
42
0.000000001
43
0.0000000001
44
0.0000000001
40
0
40
0
40
0
40
1
40
1
40
1
10
-64.932499576269279
20
-8.8006372820194976
30
0
10
-64.932648158561349
20
-8.9201460670517871
30
0
10
-64.944186249588384
20
-8.9831604043381663
30
0
0
SPLINE
5
965
100
AcDbEntity
8
0
100
AcDbSpline
70
0
71
2
72
6
73
3
74
0
42
0.000000001
43
0.0000000001
44
0.0000000001
40
0
40
0
40
0
40
1
40
1
40
1
10
-64.944186249588384
20
-8.9831604043381663
30
0
10
-64.959030118547304
20
-9.0715458386419101
30
0
10
-65.000441316437929
20
-9.1312488007598507
30
0
0
SPLINE
5
966
100
AcDbEntity
8
0
100
AcDbSpline
70
0
71
2
72
6
73
3
74
0
42
0.000000001
43
0.0000000001
44
0.0000000001
40
0
40
0
40
0
40
1
40
1
40
1
10
-65.000441316437929
20
-9.1312488007598507
30
0
10
-65.041852588926957
20
-9.1909518372909069
30
0
10
-65.116386189961389
20
-9.2272847901907404
30
0
0
SPLINE
5
967
100
AcDbEntity
8
0
100
AcDbSpline
70
0
71
2
72
6
73
3
74
0
42
0.000000001
43
0.0000000001
44
0.0000000001
40
0
40
0
40
0
40
1
40
1
40
1
10
-65.116386189961389
20
-9.2272847901907404
30
0
10
-65.190919865594211
20
-9.2636178175036932
30
0
10
-65.280142138413225
20
-9.2635068896769681
30
0
0
SPLINE
5
968
100
AcDbEntity
8
0
100
AcDbSpline
70
0
71
2
72
6
73
3
74
0
42
0.000000001
43
0.0000000001
44
0.0000000001
40
0
40
0
40
0
40
1
40
1
40
1
10
-65.280142138413225
20
-9.2635068896769681
30
0
10
-65.433211590771634
20
-9.2633165822441796
30
0
10
-65.539093092506889
20
-9.1657769449816122
30
0
0
SPLINE
5
969
100
AcDbEntity
8
0
100
AcDbSpline
70
0
71
2
72
6
73
3
74
0
42
0.000000001
43
0.0000000001
44
0.0000000001
40
0
40
0
40
0
40
1
40
1
40
1
10
-65.539093092506889
20
-9.1657769449816122
30
0
10
-65.644974743253655
20
-9.0682373075337814
30
0
10
-65.644658242752968
20
-8.8136673330453039
30
0
0
LINE
5
970
100
AcDbEntity
8
0
100
AcDbLine
10
-65.644658242752968
20
-8.8136673330453039
30
0
11
-65.644275592457035
21
-8.5058912762663503
31
0
0
LINE
5
971
100
AcDbEntity
8
0
100
AcDbLine
10
-65.644275592457035
20
-8.5058912762663503
30
0
11
-66.132133272430451
21
-8.505284734979293
31
0
0
LINE
5
972
100
AcDbEntity
8
0
100
AcDbLine
10
-66.132133272430451
20
-8.505284734979293
30
0
11
-66.131935841176755
21
-8.3464853994148154
31
0
0
LINE
5
973
100
AcDbEntity
8
0
100
AcDbLine
10
-65.50266579475219
20
-8.5060673361962955
30
0
11
-65.503051498077824
21
-8.8162990279363136
31
0
0
SPLINE
5
974
100
AcDbEntity
8
0
100
AcDbSpline
70
0
71
2
72
6
73
3
74
0
42
0.000000001
43
0.0000000001
44
0.0000000001
40
0
40
0
40
0
40
1
40
1
40
1
10
-65.503051498077824
20
-8.8162990279363136
30
0
10
-65.503242823156313
20
-8.9701870004464794
30
0
10
-65.446024500105864
20
-9.0349239382076298
30
0
0
SPLINE
5
975
100
AcDbEntity
8
0
100
AcDbSpline
70
0
71
2
72
6
73
3
74
0
42
0.000000001
43
0.0000000001
44
0.0000000001
40
0
40
0
40
0
40
1
40
1
40
1
10
-65.446024500105864
20
-9.0349239382076298
30
0
10
-65.388806177055415
20
-9.099660875968782
30
0
10
-65.284849945458518
20
-9.0997901221590087
30
0
0
SPLINE
5
976
100
AcDbEntity
8
0
100
AcDbSpline
70
0
71
2
72
6
73
3
74
0
42
0.000000001
43
0.0000000001
44
0.0000000001
40
0
40
0
40
0
40
1
40
1
40
1
10
-65.284849945458518
20
-9.0997901221590087
30
0
10
-65.209543036759854
20
-9.0998837493605507
30
0
10
-65.155880483774823
20
-9.0618877306673369
30
0
0
SPLINE
5
977
100
AcDbEntity
8
0
100
AcDbSpline
70
0
71
2
72
6
73
3
74
0
42
0.000000001
43
0.0000000001
44
0.0000000001
40
0
40
0
40
0
40
1
40
1
40
1
10
-65.155880483774823
20
-9.0618877306673369
30
0
10
-65.102217930697151
20
-9.023891637468374
30
0
10
-65.084950918323031
20
-8.9617030187298834
30
0
0
SPLINE
5
978
100
AcDbEntity
8
0
100
AcDbSpline
70
0
71
2
72
6
73
3
74
0
42
0.000000001
43
0.0000000001
44
0.0000000001
40
0
40
0
40
0
40
1
40
1
40
1
10
-65.084950918323031
20
-8.9617030187298834
30
0
10
-65.074259842638725
20
-8.9216071221163951
30
0
10
-65.074125507942128
20
-8.813558066243397
30
0
0
LINE
5
979
100
AcDbEntity
8
0
100
AcDbLine
10
-65.074125507942128
20
-8.813558066243397
30
0
11
-65.073743875384523
21
-8.506600604121962
31
0
0
LINE
5
980
100
AcDbEntity
8
0
100
AcDbLine
10
-65.073743875384523
20
-8.5066006041219637
30
0
11
-65.50266579475219
21
-8.5060673361962973
31
0
0
SPLINE
5
981
100
AcDbEntity
8
0
100
AcDbSpline
70
0
71
2
72
6
73
3
74
0
42
0.000000001
43
0.0000000001
44
0.0000000001
40
0
40
0
40
0
40
1
40
1
40
1
10
-65.698582625631204
20
-9.3914997309316046
30
0
10
-65.457109420605548
20
-9.391799948545426
30
0
10
-65.341041765847422
20
-9.5261872038796174
30
0
0
SPLINE
5
982
100
AcDbEntity
8
0
100
AcDbSpline
70
0
71
2
72
6
73
3
74
0
42
0.000000001
43
0.0000000001
44
0.0000000001
40
0
40
0
40
0
40
1
40
1
40
1
10
-65.341041765847422
20
-9.5261872038796174
30
0
10
-65.244591936657145
20
-9.6384490220256982
30
0
10
-65.244792421010018
20
-9.7997040484305504
30
0
0
SPLINE
5
983
100
AcDbEntity
8
0
100
AcDbSpline
70
0
71
2
72
6
73
3
74
0
42
0.000000001
43
0.0000000001
44
0.0000000001
40
0
40
0
40
0
40
1
40
1
40
1
10
-65.244792421010018
20
-9.7997040484305504
30
0
10
-65.245015294494422
20
-9.9789672632318585
30
0
10
-65.362619162950594
20
-10.092599996587809
30
0
0
SPLINE
5
984
100
AcDbEntity
8
0
100
AcDbSpline
70
0
71
2
72
6
73
3
74
0
42
0.000000001
43
0.0000000001
44
0.0000000001
40
0
40
0
40
0
40
1
40
1
40
1
10
-65.362619162950594
20
-10.092599996587809
30
0
10
-65.480222957086298
20
-10.206232879047889
30
0
10
-65.68731682562256
20
-10.205975404405756
30
0
0
SPLINE
5
985
100
AcDbEntity
8
0
100
AcDbSpline
70
0
71
2
72
6
73
3
74
0
42
0.000000001
43
0.0000000001
44
0.0000000001
40
0
40
0
40
0
40
1
40
1
40
1
10
-65.68731682562256
20
-10.205975404405756
30
0
10
-65.855120311264585
20
-10.205766778516828
30
0
10
-65.951237790376553
20
-10.155306348260908
30
0
0
SPLINE
5
986
100
AcDbEntity
8
0
100
AcDbSpline
70
0
71
2
72
6
73
3
74
0
42
0.000000001
43
0.0000000001
44
0.0000000001
40
0
40
0
40
0
40
1
40
1
40
1
10
-65.951237790376553
20
-10.155306348260908
30
0
10
-66.047355120106516
20
-10.104845620167257
30
0
10
-66.100441587051108
20
-10.008599552792019
30
0
0
SPLINE
5
987
100
AcDbEntity
8
0
100
AcDbSpline
70
0
71
2
72
6
73
3
74
0
42
0.000000001
43
0.0000000001
44
0.0000000001
40
0
40
0
40
0
40
1
40
1
40
1
10
-66.100441587051108
20
-10.008599552792019
30
0
10
-66.153527904798949
20
-9.9123533365905452
30
0
10
-66.153386446304637
20
-9.7985744161379014
30
0
0
SPLINE
5
988
100
AcDbEntity
8
0
100
AcDbSpline
70
0
71
2
72
6
73
3
74
0
42
0.000000001
43
0.0000000001
44
0.0000000001
40
0
40
0
40
0
40
1
40
1
40
1
10
-66.153386446304637
20
-9.7985744161379014
30
0
10
-66.153159502237457
20
-9.616037120729505
30
0
10
-66.035966569244565
20
-9.5036315840873549
30
0
0
SPLINE
5
989
100
AcDbEntity
8
0
100
AcDbSpline
70
0
71
2
72
6
73
3
74
0
42
0.000000001
43
0.0000000001
44
0.0000000001
40
0
40
0
40
0
40
1
40
1
40
1
10
-66.035966569244565
20
-9.5036315840873549
30
0
10
-65.918773487147547
20
-9.391225973124719
30
0
10
-65.698582625631204
20
-9.3914997309316046
30
0
0
SPLINE
5
990
100
AcDbEntity
8
0
100
AcDbSpline
70
0
71
2
72
6
73
3
74
0
42
0.000000001
43
0.0000000001
44
0.0000000001
40
0
40
0
40
0
40
1
40
1
40
1
10
-65.698770897772619
20
-9.5429321429864551
30
0
10
-65.865755714251364
20
-9.5427245349284835
30
0
10
-65.948929436401428
20
-9.6154723644484505
30
0
0
SPLINE
5
991
100
AcDbEntity
8
0
100
AcDbSpline
70
0
71
2
72
6
73
3
74
0
42
0.000000001
43
0.0000000001
44
0.0000000001
40
0
40
0
40
0
40
1
40
1
40
1
10
-65.948929436401428
20
-9.6154723644484505
30
0
10
-66.03210315873676
20
-9.6882203429799123
30
0
10
-66.032240546463058
20
-9.7987250338139731
30
0
0
SPLINE
5
992
100
AcDbEntity
8
0
100
AcDbSpline
70
0
71
2
72
6
73
3
74
0
42
0.000000001
43
0.0000000001
44
0.0000000001
40
0
40
0
40
0
40
1
40
1
40
1
10
-66.032240546463058
20
-9.7987250338139731
30
0
10
-66.032376916543654
20
-9.9084112044962644
30
0
10
-65.948975156981874
20
-9.9813662821702209
30
0
0
SPLINE
5
993
100
AcDbEntity
8
0
100
AcDbSpline
70
0
71
2
72
6
73
3
74
0
42
0.000000001
43
0.0000000001
44
0.0000000001
40
0
40
0
40
0
40
1
40
1
40
1
10
-65.948975156981874
20
-9.9813662821702209
30
0
10
-65.865573248223313
20
-10.054321211017943
30
0
10
-65.694495681974217
20
-10.054533907489638
30
0
0
SPLINE
5
994
100
AcDbEntity
8
0
100
AcDbSpline
70
0
71
2
72
6
73
3
74
0
42
0.000000001
43
0.0000000001
44
0.0000000001
40
0
40
0
40
0
40
1
40
1
40
1
10
-65.694495681974217
20
-10.054533907489638
30
0
10
-65.533240655569372
20
-10.054734391842503
30
0
10
-65.450066424503831
20
-9.9815772277409032
30
0
0
SPLINE
5
995
100
AcDbEntity
8
0
100
AcDbSpline
70
0
71
2
72
6
73
3
74
0
42
0.000000001
43
0.0000000001
44
0.0000000001
40
0
40
0
40
0
40
1
40
1
40
1
10
-65.450066424503831
20
-9.9815772277409032
30
0
10
-65.366892193438289
20
-9.9084200636393032
30
0
10
-65.366756841003365
20
-9.7995524131087848
30
0
0
SPLINE
5
996
100
AcDbEntity
8
0
100
AcDbSpline
70
0
71
2
72
6
73
3
74
0
42
0.000000001
43
0.0000000001
44
0.0000000001
40
0
40
0
40
0
40
1
40
1
40
1
10
-65.366756841003365
20
-9.7995524131087848
30
0
10
-65.366619453277067
20
-9.689047722274724
30
0
10
-65.449202767192844
20
-9.616093662153828
30
0
0
SPLINE
5
997
100
AcDbEntity
8
0
100
AcDbSpline
70
0
71
2
72
6
73
3
74
0
42
0.000000001
43
0.0000000001
44
0.0000000001
40
0
40
0
40
0
40
1
40
1
40
1
10
-65.449202767192844
20
-9.616093662153828
30
0
10
-65.53178600678811
20
-9.5431397511370584
30
0
10
-65.698770897772619
20
-9.5429321429864551
30
0
0
LINE
5
998
100
AcDbEntity
8
0
100
AcDbLine
10
-66.134459704734653
20
-10.37649761152802
30
0
11
-65.265156136840034
21
-10.377578394974829
31
0
0
LINE
5
999
100
AcDbEntity
8
0
100
AcDbLine
10
-65.265156136840034
20
-10.377578394974826
30
0
11
-65.265321002111591
21
-10.5101840239757
31
0
0
LINE
5
1000
100
AcDbEntity
8
0
100
AcDbLine
10
-65.265321002111591
20
-10.510184023975702
30
0
11
-65.397108110960701
21
-10.510020176349846
31
0
0
SPLINE
5
1001
100
AcDbEntity
8
0
100
AcDbSpline
70
0
71
2
72
6
73
3
74
0
42
0.000000001
43
0.0000000001
44
0.0000000001
40
0
40
0
40
0
40
1
40
1
40
1
10
-65.397108110960701
20
-10.510020176349846
30
0
10
-65.30467463064393
20
-10.560885510608022
30
0
10
-65.275260141617522
20
-10.603896168935252
30
0
0
SPLINE
5
1002
100
AcDbEntity
8
0
100
AcDbSpline
70
0
71
2
72
6
73
3
74
0
42
0.000000001
43
0.0000000001
44
0.0000000001
40
0
40
0
40
0
40
1
40
1
40
1
10
-65.275260141617522
20
-10.603896168935252
30
0
10
-65.245845652591129
20
-10.64690682726248
30
0
10
-65.245909766863392
20
-10.698475682985043
30
0
0
SPLINE
5
1003
100
AcDbEntity
8
0
100
AcDbSpline
70
0
71
2
72
6
73
3
74
0
42
0.000000001
43
0.0000000001
44
0.0000000001
40
0
40
0
40
0
40
1
40
1
40
1
10
-65.245909766863392
20
-10.698475682985043
30
0
10
-65.246002376511882
20
-10.772964146037685
30
0
10
-65.29357414486438
20
-10.8498489946756
30
0
0
LINE
5
1004
100
AcDbEntity
8
0
100
AcDbLine
10
-65.29357414486438
20
-10.8498489946756
30
0
11
-65.430209427009032
21
-10.79892870541954
31
0
0
SPLINE
5
1005
100
AcDbEntity
8
0
100
AcDbSpline
70
0
71
2
72
6
73
3
74
0
42
0.000000001
43
0.0000000001
44
0.0000000001
40
0
40
0
40
0
40
1
40
1
40
1
10
-65.430209427009032
20
-10.79892870541954
30
0
10
-65.398218707282879
20
-10.74494397899838
30
0
10
-65.398151539888261
20
-10.690919413809006
30
0
0
SPLINE
5
1006
100
AcDbEntity
8
0
100
AcDbSpline
70
0
71
2
72
6
73
3
74
0
42
0.000000001
43
0.0000000001
44
0.0000000001
40
0
40
0
40
0
40
1
40
1
40
1
10
-65.398151539888261
20
-10.690919413809006
30
0
10
-65.398091496384026
20
-10.642624787705028
30
0
10
-65.427102322663742
20
-10.604116722552632
30
0
0
SPLINE
5
1007
100
AcDbEntity
8
0
100
AcDbSpline
70
0
71
2
72
6
73
3
74
0
42
0.000000001
43
0.0000000001
44
0.0000000001
40
0
40
0
40
0
40
1
40
1
40
1
10
-65.427102322663742
20
-10.604116722552632
30
0
10
-65.456113148758192
20
-10.565608508388742
30
0
10
-65.507661650825867
20
-10.549173395035057
30
0
0
SPLINE
5
1008
100
AcDbEntity
8
0
100
AcDbSpline
70
0
71
2
72
6
73
3
74
0
42
0.000000001
43
0.0000000001
44
0.0000000001
40
0
40
0
40
0
40
1
40
1
40
1
10
-65.507661650825867
20
-10.549173395035057
30
0
10
-65.586212183969764
20
-10.524519049524493
30
0
10
-65.679527206559143
20
-10.524403033284045
30
0
0
LINE
5
1009
100
AcDbEntity
8
0
100
AcDbLine
10
-65.679527206559143
20
-10.524403033284045
30
0
11
-66.134642888369726
21
-10.523837199306767
31
0
0
LINE
5
1010
100
AcDbEntity
8
0
100
AcDbLine
10
-66.134642888369711
20
-10.523837199306767
30
0
11
-66.134459704734653
21
-10.37649761152802
31
0
0
LINE
5
1011
100
AcDbEntity
8
0
100
AcDbLine
10
-66.003768644758836
20
-11.258243425371051
30
0
11
-66.133945172833435
21
-11.279363733028626
31
0
0
SPLINE
5
1012
100
AcDbEntity
8
0
100
AcDbSpline
70
0
71
2
72
6
73
3
74
0
42
0.000000001
43
0.0000000001
44
0.0000000001
40
0
40
0
40
0
40
1
40
1
40
1
10
-66.133945172833435
20
-11.279363733028624
30
0
10
-66.146964598259487
20
-11.217137534423181
30
0
10
-66.146903536924285
20
-11.168024239155933
30
0
0
SPLINE
5
1013
100
AcDbEntity
8
0
100
AcDbSpline
70
0
71
2
72
6
73
3
74
0
42
0.000000001
43
0.0000000001
44
0.0000000001
40
0
40
0
40
0
40
1
40
1
40
1
10
-66.146903536924285
20
-11.168024239155933
30
0
10
-66.146803803941225
20
-11.087806284052387
30
0
10
-66.121373681065307
20
-11.043635956032052
30
0
0
SPLINE
5
1014
100
AcDbEntity
8
0
100
AcDbSpline
70
0
71
2
72
6
73
3
74
0
42
0.000000001
43
0.0000000001
44
0.0000000001
40
0
40
0
40
0
40
1
40
1
40
1
10
-66.121373681065307
20
-11.043635956032052
30
0
10
-66.095943558189404
20
-10.999465628011716
30
0
10
-66.054584336587411
20
-10.981508683656461
30
0
0
SPLINE
5
1015
100
AcDbEntity
8
0
100
AcDbSpline
70
0
71
2
72
6
73
3
74
0
42
0.000000001
43
0.0000000001
44
0.0000000001
40
0
40
0
40
0
40
1
40
1
40
1
10
-66.054584336587411
20
-10.981508683656461
30
0
10
-66.013224966344467
20
-10.963552037509462
30
0
10
-65.880619337343603
20
-10.963716902781009
30
0
0
LINE
5
1016
100
AcDbEntity
8
0
100
AcDbLine
10
-65.880619337343603
20
-10.963716902781009
30
0
11
-65.380483259047622
21
-10.964338709494495
31
0
0
LINE
5
1017
100
AcDbEntity
8
0
100
AcDbLine
10
-65.380483259047622
20
-10.964338709494495
30
0
11
-65.380348924258399
21
-10.856289579115748
31
0
0
LINE
5
1018
100
AcDbEntity
8
0
100
AcDbLine
10
-65.380348924258399
20
-10.856289579115748
30
0
11
-65.265751483653986
21
-10.856432055255761
31
0
0
LINE
5
1019
100
AcDbEntity
8
0
100
AcDbLine
10
-65.265751483653986
20
-10.856432055255761
30
0
11
-65.265885818443209
21
-10.964481185634508
31
0
0
LINE
5
1020
100
AcDbEntity
8
0
100
AcDbLine
10
-65.265885818443209
20
-10.964481185634508
30
0
11
-65.050606301354733
21
-10.964748837289349
31
0
0
LINE
5
1021
100
AcDbEntity
8
0
100
AcDbLine
10
-65.050606301354733
20
-10.964748837289346
30
0
11
-64.962384714491591
21
-11.11137966608586
31
0
0
LINE
5
1022
100
AcDbEntity
8
0
100
AcDbLine
10
-64.962384714491591
20
-11.11137966608586
30
0
11
-65.266067984247314
21
-11.111002104249987
31
0
0
LINE
5
1023
100
AcDbEntity
8
0
100
AcDbLine
10
-65.266067984247314
20
-11.111002104249987
30
0
11
-65.266252185713327
21
-11.259160361192004
31
0
0
LINE
5
1024
100
AcDbEntity
8
0
100
AcDbLine
10
-65.266252185713327
20
-11.259160361192002
30
0
11
-65.38084962631774
21
-11.259017885051989
31
0
0
LINE
5
1025
100
AcDbEntity
8
0
100
AcDbLine
10
-65.38084962631774
20
-11.259017885051993
30
0
11
-65.380665424851713
21
-11.110859628109974
31
0
0
LINE
5
1026
100
AcDbEntity
8
0
100
AcDbLine
10
-65.380665424851728
20
-11.110859628109974
30
0
11
-65.88898700268841
21
-11.110227644569044
31
0
0
SPLINE
5
1027
100
AcDbEntity
8
0
100
AcDbSpline
70
0
71
2
72
6
73
3
74
0
42
0.000000001
43
0.0000000001
44
0.0000000001
40
0
40
0
40
0
40
1
40
1
40
1
10
-65.88898700268841
20
-11.110227644569044
30
0
10
-65.952015587570273
20
-11.1101492827013
30
0
10
-65.970033444063944
20
-11.117903207540337
30
0
0
SPLINE
5
1028
100
AcDbEntity
8
0
100
AcDbSpline
70
0
71
2
72
6
73
3
74
0
42
0.000000001
43
0.0000000001
44
0.0000000001
40
0
40
0
40
0
40
1
40
1
40
1
10
-65.970033444063944
20
-11.117903207540337
30
0
10
-65.988051300557643
20
-11.125657132379372
30
0
10
-65.998714389781213
20
-11.143242756244414
30
0
0
SPLINE
5
1029
100
AcDbEntity
8
0
100
AcDbSpline
70
0
71
2
72
6
73
3
74
0
42
0.000000001
43
0.0000000001
44
0.0000000001
40
0
40
0
40
0
40
1
40
1
40
1
10
-65.998714389781213
20
-11.143242756244414
30
0
10
-66.009377479004797
20
-11.160828380109455
30
0
10
-66.009418186314576
20
-11.193570378272291
30
0
0
SPLINE
5
1030
100
AcDbEntity
8
0
100
AcDbSpline
70
0
71
2
72
6
73
3
74
0
42
0.000000001
43
0.0000000001
44
0.0000000001
40
0
40
0
40
0
40
1
40
1
40
1
10
-66.009418186314576
20
-11.193570378272291
30
0
10
-66.009448717167444
20
-11.218127174917409
30
0
10
-66.003768644758836
20
-11.258243425371051
30
0
0
LINE
5
1031
100
AcDbEntity
8
0
100
AcDbLine
10
-66.136953037277593
20
-12.381952896611041
30
0
11
-66.136769853642534
21
-12.234613308832294
31
0
0
LINE
5
1032
100
AcDbEntity
8
0
100
AcDbLine
10
-66.136769853642534
20
-12.234613308832294
30
0
11
-65.1978892416289
21
-12.235780595682906
31
0
0
SPLINE
5
1033
100
AcDbEntity
8
0
100
AcDbSpline
70
0
71
2
72
6
73
3
74
0
42
0.000000001
43
0.0000000001
44
0.0000000001
40
0
40
0
40
0
40
1
40
1
40
1
10
-65.1978892416289
20
-12.235780595682906
30
0
10
-65.248573427450779
20
-12.182511454018726
30
0
10
-65.299216322726906
20
-12.096091128714209
30
0
0
SPLINE
5
1034
100
AcDbEntity
8
0
100
AcDbSpline
70
0
71
2
72
6
73
3
74
0
42
0.000000001
43
0.0000000001
44
0.0000000001
40
0
40
0
40
0
40
1
40
1
40
1
10
-65.299216322726906
20
-12.096091128714209
30
0
10
-65.349859292138262
20
-12.009670505294064
30
0
10
-65.375148974350793
20
-11.940880582025024
30
0
0
LINE
5
1035
100
AcDbEntity
8
0
100
AcDbLine
10
-65.375148974350793
20
-11.940880582025024
30
0
11
-65.23272065649418
21
-11.941057659600663
31
0
0
SPLINE
5
1036
100
AcDbEntity
8
0
100
AcDbSpline
70
0
71
2
72
6
73
3
74
0
42
0.000000001
43
0.0000000001
44
0.0000000001
40
0
40
0
40
0
40
1
40
1
40
1
10
-65.23272065649418
20
-11.941057659600663
30
0
10
-65.174757086653358
20
-12.064731375613256
30
0
10
-65.092198197160499
20
-12.157330664434154
30
0
0
SPLINE
5
1037
100
AcDbEntity
8
0
100
AcDbSpline
70
0
71
2
72
6
73
3
74
0
42
0.000000001
43
0.0000000001
44
0.0000000001
40
0
40
0
40
0
40
1
40
1
40
1
10
-65.092198197160499
20
-12.157330664434154
30
0
10
-65.009639307667669
20
-12.24992995325505
30
0
10
-64.93192459539334
20
-12.288498719746027
30
0
0
LINE
5
1038
100
AcDbEntity
8
0
100
AcDbLine
10
-64.93192459539334
20
-12.288498719746027
30
0
11
-64.932042647110435
21
-12.383450931650442
31
0
0
LINE
5
1039
100
AcDbEntity
8
0
100
AcDbLine
10
-64.93204264711045
20
-12.383450931650442
30
0
11
-66.136953037277607
21
-12.381952896611041
31
0
0
SPLINE
5
1040
100
AcDbEntity
8
0
100
AcDbSpline
70
0
71
2
72
6
73
3
74
0
42
0.000000001
43
0.0000000001
44
0.0000000001
40
0
40
0
40
0
40
1
40
1
40
1
10
-65.5535684215386
20
-13.23724943223157
30
0
10
-65.254796496210744
20
-13.237620887915398
30
0
10
-65.085964771554004
20
-13.398267546433312
30
0
0
SPLINE
5
1041
100
AcDbEntity
8
0
100
AcDbSpline
70
0
71
2
72
6
73
3
74
0
42
0.000000001
43
0.0000000001
44
0.0000000001
40
0
40
0
40
0
40
1
40
1
40
1
10
-65.085964771554004
20
-13.398267546433312
30
0
10
-64.917132972391514
20
-13.558914205043855
30
0
10
-64.917448454783354
20
-13.81266528685182
30
0
0
SPLINE
5
1042
100
AcDbEntity
8
0
100
AcDbSpline
70
0
71
2
72
6
73
3
74
0
42
0.000000001
43
0.0000000001
44
0.0000000001
40
0
40
0
40
0
40
1
40
1
40
1
10
-64.917448454783354
20
-13.81266528685182
30
0
10
-64.917655045936698
20
-13.978832179224785
30
0
10
-64.99722058676717
20
-14.112157165727677
30
0
0
SPLINE
5
1043
100
AcDbEntity
8
0
100
AcDbSpline
70
0
71
2
72
6
73
3
74
0
42
0.000000001
43
0.0000000001
44
0.0000000001
40
0
40
0
40
0
40
1
40
1
40
1
10
-64.99722058676717
20
-14.112157165727677
30
0
10
-65.076786128338696
20
-14.245482748276554
30
0
10
-65.218892124118241
20
-14.315292707328544
30
0
0
SPLINE
5
1044
100
AcDbEntity
8
0
100
AcDbSpline
70
0
71
2
72
6
73
3
74
0
42
0.000000001
43
0.0000000001
44
0.0000000001
40
0
40
0
40
0
40
1
40
1
40
1
10
-65.218892124118241
20
-14.315292707328544
30
0
10
-65.360998119156733
20
-14.385102070334547
30
0
10
-65.54107985410981
20
-14.384878179204454
30
0
0
SPLINE
5
1045
100
AcDbEntity
8
0
100
AcDbSpline
70
0
71
2
72
6
73
3
74
0
42
0.000000001
43
0.0000000001
44
0.0000000001
40
0
40
0
40
0
40
1
40
1
40
1
10
-65.54107985410981
20
-14.384878179204454
30
0
10
-65.72361722402394
20
-14.384651235044652
30
0
10
-65.867590990737114
20
-14.310802626311251
30
0
0
SPLINE
5
1046
100
AcDbEntity
8
0
100
AcDbSpline
70
0
71
2
72
6
73
3
74
0
42
0.000000001
43
0.0000000001
44
0.0000000001
40
0
40
0
40
0
40
1
40
1
40
1
10
-65.867590990737114
20
-14.310802626311251
30
0
10
-66.01156475670922
20
-14.236953421531862
30
0
10
-66.085475967156867
20
-14.101800280354166
30
0
0
SPLINE
5
1047
100
AcDbEntity
8
0
100
AcDbSpline
70
0
71
2
72
6
73
3
74
0
42
0.000000001
43
0.0000000001
44
0.0000000001
40
0
40
0
40
0
40
1
40
1
40
1
10
-66.085475967156867
20
-14.101800280354166
30
0
10
-66.159387176863447
20
-13.966646543130485
30
0
10
-66.159192798940524
20
-13.810303084670752
30
0
0
SPLINE
5
1048
100
AcDbEntity
8
0
100
AcDbSpline
70
0
71
2
72
6
73
3
74
0
42
0.000000001
43
0.0000000001
44
0.0000000001
40
0
40
0
40
0
40
1
40
1
40
1
10
-66.159192798940524
20
-13.810303084670752
30
0
10
-66.158982137945458
20
-13.640862707736687
30
0
10
-66.076960812401367
20
-13.507540178402779
30
0
0
SPLINE
5
1049
100
AcDbEntity
8
0
100
AcDbSpline
70
0
71
2
72
6
73
3
74
0
42
0.000000001
43
0.0000000001
44
0.0000000001
40
0
40
0
40
0
40
1
40
1
40
1
10
-66.076960812401367
20
-13.507540178402779
30
0
10
-65.994939635868775
20
-13.374217648883608
30
0
10
-65.853244501973094
20
-13.305635631695534
30
0
0
SPLINE
5
1050
100
AcDbEntity
8
0
100
AcDbSpline
70
0
71
2
72
6
73
3
74
0
42
0.000000001
43
0.0000000001
44
0.0000000001
40
0
40
0
40
0
40
1
40
1
40
1
10
-65.853244501973094
20
-13.305635631695534
30
0
10
-65.711549218324862
20
-13.237053018646737
30
0
10
-65.5535684215386
20
-13.23724943223157
30
0
0
SPLINE
5
1051
100
AcDbEntity
8
0
100
AcDbSpline
70
0
71
2
72
6
73
3
74
0
42
0.000000001
43
0.0000000001
44
0.0000000001
40
0
40
0
40
0
40
1
40
1
40
1
10
-65.556227668295364
20
-13.400956965969399
30
0
10
-65.773144300193124
20
-13.400687278930544
30
0
10
-65.898118635570313
20
-13.517175897245819
30
0
0
SPLINE
5
1052
100
AcDbEntity
8
0
100
AcDbSpline
70
0
71
2
72
6
73
3
74
0
42
0.000000001
43
0.0000000001
44
0.0000000001
40
0
40
0
40
0
40
1
40
1
40
1
10
-65.898118635570313
20
-13.517175897245819
30
0
10
-66.023093119958986
20
-13.633664515375832
30
0
10
-66.023311922860628
20
-13.809653649570055
30
0
0
SPLINE
5
1053
100
AcDbEntity
8
0
100
AcDbSpline
70
0
71
2
72
6
73
3
74
0
42
0.000000001
43
0.0000000001
44
0.0000000001
40
0
40
0
40
0
40
1
40
1
40
1
10
-66.023311922860628
20
-13.809653649570055
30
0
10
-66.023534796345032
20
-13.988916864371364
30
0
10
-65.897621479715241
20
-14.104898436595445
30
0
0
SPLINE
5
1054
100
AcDbEntity
8
0
100
AcDbSpline
70
0
71
2
72
6
73
3
74
0
42
0.000000001
43
0.0000000001
44
0.0000000001
40
0
40
0
40
0
40
1
40
1
40
1
10
-65.897621479715241
20
-14.104898436595445
30
0
10
-65.771708312837973
20
-14.220880604680248
30
0
10
-65.540057722162331
20
-14.221168610082611
30
0
0
SPLINE
5
1055
100
AcDbEntity
8
0
100
AcDbSpline
70
0
71
2
72
6
73
3
74
0
42
0.000000001
43
0.0000000001
44
0.0000000001
40
0
40
0
40
0
40
1
40
1
40
1
10
-65.540057722162331
20
-14.221168610082611
30
0
10
-65.393536729041102
20
-14.221350775979339
30
0
10
-65.284198322875042
20
-14.171964156307073
30
0
0
SPLINE
5
1056
100
AcDbEntity
8
0
100
AcDbSpline
70
0
71
2
72
6
73
3
74
0
42
0.000000001
43
0.0000000001
44
0.0000000001
40
0
40
0
40
0
40
1
40
1
40
1
10
-65.284198322875042
20
-14.171964156307073
30
0
10
-65.174859842203233
20
-14.122577536727441
30
0
10
-65.11457766641675
20
-14.027290939175447
30
0
0
SPLINE
5
1057
100
AcDbEntity
8
0
100
AcDbSpline
70
0
71
2
72
6
73
3
74
0
42
0.000000001
43
0.0000000001
44
0.0000000001
40
0
40
0
40
0
40
1
40
1
40
1
10
-65.11457766641675
20
-14.027290939175447
30
0
10
-65.054295416124546
20
-13.932004341716087
30
0
10
-65.054147851756056
20
-13.813314300352813
30
0
0
SPLINE
5
1058
100
AcDbEntity
8
0
100
AcDbSpline
70
0
71
2
72
6
73
3
74
0
42
0.000000001
43
0.0000000001
44
0.0000000001
40
0
40
0
40
0
40
1
40
1
40
1
10
-65.054147851756056
20
-13.813314300352813
30
0
10
-65.053938208221439
20
-13.644692294559025
30
0
10
-65.169612376967706
20
-13.522993057434627
30
0
0
SPLINE
5
1059
100
AcDbEntity
8
0
100
AcDbSpline
70
0
71
2
72
6
73
3
74
0
42
0.000000001
43
0.0000000001
44
0.0000000001
40
0
40
0
40
0
40
1
40
1
40
1
10
-65.169612376967706
20
-13.522993057434627
30
0
10
-65.285286545713973
20
-13.401293820310229
30
0
10
-65.556227668295364
20
-13.400956965969399
30
0
0
LINE
5
1060
100
AcDbEntity
8
0
100
AcDbLine
10
-66.14038162437555
20
-15.139658897540446
30
0
11
-66.012687265296805
21
-15.139817656752578
31
0
0
SPLINE
5
1061
100
AcDbEntity
8
0
100
AcDbSpline
70
0
71
2
72
6
73
3
74
0
42
0.000000001
43
0.0000000001
44
0.0000000001
40
0
40
0
40
0
40
1
40
1
40
1
10
-66.012687265296805
20
-15.13981765675258
30
0
10
-66.159900659822398
20
-15.038133801975945
30
0
10
-66.159683892582663
20
-14.863782006108259
30
0
0
SPLINE
5
1062
100
AcDbEntity
8
0
100
AcDbSpline
70
0
71
2
72
6
73
3
74
0
42
0.000000001
43
0.0000000001
44
0.0000000001
40
0
40
0
40
0
40
1
40
1
40
1
10
-66.159683892582663
20
-14.863782006108259
30
0
10
-66.159588229811845
20
-14.786837833588805
30
0
10
-66.13003737107536
20
-14.72016261925674
30
0
0
SPLINE
5
1063
100
AcDbEntity
8
0
100
AcDbSpline
70
0
71
2
72
6
73
3
74
0
42
0.000000001
43
0.0000000001
44
0.0000000001
40
0
40
0
40
0
40
1
40
1
40
1
10
-66.13003737107536
20
-14.72016261925674
30
0
10
-66.100486511597836
20
-14.653486808878684
30
0
10
-66.055835251485021
20
-14.621209758129709
30
0
0
SPLINE
5
1064
100
AcDbEntity
8
0
100
AcDbSpline
70
0
71
2
72
6
73
3
74
0
42
0.000000001
43
0.0000000001
44
0.0000000001
40
0
40
0
40
0
40
1
40
1
40
1
10
-66.055835251485021
20
-14.621209758129709
30
0
10
-66.011183841619683
20
-14.588932111520013
30
0
10
-65.946501933362157
20
-14.575915590204808
30
0
0
SPLINE
5
1065
100
AcDbEntity
8
0
100
AcDbSpline
70
0
71
2
72
6
73
3
74
0
42
0.000000001
43
0.0000000001
44
0.0000000001
40
0
40
0
40
0
40
1
40
1
40
1
10
-65.946501933362157
20
-14.575915590204808
30
0
10
-65.903107382892443
20
-14.566965656968646
30
0
10
-65.808973691139798
20
-14.567082691040047
30
0
0
LINE
5
1066
100
AcDbEntity
8
0
100
AcDbLine
10
-65.808973691139798
20
-14.567082691040047
30
0
11
-65.270365675595599
21
-14.567752328953681
31
0
0
LINE
5
1067
100
AcDbEntity
8
0
100
AcDbLine
10
-65.270365675595599
20
-14.567752328953681
30
0
11
-65.270548859230658
21
-14.715091916732428
31
0
0
LINE
5
1068
100
AcDbEntity
8
0
100
AcDbLine
10
-65.270548859230658
20
-14.715091916732428
30
0
11
-65.75267674913016
21
-14.714492499150477
31
0
0
SPLINE
5
1069
100
AcDbEntity
8
0
100
AcDbSpline
70
0
71
2
72
6
73
3
74
0
42
0.000000001
43
0.0000000001
44
0.0000000001
40
0
40
0
40
0
40
1
40
1
40
1
10
-65.75267674913016
20
-14.714492499150477
30
0
10
-65.868092709886355
20
-14.714349005364774
30
0
10
-65.9082130307375
20
-14.723303009368964
30
0
0
SPLINE
5
1070
100
AcDbEntity
8
0
100
AcDbSpline
70
0
71
2
72
6
73
3
74
0
42
0.000000001
43
0.0000000001
44
0.0000000001
40
0
40
0
40
0
40
1
40
1
40
1
10
-65.9082130307375
20
-14.723303009368964
30
0
10
-65.966347646970831
20
-14.737146639221228
30
0
10
-65.999554951895718
20
-14.782125372446879
30
0
0
SPLINE
5
1071
100
AcDbEntity
8
0
100
AcDbSpline
70
0
71
2
72
6
73
3
74
0
42
0.000000001
43
0.0000000001
44
0.0000000001
40
0
40
0
40
0
40
1
40
1
40
1
10
-65.999554951895718
20
-14.782125372446879
30
0
10
-66.032762406573156
20
-14.827104701533255
30
0
10
-66.032844839394201
20
-14.893407665045189
30
0
0
SPLINE
5
1072
100
AcDbEntity
8
0
100
AcDbSpline
70
0
71
2
72
6
73
3
74
0
42
0.000000001
43
0.0000000001
44
0.0000000001
40
0
40
0
40
0
40
1
40
1
40
1
10
-66.032844839394201
20
-14.893407665045189
30
0
10
-66.032927272215233
20
-14.959710628557122
30
0
10
-65.999029525560047
20
-15.017869730538571
30
0
0
SPLINE
5
1073
100
AcDbEntity
8
0
100
AcDbSpline
70
0
71
2
72
6
73
3
74
0
42
0.000000001
43
0.0000000001
44
0.0000000001
40
0
40
0
40
0
40
1
40
1
40
1
10
-65.999029525560047
20
-15.017869730538571
30
0
10
-65.965131779645901
20
-15.076029428566002
30
0
10
-65.90663530123868
20
-15.10024980417953
30
0
0
SPLINE
5
1074
100
AcDbEntity
8
0
100
AcDbSpline
70
0
71
2
72
6
73
3
74
0
42
0.000000001
43
0.0000000001
44
0.0000000001
40
0
40
0
40
0
40
1
40
1
40
1
10
-65.90663530123868
20
-15.10024980417953
30
0
10
-65.848138822090405
20
-15.124469583747068
30
0
10
-65.736815611104575
20
-15.124607989119049
30
0
0
LINE
5
1075
100
AcDbEntity
8
0
100
AcDbLine
10
-65.736815611104575
20
-15.124607989119049
30
0
11
-65.271058720286476
21
-15.125187053046112
31
0
0
LINE
5
1076
100
AcDbEntity
8
0
100
AcDbLine
10
-65.271058720286476
20
-15.125187053046112
30
0
11
-65.271241903921549
21
-15.272526640824859
31
0
0
LINE
5
1077
100
AcDbEntity
8
0
100
AcDbLine
10
-65.271241903921549
20
-15.272526640824861
30
0
11
-66.140545471816154
21
-15.271445857378051
31
0
0
LINE
5
1078
100
AcDbEntity
8
0
100
AcDbLine
10
-66.140545471816154
20
-15.271445857378051
30
0
11
-66.14038162437555
21
-15.139658897540446
31
0
0
LINE
5
1079
100
AcDbEntity
8
0
100
AcDbLine
10
-66.009445301413265
20
-15.824133010162718
30
0
11
-66.139621829858385
21
-15.845253615843287
31
0
0
SPLINE
5
1080
100
AcDbEntity
8
0
100
AcDbSpline
70
0
71
2
72
6
73
3
74
0
42
0.000000001
43
0.0000000001
44
0.0000000001
40
0
40
0
40
0
40
1
40
1
40
1
10
-66.139621829858385
20
-15.845253615843284
30
0
10
-66.152641255284436
20
-15.78302741723784
30
0
10
-66.152580194319754
20
-15.733914419993589
30
0
0
SPLINE
5
1081
100
AcDbEntity
8
0
100
AcDbSpline
70
0
71
2
72
6
73
3
74
0
42
0.000000001
43
0.0000000001
44
0.0000000001
40
0
40
0
40
0
40
1
40
1
40
1
10
-66.152580194319754
20
-15.733914419993589
30
0
10
-66.152480460966174
20
-15.653696166867048
30
0
10
-66.127050337719737
20
-15.609525540823718
30
0
0
SPLINE
5
1082
100
AcDbEntity
8
0
100
AcDbSpline
70
0
71
2
72
6
73
3
74
0
42
0.000000001
43
0.0000000001
44
0.0000000001
40
0
40
0
40
0
40
1
40
1
40
1
10
-66.127050337719737
20
-15.609525540823718
30
0
10
-66.101620215214339
20
-15.565355510826375
30
0
10
-66.06026099361236
20
-15.54739856647112
30
0
0
SPLINE
5
1083
100
AcDbEntity
8
0
100
AcDbSpline
70
0
71
2
72
6
73
3
74
0
42
0.000000001
43
0.0000000001
44
0.0000000001
40
0
40
0
40
0
40
1
40
1
40
1
10
-66.06026099361236
20
-15.54739856647112
30
0
10
-66.018901622998897
20
-15.52944162230113
30
0
10
-65.886295993998019
20
-15.529606487572675
30
0
0
LINE
5
1084
100
AcDbEntity
8
0
100
AcDbLine
10
-65.886295993998019
20
-15.529606487572675
30
0
11
-65.386159915702052
21
-15.530228294286161
31
0
0
LINE
5
1085
100
AcDbEntity
8
0
100
AcDbLine
10
-65.386159915702052
20
-15.530228294286164
30
0
11
-65.386025581283349
21
-15.42217946193041
31
0
0
LINE
5
1086
100
AcDbEntity
8
0
100
AcDbLine
10
-65.386025581283349
20
-15.42217946193041
30
0
11
-65.27142814067895
21
-15.422321938070422
31
0
0
LINE
5
1087
100
AcDbEntity
8
0
100
AcDbLine
10
-65.271428140678935
20
-15.422321938070422
30
0
11
-65.271562475097625
21
-15.530370770426176
31
0
0
LINE
5
1088
100
AcDbEntity
8
0
100
AcDbLine
10
-65.271562475097639
20
-15.530370770426174
30
0
11
-65.056282958009163
21
-15.530638422081015
31
0
0
LINE
5
1089
100
AcDbEntity
8
0
100
AcDbLine
10
-65.056282958009163
20
-15.530638422081013
30
0
11
-64.968061371516541
21
-15.677269548900519
31
0
0
LINE
5
1090
100
AcDbEntity
8
0
100
AcDbLine
10
-64.968061371516541
20
-15.677269548900519
30
0
11
-65.271744641272264
21
-15.676891987064646
31
0
0
LINE
5
1091
100
AcDbEntity
8
0
100
AcDbLine
10
-65.271744641272264
20
-15.676891987064646
30
0
11
-65.271928842367743
21
-15.825049945983672
31
0
0
LINE
5
1092
100
AcDbEntity
8
0
100
AcDbLine
10
-65.271928842367743
20
-15.825049945983668
30
0
11
-65.386526282972156
21
-15.824907469843657
31
0
0
LINE
5
1093
100
AcDbEntity
8
0
100
AcDbLine
10
-65.38652628297217
20
-15.824907469843659
30
0
11
-65.386342081876677
21
-15.676749510924635
31
0
0
LINE
5
1094
100
AcDbEntity
8
0
100
AcDbLine
10
-65.386342081876677
20
-15.676749510924637
30
0
11
-65.894663659713359
21
-15.676117527383706
31
0
0
SPLINE
5
1095
100
AcDbEntity
8
0
100
AcDbSpline
70
0
71
2
72
6
73
3
74
0
42
0.000000001
43
0.0000000001
44
0.0000000001
40
0
40
0
40
0
40
1
40
1
40
1
10
-65.894663659713359
20
-15.676117527383706
30
0
10
-65.957692244595208
20
-15.676039165515959
30
0
10
-65.975710100718373
20
-15.683792792332003
30
0
0
SPLINE
5
1096
100
AcDbEntity
8
0
100
AcDbSpline
70
0
71
2
72
6
73
3
74
0
42
0.000000001
43
0.0000000001
44
0.0000000001
40
0
40
0
40
0
40
1
40
1
40
1
10
-65.975710100718373
20
-15.683792792332003
30
0
10
-65.993727957582593
20
-15.691547015194034
30
0
10
-66.004391046806163
20
-15.709132639059074
30
0
0
SPLINE
5
1097
100
AcDbEntity
8
0
100
AcDbSpline
70
0
71
2
72
6
73
3
74
0
42
0.000000001
43
0.0000000001
44
0.0000000001
40
0
40
0
40
0
40
1
40
1
40
1
10
-66.004391046806163
20
-15.709132639059074
30
0
10
-66.015054136029747
20
-15.726718262924116
30
0
10
-66.015094843339526
20
-15.759460261086954
30
0
0
SPLINE
5
1098
100
AcDbEntity
8
0
100
AcDbSpline
70
0
71
2
72
6
73
3
74
0
42
0.000000001
43
0.0000000001
44
0.0000000001
40
0
40
0
40
0
40
1
40
1
40
1
10
-66.015094843339526
20
-15.759460261086954
30
0
10
-66.01512537382186
20
-15.784016759709079
30
0
10
-66.009445301413265
20
-15.824133010162718
30
0
0
LINE
5
1099
100
AcDbEntity
8
0
100
AcDbLine
10
-64.353860148355963
20
-8.3471003310611938
30
0
11
-63.153860203794061
21
-8.3473623967210422
31
0
0
LINE
5
1100
100
AcDbEntity
8
0
100
AcDbLine
10
-63.153860203794061
20
-8.347362396721044
30
0
11
-63.153959059397224
21
-8.8000226894894809
31
0
0
SPLINE
5
1101
100
AcDbEntity
8
0
100
AcDbSpline
70
0
71
2
72
6
73
3
74
0
42
0.000000001
43
0.0000000001
44
0.0000000001
40
0
40
0
40
0
40
1
40
1
40
1
10
-63.153959059397224
20
-8.8000226894894809
30
0
10
-63.15398515870848
20
-8.919531564036177
30
0
10
-63.165458661152016
20
-8.9825576934577729
30
0
0
SPLINE
5
1102
100
AcDbEntity
8
0
100
AcDbSpline
70
0
71
2
72
6
73
3
74
0
42
0.000000001
43
0.0000000001
44
0.0000000001
40
0
40
0
40
0
40
1
40
1
40
1
10
-63.165458661152016
20
-8.9825576934577729
30
0
10
-63.180211937304414
20
-9.0709582946180696
30
0
10
-63.221561924704979
20
-9.1307036671448731
30
0
0
SPLINE
5
1103
100
AcDbEntity
8
0
100
AcDbSpline
70
0
71
2
72
6
73
3
74
0
42
0.000000001
43
0.0000000001
44
0.0000000001
40
0
40
0
40
0
40
1
40
1
40
1
10
-63.221561924704979
20
-9.1307036671448731
30
0
10
-63.262911986627628
20
-9.1904491141612112
30
0
10
-63.337408311375825
20
-9.2268584364371407
30
0
0
SPLINE
5
1104
100
AcDbEntity
8
0
100
AcDbSpline
70
0
71
2
72
6
73
3
74
0
42
0.000000001
43
0.0000000001
44
0.0000000001
40
0
40
0
40
0
40
1
40
1
40
1
10
-63.337408311375825
20
-9.2268584364371407
30
0
10
-63.411904710646098
20
-9.2632678332026028
30
0
10
-63.501127050294329
20
-9.2632483481089416
30
0
0
SPLINE
5
1105
100
AcDbEntity
8
0
100
AcDbSpline
70
0
71
2
72
6
73
3
74
0
42
0.000000001
43
0.0000000001
44
0.0000000001
40
0
40
0
40
0
40
1
40
1
40
1
10
-63.501127050294329
20
-9.2632483481089416
30
0
10
-63.65419661730472
20
-9.263214919543163
30
0
10
-63.760178030458178
20
-9.1657838499963926
30
0
0
SPLINE
5
1106
100
AcDbEntity
8
0
100
AcDbSpline
70
0
71
2
72
6
73
3
74
0
42
0.000000001
43
0.0000000001
44
0.0000000001
40
0
40
0
40
0
40
1
40
1
40
1
10
-63.760178030458178
20
-9.1657838499963926
30
0
10
-63.866159592623234
20
-9.0683527804170811
30
0
10
-63.866103997538737
20
-8.813782615250739
30
0
0
LINE
5
1107
100
AcDbEntity
8
0
100
AcDbLine
10
-63.866103997538737
20
-8.813782615250739
30
0
11
-63.866036782872449
21
-8.5060063279415328
31
0
0
LINE
5
1108
100
AcDbEntity
8
0
100
AcDbLine
10
-63.866036782872449
20
-8.5060063279415328
30
0
11
-64.353894828260763
21
-8.5058997855694614
31
0
0
LINE
5
1109
100
AcDbEntity
8
0
100
AcDbLine
10
-64.353894828260763
20
-8.5058997855694614
30
0
11
-64.353860148355963
21
-8.3471003310611938
31
0
0
LINE
5
1110
100
AcDbEntity
8
0
100
AcDbLine
10
-63.724426879099106
20
-8.5060372538536893
30
0
11
-63.724494630047147
21
-8.816269177963278
31
0
0
SPLINE
5
1111
100
AcDbEntity
8
0
100
AcDbSpline
70
0
71
2
72
6
73
3
74
0
42
0.000000001
43
0.0000000001
44
0.0000000001
40
0
40
0
40
0
40
1
40
1
40
1
10
-63.724494630047147
20
-8.816269177963278
30
0
10
-63.724528237368091
20
-8.9701572657385285
30
0
10
-63.667243596375307
20
-9.0348355272312784
30
0
0
SPLINE
5
1112
100
AcDbEntity
8
0
100
AcDbSpline
70
0
71
2
72
6
73
3
74
0
42
0.000000001
43
0.0000000001
44
0.0000000001
40
0
40
0
40
0
40
1
40
1
40
1
10
-63.667243596375307
20
-9.0348355272312784
30
0
10
-63.609958955382524
20
-9.0995137887240283
30
0
10
-63.50600264592039
20
-9.099536491540773
30
0
0
SPLINE
5
1113
100
AcDbEntity
8
0
100
AcDbSpline
70
0
71
2
72
6
73
3
74
0
42
0.000000001
43
0.0000000001
44
0.0000000001
40
0
40
0
40
0
40
1
40
1
40
1
10
-63.50600264592039
20
-9.099536491540773
30
0
10
-63.43069568081539
20
-9.0995529376827839
30
0
10
-63.377072097608348
20
-9.0615019409357203
30
0
0
SPLINE
5
1114
100
AcDbEntity
8
0
100
AcDbSpline
70
0
71
2
72
6
73
3
74
0
42
0.000000001
43
0.0000000001
44
0.0000000001
40
0
40
0
40
0
40
1
40
1
40
1
10
-63.377072097608348
20
-9.0615019409357203
30
0
10
-63.323448514385035
20
-9.0234508696828541
30
0
10
-63.306245247335696
20
-8.9612445868831401
30
0
0
SPLINE
5
1115
100
AcDbEntity
8
0
100
AcDbSpline
70
0
71
2
72
6
73
3
74
0
42
0.000000001
43
0.0000000001
44
0.0000000001
40
0
40
0
40
0
40
1
40
1
40
1
10
-63.306245247335696
20
-8.9612445868831401
30
0
10
-63.295595270996813
20
-8.9211377541920847
30
0
10
-63.295571674355443
20
-8.8130886173882423
30
0
0
LINE
5
1116
100
AcDbEntity
8
0
100
AcDbLine
10
-63.295571674355443
20
-8.8130886173882423
30
0
11
-63.295504638460585
21
-8.5061309253496979
31
0
0
LINE
5
1117
100
AcDbEntity
8
0
100
AcDbLine
10
-63.295504638460585
20
-8.5061309253496979
30
0
11
-63.724426879099106
21
-8.5060372538536893
31
0
0
SPLINE
5
1118
100
AcDbEntity
8
0
100
AcDbSpline
70
0
71
2
72
6
73
3
74
0
42
0.000000001
43
0.0000000001
44
0.0000000001
40
0
40
0
40
0
40
1
40
1
40
1
10
-63.919436139654266
20
-9.3916699760168303
30
0
10
-63.677962753760497
20
-9.3917227109211083
30
0
10
-63.56175742831919
20
-9.5259909395397706
30
0
0
SPLINE
5
1119
100
AcDbEntity
8
0
100
AcDbSpline
70
0
71
2
72
6
73
3
74
0
42
0.000000001
43
0.0000000001
44
0.0000000001
40
0
40
0
40
0
40
1
40
1
40
1
10
-63.56175742831919
20
-9.5259909395397706
30
0
10
-63.465192594197447
20
-9.6381538486289156
30
0
10
-63.465227810396208
20
-9.7994089958169184
30
0
0
SPLINE
5
1120
100
AcDbEntity
8
0
100
AcDbSpline
70
0
71
2
72
6
73
3
74
0
42
0.000000001
43
0.0000000001
44
0.0000000001
40
0
40
0
40
0
40
1
40
1
40
1
10
-63.465227810396208
20
-9.7994089958169184
30
0
10
-63.465266959371228
20
-9.978672344889862
30
0
10
-63.582754305443743
20
-10.092425549146437
30
0
0
SPLINE
5
1121
100
AcDbEntity
8
0
100
AcDbSpline
70
0
71
2
72
6
73
3
74
0
42
0.000000001
43
0.0000000001
44
0.0000000001
40
0
40
0
40
0
40
1
40
1
40
1
10
-63.582754305443743
20
-10.092425549146437
30
0
10
-63.700241577043002
20
-10.206178902430894
30
0
10
-63.907335600696612
20
-10.206133675568836
30
0
0
SPLINE
5
1122
100
AcDbEntity
8
0
100
AcDbSpline
70
0
71
2
72
6
73
3
74
0
42
0.000000001
43
0.0000000001
44
0.0000000001
40
0
40
0
40
0
40
1
40
1
40
1
10
-63.907335600696612
20
-10.206133675568836
30
0
10
-64.075139212026698
20
-10.206097029263702
30
0
10
-64.171308356856031
20
-10.155735134985875
30
0
0
SPLINE
5
1123
100
AcDbEntity
8
0
100
AcDbSpline
70
0
71
2
72
6
73
3
74
0
42
0.000000001
43
0.0000000001
44
0.0000000001
40
0
40
0
40
0
40
1
40
1
40
1
10
-64.171308356856031
20
-10.155735134985875
30
0
10
-64.267477352608651
20
-10.10537294271737
30
0
10
-64.320662432937269
20
-10.009181333476761
30
0
0
SPLINE
5
1124
100
AcDbEntity
8
0
100
AcDbSpline
70
0
71
2
72
6
73
3
74
0
42
0.000000001
43
0.0000000001
44
0.0000000001
40
0
40
0
40
0
40
1
40
1
40
1
10
-64.320662432937269
20
-10.009181333476761
30
0
10
-64.373847364221731
20
-9.9129895752570825
30
0
10
-64.373822516245426
20
-9.799210569581815
30
0
0
SPLINE
5
1125
100
AcDbEntity
8
0
100
AcDbSpline
70
0
71
2
72
6
73
3
74
0
42
0.000000001
43
0.0000000001
44
0.0000000001
40
0
40
0
40
0
40
1
40
1
40
1
10
-64.373822516245426
20
-9.799210569581815
30
0
10
-64.373782652249744
20
-9.6166731374494336
30
0
10
-64.25670498368774
20
-9.5041475504242197
30
0
0
SPLINE
5
1126
100
AcDbEntity
8
0
100
AcDbSpline
70
0
71
2
72
6
73
3
74
0
42
0.000000001
43
0.0000000001
44
0.0000000001
40
0
40
0
40
0
40
1
40
1
40
1
10
-64.25670498368774
20
-9.5041475504242197
30
0
10
-64.139627166097853
20
-9.3916218889257426
30
0
10
-63.919436139654266
20
-9.3916699760168303
30
0
0
SPLINE
5
1127
100
AcDbEntity
8
0
100
AcDbSpline
70
0
71
2
72
6
73
3
74
0
42
0.000000001
43
0.0000000001
44
0.0000000001
40
0
40
0
40
0
40
1
40
1
40
1
10
-63.919469210709721
20
-9.5431025014975042
30
0
10
-64.086454152263343
20
-9.5430660339800752
30
0
10
-64.16955327248543
20
-9.6158990688919559
30
0
0
SPLINE
5
1128
100
AcDbEntity
8
0
100
AcDbSpline
70
0
71
2
72
6
73
3
74
0
42
0.000000001
43
0.0000000001
44
0.0000000001
40
0
40
0
40
0
40
1
40
1
40
1
10
-64.16955327248543
20
-9.6158990688919559
30
0
10
-64.252652392740075
20
-9.6887322528154467
30
0
10
-64.252676525663205
20
-9.7992370264196698
30
0
0
SPLINE
5
1129
100
AcDbEntity
8
0
100
AcDbSpline
70
0
71
2
72
6
73
3
74
0
42
0.000000001
43
0.0000000001
44
0.0000000001
40
0
40
0
40
0
40
1
40
1
40
1
10
-64.252676525663205
20
-9.7992370264196698
30
0
10
-64.252700479831162
20
-9.9089232792590352
30
0
10
-64.169223993420403
20
-9.9817928413061026
30
0
0
SPLINE
5
1130
100
AcDbEntity
8
0
100
AcDbSpline
70
0
71
2
72
6
73
3
74
0
42
0.000000001
43
0.0000000001
44
0.0000000001
40
0
40
0
40
0
40
1
40
1
40
1
10
-64.169223993420403
20
-9.9817928413061026
30
0
10
-64.085747357965502
20
-10.054662254374103
30
0
10
-63.914669663575978
20
-10.054699615699882
30
0
0
SPLINE
5
1131
100
AcDbEntity
8
0
100
AcDbSpline
70
0
71
2
72
6
73
3
74
0
42
0.000000001
43
0.0000000001
44
0.0000000001
40
0
40
0
40
0
40
1
40
1
40
1
10
-63.914669663575978
20
-10.054699615699882
30
0
10
-63.75341451638797
20
-10.054734831898637
30
0
10
-63.670315306772025
20
-9.9814924620985224
30
0
0
SPLINE
5
1132
100
AcDbEntity
8
0
100
AcDbSpline
70
0
71
2
72
6
73
3
74
0
42
0.000000001
43
0.0000000001
44
0.0000000001
40
0
40
0
40
0
40
1
40
1
40
1
10
-63.670315306772025
20
-9.9814924620985224
30
0
10
-63.58721609715608
20
-9.908250092298406
30
0
10
-63.587192321743274
20
-9.7993823602239001
30
0
0
SPLINE
5
1133
100
AcDbEntity
8
0
100
AcDbSpline
70
0
71
2
72
6
73
3
74
0
42
0.000000001
43
0.0000000001
44
0.0000000001
40
0
40
0
40
0
40
1
40
1
40
1
10
-63.587192321743274
20
-9.7993823602239001
30
0
10
-63.587168188820158
20
-9.688877586619677
30
0
10
-63.669826228971857
20
-9.6160082033115
30
0
0
SPLINE
5
1134
100
AcDbEntity
8
0
100
AcDbSpline
70
0
71
2
72
6
73
3
74
0
42
0.000000001
43
0.0000000001
44
0.0000000001
40
0
40
0
40
0
40
1
40
1
40
1
10
-63.669826228971857
20
-9.6160082033115
30
0
10
-63.752484194650293
20
-9.5431389690312045
30
0
10
-63.919469210709721
20
-9.5431025014975042
30
0
0
LINE
5
1135
100
AcDbEntity
8
0
100
AcDbLine
10
-64.354303479116737
20
-10.377114063693028
30
0
11
-63.484999260096842
21
-10.377303909354939
31
0
0
LINE
5
1136
100
AcDbEntity
8
0
100
AcDbLine
10
-63.484999260096842
20
-10.377303909354939
30
0
11
-63.485028219604594
21
-10.509909637680009
31
0
0
LINE
5
1137
100
AcDbEntity
8
0
100
AcDbLine
10
-63.485028219604594
20
-10.509909637680009
30
0
11
-63.616815427164809
21
-10.50988085692742
31
0
0
SPLINE
5
1138
100
AcDbEntity
8
0
100
AcDbSpline
70
0
71
2
72
6
73
3
74
0
42
0.000000001
43
0.0000000001
44
0.0000000001
40
0
40
0
40
0
40
1
40
1
40
1
10
-63.616815427164809
20
-10.50988085692742
30
0
10
-63.524329864215339
20
-10.560651430674321
30
0
10
-63.494871309607788
20
-10.603631919909088
30
0
0
SPLINE
5
1139
100
AcDbEntity
8
0
100
AcDbSpline
70
0
71
2
72
6
73
3
74
0
42
0.000000001
43
0.0000000001
44
0.0000000001
40
0
40
0
40
0
40
1
40
1
40
1
10
-63.494871309607788
20
-10.603631919909088
30
0
10
-63.46541275500023
20
-10.646612409143849
30
0
10
-63.465424017031026
20
-10.698181303492486
30
0
0
SPLINE
5
1140
100
AcDbEntity
8
0
100
AcDbSpline
70
0
71
2
72
6
73
3
74
0
42
0.000000001
43
0.0000000001
44
0.0000000001
40
0
40
0
40
0
40
1
40
1
40
1
10
-63.465424017031026
20
-10.698181303492486
30
0
10
-63.465440284434145
20
-10.772669822338436
30
0
10
-63.512933229582941
20
-10.849603386244917
30
0
0
LINE
5
1141
100
AcDbEntity
8
0
100
AcDbLine
10
-63.512933229582941
20
-10.849603386244917
30
0
11
-63.649620627468281
21
-10.798823159345037
31
0
0
SPLINE
5
1142
100
AcDbEntity
8
0
100
AcDbSpline
70
0
71
2
72
6
73
3
74
0
42
0.000000001
43
0.0000000001
44
0.0000000001
40
0
40
0
40
0
40
1
40
1
40
1
10
-63.649620627468281
20
-10.798823159345037
30
0
10
-63.61768525274384
20
-10.744805674429745
30
0
10
-63.617673454415012
20
-10.690781068774921
30
0
0
SPLINE
5
1143
100
AcDbEntity
8
0
100
AcDbSpline
70
0
71
2
72
6
73
3
74
0
42
0.000000001
43
0.0000000001
44
0.0000000001
40
0
40
0
40
0
40
1
40
1
40
1
10
-63.617673454415012
20
-10.690781068774921
30
0
10
-63.617662907437413
20
-10.64248640649733
30
0
10
-63.646713184864737
20
-10.604008094364284
30
0
0
SPLINE
5
1144
100
AcDbEntity
8
0
100
AcDbSpline
70
0
71
2
72
6
73
3
74
0
42
0.000000001
43
0.0000000001
44
0.0000000001
40
0
40
0
40
0
40
1
40
1
40
1
10
-63.646713184864737
20
-10.604008094364284
30
0
10
-63.675763462259532
20
-10.565529633219629
30
0
10
-63.727328781374766
20
-10.549147359845223
30
0
0
SPLINE
5
1145
100
AcDbEntity
8
0
100
AcDbSpline
70
0
71
2
72
6
73
3
74
0
42
0.000000001
43
0.0000000001
44
0.0000000001
40
0
40
0
40
0
40
1
40
1
40
1
10
-63.727328781374766
20
-10.549147359845223
30
0
10
-63.805904541162363
20
-10.524573532639263
30
0
10
-63.899219633646496
20
-10.524553153737251
30
0
0
LINE
5
1146
100
AcDbEntity
8
0
100
AcDbLine
10
-63.899219633646496
20
-10.524553153737251
30
0
11
-64.354335656347573
21
-10.524453761831992
31
0
0
LINE
5
1147
100
AcDbEntity
8
0
100
AcDbLine
10
-64.354335656347573
20
-10.524453761831992
30
0
11
-64.354303479116737
21
-10.377114063693027
31
0
0
LINE
5
1148
100
AcDbEntity
8
0
100
AcDbLine
10
-64.222708798676038
20
-11.258725470984832
30
0
11
-64.352863612470912
21
-11.279979183675337
31
0
0
SPLINE
5
1149
100
AcDbEntity
8
0
100
AcDbSpline
70
0
71
2
72
6
73
3
74
0
42
0.000000001
43
0.0000000001
44
0.0000000001
40
0
40
0
40
0
40
1
40
1
40
1
10
-64.352863612470912
20
-11.279979183675337
30
0
10
-64.365946805830504
20
-11.217766361180097
30
0
10
-64.365936080065197
20
-11.168653029126038
30
0
0
SPLINE
5
1150
100
AcDbEntity
8
0
100
AcDbSpline
70
0
71
2
72
6
73
3
74
0
42
0.000000001
43
0.0000000001
44
0.0000000001
40
0
40
0
40
0
40
1
40
1
40
1
10
-64.365936080065197
20
-11.168653029126038
30
0
10
-64.365918561408478
20
-11.08843501393768
30
0
10
-64.340533721447343
20
-11.044238646133806
30
0
0
SPLINE
5
1151
100
AcDbEntity
8
0
100
AcDbSpline
70
0
71
2
72
6
73
3
74
0
42
0.000000001
43
0.0000000001
44
0.0000000001
40
0
40
0
40
0
40
1
40
1
40
1
10
-64.340533721447343
20
-11.044238646133806
30
0
10
-64.315148881486209
20
-11.000042278329932
30
0
10
-64.273808085430119
20
-10.982042954910751
30
0
0
SPLINE
5
1152
100
AcDbEntity
8
0
100
AcDbSpline
70
0
71
2
72
6
73
3
74
0
42
0.000000001
43
0.0000000001
44
0.0000000001
40
0
40
0
40
0
40
1
40
1
40
1
10
-64.273808085430119
20
-10.982042954910751
30
0
10
-64.232467140427502
20
-10.964043929547332
30
0
10
-64.099861412102442
20
-10.964072889055082
30
0
0
LINE
5
1153
100
AcDbEntity
8
0
100
AcDbLine
10
-64.099861412102442
20
-10.964072889055082
30
0
11
-63.599724959194823
21
-10.964182112884748
31
0
0
LINE
5
1154
100
AcDbEntity
8
0
100
AcDbLine
10
-63.599724959194816
20
-10.964182112884748
30
0
11
-63.599701362537175
21
-10.856132901575101
31
0
0
LINE
5
1155
100
AcDbEntity
8
0
100
AcDbLine
10
-63.599701362537175
20
-10.856132901575101
30
0
11
-63.485103836097053
21
-10.856157928306578
31
0
0
LINE
5
1156
100
AcDbEntity
8
0
100
AcDbLine
10
-63.485103836097053
20
-10.856157928306578
30
0
11
-63.485127432754695
21
-10.964207139616224
31
0
0
LINE
5
1157
100
AcDbEntity
8
0
100
AcDbLine
10
-63.485127432754695
20
-10.964207139616224
30
0
11
-63.269847754417668
21
-10.964254154127527
31
0
0
LINE
5
1158
100
AcDbEntity
8
0
100
AcDbLine
10
-63.269847754417661
20
-10.964254154127527
30
0
11
-63.18147593397741
21
-11.110794488828525
31
0
0
LINE
5
1159
100
AcDbEntity
8
0
100
AcDbLine
10
-63.18147593397741
20
-11.110794488828525
30
0
11
-63.485159431197815
21
-11.110728167978722
31
0
0
LINE
5
1160
100
AcDbEntity
8
0
100
AcDbLine
10
-63.485159431197822
20
-11.110728167978721
30
0
11
-63.485191787216365
21
-11.258886535894153
31
0
0
LINE
5
1161
100
AcDbEntity
8
0
100
AcDbLine
10
-63.485191787216351
20
-11.258886535894154
30
0
11
-63.599789313656473
21
-11.258861509162678
31
0
0
LINE
5
1162
100
AcDbEntity
8
0
100
AcDbLine
10
-63.599789313656487
20
-11.258861509162678
30
0
11
-63.599756957637943
21
-11.110703141247246
31
0
0
LINE
5
1163
100
AcDbEntity
8
0
100
AcDbLine
10
-63.599756957637943
20
-11.110703141247246
30
0
11
-64.10807891621738
21
-11.110592129800876
31
0
0
SPLINE
5
1164
100
AcDbEntity
8
0
100
AcDbSpline
70
0
71
2
72
6
73
3
74
0
42
0.000000001
43
0.0000000001
44
0.0000000001
40
0
40
0
40
0
40
1
40
1
40
1
10
-64.10807891621738
20
-11.110592129800875
30
0
10
-64.171107548308868
20
-11.11057836510019
30
0
10
-64.18911744844921
20
-11.118350752119097
30
0
0
SPLINE
5
1165
100
AcDbEntity
8
0
100
AcDbSpline
70
0
71
2
72
6
73
3
74
0
42
0.000000001
43
0.0000000001
44
0.0000000001
40
0
40
0
40
0
40
1
40
1
40
1
10
-64.18911744844921
20
-11.118350752119097
30
0
10
-64.207127348589538
20
-11.126123139138006
30
0
10
-64.217772408949955
20
-11.143719682219984
30
0
0
SPLINE
5
1166
100
AcDbEntity
8
0
100
AcDbSpline
70
0
71
2
72
6
73
3
74
0
42
0.000000001
43
0.0000000001
44
0.0000000001
40
0
40
0
40
0
40
1
40
1
40
1
10
-64.217772408949955
20
-11.143719682219984
30
0
10
-64.228417469310358
20
-11.16131622530196
30
0
10
-64.228424619777172
20
-11.19405824798919
30
0
0
SPLINE
5
1167
100
AcDbEntity
8
0
100
AcDbSpline
70
0
71
2
72
6
73
3
74
0
42
0.000000001
43
0.0000000001
44
0.0000000001
40
0
40
0
40
0
40
1
40
1
40
1
10
-64.228424619777172
20
-11.19405824798919
30
0
10
-64.228429982692376
20
-11.218615063027828
30
0
10
-64.222708798676038
20
-11.258725470984832
30
0
0
LINE
5
1168
100
AcDbEntity
8
0
100
AcDbLine
10
-64.213179600508028
20
-12.601974282459413
30
0
11
-64.354789355269759
21
-12.601943356579797
31
0
0
LINE
5
1169
100
AcDbEntity
8
0
100
AcDbLine
10
-64.354789355269773
20
-12.601943356579799
30
0
11
-64.354616134521308
21
-11.808764697935572
31
0
0
SPLINE
5
1170
100
AcDbEntity
8
0
100
AcDbSpline
70
0
71
2
72
6
73
3
74
0
42
0.000000001
43
0.0000000001
44
0.0000000001
40
0
40
0
40
0
40
1
40
1
40
1
10
-64.354616134521308
20
-11.808764697935569
30
0
10
-64.301409841132624
20
-11.807139275946968
30
0
10
-64.252300620610001
20
-11.825976724362073
30
0
0
SPLINE
5
1171
100
AcDbEntity
8
0
100
AcDbSpline
70
0
71
2
72
6
73
3
74
0
42
0.000000001
43
0.0000000001
44
0.0000000001
40
0
40
0
40
0
40
1
40
1
40
1
10
-64.252300620610001
20
-11.825976724362073
30
0
10
-64.171270400867428
20
-11.856281031243292
30
0
10
-64.092703847279836
20
-11.923010093449772
30
0
0
SPLINE
5
1172
100
AcDbEntity
8
0
100
AcDbSpline
70
0
71
2
72
6
73
3
74
0
42
0.000000001
43
0.0000000001
44
0.0000000001
40
0
40
0
40
0
40
1
40
1
40
1
10
-64.092703847279836
20
-11.923010093449772
30
0
10
-64.014137293757315
20
-11.989739453679471
30
0
10
-63.911027034461412
20
-12.115819241924033
30
0
0
SPLINE
5
1173
100
AcDbEntity
8
0
100
AcDbSpline
70
0
71
2
72
6
73
3
74
0
42
0.000000001
43
0.0000000001
44
0.0000000001
40
0
40
0
40
0
40
1
40
1
40
1
10
-63.911027034461412
20
-12.115819241924033
30
0
10
-63.750633132246705
20
-12.311488639784184
30
0
10
-63.656923720958773
20
-12.380267832560376
30
0
0
SPLINE
5
1174
100
AcDbEntity
8
0
100
AcDbSpline
70
0
71
2
72
6
73
3
74
0
42
0.000000001
43
0.0000000001
44
0.0000000001
40
0
40
0
40
0
40
1
40
1
40
1
10
-63.656923720958773
20
-12.380267832560376
30
0
10
-63.563214309605755
20
-12.449046727313354
30
0
10
-63.479721838828944
20
-12.449064961072068
30
0
0
SPLINE
5
1175
100
AcDbEntity
8
0
100
AcDbSpline
70
0
71
2
72
6
73
3
74
0
42
0.000000001
43
0.0000000001
44
0.0000000001
40
0
40
0
40
0
40
1
40
1
40
1
10
-63.479721838828944
20
-12.449064961072068
30
0
10
-63.392136540710425
20
-12.449084088655407
30
0
10
-63.331959204968172
20
-12.386477781465617
30
0
0
SPLINE
5
1176
100
AcDbEntity
8
0
100
AcDbSpline
70
0
71
2
72
6
73
3
74
0
42
0.000000001
43
0.0000000001
44
0.0000000001
40
0
40
0
40
0
40
1
40
1
40
1
10
-63.331959204968172
20
-12.386477781465617
30
0
10
-63.271781794785198
20
-12.323871772315316
30
0
10
-63.271759806956567
20
-12.223189396901009
30
0
0
SPLINE
5
1177
100
AcDbEntity
8
0
100
AcDbSpline
70
0
71
2
72
6
73
3
74
0
42
0.000000001
43
0.0000000001
44
0.0000000001
40
0
40
0
40
0
40
1
40
1
40
1
10
-63.271759806956567
20
-12.223189396901009
30
0
10
-63.271736567874335
20
-12.116777525144297
30
0
10
-63.335569851748097
20
-12.052916279804222
30
0
0
SPLINE
5
1178
100
AcDbEntity
8
0
100
AcDbSpline
70
0
71
2
72
6
73
3
74
0
42
0.000000001
43
0.0000000001
44
0.0000000001
40
0
40
0
40
0
40
1
40
1
40
1
10
-63.335569851748097
20
-12.052916279804222
30
0
10
-63.399403061181147
20
-11.989055332503636
30
0
10
-63.512363367303848
20
-11.988211993506015
30
0
0
LINE
5
1179
100
AcDbEntity
8
0
100
AcDbLine
10
-63.512363367303848
20
-11.988211993506015
30
0
11
-63.496777731180103
21
-11.836782939025664
31
0
0
SPLINE
5
1180
100
AcDbEntity
8
0
100
AcDbSpline
70
0
71
2
72
6
73
3
74
0
42
0.000000001
43
0.0000000001
44
0.0000000001
40
0
40
0
40
0
40
1
40
1
40
1
10
-63.496777731180103
20
-11.836782939025664
30
0
10
-63.327340474831075
20
-11.852372582431483
30
0
10
-63.238549562051446
20
-11.953892427291905
30
0
0
SPLINE
5
1181
100
AcDbEntity
8
0
100
AcDbSpline
70
0
71
2
72
6
73
3
74
0
42
0.000000001
43
0.0000000001
44
0.0000000001
40
0
40
0
40
0
40
1
40
1
40
1
10
-63.238549562051446
20
-11.953892427291905
30
0
10
-63.149758649336896
20
-12.055412570175543
30
0
10
-63.149796010695226
20
-12.226490413576681
30
0
0
SPLINE
5
1182
100
AcDbEntity
8
0
100
AcDbSpline
70
0
71
2
72
6
73
3
74
0
42
0.000000001
43
0.0000000001
44
0.0000000001
40
0
40
0
40
0
40
1
40
1
40
1
10
-63.149796010695226
20
-12.226490413576681
30
0
10
-63.149833729563866
20
-12.399205298507534
30
0
10
-63.245626521117742
20
-12.499866460698584
30
0
0
SPLINE
5
1183
100
AcDbEntity
8
0
100
AcDbSpline
70
0
71
2
72
6
73
3
74
0
42
0.000000001
43
0.0000000001
44
0.0000000001
40
0
40
0
40
0
40
1
40
1
40
1
10
-63.245626521117742
20
-12.499866460698584
30
0
10
-63.341419312671633
20
-12.600527622889633
30
0
10
-63.48302914193917
20
-12.600496696993746
30
0
0
SPLINE
5
1184
100
AcDbEntity
8
0
100
AcDbSpline
70
0
71
2
72
6
73
3
74
0
42
0.000000001
43
0.0000000001
44
0.0000000001
40
0
40
0
40
0
40
1
40
1
40
1
10
-63.48302914193917
20
-12.600496696993746
30
0
10
-63.555061874973127
20
-12.600480965904925
30
0
10
-63.62463253576054
20
-12.570997831470068
30
0
0
SPLINE
5
1185
100
AcDbEntity
8
0
100
AcDbSpline
70
0
71
2
72
6
73
3
74
0
42
0.000000001
43
0.0000000001
44
0.0000000001
40
0
40
0
40
0
40
1
40
1
40
1
10
-63.62463253576054
20
-12.570997831470068
30
0
10
-63.694203122042154
20
-12.541514697051481
30
0
10
-63.771132276524625
20
-12.473148652802388
30
0
0
SPLINE
5
1186
100
AcDbEntity
8
0
100
AcDbSpline
70
0
71
2
72
6
73
3
74
0
42
0.000000001
43
0.0000000001
44
0.0000000001
40
0
40
0
40
0
40
1
40
1
40
1
10
-63.771132276524625
20
-12.473148652802388
30
0
10
-63.848061505512909
20
-12.404782608537026
30
0
10
-63.982269595499517
20
-12.245954004648745
30
0
0
SPLINE
5
1187
100
AcDbEntity
8
0
100
AcDbSpline
70
0
71
2
72
6
73
3
74
0
42
0.000000001
43
0.0000000001
44
0.0000000001
40
0
40
0
40
0
40
1
40
1
40
1
10
-63.982269595499517
20
-12.245954004648745
30
0
10
-64.093563930360844
20
-12.113323964645391
30
0
10
-64.133255528950443
20
-12.075661551355527
30
0
0
SPLINE
5
1188
100
AcDbEntity
8
0
100
AcDbSpline
70
0
71
2
72
6
73
3
74
0
42
0.000000001
43
0.0000000001
44
0.0000000001
40
0
40
0
40
0
40
1
40
1
40
1
10
-64.133255528950443
20
-12.075661551355527
30
0
10
-64.172947276616725
20
-12.037999436056337
30
0
10
-64.213051070372401
20
-12.013434159680019
30
0
0
LINE
5
1189
100
AcDbEntity
8
0
100
AcDbLine
10
-64.213051070372401
20
-12.013434159680019
30
0
11
-64.213179600508028
21
-12.601974282459414
31
0
0
SPLINE
5
1190
100
AcDbEntity
8
0
100
AcDbSpline
70
0
71
2
72
6
73
3
74
0
42
0.000000001
43
0.0000000001
44
0.0000000001
40
0
40
0
40
0
40
1
40
1
40
1
10
-63.770480555982665
20
-13.237269034490101
30
0
10
-63.471708406868828
20
-13.237334282760113
30
0
10
-63.302712126340843
20
-13.397807823604865
30
0
0
SPLINE
5
1191
100
AcDbEntity
8
0
100
AcDbSpline
70
0
71
2
72
6
73
3
74
0
42
0.000000001
43
0.0000000001
44
0.0000000001
40
0
40
0
40
0
40
1
40
1
40
1
10
-63.302712126340843
20
-13.397807823604865
30
0
10
-63.13371577130706
20
-13.558281364465884
30
0
10
-63.133771187555034
20
-13.812032636338344
30
0
0
SPLINE
5
1192
100
AcDbEntity
8
0
100
AcDbSpline
70
0
71
2
72
6
73
3
74
0
42
0.000000001
43
0.0000000001
44
0.0000000001
40
0
40
0
40
0
40
1
40
1
40
1
10
-63.133771187555034
20
-13.812032636338344
30
0
10
-63.133807476447473
20
-13.978199653173544
30
0
10
-63.21323633255367
20
-14.111606115278285
30
0
0
SPLINE
5
1193
100
AcDbEntity
8
0
100
AcDbSpline
70
0
71
2
72
6
73
3
74
0
42
0.000000001
43
0.0000000001
44
0.0000000001
40
0
40
0
40
0
40
1
40
1
40
1
10
-63.21323633255367
20
-14.111606115278285
30
0
10
-63.292665188790025
20
-14.245013173429458
30
0
10
-63.434699562673458
20
-14.314968738289412
30
0
0
SPLINE
5
1194
100
AcDbEntity
8
0
100
AcDbSpline
70
0
71
2
72
6
73
3
74
0
42
0.000000001
43
0.0000000001
44
0.0000000001
40
0
40
0
40
0
40
1
40
1
40
1
10
-63.434699562673458
20
-14.314968738289412
30
0
10
-63.576733936426713
20
-14.384923707102931
30
0
10
-63.75681580626452
20
-14.384884379372744
30
0
0
SPLINE
5
1195
100
AcDbEntity
8
0
100
AcDbSpline
70
0
71
2
72
6
73
3
74
0
42
0.000000001
43
0.0000000001
44
0.0000000001
40
0
40
0
40
0
40
1
40
1
40
1
10
-63.75681580626452
20
-14.384884379372744
30
0
10
-63.939353312902711
20
-14.3848445153608
30
0
10
-64.0834026904203
20
-14.311143502136892
30
0
0
SPLINE
5
1196
100
AcDbEntity
8
0
100
AcDbSpline
70
0
71
2
72
6
73
3
74
0
42
0.000000001
43
0.0000000001
44
0.0000000001
40
0
40
0
40
0
40
1
40
1
40
1
10
-64.0834026904203
20
-14.311143502136892
30
0
10
-64.227452067807718
20
-14.237441892866549
30
0
10
-64.301501756024734
20
-14.102364573249243
30
0
0
SPLINE
5
1197
100
AcDbEntity
8
0
100
AcDbSpline
70
0
71
2
72
6
73
3
74
0
42
0.000000001
43
0.0000000001
44
0.0000000001
40
0
40
0
40
0
40
1
40
1
40
1
10
-64.301501756024734
20
-14.102364573249243
30
0
10
-64.375551444111593
20
-13.967286657585504
30
0
10
-64.375517300541432
20
-13.810943082021481
30
0
0
SPLINE
5
1198
100
AcDbEntity
8
0
100
AcDbSpline
70
0
71
2
72
6
73
3
74
0
42
0.000000001
43
0.0000000001
44
0.0000000001
40
0
40
0
40
0
40
1
40
1
40
1
10
-64.375517300541432
20
-13.810943082021481
30
0
10
-64.375480296758511
20
-13.641502578173279
30
0
10
-64.29359565471016
20
-13.508096056336406
30
0
0
SPLINE
5
1199
100
AcDbEntity
8
0
100
AcDbSpline
70
0
71
2
72
6
73
3
74
0
42
0.000000001
43
0.0000000001
44
0.0000000001
40
0
40
0
40
0
40
1
40
1
40
1
10
-64.29359565471016
20
-13.508096056336406
30
0
10
-64.211711161673421
20
-13.374689534466988
30
0
10
-64.070086390957414
20
-13.305962331912706
30
0
0
SPLINE
5
1200
100
AcDbEntity
8
0
100
AcDbSpline
70
0
71
2
72
6
73
3
74
0
42
0.000000001
43
0.0000000001
44
0.0000000001
40
0
40
0
40
0
40
1
40
1
40
1
10
-64.070086390957414
20
-13.305962331912706
30
0
10
-63.928461471099624
20
-13.237234533344536
30
0
10
-63.770480555982665
20
-13.237269034490101
30
0
0
SPLINE
5
1201
100
AcDbEntity
8
0
100
AcDbSpline
70
0
71
2
72
6
73
3
74
0
42
0.000000001
43
0.0000000001
44
0.0000000001
40
0
40
0
40
0
40
1
40
1
40
1
10
-63.772972019753091
20
-13.40097920767465
30
0
10
-63.989888814125635
20
-13.400931835636754
30
0
10
-64.114743696291171
20
-13.517548477242478
30
0
0
SPLINE
5
1202
100
AcDbEntity
8
0
100
AcDbSpline
70
0
71
2
72
6
73
3
74
0
42
0.000000001
43
0.0000000001
44
0.0000000001
40
0
40
0
40
0
40
1
40
1
40
1
10
-64.114743696291171
20
-13.517548477242478
30
0
10
-64.239598727468319
20
-13.634165118815659
30
0
10
-64.239637161422706
20
-13.810154384829168
30
0
0
SPLINE
5
1203
100
AcDbEntity
8
0
100
AcDbSpline
70
0
71
2
72
6
73
3
74
0
42
0.000000001
43
0.0000000001
44
0.0000000001
40
0
40
0
40
0
40
1
40
1
40
1
10
-64.239637161422706
20
-13.810154384829168
30
0
10
-64.239676310397726
20
-13.989417733902112
30
0
10
-64.113644191985998
20
-14.10527019839442
30
0
0
SPLINE
5
1204
100
AcDbEntity
8
0
100
AcDbSpline
70
0
71
2
72
6
73
3
74
0
42
0.000000001
43
0.0000000001
44
0.0000000001
40
0
40
0
40
0
40
1
40
1
40
1
10
-64.113644191985998
20
-14.10527019839442
30
0
10
-63.987612222716059
20
-14.221123258900619
30
0
10
-63.755961458529612
20
-14.2211738486616
30
0
0
SPLINE
5
1205
100
AcDbEntity
8
0
100
AcDbSpline
70
0
71
2
72
6
73
3
74
0
42
0.000000001
43
0.0000000001
44
0.0000000001
40
0
40
0
40
0
40
1
40
1
40
1
10
-63.755961458529612
20
-14.2211738486616
30
0
10
-63.609440355661313
20
-14.221205847120997
30
0
10
-63.500152622583563
20
-14.171707193964419
30
0
0
SPLINE
5
1206
100
AcDbEntity
8
0
100
AcDbSpline
70
0
71
2
72
6
73
3
74
0
42
0.000000001
43
0.0000000001
44
0.0000000001
40
0
40
0
40
0
40
1
40
1
40
1
10
-63.500152622583563
20
-14.171707193964419
30
0
10
-63.390864815000015
20
-14.122208540824117
30
0
10
-63.330680328790947
20
-14.026860210947099
30
0
0
SPLINE
5
1207
100
AcDbEntity
8
0
100
AcDbSpline
70
0
71
2
72
6
73
3
74
0
42
0.000000001
43
0.0000000001
44
0.0000000001
40
0
40
0
40
0
40
1
40
1
40
1
10
-63.330680328790947
20
-14.026860210947099
30
0
10
-63.270495768076088
20
-13.931511881086351
30
0
10
-63.270469847568798
20
-13.812821750821929
30
0
0
SPLINE
5
1208
100
AcDbEntity
8
0
100
AcDbSpline
70
0
71
2
72
6
73
3
74
0
42
0.000000001
43
0.0000000001
44
0.0000000001
40
0
40
0
40
0
40
1
40
1
40
1
10
-63.270469847568798
20
-13.812821750821929
30
0
10
-63.270433022508499
20
-13.644199618726978
30
0
10
-63.38623185837001
20
-13.522618998376037
30
0
0
SPLINE
5
1209
100
AcDbEntity
8
0
100
AcDbSpline
70
0
71
2
72
6
73
3
74
0
42
0.000000001
43
0.0000000001
44
0.0000000001
40
0
40
0
40
0
40
1
40
1
40
1
10
-63.38623185837001
20
-13.522618998376037
30
0
10
-63.502030694231522
20
-13.401038378025095
30
0
10
-63.772972019753091
20
-13.40097920767465
30
0
0
LINE
5
1210
100
AcDbEntity
8
0
100
AcDbLine
10
-64.355343697448447
20
-15.140278917405908
30
0
11
-64.227649242724141
21
-15.140306804350143
31
0
0
SPLINE
5
1211
100
AcDbEntity
8
0
100
AcDbSpline
70
0
71
2
72
6
73
3
74
0
42
0.000000001
43
0.0000000001
44
0.0000000001
40
0
40
0
40
0
40
1
40
1
40
1
10
-64.227649242724141
20
-15.140306804350141
30
0
10
-64.374966774311858
20
-15.038773879951751
30
0
10
-64.374928697932873
20
-14.864421953491181
30
0
0
SPLINE
5
1212
100
AcDbEntity
8
0
100
AcDbSpline
70
0
71
2
72
6
73
3
74
0
42
0.000000001
43
0.0000000001
44
0.0000000001
40
0
40
0
40
0
40
1
40
1
40
1
10
-64.374928697932873
20
-14.864421953491181
30
0
10
-64.37491189423173
20
-14.787477723339045
30
0
10
-64.3454293855213
20
-14.720772257757657
30
0
0
SPLINE
5
1213
100
AcDbEntity
8
0
100
AcDbSpline
70
0
71
2
72
6
73
3
74
0
42
0.000000001
43
0.0000000001
44
0.0000000001
40
0
40
0
40
0
40
1
40
1
40
1
10
-64.3454293855213
20
-14.720772257757657
30
0
10
-64.315946876680684
20
-14.654066196129838
30
0
10
-64.271328720321947
20
-14.621743399873012
30
0
0
SPLINE
5
1214
100
AcDbEntity
8
0
100
AcDbSpline
70
0
71
2
72
6
73
3
74
0
42
0.000000001
43
0.0000000001
44
0.0000000001
40
0
40
0
40
0
40
1
40
1
40
1
10
-64.271328720321947
20
-14.621743399873012
30
0
10
-64.22671041482144
20
-14.589420007602293
30
0
10
-64.162041880987474
20
-14.576337201529125
30
0
0
SPLINE
5
1215
100
AcDbEntity
8
0
100
AcDbSpline
70
0
71
2
72
6
73
3
74
0
42
0.000000001
43
0.0000000001
44
0.0000000001
40
0
40
0
40
0
40
1
40
1
40
1
10
-64.162041880987474
20
-14.576337201529125
30
0
10
-64.118656525971318
20
-14.567342798518153
30
0
10
-64.024522763710706
20
-14.567363356207871
30
0
0
LINE
5
1216
100
AcDbEntity
8
0
100
AcDbLine
10
-64.024522763710706
20
-14.567363356207871
30
0
11
-63.485914344738632
21
-14.567480981855569
31
0
0
LINE
5
1217
100
AcDbEntity
8
0
100
AcDbLine
10
-63.485914344738632
20
-14.567480981855569
30
0
11
-63.485946521969467
21
-14.714820679994535
31
0
0
LINE
5
1218
100
AcDbEntity
8
0
100
AcDbLine
10
-63.485946521969467
20
-14.714820679994535
30
0
11
-63.968074772992139
21
-14.714715388941142
31
0
0
SPLINE
5
1219
100
AcDbEntity
8
0
100
AcDbSpline
70
0
71
2
72
6
73
3
74
0
42
0.000000001
43
0.0000000001
44
0.0000000001
40
0
40
0
40
0
40
1
40
1
40
1
10
-63.968074772992139
20
-14.714715388941141
30
0
10
-64.083490820197127
20
-14.714690183454504
30
0
10
-64.123601943142233
20
-14.723685301518664
30
0
0
SPLINE
5
1220
100
AcDbEntity
8
0
100
AcDbSpline
70
0
71
2
72
6
73
3
74
0
42
0.000000001
43
0.0000000001
44
0.0000000001
40
0
40
0
40
0
40
1
40
1
40
1
10
-64.123601943142233
20
-14.723685301518664
30
0
10
-64.181722340698514
20
-14.737588505465355
30
0
10
-64.214883530100764
20
-14.782601248776412
30
0
0
SPLINE
5
1221
100
AcDbEntity
8
0
100
AcDbSpline
70
0
71
2
72
6
73
3
74
0
42
0.000000001
43
0.0000000001
44
0.0000000001
40
0
40
0
40
0
40
1
40
1
40
1
10
-64.214883530100764
20
-14.782601248776412
30
0
10
-64.248044868644797
20
-14.827614588101362
30
0
10
-64.248059348431198
20
-14.893917601275501
30
0
0
SPLINE
5
1222
100
AcDbEntity
8
0
100
AcDbSpline
70
0
71
2
72
6
73
3
74
0
42
0.000000001
43
0.0000000001
44
0.0000000001
40
0
40
0
40
0
40
1
40
1
40
1
10
-64.248059348431198
20
-14.893917601275501
30
0
10
-64.248073828217628
20
-14.960220614449646
30
0
10
-64.214116492905234
20
-15.018344944553919
30
0
0
SPLINE
5
1223
100
AcDbEntity
8
0
100
AcDbSpline
70
0
71
2
72
6
73
3
74
0
42
0.000000001
43
0.0000000001
44
0.0000000001
40
0
40
0
40
0
40
1
40
1
40
1
10
-64.214116492905234
20
-15.018344944553919
30
0
10
-64.180159157723025
20
-15.076469870704624
30
0
10
-64.121637886909554
20
-15.10063028136512
30
0
0
SPLINE
5
1224
100
AcDbEntity
8
0
100
AcDbSpline
70
0
71
2
72
6
73
3
74
0
42
0.000000001
43
0.0000000001
44
0.0000000001
40
0
40
0
40
0
40
1
40
1
40
1
10
-64.121637886909554
20
-15.10063028136512
30
0
10
-64.06311661596591
20
-15.124790095979179
30
0
10
-63.951793321596838
20
-15.124814407657466
30
0
0
LINE
5
1225
100
AcDbEntity
8
0
100
AcDbLine
10
-63.951793321596838
20
-15.124814407657466
30
0
11
-63.486036081917767
21
-15.124916123477451
31
0
0
LINE
5
1226
100
AcDbEntity
8
0
100
AcDbLine
10
-63.486036081917767
20
-15.124916123477451
30
0
11
-63.486068259148603
21
-15.272255821616419
31
0
0
LINE
5
1227
100
AcDbEntity
8
0
100
AcDbLine
10
-63.486068259148603
20
-15.272255821616419
30
0
11
-64.355372478168505
21
-15.272065975954508
31
0
0
LINE
5
1228
100
AcDbEntity
8
0
100
AcDbLine
10
-64.355372478168505
20
-15.272065975954508
30
0
11
-64.355343697448447
21
-15.140278917405904
31
0
0
LINE
5
1229
100
AcDbEntity
8
0
100
AcDbLine
10
-64.223705935191362
20
-15.824618475716608
30
0
11
-64.353860749051321
21
-15.845872486430331
31
0
0
SPLINE
5
1230
100
AcDbEntity
8
0
100
AcDbSpline
70
0
71
2
72
6
73
3
74
0
42
0.000000001
43
0.0000000001
44
0.0000000001
40
0
40
0
40
0
40
1
40
1
40
1
10
-64.353860749051321
20
-15.845872486430327
30
0
10
-64.366943942410913
20
-15.78365966393509
30
0
10
-64.366933216710692
20
-15.734546629904244
30
0
0
SPLINE
5
1231
100
AcDbEntity
8
0
100
AcDbSpline
70
0
71
2
72
6
73
3
74
0
42
0.000000001
43
0.0000000001
44
0.0000000001
40
0
40
0
40
0
40
1
40
1
40
1
10
-64.366933216710692
20
-15.734546629904244
30
0
10
-64.366915697988901
20
-15.654328316692672
30
0
10
-64.341530857962667
20
-15.610131650865583
30
0
0
SPLINE
5
1232
100
AcDbEntity
8
0
100
AcDbSpline
70
0
71
2
72
6
73
3
74
0
42
0.000000001
43
0.0000000001
44
0.0000000001
40
0
40
0
40
0
40
1
40
1
40
1
10
-64.341530857962667
20
-15.610131650865583
30
0
10
-64.316146018066604
20
-15.565935581084922
30
0
10
-64.274805222010528
20
-15.547936257665745
30
0
0
SPLINE
5
1233
100
AcDbEntity
8
0
100
AcDbSpline
70
0
71
2
72
6
73
3
74
0
42
0.000000001
43
0.0000000001
44
0.0000000001
40
0
40
0
40
0
40
1
40
1
40
1
10
-64.274805222010528
20
-15.547936257665745
30
0
10
-64.233464276942826
20
-15.529936934279105
30
0
10
-64.100858548617765
20
-15.529965893786855
30
0
0
LINE
5
1234
100
AcDbEntity
8
0
100
AcDbLine
10
-64.100858548617765
20
-15.529965893786855
30
0
11
-63.600722095710147
21
-15.530075117616523
31
0
0
LINE
5
1235
100
AcDbEntity
8
0
100
AcDbLine
10
-63.600722095710147
20
-15.530075117616523
30
0
11
-63.600698499117591
21
-15.422026204330093
31
0
0
LINE
5
1236
100
AcDbEntity
8
0
100
AcDbLine
10
-63.600698499117591
20
-15.422026204330093
30
0
11
-63.486100972677463
21
-15.42205123106157
31
0
0
LINE
5
1237
100
AcDbEntity
8
0
100
AcDbLine
10
-63.486100972677455
20
-15.42205123106157
30
0
11
-63.486124569270011
21
-15.530100144347998
31
0
0
LINE
5
1238
100
AcDbEntity
8
0
100
AcDbLine
10
-63.486124569270011
20
-15.530100144348001
30
0
11
-63.270844890932992
21
-15.530147158859302
31
0
0
LINE
5
1239
100
AcDbEntity
8
0
100
AcDbLine
10
-63.270844890932992
20
-15.530147158859302
30
0
11
-63.182473070557833
21
-15.676687791583516
31
0
0
LINE
5
1240
100
AcDbEntity
8
0
100
AcDbLine
10
-63.182473070557833
20
-15.676687791583515
30
0
11
-63.486156567778231
21
-15.676621470733714
31
0
0
LINE
5
1241
100
AcDbEntity
8
0
100
AcDbLine
10
-63.486156567778231
20
-15.676621470733714
30
0
11
-63.486188923731682
21
-15.824779540625931
31
0
0
LINE
5
1242
100
AcDbEntity
8
0
100
AcDbLine
10
-63.486188923731682
20
-15.824779540625931
30
0
11
-63.60078645017181
21
-15.824754513894455
31
0
0
LINE
5
1243
100
AcDbEntity
8
0
100
AcDbLine
10
-63.60078645017181
20
-15.824754513894455
30
0
11
-63.600754094218352
21
-15.676596444002238
31
0
0
LINE
5
1244
100
AcDbEntity
8
0
100
AcDbLine
10
-63.600754094218352
20
-15.676596444002238
30
0
11
-64.109076052797775
21
-15.676485432555866
31
0
0
SPLINE
5
1245
100
AcDbEntity
8
0
100
AcDbSpline
70
0
71
2
72
6
73
3
74
0
42
0.000000001
43
0.0000000001
44
0.0000000001
40
0
40
0
40
0
40
1
40
1
40
1
10
-64.109076052797789
20
-15.676485432555866
30
0
10
-64.172104684889277
20
-15.676471667855182
30
0
10
-64.190114584964533
20
-15.684243756850872
30
0
0
SPLINE
5
1246
100
AcDbEntity
8
0
100
AcDbSpline
70
0
71
2
72
6
73
3
74
0
42
0.000000001
43
0.0000000001
44
0.0000000001
40
0
40
0
40
0
40
1
40
1
40
1
10
-64.190114584964533
20
-15.684243756850872
30
0
10
-64.208124485169947
20
-15.692016441892997
30
0
10
-64.218769545530364
20
-15.709612984974974
30
0
0
SPLINE
5
1247
100
AcDbEntity
8
0
100
AcDbSpline
70
0
71
2
72
6
73
3
74
0
42
0.000000001
43
0.0000000001
44
0.0000000001
40
0
40
0
40
0
40
1
40
1
40
1
10
-64.218769545530364
20
-15.709612984974974
30
0
10
-64.229414605890781
20
-15.727209528056951
30
0
10
-64.229421756357596
20
-15.75995155074418
30
0
0
SPLINE
5
1248
100
AcDbEntity
8
0
100
AcDbSpline
70
0
71
2
72
6
73
3
74
0
42
0.000000001
43
0.0000000001
44
0.0000000001
40
0
40
0
40
0
40
1
40
1
40
1
10
-64.229421756357596
20
-15.75995155074418
30
0
10
-64.229427119207699
20
-15.784508067759603
30
0
10
-64.223705935191362
20
-15.824618475716608
30
0
0
LINE
5
1249
100
AcDbEntity
8
0
100
AcDbLine
10
-20.956221357453366
20
-6.6991921703724486
30
0
11
-20.955740993495017
21
-9.6991922511234847
31
0
0
LINE
5
1250
100
AcDbEntity
8
0
100
AcDbLine
10
-20.955740993495017
20
-9.6991922511234847
30
0
11
-22.08739208248446
21
-9.6993734525841333
31
0
0
SPLINE
5
1251
100
AcDbEntity
8
0
100
AcDbSpline
70
0
71
2
72
6
73
3
74
0
42
0.000000001
43
0.0000000001
44
0.0000000001
40
0
40
0
40
0
40
1
40
1
40
1
10
-22.087392082484456
20
-9.6993734525841333
30
0
10
-22.386163936869711
20
-9.6994212923263845
30
0
10
-22.543740255254164
20
-9.6707969547287078
30
0
0
SPLINE
5
1252
100
AcDbEntity
8
0
100
AcDbSpline
70
0
71
2
72
6
73
3
74
0
42
0.000000001
43
0.0000000001
44
0.0000000001
40
0
40
0
40
0
40
1
40
1
40
1
10
-22.543740255254164
20
-9.6707969547287078
30
0
10
-22.764755702932504
20
-9.6339975671391382
30
0
10
-22.914158177467225
20
-9.5306789552234825
30
0
0
SPLINE
5
1253
100
AcDbEntity
8
0
100
AcDbSpline
70
0
71
2
72
6
73
3
74
0
42
0.000000001
43
0.0000000001
44
0.0000000001
40
0
40
0
40
0
40
1
40
1
40
1
10
-22.914158177467225
20
-9.5306789552234825
30
0
10
-23.063560651954234
20
-9.4273606413310471
30
0
10
-23.154654445026299
20
-9.2411542214693405
30
0
0
SPLINE
5
1254
100
AcDbEntity
8
0
100
AcDbSpline
70
0
71
2
72
6
73
3
74
0
42
0.000000001
43
0.0000000001
44
0.0000000001
40
0
40
0
40
0
40
1
40
1
40
1
10
-23.154654445026299
20
-9.2411542214693405
30
0
10
-23.245748834168658
20
-9.0549476526914638
30
0
10
-23.245784550176896
20
-8.8318917266053685
30
0
0
SPLINE
5
1255
100
AcDbEntity
8
0
100
AcDbSpline
70
0
71
2
72
6
73
3
74
0
42
0.000000001
43
0.0000000001
44
0.0000000001
40
0
40
0
40
0
40
1
40
1
40
1
10
-23.245784550176896
20
-8.8318917266053685
30
0
10
-23.245845824398689
20
-8.4492179911240601
30
0
10
-23.002368716190897
20
-8.1841719828090831
30
0
0
SPLINE
5
1256
100
AcDbEntity
8
0
100
AcDbSpline
70
0
71
2
72
6
73
3
74
0
42
0.000000001
43
0.0000000001
44
0.0000000001
40
0
40
0
40
0
40
1
40
1
40
1
10
-23.002368716190897
20
-8.1841719828090831
30
0
10
-22.758891011936662
20
-7.9191259743986659
30
0
10
-22.122465405738268
20
-7.919024069093612
30
0
0
LINE
5
1257
100
AcDbEntity
8
0
100
AcDbLine
10
-22.122465405738268
20
-7.919024069093612
30
0
11
-21.353024883871399
21
-7.9189008652653285
31
0
0
LINE
5
1258
100
AcDbEntity
8
0
100
AcDbLine
10
-21.353024883871399
20
-7.9189008652653285
30
0
11
-21.353220175053128
21
-6.6992557383452311
31
0
0
LINE
5
1259
100
AcDbEntity
8
0
100
AcDbLine
10
-21.353220175053124
20
-6.699255738345232
30
0
11
-20.956221357453359
21
-6.6991921703724486
31
0
0
LINE
5
1260
100
AcDbEntity
8
0
100
AcDbLine
10
-21.352968196960699
20
-8.2729256286026089
30
0
11
-22.128547997160734
21
-8.2730498154602135
31
0
0
SPLINE
5
1261
100
AcDbEntity
8
0
100
AcDbSpline
70
0
71
2
72
6
73
3
74
0
42
0.000000001
43
0.0000000001
44
0.0000000001
40
0
40
0
40
0
40
1
40
1
40
1
10
-22.128547997160737
20
-8.2730498154602135
30
0
10
-22.513268258094175
20
-8.2731114173743556
30
0
10
-22.674909507040383
20
-8.4163842501390835
30
0
0
SPLINE
5
1262
100
AcDbEntity
8
0
100
AcDbSpline
70
0
71
2
72
6
73
3
74
0
42
0.000000001
43
0.0000000001
44
0.0000000001
40
0
40
0
40
0
40
1
40
1
40
1
10
-22.674909507040383
20
-8.4163842501390835
30
0
10
-22.83655105400981
20
-8.5596570829515333
30
0
10
-22.836509439944948
20
-8.8195479339785585
30
0
0
SPLINE
5
1263
100
AcDbEntity
8
0
100
AcDbSpline
70
0
71
2
72
6
73
3
74
0
42
0.000000001
43
0.0000000001
44
0.0000000001
40
0
40
0
40
0
40
1
40
1
40
1
10
-22.836509439944948
20
-8.8195479339785585
30
0
10
-22.83647929432485
20
-9.0078153115642401
30
0
10
-22.741301401977179
20
-9.1418382533860747
30
0
0
SPLINE
5
1264
100
AcDbEntity
8
0
100
AcDbSpline
70
0
71
2
72
6
73
3
74
0
42
0.000000001
43
0.0000000001
44
0.0000000001
40
0
40
0
40
0
40
1
40
1
40
1
10
-22.741301401977179
20
-9.1418382533860747
30
0
10
-22.646122913559203
20
-9.2758613441240811
30
0
10
-22.490590826971331
20
-9.3188104954861171
30
0
0
SPLINE
5
1265
100
AcDbEntity
8
0
100
AcDbSpline
70
0
71
2
72
6
73
3
74
0
42
0.000000001
43
0.0000000001
44
0.0000000001
40
0
40
0
40
0
40
1
40
1
40
1
10
-22.490590826971331
20
-9.3188104954861171
30
0
10
-22.390313674684663
20
-9.3453971843737982
30
0
10
-22.120190792443438
20
-9.3453539319426433
30
0
0
LINE
5
1266
100
AcDbEntity
8
0
100
AcDbLine
10
-22.120190792443438
20
-9.3453539319426433
30
0
11
-21.352796498005475
21
-9.3452310557589868
31
0
0
LINE
5
1267
100
AcDbEntity
8
0
100
AcDbLine
10
-21.352796498005475
20
-9.3452310557589868
30
0
11
-21.352968196960699
21
-8.2729256286026072
31
0
0
SPLINE
5
1268
100
AcDbEntity
8
0
100
AcDbSpline
70
0
71
2
72
6
73
3
74
0
42
0.000000001
43
0.0000000001
44
0.0000000001
40
0
40
0
40
0
40
1
40
1
40
1
10
-23.567234729754652
20
-7.7862404883790184
30
0
10
-23.567138067145386
20
-8.3899240715291228
30
0
10
-23.902698466367156
20
-8.6805644559982582
30
0
0
SPLINE
5
1269
100
AcDbEntity
8
0
100
AcDbSpline
70
0
71
2
72
6
73
3
74
0
42
0.000000001
43
0.0000000001
44
0.0000000001
40
0
40
0
40
0
40
1
40
1
40
1
10
-23.902698466367156
20
-8.6805644559982582
30
0
10
-24.183014416750879
20
-8.9220828098103517
30
0
10
-24.586152214660586
20
-8.9221473607647361
30
0
0
SPLINE
5
1270
100
AcDbEntity
8
0
100
AcDbSpline
70
0
71
2
72
6
73
3
74
0
42
0.000000001
43
0.0000000001
44
0.0000000001
40
0
40
0
40
0
40
1
40
1
40
1
10
-24.586152214660586
20
-8.9221473607647361
30
0
10
-25.0343105922849
20
-8.922219120473553
30
0
10
-25.318805279252039
20
-8.6286083807949936
30
0
0
SPLINE
5
1271
100
AcDbEntity
8
0
100
AcDbSpline
70
0
71
2
72
6
73
3
74
0
42
0.000000001
43
0.0000000001
44
0.0000000001
40
0
40
0
40
0
40
1
40
1
40
1
10
-25.318805279252039
20
-8.6286083807949936
30
0
10
-25.603299370148882
20
-8.334997790032606
30
0
10
-25.603382270633972
20
-7.817262315407465
30
0
0
SPLINE
5
1272
100
AcDbEntity
8
0
100
AcDbSpline
70
0
71
2
72
6
73
3
74
0
42
0.000000001
43
0.0000000001
44
0.0000000001
40
0
40
0
40
0
40
1
40
1
40
1
10
-25.603382270633972
20
-7.817262315407465
30
0
10
-25.603449442936252
20
-7.3977535059736166
30
0
10
-25.477635122494469
20
-7.1572831539180015
30
0
0
SPLINE
5
1273
100
AcDbEntity
8
0
100
AcDbSpline
70
0
71
2
72
6
73
3
74
0
42
0.000000001
43
0.0000000001
44
0.0000000001
40
0
40
0
40
0
40
1
40
1
40
1
10
-25.477635122494469
20
-7.1572831539180015
30
0
10
-25.351821398099126
20
-6.9168128019578257
30
0
10
-25.111392198262838
20
-6.7837593850393185
30
0
0
SPLINE
5
1274
100
AcDbEntity
8
0
100
AcDbSpline
70
0
71
2
72
6
73
3
74
0
42
0.000000001
43
0.0000000001
44
0.0000000001
40
0
40
0
40
0
40
1
40
1
40
1
10
-25.111392198262838
20
-6.7837593850393185
30
0
10
-24.870962998474266
20
-6.6507056700975911
30
0
10
-24.586515928184252
20
-6.6506601240586072
30
0
0
SPLINE
5
1275
100
AcDbEntity
8
0
100
AcDbSpline
70
0
71
2
72
6
73
3
74
0
42
0.000000001
43
0.0000000001
44
0.0000000001
40
0
40
0
40
0
40
1
40
1
40
1
10
-24.586515928184252
20
-6.6506601240586072
30
0
10
-24.13017204479786
20
-6.650587053675844
30
0
10
-23.848747756866054
20
-6.9431751712500489
30
0
0
SPLINE
5
1276
100
AcDbEntity
8
0
100
AcDbSpline
70
0
71
2
72
6
73
3
74
0
42
0.000000001
43
0.0000000001
44
0.0000000001
40
0
40
0
40
0
40
1
40
1
40
1
10
-23.848747756866054
20
-6.9431751712500489
30
0
10
-23.567322872935534
20
-7.2357629907055943
30
0
10
-23.567234729754652
20
-7.7862404883790184
30
0
0
SPLINE
5
1277
100
AcDbEntity
8
0
100
AcDbSpline
70
0
71
2
72
6
73
3
74
0
42
0.000000001
43
0.0000000001
44
0.0000000001
40
0
40
0
40
0
40
1
40
1
40
1
10
-23.945816010378142
20
-7.7863011073115596
30
0
10
-23.945882855035798
20
-7.3688385253066198
30
0
10
-24.128044063735498
20
-7.1611598086087387
30
0
0
SPLINE
5
1278
100
AcDbEntity
8
0
100
AcDbSpline
70
0
71
2
72
6
73
3
74
0
42
0.000000001
43
0.0000000001
44
0.0000000001
40
0
40
0
40
0
40
1
40
1
40
1
10
-24.128044063735498
20
-7.1611598086087387
30
0
10
-24.310205272482918
20
-6.95348079388764
30
0
10
-24.586467433057308
20
-6.9535250293481141
30
0
0
SPLINE
5
1279
100
AcDbEntity
8
0
100
AcDbSpline
70
0
71
2
72
6
73
3
74
0
42
0.000000001
43
0.0000000001
44
0.0000000001
40
0
40
0
40
0
40
1
40
1
40
1
10
-24.586467433057308
20
-6.9535250293481141
30
0
10
-24.860682770156345
20
-6.953568937068523
30
0
10
-25.042777894114863
20
-7.1623293907333485
30
0
0
SPLINE
5
1280
100
AcDbEntity
8
0
100
AcDbSpline
70
0
71
2
72
6
73
3
74
0
42
0.000000001
43
0.0000000001
44
0.0000000001
40
0
40
0
40
0
40
1
40
1
40
1
10
-25.042777894114863
20
-7.1623293907333485
30
0
10
-25.224872422026952
20
-7.3710898443027348
30
0
10
-25.224803939050723
20
-7.7987841594986538
30
0
0
SPLINE
5
1281
100
AcDbEntity
8
0
100
AcDbSpline
70
0
71
2
72
6
73
3
74
0
42
0.000000001
43
0.0000000001
44
0.0000000001
40
0
40
0
40
0
40
1
40
1
40
1
10
-25.224803939050723
20
-7.7987841594986538
30
0
10
-25.224739388048619
20
-8.2019222554315796
30
0
10
-25.041554767611242
20
-8.4096008082594267
30
0
0
SPLINE
5
1282
100
AcDbEntity
8
0
100
AcDbSpline
70
0
71
2
72
6
73
3
74
0
42
0.000000001
43
0.0000000001
44
0.0000000001
40
0
40
0
40
0
40
1
40
1
40
1
10
-25.041554767611242
20
-8.4096008082594267
30
0
10
-24.858370147150008
20
-8.6172795100988822
30
0
10
-24.586201037479878
20
-8.6172359300231012
30
0
0
SPLINE
5
1283
100
AcDbEntity
8
0
100
AcDbSpline
70
0
71
2
72
6
73
3
74
0
42
0.000000001
43
0.0000000001
44
0.0000000001
40
0
40
0
40
0
40
1
40
1
40
1
10
-24.586201037479878
20
-8.6172359300231012
30
0
10
-24.309938876905491
20
-8.6171916945626279
30
0
10
-24.127844021277198
20
-8.410477915456978
30
0
0
SPLINE
5
1284
100
AcDbEntity
8
0
100
AcDbSpline
70
0
71
2
72
6
73
3
74
0
42
0.000000001
43
0.0000000001
44
0.0000000001
40
0
40
0
40
0
40
1
40
1
40
1
10
-24.127844021277198
20
-8.410477915456978
30
0
10
-23.945749165720489
20
-8.2037636893164994
30
0
10
-23.945816010378142
20
-7.7863011073115596
30
0
0
LINE
5
1285
100
AcDbEntity
8
0
100
AcDbLine
10
-26.03125549353955
20
-6.7000047915127041
30
0
11
-26.030907508198698
21
-8.8732653630275387
31
0
0
LINE
5
1286
100
AcDbEntity
8
0
100
AcDbLine
10
-26.030907508198702
20
-8.8732653630275387
30
0
11
-26.362421981678676
21
-8.8733184455610221
31
0
0
LINE
5
1287
100
AcDbEntity
8
0
100
AcDbLine
10
-26.362421981678676
20
-8.8733184455610221
30
0
11
-26.362474736519811
21
-8.5438504975331746
31
0
0
SPLINE
5
1288
100
AcDbEntity
8
0
100
AcDbSpline
70
0
71
2
72
6
73
3
74
0
42
0.000000001
43
0.0000000001
44
0.0000000001
40
0
40
0
40
0
40
1
40
1
40
1
10
-26.362474736519808
20
-8.5438504975331746
30
0
10
-26.489313347172949
20
-8.775112244875249
30
0
10
-26.596737133750736
20
-8.8487992974839003
30
0
0
SPLINE
5
1289
100
AcDbEntity
8
0
100
AcDbSpline
70
0
71
2
72
6
73
3
74
0
42
0.000000001
43
0.0000000001
44
0.0000000001
40
0
40
0
40
0
40
1
40
1
40
1
10
-26.596737133750736
20
-8.8487992974839003
30
0
10
-26.704160324282078
20
-8.9224863499971132
30
0
10
-26.833082785092749
20
-8.9225069932310888
30
0
0
SPLINE
5
1290
100
AcDbEntity
8
0
100
AcDbSpline
70
0
71
2
72
6
73
3
74
0
42
0.000000001
43
0.0000000001
44
0.0000000001
40
0
40
0
40
0
40
1
40
1
40
1
10
-26.833082785092749
20
-8.9225069932310888
30
0
10
-27.019303190191476
20
-8.9225368110872605
30
0
10
-27.211682474513626
20
-8.8038773314833314
30
0
0
LINE
5
1291
100
AcDbEntity
8
0
100
AcDbLine
10
-27.211682474513626
20
-8.8038773314833314
30
0
11
-27.084861558054222
21
-8.462110660306859
31
0
0
SPLINE
5
1292
100
AcDbEntity
8
0
100
AcDbSpline
70
0
71
2
72
6
73
3
74
0
42
0.000000001
43
0.0000000001
44
0.0000000001
40
0
40
0
40
0
40
1
40
1
40
1
10
-27.084861558054222
20
-8.462110660306859
30
0
10
-26.949787635814261
20
-8.5418981623540233
30
0
10
-26.814725896670424
20
-8.5418765360907258
30
0
0
SPLINE
5
1293
100
AcDbEntity
8
0
100
AcDbSpline
70
0
71
2
72
6
73
3
74
0
42
0.000000001
43
0.0000000001
44
0.0000000001
40
0
40
0
40
0
40
1
40
1
40
1
10
-26.814725896670424
20
-8.5418765360907258
30
0
10
-26.693989537668269
20
-8.5418572036261367
30
0
10
-26.597820732149103
20
-8.4691953649437686
30
0
0
SPLINE
5
1294
100
AcDbEntity
8
0
100
AcDbSpline
70
0
71
2
72
6
73
3
74
0
42
0.000000001
43
0.0000000001
44
0.0000000001
40
0
40
0
40
0
40
1
40
1
40
1
10
-26.597820732149103
20
-8.4691953649437686
30
0
10
-26.501652522724093
20
-8.3965332283336185
30
0
10
-26.460745041101276
20
-8.267604214057771
30
0
0
SPLINE
5
1295
100
AcDbEntity
8
0
100
AcDbSpline
70
0
71
2
72
6
73
3
74
0
42
0.000000001
43
0.0000000001
44
0.0000000001
40
0
40
0
40
0
40
1
40
1
40
1
10
-26.460745041101276
20
-8.267604214057771
30
0
10
-26.399385502179147
20
-8.0711416497147397
30
0
10
-26.399422856529817
20
-7.8378538414260568
30
0
0
LINE
5
1296
100
AcDbEntity
8
0
100
AcDbLine
10
-26.399422856529817
20
-7.8378538414260568
30
0
11
-26.399605040972066
21
-6.7000637721266703
31
0
0
LINE
5
1297
100
AcDbEntity
8
0
100
AcDbLine
10
-26.399605040972066
20
-6.7000637721266703
30
0
11
-26.03125549353955
21
-6.7000047915127041
31
0
0
LINE
5
1298
100
AcDbEntity
8
0
100
AcDbLine
10
-28.235158956821024
20
-7.0298256399087089
30
0
11
-28.288417737848306
21
-6.7044589642857169
31
0
0
SPLINE
5
1299
100
AcDbEntity
8
0
100
AcDbSpline
70
0
71
2
72
6
73
3
74
0
42
0.000000001
43
0.0000000001
44
0.0000000001
40
0
40
0
40
0
40
1
40
1
40
1
10
-28.288417737848302
20
-6.7044589642857169
30
0
10
-28.1328977750183
20
-6.6716920383369871
30
0
10
-28.010114592540802
20
-6.6716723781323317
30
0
0
SPLINE
5
1300
100
AcDbEntity
8
0
100
AcDbSpline
70
0
71
2
72
6
73
3
74
0
42
0.000000001
43
0.0000000001
44
0.0000000001
40
0
40
0
40
0
40
1
40
1
40
1
10
-28.010114592540802
20
-6.6716723781323317
30
0
10
-27.809568807300398
20
-6.6716402664774517
30
0
10
-27.699054023742271
20
-6.7350603909990987
30
0
0
SPLINE
5
1301
100
AcDbEntity
8
0
100
AcDbSpline
70
0
71
2
72
6
73
3
74
0
42
0.000000001
43
0.0000000001
44
0.0000000001
40
0
40
0
40
0
40
1
40
1
40
1
10
-27.699054023742271
20
-6.7350603909990987
30
0
10
-27.588538644137692
20
-6.7984805154253047
30
0
10
-27.543502113127424
20
-6.9018158385530937
30
0
0
SPLINE
5
1302
100
AcDbEntity
8
0
100
AcDbSpline
70
0
71
2
72
6
73
3
74
0
42
0.000000001
43
0.0000000001
44
0.0000000001
40
0
40
0
40
0
40
1
40
1
40
1
10
-27.543502113127424
20
-6.9018158385530937
30
0
10
-27.498464986070715
20
-7.0051511615854425
30
0
10
-27.498411903584952
20
-7.3366653370421977
30
0
0
LINE
5
1303
100
AcDbEntity
8
0
100
AcDbLine
10
-27.498411903584952
20
-7.3366653370421977
30
0
11
-27.498211697328202
21
-8.5870064085932807
31
0
0
LINE
5
1304
100
AcDbEntity
8
0
100
AcDbLine
10
-27.498211697328205
20
-8.5870064085932807
30
0
11
-27.228088815086981
21
-8.5869631561621258
31
0
0
LINE
5
1305
100
AcDbEntity
8
0
100
AcDbLine
10
-27.228088815086981
20
-8.5869631561621258
30
0
11
-27.22804294130793
21
-8.8734570499274916
31
0
0
LINE
5
1306
100
AcDbEntity
8
0
100
AcDbLine
10
-27.22804294130793
20
-8.8734570499274898
30
0
11
-27.498165823549154
21
-8.8735003023586447
31
0
0
LINE
5
1307
100
AcDbEntity
8
0
100
AcDbLine
10
-27.498165823549154
20
-8.8735003023586447
30
0
11
-27.498079646355333
21
-9.411699690400571
31
0
0
LINE
5
1308
100
AcDbEntity
8
0
100
AcDbLine
10
-27.498079646355333
20
-9.411699690400571
30
0
11
-27.864346981972755
21
-9.6327678929200484
31
0
0
LINE
5
1309
100
AcDbEntity
8
0
100
AcDbLine
10
-27.864346981972755
20
-9.6327678929200484
30
0
11
-27.864468547506323
21
-8.8735589552325447
31
0
0
LINE
5
1310
100
AcDbEntity
8
0
100
AcDbLine
10
-27.86446854750632
20
-8.8735589552325447
30
0
11
-28.234863726321301
21
-8.8736182633956986
31
0
0
LINE
5
1311
100
AcDbEntity
8
0
100
AcDbLine
10
-28.234863726321304
20
-8.8736182633956968
30
0
11
-28.234909600100355
21
-8.5871243696303328
31
0
0
LINE
5
1312
100
AcDbEntity
8
0
100
AcDbLine
10
-28.234909600100355
20
-8.5871243696303328
30
0
11
-27.864514421285374
21
-8.5870650614671789
31
0
0
LINE
5
1313
100
AcDbEntity
8
0
100
AcDbLine
10
-27.864514421285371
20
-8.5870650614671789
30
0
11
-27.864717904226989
21
-7.3162602255109199
31
0
0
SPLINE
5
1314
100
AcDbEntity
8
0
100
AcDbSpline
70
0
71
2
72
6
73
3
74
0
42
0.000000001
43
0.0000000001
44
0.0000000001
40
0
40
0
40
0
40
1
40
1
40
1
10
-27.864717904226989
20
-7.3162602255109199
30
0
10
-27.864743134819783
20
-7.1586884945330027
30
0
10
-27.884190994217217
20
-7.1136713257041686
30
0
0
SPLINE
5
1315
100
AcDbEntity
8
0
100
AcDbSpline
70
0
71
2
72
6
73
3
74
0
42
0.000000001
43
0.0000000001
44
0.0000000001
40
0
40
0
40
0
40
1
40
1
40
1
10
-27.884190994217217
20
-7.1136713257041686
30
0
10
-27.903638853662372
20
-7.0686538588521142
30
0
10
-27.947640877399941
20
-7.0420578610936113
30
0
0
SPLINE
5
1316
100
AcDbEntity
8
0
100
AcDbSpline
70
0
71
2
72
6
73
3
74
0
42
0.000000001
43
0.0000000001
44
0.0000000001
40
0
40
0
40
0
40
1
40
1
40
1
10
-27.947640877399941
20
-7.0420578610936113
30
0
10
-27.99164290113751
20
-7.0154618633351102
30
0
10
-28.073496766665336
20
-7.0154749698837087
30
0
0
SPLINE
5
1317
100
AcDbEntity
8
0
100
AcDbSpline
70
0
71
2
72
6
73
3
74
0
42
0.000000001
43
0.0000000001
44
0.0000000001
40
0
40
0
40
0
40
1
40
1
40
1
10
-28.073496766665336
20
-7.0154749698837087
30
0
10
-28.13488954999697
20
-7.0154848001769139
30
0
10
-28.235158956821024
20
-7.0298256399087089
30
0
0
LINE
5
1318
100
AcDbEntity
8
0
100
AcDbLine
10
-31.044898336410213
20
-6.7008075825983493
30
0
11
-30.676548788977698
21
-6.7007486019843832
31
0
0
LINE
5
1319
100
AcDbEntity
8
0
100
AcDbLine
10
-30.676548788977698
20
-6.7007486019843832
30
0
11
-30.676172951696156
21
-9.0479519160012778
31
0
0
SPLINE
5
1320
100
AcDbEntity
8
0
100
AcDbSpline
70
0
71
2
72
6
73
3
74
0
42
0.000000001
43
0.0000000001
44
0.0000000001
40
0
40
0
40
0
40
1
40
1
40
1
10
-30.676172951696152
20
-9.0479519160012778
30
0
10
-30.543178351569299
20
-8.9210546821195074
30
0
10
-30.327304686013761
20
-8.7941443265443962
30
0
0
SPLINE
5
1321
100
AcDbEntity
8
0
100
AcDbSpline
70
0
71
2
72
6
73
3
74
0
42
0.000000001
43
0.0000000001
44
0.0000000001
40
0
40
0
40
0
40
1
40
1
40
1
10
-30.327304686013761
20
-8.7941443265443962
30
0
10
-30.111432212574964
20
-8.667233822148555
30
0
10
-29.939544961179109
20
-8.6037684790416726
30
0
0
LINE
5
1322
100
AcDbEntity
8
0
100
AcDbLine
10
-29.939544961179109
20
-8.6037684790416726
30
0
11
-29.939487946647642
21
-8.9598393207962506
31
0
0
SPLINE
5
1323
100
AcDbEntity
8
0
100
AcDbSpline
70
0
71
2
72
6
73
3
74
0
42
0.000000001
43
0.0000000001
44
0.0000000001
40
0
40
0
40
0
40
1
40
1
40
1
10
-29.939487946647645
20
-8.9598393207962523
30
0
10
-30.248469461758742
20
-9.1051821223711578
30
0
10
-30.479678543980757
20
-9.3119042127462013
30
0
0
SPLINE
5
1324
100
AcDbEntity
8
0
100
AcDbSpline
70
0
71
2
72
6
73
3
74
0
42
0.000000001
43
0.0000000001
44
0.0000000001
40
0
40
0
40
0
40
1
40
1
40
1
10
-30.479678543980757
20
-9.3119042127462013
30
0
10
-30.710885242064734
20
-9.5186260047162676
30
0
10
-30.807034551201561
20
-9.7130479121616879
30
0
0
LINE
5
1325
100
AcDbEntity
8
0
100
AcDbLine
10
-30.807034551201561
20
-9.7130479121616879
30
0
11
-31.04441600644094
21
-9.7130859219924908
31
0
0
LINE
5
1326
100
AcDbEntity
8
0
100
AcDbLine
10
-31.04441600644094
20
-9.7130859219924908
30
0
11
-31.044898336410213
21
-6.7008075825983493
31
0
0
LINE
5
1327
100
AcDbEntity
8
0
100
AcDbLine
10
-92.681976024098077
20
-6.6988272637371491
30
0
11
-92.681314500037942
21
-9.6988273100107598
31
0
0
LINE
5
1328
100
AcDbEntity
8
0
100
AcDbLine
10
-92.681314500037942
20
-9.6988273100107616
30
0
11
-93.812965427010312
21
-9.6990768481122149
31
0
0
SPLINE
5
1329
100
AcDbEntity
8
0
100
AcDbSpline
70
0
71
2
72
6
73
3
74
0
42
0.000000001
43
0.0000000001
44
0.0000000001
40
0
40
0
40
0
40
1
40
1
40
1
10
-93.812965427010298
20
-9.6990768481122132
30
0
10
-94.111737277961936
20
-9.6991427297004993
30
0
10
-94.269315324588348
20
-9.6705279076687649
30
0
0
SPLINE
5
1330
100
AcDbEntity
8
0
100
AcDbSpline
70
0
71
2
72
6
73
3
74
0
42
0.000000001
43
0.0000000001
44
0.0000000001
40
0
40
0
40
0
40
1
40
1
40
1
10
-94.269315324588348
20
-9.6705279076687649
30
0
10
-94.490332994057269
20
-9.6337418665396619
30
0
10
-94.639741707389533
20
-9.5304322767346861
30
0
0
SPLINE
5
1331
100
AcDbEntity
8
0
100
AcDbSpline
70
0
71
2
72
6
73
3
74
0
42
0.000000001
43
0.0000000001
44
0.0000000001
40
0
40
0
40
0
40
1
40
1
40
1
10
-94.639741707389533
20
-9.5304322767346861
30
0
10
-94.789150718679309
20
-9.4271229850186415
30
0
10
-94.88025575597635
20
-9.2409220663499294
30
0
0
SPLINE
5
1332
100
AcDbEntity
8
0
100
AcDbSpline
70
0
71
2
72
6
73
3
74
0
42
0.000000001
43
0.0000000001
44
0.0000000001
40
0
40
0
40
0
40
1
40
1
40
1
10
-94.88025575597635
20
-9.2409220663499294
30
0
10
-94.97136109132947
20
-9.0547209987353234
30
0
10
-94.971410276948788
20
-8.8316650752126939
30
0
0
SPLINE
5
1333
100
AcDbEntity
8
0
100
AcDbSpline
70
0
71
2
72
6
73
3
74
0
42
0.000000001
43
0.0000000001
44
0.0000000001
40
0
40
0
40
0
40
1
40
1
40
1
10
-94.971410276948788
20
-8.8316650752126939
30
0
10
-94.971494659574233
20
-8.4489913441292543
30
0
10
-94.728033557063966
20
-8.1839306335186173
30
0
0
SPLINE
5
1334
100
AcDbEntity
8
0
100
AcDbSpline
70
0
71
2
72
6
73
3
74
0
42
0.000000001
43
0.0000000001
44
0.0000000001
40
0
40
0
40
0
40
1
40
1
40
1
10
-94.728033557063966
20
-8.1839306335186173
30
0
10
-94.484571858507266
20
-7.9188699227765449
30
0
10
-93.848146259622979
20
-7.9187295858299862
30
0
0
LINE
5
1335
100
AcDbEntity
8
0
100
AcDbLine
10
-93.848146259622979
20
-7.9187295858299862
30
0
11
-93.078705746598871
21
-7.9185599180285262
31
0
0
LINE
5
1336
100
AcDbEntity
8
0
100
AcDbLine
10
-93.078705746598871
20
-7.9185599180285244
30
0
11
-93.078974688123722
21
-6.6989148051251686
31
0
0
LINE
5
1337
100
AcDbEntity
8
0
100
AcDbLine
10
-93.078974688123722
20
-6.6989148051251686
30
0
11
-92.681976024098063
21
-6.6988272637371509
31
0
0
LINE
5
1338
100
AcDbEntity
8
0
100
AcDbLine
10
-93.07862768130137
20
-8.2725846772971838
30
0
11
-93.854207472588072
21
-8.2727556988587185
31
0
0
SPLINE
5
1339
100
AcDbEntity
8
0
100
AcDbSpline
70
0
71
2
72
6
73
3
74
0
42
0.000000001
43
0.0000000001
44
0.0000000001
40
0
40
0
40
0
40
1
40
1
40
1
10
-93.854207472588072
20
-8.2727556988587185
30
0
10
-94.238927729100112
20
-8.2728405327594494
30
0
10
-94.400560624001372
20
-8.4161231263101595
30
0
0
SPLINE
5
1340
100
AcDbEntity
8
0
100
AcDbSpline
70
0
71
2
72
6
73
3
74
0
42
0.000000001
43
0.0000000001
44
0.0000000001
40
0
40
0
40
0
40
1
40
1
40
1
10
-94.400560624001372
20
-8.4161231263101595
30
0
10
-94.562193220879394
20
-8.5594057197951532
30
0
10
-94.562135912863937
20
-8.819296567835389
30
0
0
SPLINE
5
1341
100
AcDbEntity
8
0
100
AcDbSpline
70
0
71
2
72
6
73
3
74
0
42
0.000000001
43
0.0000000001
44
0.0000000001
40
0
40
0
40
0
40
1
40
1
40
1
10
-94.562135912863937
20
-8.819296567835389
30
0
10
-94.562094398398386
20
-9.0075639432574128
30
0
10
-94.466908114997949
20
-9.141581137290407
30
0
0
SPLINE
5
1342
100
AcDbEntity
8
0
100
AcDbSpline
70
0
71
2
72
6
73
3
74
0
42
0.000000001
43
0.0000000001
44
0.0000000001
40
0
40
0
40
0
40
1
40
1
40
1
10
-94.466908114997949
20
-9.141581137290407
30
0
10
-94.371721831564656
20
-9.2755984803350113
30
0
10
-94.216187151702883
20
-9.3185382395493992
30
0
0
SPLINE
5
1343
100
AcDbEntity
8
0
100
AcDbSpline
70
0
71
2
72
6
73
3
74
0
42
0.000000001
43
0.0000000001
44
0.0000000001
40
0
40
0
40
0
40
1
40
1
40
1
10
-94.216187151702883
20
-9.3185382395493992
30
0
10
-94.115908394116659
20
-9.3451188729823684
30
0
10
-93.845785514979809
20
-9.3450593087220355
30
0
0
LINE
5
1344
100
AcDbEntity
8
0
100
AcDbLine
10
-93.845785514979809
20
-9.3450593087220355
30
0
11
-93.078391229361102
21
-9.3448900921301199
31
0
0
LINE
5
1345
100
AcDbEntity
8
0
100
AcDbLine
10
-93.078391229361102
20
-9.3448900921301199
30
0
11
-93.07862768130137
21
-8.2725846772971838
31
0
0
SPLINE
5
1346
100
AcDbEntity
8
0
100
AcDbSpline
70
0
71
2
72
6
73
3
74
0
42
0.000000001
43
0.0000000001
44
0.0000000001
40
0
40
0
40
0
40
1
40
1
40
1
10
-95.292923301344075
20
-7.7860332501424629
30
0
10
-95.292790184276001
20
-8.3897168263547499
30
0
10
-95.628333330095671
20
-8.6803774737446009
30
0
0
SPLINE
5
1347
100
AcDbEntity
8
0
100
AcDbSpline
70
0
71
2
72
6
73
3
74
0
42
0.000000001
43
0.0000000001
44
0.0000000001
40
0
40
0
40
0
40
1
40
1
40
1
10
-95.628333330095671
20
-8.6803774737446009
30
0
10
-95.908634695472102
20
-8.9219127544713359
30
0
10
-96.311772488748773
20
-8.9220016495865693
30
0
0
SPLINE
5
1348
100
AcDbEntity
8
0
100
AcDbSpline
70
0
71
2
72
6
73
3
74
0
42
0.000000001
43
0.0000000001
44
0.0000000001
40
0
40
0
40
0
40
1
40
1
40
1
10
-96.311772488748773
20
-8.9220016495865693
30
0
10
-96.759930861222628
20
-8.922100472100432
30
0
10
-97.044442681808064
20
-8.62850691252088
30
0
0
SPLINE
5
1349
100
AcDbEntity
8
0
100
AcDbSpline
70
0
71
2
72
6
73
3
74
0
42
0.000000001
43
0.0000000001
44
0.0000000001
40
0
40
0
40
0
40
1
40
1
40
1
10
-97.044442681808064
20
-8.62850691252088
30
0
10
-97.328955098407079
20
-8.334913502084369
30
0
10
-97.329069263228419
20
-7.8171780334092915
30
0
0
SPLINE
5
1350
100
AcDbEntity
8
0
100
AcDbSpline
70
0
71
2
72
6
73
3
74
0
42
0.000000001
43
0.0000000001
44
0.0000000001
40
0
40
0
40
0
40
1
40
1
40
1
10
-97.329069263228419
20
-7.8171780334092915
30
0
10
-97.329161768282887
20
-7.3976692287966372
30
0
10
-97.203361969281318
20
-7.1571912796679316
30
0
0
SPLINE
5
1351
100
AcDbEntity
8
0
100
AcDbSpline
70
0
71
2
72
6
73
3
74
0
42
0.000000001
43
0.0000000001
44
0.0000000001
40
0
40
0
40
0
40
1
40
1
40
1
10
-97.203361969281318
20
-7.1571912796679316
30
0
10
-97.07756276632621
20
-6.9167133306706603
30
0
10
-96.837141601584946
20
-6.7836453952689606
30
0
0
SPLINE
5
1352
100
AcDbEntity
8
0
100
AcDbSpline
70
0
71
2
72
6
73
3
74
0
42
0.000000001
43
0.0000000001
44
0.0000000001
40
0
40
0
40
0
40
1
40
1
40
1
10
-96.837141601584946
20
-6.7836453952689606
30
0
10
-96.596721032955855
20
-6.6505771619754759
30
0
10
-96.312273369888416
20
-6.6505144389854509
30
0
0
SPLINE
5
1353
100
AcDbEntity
8
0
100
AcDbSpline
70
0
71
2
72
6
73
3
74
0
42
0.000000001
43
0.0000000001
44
0.0000000001
40
0
40
0
40
0
40
1
40
1
40
1
10
-96.312273369888416
20
-6.6505144389854509
30
0
10
-95.855929491746537
20
-6.65041381150197
30
0
10
-95.574487237873967
20
-6.9429849341931451
30
0
0
SPLINE
5
1354
100
AcDbEntity
8
0
100
AcDbSpline
70
0
71
2
72
6
73
3
74
0
42
0.000000001
43
0.0000000001
44
0.0000000001
40
0
40
0
40
0
40
1
40
1
40
1
10
-95.574487237873967
20
-6.9429849341931451
30
0
10
-95.293044686043913
20
-7.2355557587953889
30
0
10
-95.292923301344075
20
-7.7860332501424629
30
0
0
SPLINE
5
1355
100
AcDbEntity
8
0
100
AcDbSpline
70
0
71
2
72
6
73
3
74
0
42
0.000000001
43
0.0000000001
44
0.0000000001
40
0
40
0
40
0
40
1
40
1
40
1
10
-95.671504279593506
20
-7.7861167302831209
30
0
10
-95.67159633343843
20
-7.3686541530758589
30
0
10
-95.853770678884658
20
-7.1609864370021974
30
0
0
SPLINE
5
1356
100
AcDbEntity
8
0
100
AcDbSpline
70
0
71
2
72
6
73
3
74
0
42
0.000000001
43
0.0000000001
44
0.0000000001
40
0
40
0
40
0
40
1
40
1
40
1
10
-95.853770678884658
20
-7.1609864370021974
30
0
10
-96.035944428350149
20
-6.9533184227738847
30
0
10
-96.312206585749607
20
-6.9533793407942905
30
0
0
SPLINE
5
1357
100
AcDbEntity
8
0
100
AcDbSpline
70
0
71
2
72
6
73
3
74
0
42
0.000000001
43
0.0000000001
44
0.0000000001
40
0
40
0
40
0
40
1
40
1
40
1
10
-96.312206585749607
20
-6.9533793407942905
30
0
10
-96.586421919697216
20
-6.9534398074737158
30
0
10
-96.768504436968996
20
-7.1622112568814034
30
0
0
SPLINE
5
1358
100
AcDbEntity
8
0
100
AcDbSpline
70
0
71
2
72
6
73
3
74
0
42
0.000000001
43
0.0000000001
44
0.0000000001
40
0
40
0
40
0
40
1
40
1
40
1
10
-96.768504436968996
20
-7.1622112568814034
30
0
10
-96.950586358194357
20
-7.3709827061576574
30
0
10
-96.950492048170261
20
-7.7986770164383099
30
0
0
SPLINE
5
1359
100
AcDbEntity
8
0
100
AcDbSpline
70
0
71
2
72
6
73
3
74
0
42
0.000000001
43
0.0000000001
44
0.0000000001
40
0
40
0
40
0
40
1
40
1
40
1
10
-96.950492048170261
20
-7.7986770164383099
30
0
10
-96.950403152989324
20
-8.2018151077381809
30
0
10
-96.767205991863619
20
-8.4094825982727883
30
0
0
SPLINE
5
1360
100
AcDbEntity
8
0
100
AcDbSpline
70
0
71
2
72
6
73
3
74
0
42
0.000000001
43
0.0000000001
44
0.0000000001
40
0
40
0
40
0
40
1
40
1
40
1
10
-96.767205991863619
20
-8.4094825982727883
30
0
10
-96.584008830705073
20
-8.6171502378190006
30
0
10
-96.311839724162837
20
-8.6170902223491215
30
0
0
SPLINE
5
1361
100
AcDbEntity
8
0
100
AcDbSpline
70
0
71
2
72
6
73
3
74
0
42
0.000000001
43
0.0000000001
44
0.0000000001
40
0
40
0
40
0
40
1
40
1
40
1
10
-96.311839724162837
20
-8.6170902223491215
30
0
10
-96.035577566763394
20
-8.6170293043287174
30
0
10
-95.853495194229922
20
-8.410304529492679
30
0
0
SPLINE
5
1362
100
AcDbEntity
8
0
100
AcDbSpline
70
0
71
2
72
6
73
3
74
0
42
0.000000001
43
0.0000000001
44
0.0000000001
40
0
40
0
40
0
40
1
40
1
40
1
10
-95.853495194229922
20
-8.410304529492679
30
0
10
-95.671412225748597
20
-8.2035793074903829
30
0
10
-95.671504279593506
20
-7.7861167302831209
30
0
0
LINE
5
1363
100
AcDbEntity
8
0
100
AcDbLine
10
-97.757009952847952
20
-6.6999463494032359
30
0
11
-97.756530731475181
21
-8.8732068959419301
31
0
0
LINE
5
1364
100
AcDbEntity
8
0
100
AcDbLine
10
-97.756530731475181
20
-8.8732068959419319
30
0
11
-98.088045201145235
21
-8.8732799975401306
31
0
0
LINE
5
1365
100
AcDbEntity
8
0
100
AcDbLine
10
-98.088045201145235
20
-8.8732799975401306
30
0
11
-98.088117851468169
21
-8.5438120532986854
31
0
0
SPLINE
5
1366
100
AcDbEntity
8
0
100
AcDbSpline
70
0
71
2
72
6
73
3
74
0
42
0.000000001
43
0.0000000001
44
0.0000000001
40
0
40
0
40
0
40
1
40
1
40
1
10
-98.088117851468169
20
-8.5438120532986854
30
0
10
-98.214942496756464
20
-8.7750814595841433
30
0
10
-98.322361833420501
20
-8.8487749990263396
30
0
0
SPLINE
5
1367
100
AcDbEntity
8
0
100
AcDbSpline
70
0
71
2
72
6
73
3
74
0
42
0.000000001
43
0.0000000001
44
0.0000000001
40
0
40
0
40
0
40
1
40
1
40
1
10
-98.322361833420501
20
-8.8487749990263396
30
0
10
-98.429780574038105
20
-8.9224685383371014
30
0
10
-98.558703033367138
20
-8.9224969667729113
30
0
0
SPLINE
5
1368
100
AcDbEntity
8
0
100
AcDbSpline
70
0
71
2
72
6
73
3
74
0
42
0.000000001
43
0.0000000001
44
0.0000000001
40
0
40
0
40
0
40
1
40
1
40
1
10
-98.558703033367138
20
-8.9224969667729113
30
0
10
-98.744923436325735
20
-8.9225380298646275
30
0
10
-98.937309885751432
20
-8.8038901676270367
30
0
0
LINE
5
1369
100
AcDbEntity
8
0
100
AcDbLine
10
-98.937309885751432
20
-8.8038901676270367
30
0
11
-98.810509607684452
21
-8.4621158387771551
31
0
0
SPLINE
5
1370
100
AcDbEntity
8
0
100
AcDbSpline
70
0
71
2
72
6
73
3
74
0
42
0.000000001
43
0.0000000001
44
0.0000000001
40
0
40
0
40
0
40
1
40
1
40
1
10
-98.810509607684452
20
-8.4621158387771551
30
0
10
-98.675430867586869
20
-8.5418951840105244
30
0
10
-98.540369129995241
20
-8.5418654018146416
30
0
0
SPLINE
5
1371
100
AcDbEntity
8
0
100
AcDbSpline
70
0
71
2
72
6
73
3
74
0
42
0.000000001
43
0.0000000001
44
0.0000000001
40
0
40
0
40
0
40
1
40
1
40
1
10
-98.540369129995241
20
-8.5418654018146416
30
0
10
-98.419632772380638
20
-8.5418387784798853
30
0
10
-98.323468354845417
20
-8.4691711326132602
30
0
0
SPLINE
5
1372
100
AcDbEntity
8
0
100
AcDbSpline
70
0
71
2
72
6
73
3
74
0
42
0.000000001
43
0.0000000001
44
0.0000000001
40
0
40
0
40
0
40
1
40
1
40
1
10
-98.323468354845417
20
-8.4691711326132602
30
0
10
-98.227304533422327
20
-8.3965031888548509
30
0
10
-98.186404837471713
20
-8.2675717045462864
30
0
0
SPLINE
5
1373
100
AcDbEntity
8
0
100
AcDbSpline
70
0
71
2
72
6
73
3
74
0
42
0.000000001
43
0.0000000001
44
0.0000000001
40
0
40
0
40
0
40
1
40
1
40
1
10
-98.186404837471713
20
-8.2675717045462864
30
0
10
-98.12505716238725
20
-8.0711054352614369
30
0
10
-98.125108604218553
20
-7.8378176296538076
30
0
0
LINE
5
1374
100
AcDbEntity
8
0
100
AcDbLine
10
-98.125108604218553
20
-7.8378176296538076
30
0
11
-98.12535949604721
21
-6.700027573430444
31
0
0
LINE
5
1375
100
AcDbEntity
8
0
100
AcDbLine
10
-98.125359496047224
20
-6.7000275734304431
30
0
11
-97.757009952847952
21
-6.6999463494032359
31
0
0
LINE
5
1376
100
AcDbEntity
8
0
100
AcDbLine
10
-99.960894091365148
20
-7.0299002837849836
30
0
11
-100.01417192406848
21
-6.7045368247457855
31
0
0
SPLINE
5
1377
100
AcDbEntity
8
0
100
AcDbSpline
70
0
71
2
72
6
73
3
74
0
42
0.000000001
43
0.0000000001
44
0.0000000001
40
0
40
0
40
0
40
1
40
1
40
1
10
-100.01417192406848
20
-6.7045368247457846
30
0
10
-99.858653940208541
20
-6.6717605075195721
30
0
10
-99.735870759142117
20
-6.671733432843836
30
0
0
SPLINE
5
1378
100
AcDbEntity
8
0
100
AcDbSpline
70
0
71
2
72
6
73
3
74
0
42
0.000000001
43
0.0000000001
44
0.0000000001
40
0
40
0
40
0
40
1
40
1
40
1
10
-99.735870759142117
20
-6.671733432843836
30
0
10
-99.535324976206496
20
-6.6716892108909924
30
0
10
-99.424806363117867
20
-6.7351026616740057
30
0
0
SPLINE
5
1379
100
AcDbEntity
8
0
100
AcDbSpline
70
0
71
2
72
6
73
3
74
0
42
0.000000001
43
0.0000000001
44
0.0000000001
40
0
40
0
40
0
40
1
40
1
40
1
10
-99.424806363117867
20
-6.7351026616740057
30
0
10
-99.314287153982818
20
-6.7985161123255882
30
0
10
-99.269244382975586
20
-6.901848715657513
30
0
0
SPLINE
5
1380
100
AcDbEntity
8
0
100
AcDbSpline
70
0
71
2
72
6
73
3
74
0
42
0.000000001
43
0.0000000001
44
0.0000000001
40
0
40
0
40
0
40
1
40
1
40
1
10
-99.269244382975586
20
-6.901848715657513
30
0
10
-99.224201015921921
20
-7.0051813188580052
30
0
10
-99.224127914389427
20
-7.3366954905048409
30
0
0
LINE
5
1381
100
AcDbEntity
8
0
100
AcDbLine
10
-99.224127914389427
20
-7.3366954905048409
30
0
11
-99.223852204162768
21
-8.5870365476864112
31
0
0
LINE
5
1382
100
AcDbEntity
8
0
100
AcDbLine
10
-99.223852204162768
20
-8.5870365476864112
30
0
11
-98.953729325025932
21
-8.5869769834260783
31
0
0
LINE
5
1383
100
AcDbEntity
8
0
100
AcDbLine
10
-98.953729325025947
20
-8.5869769834260801
30
0
11
-98.953666150826379
21
-8.8734708738989205
31
0
0
LINE
5
1384
100
AcDbEntity
8
0
100
AcDbLine
10
-98.953666150826365
20
-8.8734708738989205
30
0
11
-99.223789029963214
21
-8.8735304381592535
31
0
0
LINE
5
1385
100
AcDbEntity
8
0
100
AcDbLine
10
-99.223789029963214
20
-8.8735304381592517
30
0
11
-99.223670352684962
21
-9.4117298200159354
31
0
0
LINE
5
1386
100
AcDbEntity
8
0
100
AcDbLine
10
-99.223670352684962
20
-9.4117298200159372
30
0
11
-99.589924338055511
21
-9.6328201398077944
31
0
0
LINE
5
1387
100
AcDbEntity
8
0
100
AcDbLine
10
-99.589924338055511
20
-9.6328201398077944
30
0
11
-99.590091749710652
21
-8.8736112108454783
31
0
0
LINE
5
1388
100
AcDbEntity
8
0
100
AcDbLine
10
-99.590091749710652
20
-8.8736112108454783
30
0
11
-99.960487520315297
21
-8.8736928860822335
31
0
0
LINE
5
1389
100
AcDbEntity
8
0
100
AcDbLine
10
-99.960487520315326
20
-8.8736928860822335
30
0
11
-99.960550694514879
21
-8.5871989956093913
31
0
0
LINE
5
1390
100
AcDbEntity
8
0
100
AcDbLine
10
-99.960550694514879
20
-8.5871989956093913
30
0
11
-99.590154923910234
21
-8.5871173203726379
31
0
0
LINE
5
1391
100
AcDbEntity
8
0
100
AcDbLine
10
-99.590154923910234
20
-8.5871173203726379
30
0
11
-99.590435146560935
21
-7.3163124990210697
31
0
0
SPLINE
5
1392
100
AcDbEntity
8
0
100
AcDbSpline
70
0
71
2
72
6
73
3
74
0
42
0.000000001
43
0.0000000001
44
0.0000000001
40
0
40
0
40
0
40
1
40
1
40
1
10
-99.590435146560907
20
-7.3163124990210697
30
0
10
-99.590469892390402
20
-7.1587407698540426
30
0
10
-99.609920470190616
20
-7.1137247754993238
30
0
0
SPLINE
5
1393
100
AcDbEntity
8
0
100
AcDbSpline
70
0
71
2
72
6
73
3
74
0
42
0.000000001
43
0.0000000001
44
0.0000000001
40
0
40
0
40
0
40
1
40
1
40
1
10
-99.609920470190616
20
-7.1137247754993238
30
0
10
-99.629371048056541
20
-7.0687084831213891
30
0
10
-99.67337408171197
20
-7.0421151424169199
30
0
0
SPLINE
5
1394
100
AcDbEntity
8
0
100
AcDbSpline
70
0
71
2
72
6
73
3
74
0
42
0.000000001
43
0.0000000001
44
0.0000000001
40
0
40
0
40
0
40
1
40
1
40
1
10
-99.67337408171197
20
-7.0421151424169199
30
0
10
-99.717377711413832
20
-7.0155218018438852
30
0
10
-99.799232768093816
20
-7.0155398515400869
30
0
0
SPLINE
5
1395
100
AcDbEntity
8
0
100
AcDbSpline
70
0
71
2
72
6
73
3
74
0
42
0.000000001
43
0.0000000001
44
0.0000000001
40
0
40
0
40
0
40
1
40
1
40
1
10
-99.799232768093816
20
-7.0155398515400869
30
0
10
-99.860624358627035
20
-7.0155533888779544
30
0
10
-99.960894091365148
20
-7.0299002837849836
30
0
0
LINE
5
1396
100
AcDbEntity
8
0
100
AcDbLine
10
-103.31900593680935
20
-7.0551972925657571
30
0
11
-103.31908400204114
21
-6.7011728313203145
31
0
0
LINE
5
1397
100
AcDbEntity
8
0
100
AcDbLine
10
-103.31908400204114
20
-6.7011728313203145
30
0
11
-101.33613765437629
21
-6.7007355757540568
31
0
0
SPLINE
5
1398
100
AcDbEntity
8
0
100
AcDbSpline
70
0
71
2
72
6
73
3
74
0
42
0.000000001
43
0.0000000001
44
0.0000000001
40
0
40
0
40
0
40
1
40
1
40
1
10
-101.33613765437629
20
-6.7007355757540568
30
0
10
-101.33201467661775
20
-6.8337495872119103
30
0
10
-101.37905381249817
20
-6.9565431467550738
30
0
0
SPLINE
5
1399
100
AcDbEntity
8
0
100
AcDbSpline
70
0
71
2
72
6
73
3
74
0
42
0.000000001
43
0.0000000001
44
0.0000000001
40
0
40
0
40
0
40
1
40
1
40
1
10
-101.37905381249817
20
-6.9565431467550738
30
0
10
-101.45472610984604
20
-7.1591518532950911
30
0
10
-101.62146373496216
20
-7.3556416599320293
30
0
0
SPLINE
5
1400
100
AcDbEntity
8
0
100
AcDbSpline
70
0
71
2
72
6
73
3
74
0
42
0.000000001
43
0.0000000001
44
0.0000000001
40
0
40
0
40
0
40
1
40
1
40
1
10
-101.62146373496216
20
-7.3556416599320293
30
0
10
-101.78820016798542
20
-7.5521314663061023
30
0
10
-102.10328617353285
20
-7.8100452804452551
30
0
0
SPLINE
5
1401
100
AcDbEntity
8
0
100
AcDbSpline
70
0
71
2
72
6
73
3
74
0
42
0.000000001
43
0.0000000001
44
0.0000000001
40
0
40
0
40
0
40
1
40
1
40
1
10
-102.10328617353285
20
-7.8100452804452551
30
0
10
-102.59228363044105
20
-8.2112446936784806
30
0
10
-102.76412817807937
20
-8.4455935174822621
30
0
0
SPLINE
5
1402
100
AcDbEntity
8
0
100
AcDbSpline
70
0
71
2
72
6
73
3
74
0
42
0.000000001
43
0.0000000001
44
0.0000000001
40
0
40
0
40
0
40
1
40
1
40
1
10
-102.76412817807937
20
-8.4455935174822621
30
0
10
-102.93597272568483
20
-8.6799424902976519
30
0
10
-102.93592669876236
20
-8.888673778901282
30
0
0
SPLINE
5
1403
100
AcDbEntity
8
0
100
AcDbSpline
70
0
71
2
72
6
73
3
74
0
42
0.000000001
43
0.0000000001
44
0.0000000001
40
0
40
0
40
0
40
1
40
1
40
1
10
-102.93592669876236
20
-8.888673778901282
30
0
10
-102.93587841566074
20
-9.1076368005783053
30
0
10
-102.77929722974535
20
-9.2580117666983632
30
0
0
SPLINE
5
1404
100
AcDbEntity
8
0
100
AcDbSpline
70
0
71
2
72
6
73
3
74
0
42
0.000000001
43
0.0000000001
44
0.0000000001
40
0
40
0
40
0
40
1
40
1
40
1
10
-102.77929722974535
20
-9.2580117666983632
30
0
10
-102.62271604392853
20
-9.4083862857835978
30
0
10
-102.37101040353309
20
-9.4083307826720528
30
0
0
SPLINE
5
1405
100
AcDbEntity
8
0
100
AcDbSpline
70
0
71
2
72
6
73
3
74
0
42
0.000000001
43
0.0000000001
44
0.0000000001
40
0
40
0
40
0
40
1
40
1
40
1
10
-102.37101040353309
20
-9.4083307826720528
30
0
10
-102.10498057525345
20
-9.4082721209622484
30
0
10
-101.94539811374328
20
-9.2486189674165189
30
0
0
SPLINE
5
1406
100
AcDbEntity
8
0
100
AcDbSpline
70
0
71
2
72
6
73
3
74
0
42
0.000000001
43
0.0000000001
44
0.0000000001
40
0
40
0
40
0
40
1
40
1
40
1
10
-101.94539811374328
20
-9.2486189674165189
30
0
10
-101.78581446014023
20
-9.0889658136079241
30
0
10
-101.78383110049603
20
-8.8065642248909697
30
0
0
LINE
5
1407
100
AcDbEntity
8
0
100
AcDbLine
10
-101.78383110049603
20
-8.8065642248909697
30
0
11
-101.40524125058482
21
-8.8453620456192006
31
0
0
SPLINE
5
1408
100
AcDbEntity
8
0
100
AcDbSpline
70
0
71
2
72
6
73
3
74
0
42
0.000000001
43
0.0000000001
44
0.0000000001
40
0
40
0
40
0
40
1
40
1
40
1
10
-101.40524125058484
20
-8.8453620456192006
30
0
10
-101.44402914398015
20
-9.2689721767044091
30
0
10
-101.69773145568719
20
-9.4910610897256085
30
0
0
SPLINE
5
1409
100
AcDbEntity
8
0
100
AcDbSpline
70
0
71
2
72
6
73
3
74
0
42
0.000000001
43
0.0000000001
44
0.0000000001
40
0
40
0
40
0
40
1
40
1
40
1
10
-101.69773145568719
20
-9.4910610897256085
30
0
10
-101.9514349595528
20
-9.7131497049864599
30
0
10
-102.37912926983344
20
-9.7132440150105541
30
0
0
SPLINE
5
1410
100
AcDbEntity
8
0
100
AcDbSpline
70
0
71
2
72
6
73
3
74
0
42
0.000000001
43
0.0000000001
44
0.0000000001
40
0
40
0
40
0
40
1
40
1
40
1
10
-102.37912926983344
20
-9.7132440150105541
30
0
10
-102.81091603492487
20
-9.7133392274537425
30
0
10
-103.06267447091173
20
-9.4739676466950495
30
0
0
SPLINE
5
1411
100
AcDbEntity
8
0
100
AcDbSpline
70
0
71
2
72
6
73
3
74
0
42
0.000000001
43
0.0000000001
44
0.0000000001
40
0
40
0
40
0
40
1
40
1
40
1
10
-103.06267447091173
20
-9.4739676466950495
30
0
10
-103.31443171480572
20
-9.2345960656734913
30
0
10
-103.31450978003751
20
-8.8805716044280487
30
0
0
SPLINE
5
1412
100
AcDbEntity
8
0
100
AcDbSpline
70
0
71
2
72
6
73
3
74
0
42
0.000000001
43
0.0000000001
44
0.0000000001
40
0
40
0
40
0
40
1
40
1
40
1
10
-103.31450978003751
20
-8.8805716044280487
30
0
10
-103.31454948953343
20
-8.700489734674024
30
0
10
-103.24091889030373
20
-8.5265308985874579
30
0
0
SPLINE
5
1413
100
AcDbEntity
8
0
100
AcDbSpline
70
0
71
2
72
6
73
3
74
0
42
0.000000001
43
0.0000000001
44
0.0000000001
40
0
40
0
40
0
40
1
40
1
40
1
10
-103.24091889030373
20
-8.5265308985874579
30
0
10
-103.16728709901403
20
-8.3525719132264165
30
0
10
-102.99645611660232
20
-8.1601739570043836
30
0
0
SPLINE
5
1414
100
AcDbEntity
8
0
100
AcDbSpline
70
0
71
2
72
6
73
3
74
0
42
0.000000001
43
0.0000000001
44
0.0000000001
40
0
40
0
40
0
40
1
40
1
40
1
10
-102.99645611660232
20
-8.1601739570043836
30
0
10
-102.82562513419059
20
-7.9677760007823517
30
0
10
-102.42870121924027
20
-7.6320815350777877
30
0
0
SPLINE
5
1415
100
AcDbEntity
8
0
100
AcDbSpline
70
0
71
2
72
6
73
3
74
0
42
0.000000001
43
0.0000000001
44
0.0000000001
40
0
40
0
40
0
40
1
40
1
40
1
10
-102.42870121924027
20
-7.6320815350777877
30
0
10
-102.09724752275372
20
-7.353700048543315
30
0
10
-102.00313698694731
20
-7.2544298118479293
30
0
0
SPLINE
5
1416
100
AcDbEntity
8
0
100
AcDbSpline
70
0
71
2
72
6
73
3
74
0
42
0.000000001
43
0.0000000001
44
0.0000000001
40
0
40
0
40
0
40
1
40
1
40
1
10
-102.00313698694731
20
-7.2544298118479293
30
0
10
-101.90902406702091
20
-7.1551592766035927
30
0
10
-101.84765458746411
20
-7.0548728477979106
30
0
0
LINE
5
1417
100
AcDbEntity
8
0
100
AcDbLine
10
-101.84765458746411
20
-7.0548728477979106
30
0
11
-103.31900593680935
21
-7.055197292565758
31
0
0
LINE
5
1418
100
AcDbEntity
8
0
100
AcDbLine
10
-51.589630599176985
20
-3.7240178203101717
30
0
11
-51.589630599176971
21
-4.9240178679938875
31
0
0
LINE
5
1419
100
AcDbEntity
8
0
100
AcDbLine
10
-51.589630599176971
20
-4.9240178679938875
30
0
11
-51.828648204958526
21
-4.9240178679938893
31
0
0
LINE
5
1420
100
AcDbEntity
8
0
100
AcDbLine
10
-51.828648204958526
20
-4.9240178679938893
30
0
11
-52.112686540043455
21
-4.0743588721271156
31
0
0
SPLINE
5
1421
100
AcDbEntity
8
0
100
AcDbSpline
70
0
71
2
72
6
73
3
74
0
42
0.000000001
43
0.0000000001
44
0.0000000001
40
0
40
0
40
0
40
1
40
1
40
1
10
-52.112686540043455
20
-4.0743588721271164
30
0
10
-52.151977176821333
20
-3.9556685900207169
30
0
10
-52.169985230124098
20
-3.8967327093597062
30
0
0
SPLINE
5
1422
100
AcDbEntity
8
0
100
AcDbSpline
70
0
71
2
72
6
73
3
74
0
42
0.000000001
43
0.0000000001
44
0.0000000001
40
0
40
0
40
0
40
1
40
1
40
1
10
-52.169985230124098
20
-3.8967327093597062
30
0
10
-52.190449143803221
20
-3.9622170543189652
30
0
10
-52.233832533514601
20
-4.0890928422923691
30
0
0
LINE
5
1423
100
AcDbEntity
8
0
100
AcDbLine
10
-52.233832533514601
20
-4.0890928422923691
30
0
11
-52.521144951737014
21
-4.9240178679938946
31
0
0
LINE
5
1424
100
AcDbEntity
8
0
100
AcDbLine
10
-52.521144951737014
20
-4.9240178679938946
30
0
11
-52.734787519133178
21
-4.9240178679938964
31
0
0
LINE
5
1425
100
AcDbEntity
8
0
100
AcDbLine
10
-52.734787519133178
20
-4.9240178679938964
30
0
11
-52.734787519133192
21
-3.724017820310181
31
0
0
LINE
5
1426
100
AcDbEntity
8
0
100
AcDbLine
10
-52.734787519133192
20
-3.724017820310181
30
0
11
-52.581717873966795
21
-3.7240178203101797
31
0
0
LINE
5
1427
100
AcDbEntity
8
0
100
AcDbLine
10
-52.581717873966795
20
-3.7240178203101792
30
0
11
-52.581717873966781
21
-4.7283835029121075
31
0
0
LINE
5
1428
100
AcDbEntity
8
0
100
AcDbLine
10
-52.581717873966781
20
-4.7283835029121075
30
0
11
-52.233013863718611
21
-3.7240178203101766
31
0
0
LINE
5
1429
100
AcDbEntity
8
0
100
AcDbLine
10
-52.233013863718611
20
-3.7240178203101766
30
0
11
-52.089766914999586
21
-3.7240178203101753
31
0
0
LINE
5
1430
100
AcDbEntity
8
0
100
AcDbLine
10
-52.089766914999586
20
-3.7240178203101753
30
0
11
-51.742700095331756
21
-4.7455731844421001
31
0
0
LINE
5
1431
100
AcDbEntity
8
0
100
AcDbLine
10
-51.742700095331756
20
-4.7455731844421001
30
0
11
-51.74270009533177
21
-3.7240178203101726
31
0
0
LINE
5
1432
100
AcDbEntity
8
0
100
AcDbLine
10
-51.74270009533177
20
-3.7240178203101726
30
0
11
-51.589630599176985
21
-3.7240178203101717
31
0
0
LINE
5
1433
100
AcDbEntity
8
0
100
AcDbLine
10
-52.859207446730238
20
-3.7240178203101819
30
0
11
-53.320053274786559
21
-4.9240178679939017
31
0
0
LINE
5
1434
100
AcDbEntity
8
0
100
AcDbLine
10
-53.320053274786559
20
-4.9240178679939017
30
0
11
-53.491131122267333
21
-4.9240178679939035
31
0
0
LINE
5
1435
100
AcDbEntity
8
0
100
AcDbLine
10
-53.491131122267333
20
-4.9240178679939026
30
0
11
-53.982263560450178
21
-3.7240178203101912
31
0
0
LINE
5
1436
100
AcDbEntity
8
0
100
AcDbLine
10
-53.982263560450178
20
-3.7240178203101912
30
0
11
-53.801363165533644
21
-3.7240178203101899
31
0
0
LINE
5
1437
100
AcDbEntity
8
0
100
AcDbLine
10
-53.801363165533644
20
-3.7240178203101904
30
0
11
-53.661390299952131
21
-4.0874558007236264
31
0
0
LINE
5
1438
100
AcDbEntity
8
0
100
AcDbLine
10
-53.661390299952131
20
-4.0874558007236255
30
0
11
-53.159616942560774
21
-4.087455800723621
31
0
0
LINE
5
1439
100
AcDbEntity
8
0
100
AcDbLine
10
-53.159616942560774
20
-4.0874558007236219
30
0
11
-53.027829582846266
21
-3.7240178203101837
31
0
0
LINE
5
1440
100
AcDbEntity
8
0
100
AcDbLine
10
-53.027829582846266
20
-3.7240178203101837
30
0
11
-52.859207446730238
21
-3.7240178203101819
31
0
0
LINE
5
1441
100
AcDbEntity
8
0
100
AcDbLine
10
-53.205455894625288
20
-4.2167873000617719
30
0
11
-53.612277264750105
21
-4.2167873000617746
31
0
0
LINE
5
1442
100
AcDbEntity
8
0
100
AcDbLine
10
-53.612277264750105
20
-4.2167873000617746
30
0
11
-53.487038369333845
21
-4.5491201495643372
31
0
0
SPLINE
5
1443
100
AcDbEntity
8
0
100
AcDbSpline
70
0
71
2
72
6
73
3
74
0
42
0.000000001
43
0.0000000001
44
0.0000000001
40
0
40
0
40
0
40
1
40
1
40
1
10
-53.487038369333845
20
-4.5491201495643372
30
0
10
-53.429739530241577
20
-4.7005526041503662
30
0
10
-53.401908929503051
20
-4.7979606008048767
30
0
0
SPLINE
5
1444
100
AcDbEntity
8
0
100
AcDbSpline
70
0
71
2
72
6
73
3
74
0
42
0.000000001
43
0.0000000001
44
0.0000000001
40
0
40
0
40
0
40
1
40
1
40
1
10
-53.401908929503051
20
-4.7979606008048767
30
0
10
-53.37898915544757
20
-4.6825444018359894
30
0
10
-53.337243254339796
20
-4.5687655424590812
30
0
0
LINE
5
1445
100
AcDbEntity
8
0
100
AcDbLine
10
-53.337243254339796
20
-4.5687655424590812
30
0
11
-53.205455894625288
21
-4.2167873000617719
31
0
0
LINE
5
1446
100
AcDbEntity
8
0
100
AcDbLine
10
-53.987174685156447
20
-3.7240178203101912
30
0
11
-54.45129459635028
21
-4.3493930315490568
31
0
0
LINE
5
1447
100
AcDbEntity
8
0
100
AcDbLine
10
-54.451294596350294
20
-4.3493930315490568
30
0
11
-54.042017812883941
21
-4.9240178679939088
31
0
0
LINE
5
1448
100
AcDbEntity
8
0
100
AcDbLine
10
-54.042017812883941
20
-4.9240178679939079
30
0
11
-54.23110371366748
21
-4.9240178679939097
31
0
0
LINE
5
1449
100
AcDbEntity
8
0
100
AcDbLine
10
-54.23110371366748
20
-4.9240178679939097
30
0
11
-54.448839183008758
21
-4.6162415360923612
31
0
0
SPLINE
5
1450
100
AcDbEntity
8
0
100
AcDbSpline
70
0
71
2
72
6
73
3
74
0
42
0.000000001
43
0.0000000001
44
0.0000000001
40
0
40
0
40
0
40
1
40
1
40
1
10
-54.448839183008758
20
-4.6162415360923612
30
0
10
-54.516778941309553
20
-4.5204707300182188
30
0
10
-54.545428509867293
20
-4.4689018344398344
30
0
0
SPLINE
5
1451
100
AcDbEntity
8
0
100
AcDbSpline
70
0
71
2
72
6
73
3
74
0
42
0.000000001
43
0.0000000001
44
0.0000000001
40
0
40
0
40
0
40
1
40
1
40
1
10
-54.545428509867293
20
-4.4689018344398344
30
0
10
-54.585537667429548
20
-4.5343861793990943
30
0
10
-54.640380795157057
20
-4.6056003188606116
30
0
0
LINE
5
1452
100
AcDbEntity
8
0
100
AcDbLine
10
-54.640380795157057
20
-4.6056003188606116
30
0
11
-54.881854112303358
21
-4.9240178679939151
31
0
0
LINE
5
1453
100
AcDbEntity
8
0
100
AcDbLine
10
-54.881854112303344
20
-4.9240178679939151
30
0
11
-55.054569001352874
21
-4.9240178679939168
31
0
0
LINE
5
1454
100
AcDbEntity
8
0
100
AcDbLine
10
-55.054569001352874
20
-4.9240178679939159
30
0
11
-54.633013661062819
21
-4.3583970582004401
31
0
0
LINE
5
1455
100
AcDbEntity
8
0
100
AcDbLine
10
-54.633013661062819
20
-4.3583970582004401
30
0
11
-55.087311024820913
21
-3.724017820310201
31
0
0
LINE
5
1456
100
AcDbEntity
8
0
100
AcDbLine
10
-55.087311024820906
20
-3.724017820310201
30
0
11
-54.890858287966353
21
-3.7240178203101992
31
0
0
LINE
5
1457
100
AcDbEntity
8
0
100
AcDbLine
10
-54.890858287966353
20
-3.7240178203101992
30
0
11
-54.588811750567061
21
-4.1521214758869025
31
0
0
SPLINE
5
1458
100
AcDbEntity
8
0
100
AcDbSpline
70
0
71
2
72
6
73
3
74
0
42
0.000000001
43
0.0000000001
44
0.0000000001
40
0
40
0
40
0
40
1
40
1
40
1
10
-54.588811750567061
20
-4.1521214758869025
30
0
10
-54.563436563170058
20
-4.1889564013000342
30
0
10
-54.536424334204298
20
-4.2323397910114133
30
0
0
SPLINE
5
1459
100
AcDbEntity
8
0
100
AcDbSpline
70
0
71
2
72
6
73
3
74
0
42
0.000000001
43
0.0000000001
44
0.0000000001
40
0
40
0
40
0
40
1
40
1
40
1
10
-54.536424334204298
20
-4.2323397910114133
30
0
10
-54.496315176642042
20
-4.1668554460521543
30
0
10
-54.479125495112044
20
-4.1422987794395292
30
0
0
LINE
5
1460
100
AcDbEntity
8
0
100
AcDbLine
10
-54.479125495112044
20
-4.1422987794395292
30
0
11
-54.177897627508742
21
-3.724017820310193
31
0
0
LINE
5
1461
100
AcDbEntity
8
0
100
AcDbLine
10
-54.177897627508742
20
-3.724017820310193
30
0
11
-53.987174685156447
21
-3.7240178203101912
31
0
0
LINE
5
1462
100
AcDbEntity
8
0
100
AcDbLine
10
-55.250203664457899
20
-3.7240178203102028
30
0
11
-55.250203664457899
21
-3.8918212866302406
31
0
0
LINE
5
1463
100
AcDbEntity
8
0
100
AcDbLine
10
-55.250203664457899
20
-3.8918212866302406
30
0
11
-55.418007428801161
21
-3.891821286630242
31
0
0
LINE
5
1464
100
AcDbEntity
8
0
100
AcDbLine
10
-55.418007428801161
20
-3.8918212866302415
30
0
11
-55.418007428801161
21
-3.7240178203102037
31
0
0
LINE
5
1465
100
AcDbEntity
8
0
100
AcDbLine
10
-55.418007428801161
20
-3.7240178203102037
30
0
11
-55.250203664457899
21
-3.7240178203102019
31
0
0
LINE
5
1466
100
AcDbEntity
8
0
100
AcDbLine
10
-56.161253507292372
20
-3.7240178203102103
30
0
11
-56.161253507292358
21
-4.9240178679939266
31
0
0
LINE
5
1467
100
AcDbEntity
8
0
100
AcDbLine
10
-56.161253507292358
20
-4.9240178679939266
30
0
11
-56.693313772833434
21
-4.9240178679939302
31
0
0
SPLINE
5
1468
100
AcDbEntity
8
0
100
AcDbSpline
70
0
71
2
72
6
73
3
74
0
42
0.000000001
43
0.0000000001
44
0.0000000001
40
0
40
0
40
0
40
1
40
1
40
1
10
-56.693313772833434
20
-4.9240178679939302
30
0
10
-56.853750403082458
20
-4.9240178679939319
30
0
10
-56.937242801344482
20
-4.8916850304122983
30
0
0
SPLINE
5
1469
100
AcDbEntity
8
0
100
AcDbSpline
70
0
71
2
72
6
73
3
74
0
42
0.000000001
43
0.0000000001
44
0.0000000001
40
0
40
0
40
0
40
1
40
1
40
1
10
-56.937242801344482
20
-4.8916850304122983
30
0
10
-57.020735199606506
20
-4.8593520438190527
30
0
10
-57.070667202627746
20
-4.7774966871257849
30
0
0
SPLINE
5
1470
100
AcDbEntity
8
0
100
AcDbSpline
70
0
71
2
72
6
73
3
74
0
42
0.000000001
43
0.0000000001
44
0.0000000001
40
0
40
0
40
0
40
1
40
1
40
1
10
-57.070667202627746
20
-4.7774966871257849
30
0
10
-57.120599205648986
20
-4.6956411814209051
30
0
10
-57.120599205648986
20
-4.5965962922092505
30
0
0
SPLINE
5
1471
100
AcDbEntity
8
0
100
AcDbSpline
70
0
71
2
72
6
73
3
74
0
42
0.000000001
43
0.0000000001
44
0.0000000001
40
0
40
0
40
0
40
1
40
1
40
1
10
-57.120599205648986
20
-4.5965962922092505
30
0
10
-57.120599205649
20
-4.4689018344398566
30
0
10
-57.037925179159743
20
-4.3813166832443304
30
0
0
SPLINE
5
1472
100
AcDbEntity
8
0
100
AcDbSpline
70
0
71
2
72
6
73
3
74
0
42
0.000000001
43
0.0000000001
44
0.0000000001
40
0
40
0
40
0
40
1
40
1
40
1
10
-57.037925179159743
20
-4.3813166832443304
30
0
10
-56.955251152670485
20
-4.2937313830371915
30
0
10
-56.782535965597731
20
-4.2699932372089426
30
0
0
SPLINE
5
1473
100
AcDbEntity
8
0
100
AcDbSpline
70
0
71
2
72
6
73
3
74
0
42
0.000000001
43
0.0000000001
44
0.0000000001
40
0
40
0
40
0
40
1
40
1
40
1
10
-56.782535965597731
20
-4.2699932372089426
30
0
10
-56.845564897215468
20
-4.2397067760940601
30
0
10
-56.878306920683485
20
-4.2102388357635547
30
0
0
SPLINE
5
1474
100
AcDbEntity
8
0
100
AcDbSpline
70
0
71
2
72
6
73
3
74
0
42
0.000000001
43
0.0000000001
44
0.0000000001
40
0
40
0
40
0
40
1
40
1
40
1
10
-56.878306920683485
20
-4.2102388357635547
30
0
10
-56.947884018576246
20
-4.1463916813846646
30
0
10
-57.010093982374769
20
-4.0506208753105222
30
0
0
LINE
5
1475
100
AcDbEntity
8
0
100
AcDbLine
10
-57.010093982374769
20
-4.0506208753105222
30
0
11
-57.218825276053053
21
-3.7240178203102188
31
0
0
LINE
5
1476
100
AcDbEntity
8
0
100
AcDbLine
10
-57.218825276053053
20
-3.7240178203102192
30
0
11
-57.019098456060988
21
-3.7240178203102174
31
0
0
LINE
5
1477
100
AcDbEntity
8
0
100
AcDbLine
10
-57.019098456060988
20
-3.7240178203102174
30
0
11
-56.860298569357496
21
-3.9736767923351342
31
0
0
SPLINE
5
1478
100
AcDbEntity
8
0
100
AcDbSpline
70
0
71
2
72
6
73
3
74
0
42
0.000000001
43
0.0000000001
44
0.0000000001
40
0
40
0
40
0
40
1
40
1
40
1
10
-56.860298569357496
20
-3.9736767923351337
30
0
10
-56.790722067511183
20
-4.0817258572097819
30
0
10
-56.745701487219435
20
-4.1390246963020356
30
0
0
SPLINE
5
1479
100
AcDbEntity
8
0
100
AcDbSpline
70
0
71
2
72
6
73
3
74
0
42
0.000000001
43
0.0000000001
44
0.0000000001
40
0
40
0
40
0
40
1
40
1
40
1
10
-56.745701487219435
20
-4.1390246963020356
30
0
10
-56.700680906927687
20
-4.1963233863826783
30
0
10
-56.665073688185316
20
-4.2192430114265473
30
0
0
SPLINE
5
1480
100
AcDbEntity
8
0
100
AcDbSpline
70
0
71
2
72
6
73
3
74
0
42
0.000000001
43
0.0000000001
44
0.0000000001
40
0
40
0
40
0
40
1
40
1
40
1
10
-56.665073688185316
20
-4.2192430114265473
30
0
10
-56.629466469442946
20
-4.2421624874588044
30
0
10
-56.59263199106465
20
-4.251166514110186
30
0
0
SPLINE
5
1481
100
AcDbEntity
8
0
100
AcDbSpline
70
0
71
2
72
6
73
3
74
0
42
0.000000001
43
0.0000000001
44
0.0000000001
40
0
40
0
40
0
40
1
40
1
40
1
10
-56.59263199106465
20
-4.251166514110186
30
0
10
-56.565619166052443
20
-4.2568964576240562
30
0
10
-56.504227574026686
20
-4.2568964576240562
30
0
0
LINE
5
1482
100
AcDbEntity
8
0
100
AcDbLine
10
-56.504227574026686
20
-4.2568964576240562
30
0
11
-56.320053393995863
21
-4.2568964576240544
31
0
0
LINE
5
1483
100
AcDbEntity
8
0
100
AcDbLine
10
-56.320053393995863
20
-4.2568964576240544
30
0
11
-56.32005339399587
21
-3.7240178203102117
31
0
0
LINE
5
1484
100
AcDbEntity
8
0
100
AcDbLine
10
-56.320053393995863
20
-3.7240178203102117
30
0
11
-56.161253507292372
21
-3.7240178203102103
31
0
0
LINE
5
1485
100
AcDbEntity
8
0
100
AcDbLine
10
-56.320053393995863
20
-4.3944134628292089
30
0
11
-56.661390121138197
21
-4.3944134628292115
31
0
0
SPLINE
5
1486
100
AcDbEntity
8
0
100
AcDbSpline
70
0
71
2
72
6
73
3
74
0
42
0.000000001
43
0.0000000001
44
0.0000000001
40
0
40
0
40
0
40
1
40
1
40
1
10
-56.661390121138197
20
-4.3944134628292115
30
0
10
-56.770258004820448
20
-4.3944134628292124
30
0
10
-56.831649596846205
20
-4.4169236039634754
30
0
0
SPLINE
5
1487
100
AcDbEntity
8
0
100
AcDbSpline
70
0
71
2
72
6
73
3
74
0
42
0.000000001
43
0.0000000001
44
0.0000000001
40
0
40
0
40
0
40
1
40
1
40
1
10
-56.831649596846205
20
-4.4169236039634754
30
0
10
-56.893041188871962
20
-4.4394338941093494
30
0
10
-56.924964840567213
20
-4.4889564132209836
30
0
0
SPLINE
5
1488
100
AcDbEntity
8
0
100
AcDbSpline
70
0
71
2
72
6
73
3
74
0
42
0.000000001
43
0.0000000001
44
0.0000000001
40
0
40
0
40
0
40
1
40
1
40
1
10
-56.924964840567213
20
-4.4889564132209836
30
0
10
-56.956887896216017
20
-4.5384789323326169
30
0
10
-56.956887896216003
20
-4.5965962922092496
30
0
0
SPLINE
5
1489
100
AcDbEntity
8
0
100
AcDbSpline
70
0
71
2
72
6
73
3
74
0
42
0.000000001
43
0.0000000001
44
0.0000000001
40
0
40
0
40
0
40
1
40
1
40
1
10
-56.956887896216003
20
-4.5965962922092496
30
0
10
-56.956887896216003
20
-4.6817258810516416
30
0
10
-56.895087416327087
20
-4.7365690087791492
30
0
0
SPLINE
5
1490
100
AcDbEntity
8
0
100
AcDbSpline
70
0
71
2
72
6
73
3
74
0
42
0.000000001
43
0.0000000001
44
0.0000000001
40
0
40
0
40
0
40
1
40
1
40
1
10
-56.895087416327087
20
-4.7365690087791492
30
0
10
-56.833286340391723
20
-4.7914121365066578
30
0
10
-56.699862535154907
20
-4.791412136506656
30
0
0
LINE
5
1491
100
AcDbEntity
8
0
100
AcDbLine
10
-56.699862535154907
20
-4.791412136506656
30
0
11
-56.320053393995849
21
-4.7914121365066533
31
0
0
LINE
5
1492
100
AcDbEntity
8
0
100
AcDbLine
10
-56.320053393995849
20
-4.7914121365066533
30
0
11
-56.320053393995849
21
-4.3944134628292089
31
0
0
LINE
5
1493
100
AcDbEntity
8
0
100
AcDbLine
10
-57.377625162756544
20
-3.7240178203102206
30
0
11
-57.37762516275653
21
-4.9240178679939364
31
0
0
LINE
5
1494
100
AcDbEntity
8
0
100
AcDbLine
10
-57.37762516275653
20
-4.9240178679939364
30
0
11
-58.187174852049438
21
-4.9240178679939426
31
0
0
LINE
5
1495
100
AcDbEntity
8
0
100
AcDbLine
10
-58.187174852049438
20
-4.9240178679939426
30
0
11
-58.187174852049438
21
-4.782407960843674
31
0
0
LINE
5
1496
100
AcDbEntity
8
0
100
AcDbLine
10
-58.187174852049438
20
-4.782407960843674
30
0
11
-57.536424453413574
21
-4.7824079608436687
31
0
0
LINE
5
1497
100
AcDbEntity
8
0
100
AcDbLine
10
-57.536424453413574
20
-4.7824079608436687
30
0
11
-57.536424453413574
21
-4.4107846235748394
31
0
0
LINE
5
1498
100
AcDbEntity
8
0
100
AcDbLine
10
-57.536424453413588
20
-4.4107846235748394
30
0
11
-58.09958999887715
21
-4.4107846235748447
31
0
0
LINE
5
1499
100
AcDbEntity
8
0
100
AcDbLine
10
-58.09958999887715
20
-4.4107846235748447
30
0
11
-58.09958999887715
21
-4.2691747164245761
31
0
0
LINE
5
1500
100
AcDbEntity
8
0
100
AcDbLine
10
-58.09958999887715
20
-4.2691747164245761
30
0
11
-57.536424453413588
21
-4.2691747164245717
31
0
0
LINE
5
1501
100
AcDbEntity
8
0
100
AcDbLine
10
-57.536424453413588
20
-4.2691747164245708
30
0
11
-57.536424453413595
21
-3.7240178203102214
31
0
0
LINE
5
1502
100
AcDbEntity
8
0
100
AcDbLine
10
-57.536424453413588
20
-3.7240178203102214
30
0
11
-57.377625162756544
21
-3.7240178203102206
31
0
0
LINE
5
1503
100
AcDbEntity
8
0
100
AcDbLine
10
-59.149794633543593
20
-3.9180151438232667
30
0
11
-59.149794633543593
21
-4.247073761176706
31
0
0
LINE
5
1504
100
AcDbEntity
8
0
100
AcDbLine
10
-59.149794633543593
20
-4.247073761176706
30
0
11
-58.823191578543288
21
-4.2470737611767033
31
0
0
LINE
5
1505
100
AcDbEntity
8
0
100
AcDbLine
10
-58.823191578543288
20
-4.2470737611767024
30
0
11
-58.823191578543288
21
-4.3845907663818569
31
0
0
LINE
5
1506
100
AcDbEntity
8
0
100
AcDbLine
10
-58.823191578543288
20
-4.3845907663818569
30
0
11
-59.149794633543593
21
-4.3845907663818604
31
0
0
LINE
5
1507
100
AcDbEntity
8
0
100
AcDbLine
10
-59.149794633543593
20
-4.3845907663818604
30
0
11
-59.149794633543593
21
-4.7111938213821656
31
0
0
LINE
5
1508
100
AcDbEntity
8
0
100
AcDbLine
10
-59.149794633543578
20
-4.7111938213821656
30
0
11
-59.288948829329101
21
-4.7111938213821674
31
0
0
LINE
5
1509
100
AcDbEntity
8
0
100
AcDbLine
10
-59.288948829329101
20
-4.7111938213821674
30
0
11
-59.288948829329101
21
-4.3845907663818622
31
0
0
LINE
5
1510
100
AcDbEntity
8
0
100
AcDbLine
10
-59.288948829329115
20
-4.3845907663818622
30
0
11
-59.61555188432942
21
-4.3845907663818648
31
0
0
LINE
5
1511
100
AcDbEntity
8
0
100
AcDbLine
10
-59.61555188432942
20
-4.384590766381864
30
0
11
-59.61555188432942
21
-4.2470737611767095
31
0
0
LINE
5
1512
100
AcDbEntity
8
0
100
AcDbLine
10
-59.61555188432942
20
-4.2470737611767095
30
0
11
-59.288948829329115
21
-4.2470737611767069
31
0
0
LINE
5
1513
100
AcDbEntity
8
0
100
AcDbLine
10
-59.288948829329115
20
-4.2470737611767078
30
0
11
-59.288948829329115
21
-3.918015143823268
31
0
0
LINE
5
1514
100
AcDbEntity
8
0
100
AcDbLine
10
-59.288948829329115
20
-3.918015143823268
30
0
11
-59.149794633543593
21
-3.9180151438232667
31
0
0
LINE
5
1515
100
AcDbEntity
8
0
100
AcDbLine
10
-60.333422477400411
20
-3.7240178203102459
30
0
11
-60.186083371794332
21
-3.7240178203102445
31
0
0
LINE
5
1516
100
AcDbEntity
8
0
100
AcDbLine
10
-60.186083371794325
20
-3.7240178203102445
30
0
11
-60.186083371794311
21
-4.6628991579529142
31
0
0
SPLINE
5
1517
100
AcDbEntity
8
0
100
AcDbSpline
70
0
71
2
72
6
73
3
74
0
42
0.000000001
43
0.0000000001
44
0.0000000001
40
0
40
0
40
0
40
1
40
1
40
1
10
-60.186083371794311
20
-4.6628991579529142
30
0
10
-60.132877285635558
20
-4.612148783158907
30
0
10
-60.046519692099196
20
-4.5613984083649006
30
0
0
SPLINE
5
1518
100
AcDbEntity
8
0
100
AcDbSpline
70
0
71
2
72
6
73
3
74
0
42
0.000000001
43
0.0000000001
44
0.0000000001
40
0
40
0
40
0
40
1
40
1
40
1
10
-60.046519692099196
20
-4.5613984083649006
30
0
10
-59.960162694609267
20
-4.5106480335708934
30
0
10
-59.891403968489271
20
-4.4852728461738893
30
0
0
LINE
5
1519
100
AcDbEntity
8
0
100
AcDbLine
10
-59.891403968489271
20
-4.4852728461738893
30
0
11
-59.891403968489271
21
-4.6277014231201479
31
0
0
SPLINE
5
1520
100
AcDbEntity
8
0
100
AcDbSpline
70
0
71
2
72
6
73
3
74
0
42
0.000000001
43
0.0000000001
44
0.0000000001
40
0
40
0
40
0
40
1
40
1
40
1
10
-59.891403968489257
20
-4.6277014231201479
30
0
10
-60.015005524313537
20
-4.6858186339851695
30
0
10
-60.107502396261779
20
-4.7684926604744282
30
0
0
SPLINE
5
1521
100
AcDbEntity
8
0
100
AcDbSpline
70
0
71
2
72
6
73
3
74
0
42
0.000000001
43
0.0000000001
44
0.0000000001
40
0
40
0
40
0
40
1
40
1
40
1
10
-60.107502396261779
20
-4.7684926604744282
30
0
10
-60.199998672163574
20
-4.851166537952075
30
0
10
-60.238471086180297
20
-4.9289291417118406
30
0
0
LINE
5
1522
100
AcDbEntity
8
0
100
AcDbLine
10
-60.238471086180297
20
-4.9289291417118406
30
0
11
-60.33342247740039
21
-4.9289291417118415
31
0
0
LINE
5
1523
100
AcDbEntity
8
0
100
AcDbLine
10
-60.33342247740039
20
-4.9289291417118424
30
0
11
-60.333422477400404
21
-3.7240178203102459
31
0
0
SPLINE
5
1524
100
AcDbEntity
8
0
100
AcDbSpline
70
0
71
2
72
6
73
3
74
0
42
0.000000001
43
0.0000000001
44
0.0000000001
40
0
40
0
40
0
40
1
40
1
40
1
10
-60.710777099287611
20
-4.3158323382851025
30
0
10
-60.710777099287597
20
-4.5286563848968884
30
0
10
-60.754569823896972
20
-4.6583970701214215
30
0
0
SPLINE
5
1525
100
AcDbEntity
8
0
100
AcDbSpline
70
0
71
2
72
6
73
3
74
0
42
0.000000001
43
0.0000000001
44
0.0000000001
40
0
40
0
40
0
40
1
40
1
40
1
10
-60.754569823896972
20
-4.6583970701214215
30
0
10
-60.798362548506347
20
-4.7881379043575674
30
0
10
-60.884718949949828
20
-4.8585335230347066
30
0
0
SPLINE
5
1526
100
AcDbEntity
8
0
100
AcDbSpline
70
0
71
2
72
6
73
3
74
0
42
0.000000001
43
0.0000000001
44
0.0000000001
40
0
40
0
40
0
40
1
40
1
40
1
10
-60.884718949949828
20
-4.8585335230347066
30
0
10
-60.971076543486205
20
-4.9289291417118477
30
0
10
-61.102045829451171
20
-4.9289291417118486
30
0
0
SPLINE
5
1527
100
AcDbEntity
8
0
100
AcDbSpline
70
0
71
2
72
6
73
3
74
0
42
0.000000001
43
0.0000000001
44
0.0000000001
40
0
40
0
40
0
40
1
40
1
40
1
10
-61.102045829451171
20
-4.9289291417118486
30
0
10
-61.198633964216796
20
-4.9289291417118495
30
0
10
-61.27148514524707
20
-4.8900478398319667
30
0
0
SPLINE
5
1528
100
AcDbEntity
8
0
100
AcDbSpline
70
0
71
2
72
6
73
3
74
0
42
0.000000001
43
0.0000000001
44
0.0000000001
40
0
40
0
40
0
40
1
40
1
40
1
10
-61.27148514524707
20
-4.8900478398319667
30
0
10
-61.344336326277343
20
-4.8511665379520847
30
0
10
-61.391812617933837
20
-4.7779060220238172
30
0
0
SPLINE
5
1529
100
AcDbEntity
8
0
100
AcDbSpline
70
0
71
2
72
6
73
3
74
0
42
0.000000001
43
0.0000000001
44
0.0000000001
40
0
40
0
40
0
40
1
40
1
40
1
10
-61.391812617933837
20
-4.7779060220238172
30
0
10
-61.439288909590331
20
-4.7046453570839368
30
0
10
-61.466301734602538
20
-4.5994611894604169
30
0
0
SPLINE
5
1530
100
AcDbEntity
8
0
100
AcDbSpline
70
0
71
2
72
6
73
3
74
0
42
0.000000001
43
0.0000000001
44
0.0000000001
40
0
40
0
40
0
40
1
40
1
40
1
10
-61.466301734602538
20
-4.5994611894604169
30
0
10
-61.49331455961476
20
-4.4942770218368979
30
0
10
-61.49331455961476
20
-4.3158323382851096
30
0
0
SPLINE
5
1531
100
AcDbEntity
8
0
100
AcDbSpline
70
0
71
2
72
6
73
3
74
0
42
0.000000001
43
0.0000000001
44
0.0000000001
40
0
40
0
40
0
40
1
40
1
40
1
10
-61.49331455961476
20
-4.3158323382851096
30
0
10
-61.49331455961476
20
-4.1046453332420798
30
0
10
-61.449930722868544
20
-3.9749046480175458
30
0
0
SPLINE
5
1532
100
AcDbEntity
8
0
100
AcDbSpline
70
0
71
2
72
6
73
3
74
0
42
0.000000001
43
0.0000000001
44
0.0000000001
40
0
40
0
40
0
40
1
40
1
40
1
10
-61.449930722868544
20
-3.9749046480175458
30
0
10
-61.406546886122328
20
-3.8451638137814004
30
0
10
-61.320189292585951
20
-3.7743588602062657
30
0
0
SPLINE
5
1533
100
AcDbEntity
8
0
100
AcDbSpline
70
0
71
2
72
6
73
3
74
0
42
0.000000001
43
0.0000000001
44
0.0000000001
40
0
40
0
40
0
40
1
40
1
40
1
10
-61.320189292585951
20
-3.7743588602062657
30
0
10
-61.233831699049581
20
-3.7035540556427424
30
0
10
-61.102045829451193
20
-3.7035540556427411
30
0
0
SPLINE
5
1534
100
AcDbEntity
8
0
100
AcDbSpline
70
0
71
2
72
6
73
3
74
0
42
0.000000001
43
0.0000000001
44
0.0000000001
40
0
40
0
40
0
40
1
40
1
40
1
10
-61.102045829451193
20
-3.7035540556427411
30
0
10
-60.928511674559225
20
-3.7035540556427398
30
0
10
-60.829466636335951
20
-3.8279741322513972
30
0
0
SPLINE
5
1535
100
AcDbEntity
8
0
100
AcDbSpline
70
0
71
2
72
6
73
3
74
0
42
0.000000001
43
0.0000000001
44
0.0000000001
40
0
40
0
40
0
40
1
40
1
40
1
10
-60.829466636335951
20
-3.8279741322513972
30
0
10
-60.710777099287611
20
-3.9777695452686688
30
0
10
-60.710777099287611
20
-4.3158323382851025
30
0
0
SPLINE
5
1536
100
AcDbEntity
8
0
100
AcDbSpline
70
0
71
2
72
6
73
3
74
0
42
0.000000001
43
0.0000000001
44
0.0000000001
40
0
40
0
40
0
40
1
40
1
40
1
10
-60.862208659803969
20
-4.3158323382851034
30
0
10
-60.862208659803969
20
-4.0203342651840597
30
0
10
-60.931376273787123
20
-3.922517082643167
30
0
0
SPLINE
5
1537
100
AcDbEntity
8
0
100
AcDbSpline
70
0
71
2
72
6
73
3
74
0
42
0.000000001
43
0.0000000001
44
0.0000000001
40
0
40
0
40
0
40
1
40
1
40
1
10
-60.931376273787123
20
-3.922517082643167
30
0
10
-61.000543887770277
20
-3.8246999001022743
30
0
10
-61.102045829451185
20
-3.8246999001022752
30
0
0
SPLINE
5
1538
100
AcDbEntity
8
0
100
AcDbSpline
70
0
71
2
72
6
73
3
74
0
42
0.000000001
43
0.0000000001
44
0.0000000001
40
0
40
0
40
0
40
1
40
1
40
1
10
-61.102045829451185
20
-3.8246999001022752
30
0
10
-61.203545386946303
20
-3.8246999001022757
30
0
10
-61.272713000929457
20
-3.9229264175411647
30
0
0
SPLINE
5
1539
100
AcDbEntity
8
0
100
AcDbSpline
70
0
71
2
72
6
73
3
74
0
42
0.000000001
43
0.0000000001
44
0.0000000001
40
0
40
0
40
0
40
1
40
1
40
1
10
-61.272713000929457
20
-3.9229264175411647
30
0
10
-61.341881807005507
20
-4.0211529349800541
30
0
10
-61.341881807005507
20
-4.3158323382851078
30
0
0
SPLINE
5
1540
100
AcDbEntity
8
0
100
AcDbSpline
70
0
71
2
72
6
73
3
74
0
42
0.000000001
43
0.0000000001
44
0.0000000001
40
0
40
0
40
0
40
1
40
1
40
1
10
-61.341881807005507
20
-4.3158323382851078
30
0
10
-61.341881807005493
20
-4.6121487831589176
30
0
10
-61.272713000929443
20
-4.7095567798134272
30
0
0
SPLINE
5
1541
100
AcDbEntity
8
0
100
AcDbSpline
70
0
71
2
72
6
73
3
74
0
42
0.000000001
43
0.0000000001
44
0.0000000001
40
0
40
0
40
0
40
1
40
1
40
1
10
-61.272713000929443
20
-4.7095567798134272
30
0
10
-61.203545386946288
20
-4.8069646274563258
30
0
10
-61.100407893812744
20
-4.8069646274563249
30
0
0
SPLINE
5
1542
100
AcDbEntity
8
0
100
AcDbSpline
70
0
71
2
72
6
73
3
74
0
42
0.000000001
43
0.0000000001
44
0.0000000001
40
0
40
0
40
0
40
1
40
1
40
1
10
-61.100407893812744
20
-4.8069646274563249
30
0
10
-60.998908336317626
20
-4.806964627456324
30
0
10
-60.938334520018188
20
-4.7210163688179412
30
0
0
SPLINE
5
1543
100
AcDbEntity
8
0
100
AcDbSpline
70
0
71
2
72
6
73
3
74
0
42
0.000000001
43
0.0000000001
44
0.0000000001
40
0
40
0
40
0
40
1
40
1
40
1
10
-60.938334520018188
20
-4.7210163688179412
30
0
10
-60.862208659803954
20
-4.6113302623745351
30
0
10
-60.862208659803969
20
-4.3158323382851034
30
0
0
LINE
5
1544
100
AcDbEntity
8
0
100
AcDbLine
10
-62.24802141920339
20
-3.7240178203102619
30
0
11
-62.24802141920339
21
-3.8337040757652789
31
0
0
SPLINE
5
1545
100
AcDbEntity
8
0
100
AcDbSpline
70
0
71
2
72
6
73
3
74
0
42
0.000000001
43
0.0000000001
44
0.0000000001
40
0
40
0
40
0
40
1
40
1
40
1
10
-62.248021419203383
20
-3.8337040757652789
30
0
10
-62.165347392714132
20
-3.7043724274155165
30
0
10
-62.004910762465109
20
-3.7043724274155148
30
0
0
SPLINE
5
1546
100
AcDbEntity
8
0
100
AcDbSpline
70
0
71
2
72
6
73
3
74
0
42
0.000000001
43
0.0000000001
44
0.0000000001
40
0
40
0
40
0
40
1
40
1
40
1
10
-62.004910762465109
20
-3.7043724274155148
30
0
10
-61.900953109419454
20
-3.7043724274155143
30
0
10
-61.813777740156752
20
-3.7616712665077676
30
0
0
SPLINE
5
1547
100
AcDbEntity
8
0
100
AcDbSpline
70
0
71
2
72
6
73
3
74
0
42
0.000000001
43
0.0000000001
44
0.0000000001
40
0
40
0
40
0
40
1
40
1
40
1
10
-61.813777740156752
20
-3.7616712665077676
30
0
10
-61.726602370894057
20
-3.8189701056000218
30
0
10
-61.678715999281508
20
-3.9216985618587952
30
0
0
SPLINE
5
1548
100
AcDbEntity
8
0
100
AcDbSpline
70
0
71
2
72
6
73
3
74
0
42
0.000000001
43
0.0000000001
44
0.0000000001
40
0
40
0
40
0
40
1
40
1
40
1
10
-61.678715999281508
20
-3.9216985618587952
30
0
10
-61.63083201185475
20
-4.024427018117569
30
0
10
-61.63083201185475
20
-4.1578514194008331
30
0
0
SPLINE
5
1549
100
AcDbEntity
8
0
100
AcDbSpline
70
0
71
2
72
6
73
3
74
0
42
0.000000001
43
0.0000000001
44
0.0000000001
40
0
40
0
40
0
40
1
40
1
40
1
10
-61.63083201185475
20
-4.1578514194008331
30
0
10
-61.63083201185475
20
-4.2880014395233612
30
0
10
-61.67421465650807
20
-4.3940041279312592
30
0
0
SPLINE
5
1550
100
AcDbEntity
8
0
100
AcDbSpline
70
0
71
2
72
6
73
3
74
0
42
0.000000001
43
0.0000000001
44
0.0000000001
40
0
40
0
40
0
40
1
40
1
40
1
10
-61.67421465650807
20
-4.3940041279312592
30
0
10
-61.717597301161391
20
-4.500006816339158
30
0
10
-61.804364974653808
20
-4.5564871346470346
30
0
0
SPLINE
5
1551
100
AcDbEntity
8
0
100
AcDbSpline
70
0
71
2
72
6
73
3
74
0
42
0.000000001
43
0.0000000001
44
0.0000000001
40
0
40
0
40
0
40
1
40
1
40
1
10
-61.804364974653808
20
-4.5564871346470346
30
0
10
-61.89113264814624
20
-4.6129673039433001
30
0
10
-61.998361404097167
20
-4.612967303943301
30
0
0
SPLINE
5
1552
100
AcDbEntity
8
0
100
AcDbSpline
70
0
71
2
72
6
73
3
74
0
42
0.000000001
43
0.0000000001
44
0.0000000001
40
0
40
0
40
0
40
1
40
1
40
1
10
-61.998361404097167
20
-4.612967303943301
30
0
10
-62.076944167769042
20
-4.6129673039433019
30
0
10
-62.138334567701904
20
-4.5798159455772902
30
0
0
SPLINE
5
1553
100
AcDbEntity
8
0
100
AcDbSpline
70
0
71
2
72
6
73
3
74
0
42
0.000000001
43
0.0000000001
44
0.0000000001
40
0
40
0
40
0
40
1
40
1
40
1
10
-62.138334567701904
20
-4.5798159455772902
30
0
10
-62.199727351820556
20
-4.5466644381996657
30
0
10
-62.238198573744398
20
-4.4934583520409141
30
0
0
LINE
5
1554
100
AcDbEntity
8
0
100
AcDbLine
10
-62.238198573744398
20
-4.4934583520409141
30
0
11
-62.238198573744398
21
-4.9240178679939781
31
0
0
LINE
5
1555
100
AcDbEntity
8
0
100
AcDbLine
10
-62.238198573744384
20
-4.9240178679939781
30
0
11
-62.384718711531249
21
-4.924017867993979
31
0
0
LINE
5
1556
100
AcDbEntity
8
0
100
AcDbLine
10
-62.384718711531249
20
-4.924017867993979
30
0
11
-62.384718711531264
21
-3.7240178203102632
31
0
0
LINE
5
1557
100
AcDbEntity
8
0
100
AcDbLine
10
-62.384718711531271
20
-3.7240178203102632
30
0
11
-62.24802141920339
21
-3.7240178203102619
31
0
0
SPLINE
5
1558
100
AcDbEntity
8
0
100
AcDbSpline
70
0
71
2
72
6
73
3
74
0
42
0.000000001
43
0.0000000001
44
0.0000000001
40
0
40
0
40
0
40
1
40
1
40
1
10
-61.782263572371107
20
-4.157851419400834
30
0
10
-61.782263572371107
20
-3.9908663248535623
30
0
10
-61.852659042036635
20
-3.9081924473759173
30
0
0
SPLINE
5
1559
100
AcDbEntity
8
0
100
AcDbSpline
70
0
71
2
72
6
73
3
74
0
42
0.000000001
43
0.0000000001
44
0.0000000001
40
0
40
0
40
0
40
1
40
1
40
1
10
-61.852659042036635
20
-3.9081924473759173
30
0
10
-61.923054511702162
20
-3.8255185698982719
30
0
10
-62.018824870741469
20
-3.8255185698982732
30
0
0
SPLINE
5
1560
100
AcDbEntity
8
0
100
AcDbSpline
70
0
71
2
72
6
73
3
74
0
42
0.000000001
43
0.0000000001
44
0.0000000001
40
0
40
0
40
0
40
1
40
1
40
1
10
-62.018824870741469
20
-3.8255185698982732
30
0
10
-62.115415389692885
20
-3.8255185698982737
30
0
10
-62.182945068037611
20
-3.9045090293404128
30
0
0
SPLINE
5
1561
100
AcDbEntity
8
0
100
AcDbSpline
70
0
71
2
72
6
73
3
74
0
42
0.000000001
43
0.0000000001
44
0.0000000001
40
0
40
0
40
0
40
1
40
1
40
1
10
-62.182945068037611
20
-3.9045090293404128
30
0
10
-62.250477130568129
20
-3.98349933977094
30
0
10
-62.250477130568129
20
-4.1455731606003319
30
0
0
SPLINE
5
1562
100
AcDbEntity
8
0
100
AcDbSpline
70
0
71
2
72
6
73
3
74
0
42
0.000000001
43
0.0000000001
44
0.0000000001
40
0
40
0
40
0
40
1
40
1
40
1
10
-62.250477130568129
20
-4.1455731606003319
30
0
10
-62.250477130568129
20
-4.3240178441521202
30
0
10
-62.181717212355238
20
-4.4075102424141432
30
0
0
SPLINE
5
1563
100
AcDbEntity
8
0
100
AcDbSpline
70
0
71
2
72
6
73
3
74
0
42
0.000000001
43
0.0000000001
44
0.0000000001
40
0
40
0
40
0
40
1
40
1
40
1
10
-62.181717212355238
20
-4.4075102424141432
30
0
10
-62.112959678328139
20
-4.4910027896877782
30
0
10
-62.01227789655934
20
-4.4910027896877782
30
0
0
SPLINE
5
1564
100
AcDbEntity
8
0
100
AcDbSpline
70
0
71
2
72
6
73
3
74
0
42
0.000000001
43
0.0000000001
44
0.0000000001
40
0
40
0
40
0
40
1
40
1
40
1
10
-62.01227789655934
20
-4.4910027896877782
30
0
10
-61.914051826155287
20
-4.4910027896877764
30
0
10
-61.848157699263197
20
-4.4107844745632647
30
0
0
SPLINE
5
1565
100
AcDbEntity
8
0
100
AcDbSpline
70
0
71
2
72
6
73
3
74
0
42
0.000000001
43
0.0000000001
44
0.0000000001
40
0
40
0
40
0
40
1
40
1
40
1
10
-61.848157699263197
20
-4.4107844745632647
30
0
10
-61.782263572371107
20
-4.3305663084503641
30
0
10
-61.782263572371107
20
-4.157851419400834
30
0
0
LINE
5
1566
100
AcDbEntity
8
0
100
AcDbLine
10
-62.628649528181661
20
-3.7240178203102654
30
0
11
-62.628649528181654
21
-4.9240178679939808
31
0
0
LINE
5
1567
100
AcDbEntity
8
0
100
AcDbLine
10
-62.62864952818164
20
-4.9240178679939808
30
0
11
-63.078852946913329
21
-4.9240178679939852
31
0
0
SPLINE
5
1568
100
AcDbEntity
8
0
100
AcDbSpline
70
0
71
2
72
6
73
3
74
0
42
0.000000001
43
0.0000000001
44
0.0000000001
40
0
40
0
40
0
40
1
40
1
40
1
10
-63.078852946913329
20
-4.9240178679939852
30
0
10
-63.21637039915332
20
-4.9240178679939861
30
0
10
-63.299454505598632
20
-4.8875922774788503
30
0
0
SPLINE
5
1569
100
AcDbEntity
8
0
100
AcDbSpline
70
0
71
2
72
6
73
3
74
0
42
0.000000001
43
0.0000000001
44
0.0000000001
40
0
40
0
40
0
40
1
40
1
40
1
10
-63.299454505598632
20
-4.8875922774788503
30
0
10
-63.382536227858154
20
-4.8511665379521016
30
0
10
-63.429604823744384
20
-4.775450310659088
30
0
0
SPLINE
5
1570
100
AcDbEntity
8
0
100
AcDbSpline
70
0
71
2
72
6
73
3
74
0
42
0.000000001
43
0.0000000001
44
0.0000000001
40
0
40
0
40
0
40
1
40
1
40
1
10
-63.429604823744384
20
-4.775450310659088
30
0
10
-63.476671035444824
20
-4.6997340833660743
30
0
10
-63.476671035444824
20
-4.6170602058884285
30
0
0
SPLINE
5
1571
100
AcDbEntity
8
0
100
AcDbSpline
70
0
71
2
72
6
73
3
74
0
42
0.000000001
43
0.0000000001
44
0.0000000001
40
0
40
0
40
0
40
1
40
1
40
1
10
-63.476671035444824
20
-4.6170602058884285
30
0
10
-63.476671035444824
20
-4.540115973901429
30
0
10
-63.434923942244154
20
-4.4721760665890358
30
0
0
SPLINE
5
1572
100
AcDbEntity
8
0
100
AcDbSpline
70
0
71
2
72
6
73
3
74
0
42
0.000000001
43
0.0000000001
44
0.0000000001
40
0
40
0
40
0
40
1
40
1
40
1
10
-63.434923942244154
20
-4.4721760665890358
30
0
10
-63.393179233229262
20
-4.4042361592766408
30
0
10
-63.308867271101576
20
-4.3624899601456288
30
0
0
SPLINE
5
1573
100
AcDbEntity
8
0
100
AcDbSpline
70
0
71
2
72
6
73
3
74
0
42
0.000000001
43
0.0000000001
44
0.0000000001
40
0
40
0
40
0
40
1
40
1
40
1
10
-63.308867271101576
20
-4.3624899601456288
30
0
10
-63.417733962690932
20
-4.3305663084503783
30
0
10
-63.476260955488783
20
-4.2536222254749916
30
0
0
SPLINE
5
1574
100
AcDbEntity
8
0
100
AcDbSpline
70
0
71
2
72
6
73
3
74
0
42
0.000000001
43
0.0000000001
44
0.0000000001
40
0
40
0
40
0
40
1
40
1
40
1
10
-63.476260955488783
20
-4.2536222254749916
30
0
10
-63.534787948286635
20
-4.176678142499604
30
0
10
-63.534787948286635
20
-4.0719033097740791
30
0
0
SPLINE
5
1575
100
AcDbEntity
8
0
100
AcDbSpline
70
0
71
2
72
6
73
3
74
0
42
0.000000001
43
0.0000000001
44
0.0000000001
40
0
40
0
40
0
40
1
40
1
40
1
10
-63.534787948286635
20
-4.0719033097740791
30
0
10
-63.534787948286635
20
-3.9875922417160652
30
0
10
-63.499180133497816
20
-3.9151500975605624
30
0
0
SPLINE
5
1576
100
AcDbEntity
8
0
100
AcDbSpline
70
0
71
2
72
6
73
3
74
0
42
0.000000001
43
0.0000000001
44
0.0000000001
40
0
40
0
40
0
40
1
40
1
40
1
10
-63.499180133497816
20
-3.9151500975605624
30
0
10
-63.463574702894789
20
-3.842708102416672
30
0
10
-63.411186988508803
20
-3.8034176146504057
30
0
0
SPLINE
5
1577
100
AcDbEntity
8
0
100
AcDbSpline
70
0
71
2
72
6
73
3
74
0
42
0.000000001
43
0.0000000001
44
0.0000000001
40
0
40
0
40
0
40
1
40
1
40
1
10
-63.411186988508803
20
-3.8034176146504057
30
0
10
-63.358799274122816
20
-3.764126977872527
30
0
10
-63.279808814680678
20
-3.7440723990913987
30
0
0
SPLINE
5
1578
100
AcDbEntity
8
0
100
AcDbSpline
70
0
71
2
72
6
73
3
74
0
42
0.000000001
43
0.0000000001
44
0.0000000001
40
0
40
0
40
0
40
1
40
1
40
1
10
-63.279808814680678
20
-3.7440723990913987
30
0
10
-63.200818355238546
20
-3.7240178203102703
30
0
10
-63.086220081007589
20
-3.7240178203102694
30
0
0
LINE
5
1579
100
AcDbEntity
8
0
100
AcDbLine
10
-63.086220081007589
20
-3.7240178203102694
30
0
11
-62.628649528181661
21
-3.7240178203102654
31
0
0
LINE
5
1580
100
AcDbEntity
8
0
100
AcDbLine
10
-62.78744822279225
20
-4.4197886502262671
30
0
11
-63.046931083357435
21
-4.4197886502262698
31
0
0
SPLINE
5
1581
100
AcDbEntity
8
0
100
AcDbSpline
70
0
71
2
72
6
73
3
74
0
42
0.000000001
43
0.0000000001
44
0.0000000001
40
0
40
0
40
0
40
1
40
1
40
1
10
-63.046931083357435
20
-4.4197886502262698
30
0
10
-63.152524287855726
20
-4.4197886502262698
30
0
10
-63.198362643873793
20
-4.4337040996071453
30
0
0
SPLINE
5
1582
100
AcDbEntity
8
0
100
AcDbSpline
70
0
71
2
72
6
73
3
74
0
42
0.000000001
43
0.0000000001
44
0.0000000001
40
0
40
0
40
0
40
1
40
1
40
1
10
-63.198362643873793
20
-4.4337040996071453
30
0
10
-63.258935268080336
20
-4.4517121529099102
30
0
10
-63.289631660139662
20
-4.493458501052535
30
0
0
SPLINE
5
1583
100
AcDbEntity
8
0
100
AcDbSpline
70
0
71
2
72
6
73
3
74
0
42
0.000000001
43
0.0000000001
44
0.0000000001
40
0
40
0
40
0
40
1
40
1
40
1
10
-63.289631660139662
20
-4.493458501052535
30
0
10
-63.320328052198974
20
-4.5352047001835469
30
0
10
-63.320328052198974
20
-4.5982334827896718
30
0
0
SPLINE
5
1584
100
AcDbEntity
8
0
100
AcDbSpline
70
0
71
2
72
6
73
3
74
0
42
0.000000001
43
0.0000000001
44
0.0000000001
40
0
40
0
40
0
40
1
40
1
40
1
10
-63.320328052198974
20
-4.5982334827896718
30
0
10
-63.320328052198974
20
-4.6579877352234487
30
0
10
-63.291677291548339
20
-4.7034175014015798
30
0
0
SPLINE
5
1585
100
AcDbEntity
8
0
100
AcDbSpline
70
0
71
2
72
6
73
3
74
0
42
0.000000001
43
0.0000000001
44
0.0000000001
40
0
40
0
40
0
40
1
40
1
40
1
10
-63.291677291548339
20
-4.7034175014015798
30
0
10
-63.263028915083495
20
-4.74884726757971
30
0
10
-63.2098210407854
20
-4.7656276142117138
30
0
0
SPLINE
5
1586
100
AcDbEntity
8
0
100
AcDbSpline
70
0
71
2
72
6
73
3
74
0
42
0.000000001
43
0.0000000001
44
0.0000000001
40
0
40
0
40
0
40
1
40
1
40
1
10
-63.2098210407854
20
-4.7656276142117138
30
0
10
-63.156615550673095
20
-4.7824079608437167
30
0
10
-63.027285392439452
20
-4.7824079608437158
30
0
0
LINE
5
1587
100
AcDbEntity
8
0
100
AcDbLine
10
-63.027285392439452
20
-4.7824079608437158
30
0
11
-62.787448222792236
21
-4.782407960843714
31
0
0
LINE
5
1588
100
AcDbEntity
8
0
100
AcDbLine
10
-62.787448222792236
20
-4.782407960843714
30
0
11
-62.787448222792236
21
-4.4197886502262671
31
0
0
LINE
5
1589
100
AcDbEntity
8
0
100
AcDbLine
10
-62.78744822279225
20
-3.8656275784489234
30
0
11
-63.086220081007582
21
-3.8656275784489265
31
0
0
SPLINE
5
1590
100
AcDbEntity
8
0
100
AcDbSpline
70
0
71
2
72
6
73
3
74
0
42
0.000000001
43
0.0000000001
44
0.0000000001
40
0
40
0
40
0
40
1
40
1
40
1
10
-63.086220081007582
20
-3.865627578448926
30
0
10
-63.163164909041029
20
-3.8656275784489265
30
0
10
-63.194268996870619
20
-3.8713575219627971
30
0
0
SPLINE
5
1591
100
AcDbEntity
8
0
100
AcDbSpline
70
0
71
2
72
6
73
3
74
0
42
0.000000001
43
0.0000000001
44
0.0000000001
40
0
40
0
40
0
40
1
40
1
40
1
10
-63.194268996870619
20
-3.8713575219627971
30
0
10
-63.249112422621351
20
-3.8811802184101696
30
0
10
-63.285948093092543
20
-3.9040996944424271
30
0
0
SPLINE
5
1592
100
AcDbEntity
8
0
100
AcDbSpline
70
0
71
2
72
6
73
3
74
0
42
0.000000001
43
0.0000000001
44
0.0000000001
40
0
40
0
40
0
40
1
40
1
40
1
10
-63.285948093092543
20
-3.9040996944424271
30
0
10
-63.322783763563734
20
-3.9270191704746846
30
0
10
-63.346520717299086
20
-3.9708117460724477
30
0
0
SPLINE
5
1593
100
AcDbEntity
8
0
100
AcDbSpline
70
0
71
2
72
6
73
3
74
0
42
0.000000001
43
0.0000000001
44
0.0000000001
40
0
40
0
40
0
40
1
40
1
40
1
10
-63.346520717299086
20
-3.9708117460724477
30
0
10
-63.370257671034437
20
-4.0146044706818227
30
0
10
-63.370257671034437
20
-4.0719033097740773
30
0
0
SPLINE
5
1594
100
AcDbEntity
8
0
100
AcDbSpline
70
0
71
2
72
6
73
3
74
0
42
0.000000001
43
0.0000000001
44
0.0000000001
40
0
40
0
40
0
40
1
40
1
40
1
10
-63.370257671034437
20
-4.0719033097740773
30
0
10
-63.370257671034437
20
-4.1390246963020925
30
0
10
-63.335880096113783
20
-4.1885472154137258
30
0
0
SPLINE
5
1595
100
AcDbEntity
8
0
100
AcDbSpline
70
0
71
2
72
6
73
3
74
0
42
0.000000001
43
0.0000000001
44
0.0000000001
40
0
40
0
40
0
40
1
40
1
40
1
10
-63.335880096113783
20
-4.1885472154137258
30
0
10
-63.301500137007338
20
-4.2380697345253591
30
0
10
-63.24051743284474
20
-4.2581243133064861
30
0
0
SPLINE
5
1596
100
AcDbEntity
8
0
100
AcDbSpline
70
0
71
2
72
6
73
3
74
0
42
0.000000001
43
0.0000000001
44
0.0000000001
40
0
40
0
40
0
40
1
40
1
40
1
10
-63.24051743284474
20
-4.2581243133064861
30
0
10
-63.179534728682142
20
-4.278178892087614
30
0
10
-63.064938838636976
20
-4.2781788920876131
30
0
0
LINE
5
1597
100
AcDbEntity
8
0
100
AcDbLine
10
-63.064938838636976
20
-4.2781788920876131
30
0
11
-62.78744822279225
21
-4.2781788920876105
31
0
0
LINE
5
1598
100
AcDbEntity
8
0
100
AcDbLine
10
-62.78744822279225
20
-4.2781788920876105
30
0
11
-62.78744822279225
21
-3.8656275784489234
31
0
0
LINE
5
1599
100
AcDbEntity
8
0
100
AcDbLine
10
-63.734513576185812
20
-3.7240178203102747
30
0
11
-63.734513576185805
21
-4.5933220600601832
31
0
0
LINE
5
1600
100
AcDbEntity
8
0
100
AcDbLine
10
-63.73451357618579
20
-4.5933220600601832
30
0
11
-63.86630182996997
21
-4.5933220600601841
31
0
0
LINE
5
1601
100
AcDbEntity
8
0
100
AcDbLine
10
-63.86630182996997
20
-4.5933220600601841
30
0
11
-63.86630182996997
21
-4.4713575458046604
31
0
0
SPLINE
5
1602
100
AcDbEntity
8
0
100
AcDbSpline
70
0
71
2
72
6
73
3
74
0
42
0.000000001
43
0.0000000001
44
0.0000000001
40
0
40
0
40
0
40
1
40
1
40
1
10
-63.866301829969984
20
-4.4713575458046604
30
0
10
-63.907228763258544
20
-4.5352047001835514
30
0
10
-63.975168521559326
20
-4.5740860020634351
30
0
0
SPLINE
5
1603
100
AcDbEntity
8
0
100
AcDbSpline
70
0
71
2
72
6
73
3
74
0
42
0.000000001
43
0.0000000001
44
0.0000000001
40
0
40
0
40
0
40
1
40
1
40
1
10
-63.975168521559326
20
-4.5740860020634351
30
0
10
-64.043108279860107
20
-4.6129674529549298
30
0
10
-64.129875953352538
20
-4.6129674529549316
30
0
0
SPLINE
5
1604
100
AcDbEntity
8
0
100
AcDbSpline
70
0
71
2
72
6
73
3
74
0
42
0.000000001
43
0.0000000001
44
0.0000000001
40
0
40
0
40
0
40
1
40
1
40
1
10
-64.129875953352538
20
-4.6129674529549316
30
0
10
-64.226464088118163
20
-4.6129674529549325
30
0
10
-64.28826695219287
20
-4.5728582953926766
30
0
0
SPLINE
5
1605
100
AcDbEntity
8
0
100
AcDbSpline
70
0
71
2
72
6
73
3
74
0
42
0.000000001
43
0.0000000001
44
0.0000000001
40
0
40
0
40
0
40
1
40
1
40
1
10
-64.28826695219287
20
-4.5728582953926766
30
0
10
-64.350067432081786
20
-4.5327491378304217
30
0
10
-64.37544232145558
20
-4.4607163285729143
30
0
0
SPLINE
5
1606
100
AcDbEntity
8
0
100
AcDbSpline
70
0
71
2
72
6
73
3
74
0
42
0.000000001
43
0.0000000001
44
0.0000000001
40
0
40
0
40
0
40
1
40
1
40
1
10
-64.37544232145558
20
-4.4607163285729143
30
0
10
-64.478579814589111
20
-4.6129674529549352
30
0
10
-64.643927867567626
20
-4.612967452954936
30
0
0
SPLINE
5
1607
100
AcDbEntity
8
0
100
AcDbSpline
70
0
71
2
72
6
73
3
74
0
42
0.000000001
43
0.0000000001
44
0.0000000001
40
0
40
0
40
0
40
1
40
1
40
1
10
-64.643927867567626
20
-4.612967452954936
30
0
10
-64.773258025801269
20
-4.6129674529549369
30
0
10
-64.842835719740478
20
-4.5413438295838136
30
0
0
SPLINE
5
1608
100
AcDbEntity
8
0
100
AcDbSpline
70
0
71
2
72
6
73
3
74
0
42
0.000000001
43
0.0000000001
44
0.0000000001
40
0
40
0
40
0
40
1
40
1
40
1
10
-64.842835719740478
20
-4.5413438295838136
30
0
10
-64.912413413679701
20
-4.4697205042359132
30
0
10
-64.912413413679701
20
-4.3207436120030183
30
0
0
LINE
5
1609
100
AcDbEntity
8
0
100
AcDbLine
10
-64.912413413679701
20
-4.3207436120030183
30
0
11
-64.912413413679701
21
-3.7240178203102845
31
0
0
LINE
5
1610
100
AcDbEntity
8
0
100
AcDbLine
10
-64.912413413679701
20
-3.7240178203102845
30
0
11
-64.765890891707045
21
-3.7240178203102836
31
0
0
LINE
5
1611
100
AcDbEntity
8
0
100
AcDbLine
10
-64.765890891707045
20
-3.7240178203102836
30
0
11
-64.765890891707045
21
-4.2716304277893791
31
0
0
SPLINE
5
1612
100
AcDbEntity
8
0
100
AcDbSpline
70
0
71
2
72
6
73
3
74
0
42
0.000000001
43
0.0000000001
44
0.0000000001
40
0
40
0
40
0
40
1
40
1
40
1
10
-64.765890891707045
20
-4.2716304277893791
30
0
10
-64.765890891707045
20
-4.3600342487808952
30
0
10
-64.751566703474623
20
-4.398915550660778
30
0
0
SPLINE
5
1613
100
AcDbEntity
8
0
100
AcDbSpline
70
0
71
2
72
6
73
3
74
0
42
0.000000001
43
0.0000000001
44
0.0000000001
40
0
40
0
40
0
40
1
40
1
40
1
10
-64.751566703474623
20
-4.398915550660778
30
0
10
-64.737242515242201
20
-4.4377968525406608
30
0
10
-64.699589069044691
20
-4.4615348493572951
30
0
0
SPLINE
5
1614
100
AcDbEntity
8
0
100
AcDbSpline
70
0
71
2
72
6
73
3
74
0
42
0.000000001
43
0.0000000001
44
0.0000000001
40
0
40
0
40
0
40
1
40
1
40
1
10
-64.699589069044691
20
-4.4615348493572951
30
0
10
-64.661935622847182
20
-4.4852728461739302
30
0
10
-64.611185844099623
20
-4.4852728461739302
30
0
0
SPLINE
5
1615
100
AcDbEntity
8
0
100
AcDbSpline
70
0
71
2
72
6
73
3
74
0
42
0.000000001
43
0.0000000001
44
0.0000000001
40
0
40
0
40
0
40
1
40
1
40
1
10
-64.611185844099623
20
-4.4852728461739302
30
0
10
-64.519506747877699
20
-4.4852728461739293
30
0
10
-64.458934123671156
20
-4.4242907380577785
30
0
0
SPLINE
5
1616
100
AcDbEntity
8
0
100
AcDbSpline
70
0
71
2
72
6
73
3
74
0
42
0.000000001
43
0.0000000001
44
0.0000000001
40
0
40
0
40
0
40
1
40
1
40
1
10
-64.458934123671156
20
-4.4242907380577785
30
0
10
-64.398361499464613
20
-4.3633083319184038
30
0
10
-64.398361499464613
20
-4.2290655588623736
30
0
0
LINE
5
1617
100
AcDbEntity
8
0
100
AcDbLine
10
-64.398361499464613
20
-4.2290655588623736
30
0
11
-64.398361499464613
21
-3.7240178203102801
31
0
0
LINE
5
1618
100
AcDbEntity
8
0
100
AcDbLine
10
-64.398361499464613
20
-3.7240178203102801
30
0
11
-64.251021201765639
21
-3.7240178203102792
31
0
0
LINE
5
1619
100
AcDbEntity
8
0
100
AcDbLine
10
-64.251021201765639
20
-3.7240178203102792
30
0
11
-64.251021201765639
21
-4.2888199603077615
31
0
0
SPLINE
5
1620
100
AcDbEntity
8
0
100
AcDbSpline
70
0
71
2
72
6
73
3
74
0
42
0.000000001
43
0.0000000001
44
0.0000000001
40
0
40
0
40
0
40
1
40
1
40
1
10
-64.251021201765639
20
-4.2888199603077615
30
0
10
-64.251021201765639
20
-4.38704647774665
30
0
10
-64.215005691206557
20
-4.4361598109719003
30
0
0
SPLINE
5
1621
100
AcDbEntity
8
0
100
AcDbSpline
70
0
71
2
72
6
73
3
74
0
42
0.000000001
43
0.0000000001
44
0.0000000001
40
0
40
0
40
0
40
1
40
1
40
1
10
-64.215005691206557
20
-4.4361598109719003
30
0
10
-64.178987796461684
20
-4.4852728461739257
30
0
10
-64.097133929884535
20
-4.4852728461739257
30
0
0
SPLINE
5
1622
100
AcDbEntity
8
0
100
AcDbSpline
70
0
71
2
72
6
73
3
74
0
42
0.000000001
43
0.0000000001
44
0.0000000001
40
0
40
0
40
0
40
1
40
1
40
1
10
-64.097133929884535
20
-4.4852728461739257
30
0
10
-64.034923370039564
20
-4.485272846173924
30
0
10
-63.982125575697523
20
-4.4525308227059064
30
0
0
SPLINE
5
1623
100
AcDbEntity
8
0
100
AcDbSpline
70
0
71
2
72
6
73
3
74
0
42
0.000000001
43
0.0000000001
44
0.0000000001
40
0
40
0
40
0
40
1
40
1
40
1
10
-63.982125575697523
20
-4.4525308227059064
30
0
10
-63.929330165541273
20
-4.4197886502262769
30
0
10
-63.905590827620131
20
-4.3567598676201511
30
0
0
SPLINE
5
1624
100
AcDbEntity
8
0
100
AcDbSpline
70
0
71
2
72
6
73
3
74
0
42
0.000000001
43
0.0000000001
44
0.0000000001
40
0
40
0
40
0
40
1
40
1
40
1
10
-63.905590827620131
20
-4.3567598676201511
30
0
10
-63.881853873884779
20
-4.2937313830372501
30
0
10
-63.881853873884779
20
-4.1750411009308506
30
0
0
LINE
5
1625
100
AcDbEntity
8
0
100
AcDbLine
10
-63.881853873884779
20
-4.1750411009308506
30
0
11
-63.881853873884779
21
-3.7240178203102756
31
0
0
LINE
5
1626
100
AcDbEntity
8
0
100
AcDbLine
10
-63.881853873884786
20
-3.7240178203102756
30
0
11
-63.734513576185812
21
-3.7240178203102747
31
0
0
LINE
5
1627
100
AcDbEntity
8
0
100
AcDbLine
10
-65.615550334608656
20
-3.7240178203102907
30
0
11
-65.615550334608656
21
-4.9240178679940065
31
0
0
LINE
5
1628
100
AcDbEntity
8
0
100
AcDbLine
10
-65.615550334608642
20
-4.9240178679940065
30
0
11
-66.028920467054931
21
-4.9240178679940101
31
0
0
SPLINE
5
1629
100
AcDbEntity
8
0
100
AcDbSpline
70
0
71
2
72
6
73
3
74
0
42
0.000000001
43
0.0000000001
44
0.0000000001
40
0
40
0
40
0
40
1
40
1
40
1
10
-66.028920467054931
20
-4.9240178679940101
30
0
10
-66.168893630659667
20
-4.9240178679940119
30
0
10
-66.242562587416259
20
-4.9068281864640131
30
0
0
SPLINE
5
1630
100
AcDbEntity
8
0
100
AcDbSpline
70
0
71
2
72
6
73
3
74
0
42
0.000000001
43
0.0000000001
44
0.0000000001
40
0
40
0
40
0
40
1
40
1
40
1
10
-66.242562587416259
20
-4.9068281864640131
30
0
10
-66.345700080549804
20
-4.8830900406357669
30
0
10
-66.418551261580077
20
-4.8208800768372448
30
0
0
SPLINE
5
1631
100
AcDbEntity
8
0
100
AcDbSpline
70
0
71
2
72
6
73
3
74
0
42
0.000000001
43
0.0000000001
44
0.0000000001
40
0
40
0
40
0
40
1
40
1
40
1
10
-66.418551261580077
20
-4.8208800768372448
30
0
10
-66.513503844893066
20
-4.7406617617127331
30
0
10
-66.560572440779296
20
-4.6158323502060821
30
0
0
SPLINE
5
1632
100
AcDbEntity
8
0
100
AcDbSpline
70
0
71
2
72
6
73
3
74
0
42
0.000000001
43
0.0000000001
44
0.0000000001
40
0
40
0
40
0
40
1
40
1
40
1
10
-66.560572440779296
20
-4.6158323502060821
30
0
10
-66.60763865247975
20
-4.4910027896878173
30
0
10
-66.60763865247975
20
-4.3305663084504058
30
0
0
SPLINE
5
1633
100
AcDbEntity
8
0
100
AcDbSpline
70
0
71
2
72
6
73
3
74
0
42
0.000000001
43
0.0000000001
44
0.0000000001
40
0
40
0
40
0
40
1
40
1
40
1
10
-66.60763865247975
20
-4.3305663084504058
30
0
10
-66.60763865247975
20
-4.1938678240296294
30
0
10
-66.575714404738051
20
-4.0882743215081145
30
0
0
SPLINE
5
1634
100
AcDbEntity
8
0
100
AcDbSpline
70
0
71
2
72
6
73
3
74
0
42
0.000000001
43
0.0000000001
44
0.0000000001
40
0
40
0
40
0
40
1
40
1
40
1
10
-66.575714404738051
20
-4.0882743215081145
30
0
10
-66.543790156996351
20
-3.9826808189865988
30
0
10
-66.493858153975111
20
-3.9135130559918316
30
0
0
SPLINE
5
1635
100
AcDbEntity
8
0
100
AcDbSpline
70
0
71
2
72
6
73
3
74
0
42
0.000000001
43
0.0000000001
44
0.0000000001
40
0
40
0
40
0
40
1
40
1
40
1
10
-66.493858153975111
20
-3.9135130559918316
30
0
10
-66.443928535139662
20
-3.8443452929970654
30
0
10
-66.384581382429701
20
-3.8046453213211917
30
0
0
SPLINE
5
1636
100
AcDbEntity
8
0
100
AcDbSpline
70
0
71
2
72
6
73
3
74
0
42
0.000000001
43
0.0000000001
44
0.0000000001
40
0
40
0
40
0
40
1
40
1
40
1
10
-66.384581382429701
20
-3.8046453213211917
30
0
10
-66.325236613905531
20
-3.7649454986569308
30
0
10
-66.2413347317339
20
-3.744481733989419
30
0
0
SPLINE
5
1637
100
AcDbEntity
8
0
100
AcDbSpline
70
0
71
2
72
6
73
3
74
0
42
0.000000001
43
0.0000000001
44
0.0000000001
40
0
40
0
40
0
40
1
40
1
40
1
10
-66.2413347317339
20
-3.744481733989419
30
0
10
-66.157432849562269
20
-3.7240178203102952
30
0
10
-66.048566157972914
20
-3.7240178203102947
30
0
0
LINE
5
1638
100
AcDbEntity
8
0
100
AcDbLine
10
-66.048566157972914
20
-3.7240178203102947
30
0
11
-65.615550334608656
21
-3.7240178203102907
31
0
0
LINE
5
1639
100
AcDbEntity
8
0
100
AcDbLine
10
-65.774351413405043
20
-3.8656275784489491
30
0
11
-66.030558402693373
21
-3.8656275784489513
31
0
0
SPLINE
5
1640
100
AcDbEntity
8
0
100
AcDbSpline
70
0
71
2
72
6
73
3
74
0
42
0.000000001
43
0.0000000001
44
0.0000000001
40
0
40
0
40
0
40
1
40
1
40
1
10
-66.030558402693373
20
-3.8656275784489509
30
0
10
-66.149247939741713
20
-3.8656275784489518
30
0
10
-66.216777618086439
20
-3.8877285336968317
30
0
0
SPLINE
5
1641
100
AcDbEntity
8
0
100
AcDbSpline
70
0
71
2
72
6
73
3
74
0
42
0.000000001
43
0.0000000001
44
0.0000000001
40
0
40
0
40
0
40
1
40
1
40
1
10
-66.216777618086439
20
-3.8877285336968317
30
0
10
-66.284309680616957
20
-3.9098294889447112
30
0
10
-66.324418838179213
20
-3.9499386465069675
30
0
0
SPLINE
5
1642
100
AcDbEntity
8
0
100
AcDbSpline
70
0
71
2
72
6
73
3
74
0
42
0.000000001
43
0.0000000001
44
0.0000000001
40
0
40
0
40
0
40
1
40
1
40
1
10
-66.324418838179213
20
-3.9499386465069675
30
0
10
-66.380897815382582
20
-4.0064189648148441
30
0
10
-66.412411983168226
20
-4.1017804359909924
30
0
0
SPLINE
5
1643
100
AcDbEntity
8
0
100
AcDbSpline
70
0
71
2
72
6
73
3
74
0
42
0.000000001
43
0.0000000001
44
0.0000000001
40
0
40
0
40
0
40
1
40
1
40
1
10
-66.412411983168226
20
-4.1017804359909924
30
0
10
-66.443928535139662
20
-4.1971419071671399
30
0
10
-66.443928535139662
20
-4.3330218708035382
30
0
0
SPLINE
5
1644
100
AcDbEntity
8
0
100
AcDbSpline
70
0
71
2
72
6
73
3
74
0
42
0.000000001
43
0.0000000001
44
0.0000000001
40
0
40
0
40
0
40
1
40
1
40
1
10
-66.443928535139662
20
-4.3330218708035382
30
0
10
-66.443928535139648
20
-4.5212892508026989
30
0
10
-66.382125671064941
20
-4.6223808145043277
30
0
0
SPLINE
5
1645
100
AcDbEntity
8
0
100
AcDbSpline
70
0
71
2
72
6
73
3
74
0
42
0.000000001
43
0.0000000001
44
0.0000000001
40
0
40
0
40
0
40
1
40
1
40
1
10
-66.382125671064941
20
-4.6223808145043277
30
0
10
-66.320325191176025
20
-4.7234720801827335
30
0
10
-66.231921966230956
20
-4.7578514432427301
30
0
0
SPLINE
5
1646
100
AcDbEntity
8
0
100
AcDbSpline
70
0
71
2
72
6
73
3
74
0
42
0.000000001
43
0.0000000001
44
0.0000000001
40
0
40
0
40
0
40
1
40
1
40
1
10
-66.231921966230956
20
-4.7578514432427301
30
0
10
-66.168075854933349
20
-4.7824079608437433
30
0
10
-66.026464755690185
20
-4.7824079608437415
30
0
0
LINE
5
1647
100
AcDbEntity
8
0
100
AcDbLine
10
-66.026464755690185
20
-4.7824079608437415
30
0
11
-65.774351413405029
21
-4.7824079608437389
31
0
0
LINE
5
1648
100
AcDbEntity
8
0
100
AcDbLine
10
-65.774351413405029
20
-4.7824079608437398
30
0
11
-65.774351413405043
21
-3.8656275784489491
31
0
0
LINE
5
1649
100
AcDbEntity
8
0
100
AcDbLine
10
-67.682400996840101
20
-4.1447544908043881
30
0
11
-67.841199691450697
21
-4.1046453332421331
31
0
0
SPLINE
5
1650
100
AcDbEntity
8
0
100
AcDbSpline
70
0
71
2
72
6
73
3
74
0
42
0.000000001
43
0.0000000001
44
0.0000000001
40
0
40
0
40
0
40
1
40
1
40
1
10
-67.841199691450697
20
-4.1046453332421331
30
0
10
-67.791267688429457
20
-3.909010968160346
30
0
10
-67.66152745023976
20
-3.8062825119015709
30
0
0
SPLINE
5
1651
100
AcDbEntity
8
0
100
AcDbSpline
70
0
71
2
72
6
73
3
74
0
42
0.000000001
43
0.0000000001
44
0.0000000001
40
0
40
0
40
0
40
1
40
1
40
1
10
-67.66152745023976
20
-3.8062825119015709
30
0
10
-67.531787212050062
20
-3.7035540556427957
30
0
10
-67.344337756788832
20
-3.7035540556427944
30
0
0
SPLINE
5
1652
100
AcDbEntity
8
0
100
AcDbSpline
70
0
71
2
72
6
73
3
74
0
42
0.000000001
43
0.0000000001
44
0.0000000001
40
0
40
0
40
0
40
1
40
1
40
1
10
-67.344337756788832
20
-3.7035540556427944
30
0
10
-67.150341327345473
20
-3.7035540556427926
30
0
10
-67.028785998976332
20
-3.782544366073318
30
0
0
SPLINE
5
1653
100
AcDbEntity
8
0
100
AcDbSpline
70
0
71
2
72
6
73
3
74
0
42
0.000000001
43
0.0000000001
44
0.0000000001
40
0
40
0
40
0
40
1
40
1
40
1
10
-67.028785998976332
20
-3.782544366073318
30
0
10
-66.907230670607191
20
-3.8615348255154558
30
0
10
-66.843792255079848
20
-4.0113302385327287
30
0
0
SPLINE
5
1654
100
AcDbEntity
8
0
100
AcDbSpline
70
0
71
2
72
6
73
3
74
0
42
0.000000001
43
0.0000000001
44
0.0000000001
40
0
40
0
40
0
40
1
40
1
40
1
10
-66.843792255079848
20
-4.0113302385327287
30
0
10
-66.780353839552504
20
-4.1611256515500008
30
0
10
-66.780353839552504
20
-4.3330220198151528
30
0
0
SPLINE
5
1655
100
AcDbEntity
8
0
100
AcDbSpline
70
0
71
2
72
6
73
3
74
0
42
0.000000001
43
0.0000000001
44
0.0000000001
40
0
40
0
40
0
40
1
40
1
40
1
10
-66.780353839552504
20
-4.3330220198151528
30
0
10
-66.78035383955249
20
-4.5204707300183236
30
0
10
-66.85197716490039
20
-4.6600342607018419
30
0
0
SPLINE
5
1656
100
AcDbEntity
8
0
100
AcDbSpline
70
0
71
2
72
6
73
3
74
0
42
0.000000001
43
0.0000000001
44
0.0000000001
40
0
40
0
40
0
40
1
40
1
40
1
10
-66.85197716490039
20
-4.6600342607018419
30
0
10
-66.92360049024829
20
-4.7995976423737483
30
0
10
-67.055798823988525
20
-4.8720396375176396
30
0
0
SPLINE
5
1657
100
AcDbEntity
8
0
100
AcDbSpline
70
0
71
2
72
6
73
3
74
0
42
0.000000001
43
0.0000000001
44
0.0000000001
40
0
40
0
40
0
40
1
40
1
40
1
10
-67.055798823988525
20
-4.8720396375176396
30
0
10
-67.187994773542968
20
-4.9444816326615308
30
0
10
-67.346793468153564
20
-4.9444816326615326
30
0
0
SPLINE
5
1658
100
AcDbEntity
8
0
100
AcDbSpline
70
0
71
2
72
6
73
3
74
0
42
0.000000001
43
0.0000000001
44
0.0000000001
40
0
40
0
40
0
40
1
40
1
40
1
10
-67.346793468153564
20
-4.9444816326615326
30
0
10
-67.526875789320556
20
-4.9444816326615335
30
0
10
-67.64965897337207
20
-4.852803728532507
30
0
0
SPLINE
5
1659
100
AcDbEntity
8
0
100
AcDbSpline
70
0
71
2
72
6
73
3
74
0
42
0.000000001
43
0.0000000001
44
0.0000000001
40
0
40
0
40
0
40
1
40
1
40
1
10
-67.64965897337207
20
-4.852803728532507
30
0
10
-67.772442157423583
20
-4.7611255263802557
30
0
10
-67.820736224806396
20
-4.5949591016289739
30
0
0
LINE
5
1660
100
AcDbEntity
8
0
100
AcDbLine
10
-67.820736224806396
20
-4.5949591016289739
30
0
11
-67.664393241560546
21
-4.5581243252274533
31
0
0
SPLINE
5
1661
100
AcDbEntity
8
0
100
AcDbSpline
70
0
71
2
72
6
73
3
74
0
42
0.000000001
43
0.0000000001
44
0.0000000001
40
0
40
0
40
0
40
1
40
1
40
1
10
-67.664393241560546
20
-4.5581243252274533
30
0
10
-67.622646148359863
20
-4.6890928661343594
30
0
10
-67.543245608961669
20
-4.7488472675797464
30
0
0
SPLINE
5
1662
100
AcDbEntity
8
0
100
AcDbSpline
70
0
71
2
72
6
73
3
74
0
42
0.000000001
43
0.0000000001
44
0.0000000001
40
0
40
0
40
0
40
1
40
1
40
1
10
-67.543245608961669
20
-4.7488472675797464
30
0
10
-67.463847453749267
20
-4.8086018180367471
30
0
10
-67.343519981062499
20
-4.8086018180367462
30
0
0
SPLINE
5
1663
100
AcDbEntity
8
0
100
AcDbSpline
70
0
71
2
72
6
73
3
74
0
42
0.000000001
43
0.0000000001
44
0.0000000001
40
0
40
0
40
0
40
1
40
1
40
1
10
-67.343519981062499
20
-4.8086018180367462
30
0
10
-67.205184753096191
20
-4.8086018180367445
30
0
10
-67.112277801191894
20
-4.7422988032814946
30
0
0
SPLINE
5
1664
100
AcDbEntity
8
0
100
AcDbSpline
70
0
71
2
72
6
73
3
74
0
42
0.000000001
43
0.0000000001
44
0.0000000001
40
0
40
0
40
0
40
1
40
1
40
1
10
-67.112277801191894
20
-4.7422988032814946
30
0
10
-67.019373233473388
20
-4.6759960865494685
30
0
10
-66.981719787275878
20
-4.5642633056160884
30
0
0
SPLINE
5
1665
100
AcDbEntity
8
0
100
AcDbSpline
70
0
71
2
72
6
73
3
74
0
42
0.000000001
43
0.0000000001
44
0.0000000001
40
0
40
0
40
0
40
1
40
1
40
1
10
-66.981719787275878
20
-4.5642633056160884
30
0
10
-66.944066341078383
20
-4.4525308227059321
30
0
10
-66.944066341078383
20
-4.3338403915879207
30
0
0
SPLINE
5
1666
100
AcDbEntity
8
0
100
AcDbSpline
70
0
71
2
72
6
73
3
74
0
42
0.000000001
43
0.0000000001
44
0.0000000001
40
0
40
0
40
0
40
1
40
1
40
1
10
-66.944066341078383
20
-4.3338403915879207
30
0
10
-66.944066341078383
20
-4.1807708954331355
30
0
10
-66.988676841414076
20
-4.0665827011582332
30
0
0
SPLINE
5
1667
100
AcDbEntity
8
0
100
AcDbSpline
70
0
71
2
72
6
73
3
74
0
42
0.000000001
43
0.0000000001
44
0.0000000001
40
0
40
0
40
0
40
1
40
1
40
1
10
-66.988676841414076
20
-4.0665827011582332
30
0
10
-67.033287341749769
20
-3.9523943578717189
30
0
10
-67.127422149336439
20
-3.8959141885754556
30
0
0
SPLINE
5
1668
100
AcDbEntity
8
0
100
AcDbSpline
70
0
71
2
72
6
73
3
74
0
42
0.000000001
43
0.0000000001
44
0.0000000001
40
0
40
0
40
0
40
1
40
1
40
1
10
-67.127422149336439
20
-3.8959141885754556
30
0
10
-67.221554572737318
20
-3.8394338702675803
30
0
10
-67.331241424238783
20
-3.8394338702675808
30
0
0
SPLINE
5
1669
100
AcDbEntity
8
0
100
AcDbSpline
70
0
71
2
72
6
73
3
74
0
42
0.000000001
43
0.0000000001
44
0.0000000001
40
0
40
0
40
0
40
1
40
1
40
1
10
-67.331241424238783
20
-3.8394338702675808
30
0
10
-67.4646652294756
20
-3.8394338702675816
30
0
10
-67.557162101423842
20
-3.9163779532429697
30
0
0
SPLINE
5
1670
100
AcDbEntity
8
0
100
AcDbSpline
70
0
71
2
72
6
73
3
74
0
42
0.000000001
43
0.0000000001
44
0.0000000001
40
0
40
0
40
0
40
1
40
1
40
1
10
-67.557162101423842
20
-3.9163779532429697
30
0
10
-67.649658973372084
20
-3.9933220362183586
30
0
10
-67.682400996840101
20
-4.1447544908043881
30
0
0
LINE
5
1671
100
AcDbEntity
8
0
100
AcDbLine
10
-68.442837054884535
20
-4.0383424674985013
30
0
11
-68.597542102491957
21
-4.0514393960949988
31
0
0
SPLINE
5
1672
100
AcDbEntity
8
0
100
AcDbSpline
70
0
71
2
72
6
73
3
74
0
42
0.000000001
43
0.0000000001
44
0.0000000001
40
0
40
0
40
0
40
1
40
1
40
1
10
-68.597542102491957
20
-4.0514393960949988
30
0
10
-68.61473208204518
20
-3.9384789084908585
30
0
10
-68.677352721846205
20
-3.8815894042965993
30
0
0
SPLINE
5
1673
100
AcDbEntity
8
0
100
AcDbSpline
70
0
71
2
72
6
73
3
74
0
42
0.000000001
43
0.0000000001
44
0.0000000001
40
0
40
0
40
0
40
1
40
1
40
1
10
-68.677352721846205
20
-3.8815894042965993
30
0
10
-68.739970977461439
20
-3.8246999001023401
30
0
10
-68.828374202406508
20
-3.824699900102341
30
0
0
SPLINE
5
1674
100
AcDbEntity
8
0
100
AcDbSpline
70
0
71
2
72
6
73
3
74
0
42
0.000000001
43
0.0000000001
44
0.0000000001
40
0
40
0
40
0
40
1
40
1
40
1
10
-68.828374202406508
20
-3.824699900102341
30
0
10
-68.934787566816908
20
-3.8246999001023418
30
0
10
-69.0084565235735
20
-3.904918215226854
30
0
0
SPLINE
5
1675
100
AcDbEntity
8
0
100
AcDbSpline
70
0
71
2
72
6
73
3
74
0
42
0.000000001
43
0.0000000001
44
0.0000000001
40
0
40
0
40
0
40
1
40
1
40
1
10
-69.0084565235735
20
-3.904918215226854
30
0
10
-69.082127864515883
20
-3.9851365303513662
30
0
10
-69.082127864515883
20
-4.1177422618386403
30
0
0
SPLINE
5
1676
100
AcDbEntity
8
0
100
AcDbSpline
70
0
71
2
72
6
73
3
74
0
42
0.000000001
43
0.0000000001
44
0.0000000001
40
0
40
0
40
0
40
1
40
1
40
1
10
-69.082127864515883
20
-4.1177422618386403
30
0
10
-69.082127864515883
20
-4.2437995290276662
30
0
10
-69.011322314894301
20
-4.3166508590695516
30
0
0
SPLINE
5
1677
100
AcDbEntity
8
0
100
AcDbSpline
70
0
71
2
72
6
73
3
74
0
42
0.000000001
43
0.0000000001
44
0.0000000001
40
0
40
0
40
0
40
1
40
1
40
1
10
-69.011322314894301
20
-4.3166508590695516
30
0
10
-68.940516765272719
20
-4.3895021891114361
30
0
10
-68.825918491041762
20
-4.3895021891114352
30
0
0
SPLINE
5
1678
100
AcDbEntity
8
0
100
AcDbSpline
70
0
71
2
72
6
73
3
74
0
42
0.000000001
43
0.0000000001
44
0.0000000001
40
0
40
0
40
0
40
1
40
1
40
1
10
-68.825918491041762
20
-4.3895021891114352
30
0
10
-68.754705245649916
20
-4.3895021891114343
30
0
10
-68.697406108534437
20
-4.3571693515297998
30
0
0
SPLINE
5
1679
100
AcDbEntity
8
0
100
AcDbSpline
70
0
71
2
72
6
73
3
74
0
42
0.000000001
43
0.0000000001
44
0.0000000001
40
0
40
0
40
0
40
1
40
1
40
1
10
-68.697406108534437
20
-4.3571693515297998
30
0
10
-68.640106971418959
20
-4.3248363649365533
30
0
10
-68.607364947950941
20
-4.273267469358168
30
0
0
LINE
5
1680
100
AcDbEntity
8
0
100
AcDbLine
10
-68.607364947950941
20
-4.273267469358168
30
0
11
-68.469029719984633
21
-4.291275671672544
31
0
0
LINE
5
1681
100
AcDbEntity
8
0
100
AcDbLine
10
-68.469029719984633
20
-4.2912756716725431
30
0
11
-68.585265929854003
21
-4.9076468562600226
31
0
0
LINE
5
1682
100
AcDbEntity
8
0
100
AcDbLine
10
-68.585265929854003
20
-4.9076468562600226
30
0
11
-69.181989486372558
21
-4.9076468562600279
31
0
0
LINE
5
1683
100
AcDbEntity
8
0
100
AcDbLine
10
-69.181989486372558
20
-4.9076468562600279
30
0
11
-69.181989486372558
21
-4.7668554698941374
31
0
0
LINE
5
1684
100
AcDbEntity
8
0
100
AcDbLine
10
-69.181989486372558
20
-4.7668554698941374
30
0
11
-68.703137691176025
21
-4.7668554698941339
31
0
0
LINE
5
1685
100
AcDbEntity
8
0
100
AcDbLine
10
-68.703137691176025
20
-4.7668554698941339
30
0
11
-68.638471419966308
21
-4.444345316838942
31
0
0
SPLINE
5
1686
100
AcDbEntity
8
0
100
AcDbSpline
70
0
71
2
72
6
73
3
74
0
42
0.000000001
43
0.0000000001
44
0.0000000001
40
0
40
0
40
0
40
1
40
1
40
1
10
-68.638471419966322
20
-4.4443453168389428
30
0
10
-68.746520335829345
20
-4.5196522092339624
30
0
10
-68.865209872877685
20
-4.5196522092339633
30
0
0
SPLINE
5
1687
100
AcDbEntity
8
0
100
AcDbSpline
70
0
71
2
72
6
73
3
74
0
42
0.000000001
43
0.0000000001
44
0.0000000001
40
0
40
0
40
0
40
1
40
1
40
1
10
-68.865209872877685
20
-4.5196522092339633
30
0
10
-69.022373016035644
20
-4.519652209233965
30
0
10
-69.130421931898695
20
-4.4107846235749388
30
0
0
SPLINE
5
1688
100
AcDbEntity
8
0
100
AcDbSpline
70
0
71
2
72
6
73
3
74
0
42
0.000000001
43
0.0000000001
44
0.0000000001
40
0
40
0
40
0
40
1
40
1
40
1
10
-69.130421931898695
20
-4.4107846235749388
30
0
10
-69.238470847761732
20
-4.3019168889042998
30
0
10
-69.238470847761732
20
-4.1308391904351378
30
0
0
SPLINE
5
1689
100
AcDbEntity
8
0
100
AcDbSpline
70
0
71
2
72
6
73
3
74
0
42
0.000000001
43
0.0000000001
44
0.0000000001
40
0
40
0
40
0
40
1
40
1
40
1
10
-69.238470847761732
20
-4.1308391904351378
30
0
10
-69.238470847761732
20
-3.9679468488213687
30
0
10
-69.143518264448744
20
-3.8492565667149687
30
0
0
SPLINE
5
1690
100
AcDbEntity
8
0
100
AcDbSpline
70
0
71
2
72
6
73
3
74
0
42
0.000000001
43
0.0000000001
44
0.0000000001
40
0
40
0
40
0
40
1
40
1
40
1
10
-69.143518264448744
20
-3.8492565667149687
30
0
10
-69.028102214491469
20
-3.7035540556428086
30
0
10
-68.828374202406508
20
-3.7035540556428073
30
0
0
SPLINE
5
1691
100
AcDbEntity
8
0
100
AcDbSpline
70
0
71
2
72
6
73
3
74
0
42
0.000000001
43
0.0000000001
44
0.0000000001
40
0
40
0
40
0
40
1
40
1
40
1
10
-68.828374202406508
20
-3.7035540556428073
30
0
10
-68.66466408506642
20
-3.7035540556428059
30
0
10
-68.56111651197682
20
-3.7952319597718329
30
0
0
SPLINE
5
1692
100
AcDbEntity
8
0
100
AcDbSpline
70
0
71
2
72
6
73
3
74
0
42
0.000000001
43
0.0000000001
44
0.0000000001
40
0
40
0
40
0
40
1
40
1
40
1
10
-68.56111651197682
20
-3.7952319597718329
30
0
10
-68.457571323073012
20
-3.8869100129124723
30
0
10
-68.442837054884535
20
-4.0383424674985013
30
0
0
LINE
5
1693
100
AcDbEntity
8
0
100
AcDbLine
10
-69.7778976513506
20
-3.7240178203103262
30
0
11
-69.312959964430434
21
-4.9240178679940385
31
0
0
LINE
5
1694
100
AcDbEntity
8
0
100
AcDbLine
10
-69.312959964430419
20
-4.9240178679940385
30
0
11
-69.484854991591064
21
-4.9240178679940403
31
0
0
LINE
5
1695
100
AcDbEntity
8
0
100
AcDbLine
10
-69.484854991591064
20
-4.9240178679940394
30
0
11
-69.79672556654225
21
-4.0522579168793875
31
0
0
SPLINE
5
1696
100
AcDbEntity
8
0
100
AcDbSpline
70
0
71
2
72
6
73
3
74
0
42
0.000000001
43
0.0000000001
44
0.0000000001
40
0
40
0
40
0
40
1
40
1
40
1
10
-69.79672556654225
20
-4.0522579168793875
30
0
10
-69.83437901273976
20
-3.9474830841538635
30
0
10
-69.859753902113539
20
-3.8558050310132232
30
0
0
SPLINE
5
1697
100
AcDbEntity
8
0
100
AcDbSpline
70
0
71
2
72
6
73
3
74
0
42
0.000000001
43
0.0000000001
44
0.0000000001
40
0
40
0
40
0
40
1
40
1
40
1
10
-69.859753902113539
20
-3.8558050310132232
30
0
10
-69.887584502852064
20
-3.9540313994404999
30
0
10
-69.924420173323256
20
-4.0522579168793884
30
0
0
LINE
5
1698
100
AcDbEntity
8
0
100
AcDbLine
10
-69.924420173323256
20
-4.0522579168793884
30
0
11
-70.248566920912353
21
-4.9240178679940456
31
0
0
LINE
5
1699
100
AcDbEntity
8
0
100
AcDbLine
10
-70.248566920912353
20
-4.9240178679940456
30
0
11
-70.410639102614013
21
-4.9240178679940474
31
0
0
LINE
5
1700
100
AcDbEntity
8
0
100
AcDbLine
10
-70.410639102614013
20
-4.9240178679940474
30
0
11
-69.940789992964369
21
-3.7240178203103276
31
0
0
LINE
5
1701
100
AcDbEntity
8
0
100
AcDbLine
10
-69.940789992964369
20
-3.724017820310328
30
0
11
-69.7778976513506
21
-3.7240178203103262
31
0
0
LINE
5
1702
100
AcDbEntity
8
0
100
AcDbLine
10
-17.099999725243347
20
-93.372439923696206
30
0
11
-16.041609510204093
21
-93.372439923696191
31
0
0
LINE
5
1703
100
AcDbEntity
8
0
100
AcDbLine
10
-16.041609510204093
20
-93.372439923696191
30
0
11
-16.04160951020409
21
-92.977078738622339
31
0
0
LINE
5
1704
100
AcDbEntity
8
0
100
AcDbLine
10
-16.04160951020409
20
-92.977078738622339
30
0
11
-15.899999752065435
21
-92.977078738622339
31
0
0
LINE
5
1705
100
AcDbEntity
8
0
100
AcDbLine
10
-15.899999752065435
20
-92.977078738622339
30
0
11
-15.89999975206544
21
-93.928238335065515
31
0
0
LINE
5
1706
100
AcDbEntity
8
0
100
AcDbLine
10
-15.89999975206544
20
-93.928238335065515
30
0
11
-16.041609510204097
21
-93.928238335065515
31
0
0
LINE
5
1707
100
AcDbEntity
8
0
100
AcDbLine
10
-16.041609510204097
20
-93.928238335065515
30
0
11
-16.041609510204097
21
-93.531239810399683
31
0
0
LINE
5
1708
100
AcDbEntity
8
0
100
AcDbLine
10
-16.041609510204097
20
-93.531239810399683
30
0
11
-17.09999972524335
21
-93.531239810399697
31
0
0
LINE
5
1709
100
AcDbEntity
8
0
100
AcDbLine
10
-17.09999972524335
20
-93.531239810399697
30
0
11
-17.099999725243347
21
-93.372439923696206
31
0
0
LINE
5
1710
100
AcDbEntity
8
0
100
AcDbLine
10
-16.820054292103556
20
-94.481580439023659
30
0
11
-16.838881015202311
21
-94.633831563405678
31
0
0
SPLINE
5
1711
100
AcDbEntity
8
0
100
AcDbSpline
70
0
71
2
72
6
73
3
74
0
42
0.000000001
43
0.0000000001
44
0.0000000001
40
0
40
0
40
0
40
1
40
1
40
1
10
-16.838881015202311
20
-94.633831563405678
30
0
10
-16.972305267473963
20
-94.597815456800149
30
0
10
-17.045975118300227
20
-94.500407162122414
30
0
0
SPLINE
5
1712
100
AcDbEntity
8
0
100
AcDbSpline
70
0
71
2
72
6
73
3
74
0
42
0.000000001
43
0.0000000001
44
0.0000000001
40
0
40
0
40
0
40
1
40
1
40
1
10
-17.045975118300227
20
-94.500407162122414
30
0
10
-17.11964496912649
20
-94.402999463491128
30
0
10
-17.119644969126487
20
-94.251567306928322
30
0
0
SPLINE
5
1713
100
AcDbEntity
8
0
100
AcDbSpline
70
0
71
2
72
6
73
3
74
0
42
0.000000001
43
0.0000000001
44
0.0000000001
40
0
40
0
40
0
40
1
40
1
40
1
10
-17.119644969126487
20
-94.251567306928322
30
0
10
-17.119644969126483
20
-94.06084376852958
30
0
10
-17.002182542702457
20
-93.949111285619423
30
0
0
SPLINE
5
1714
100
AcDbEntity
8
0
100
AcDbSpline
70
0
71
2
72
6
73
3
74
0
42
0.000000001
43
0.0000000001
44
0.0000000001
40
0
40
0
40
0
40
1
40
1
40
1
10
-17.002182542702457
20
-93.949111285619423
30
0
10
-16.88472011627843
20
-93.837378802709267
30
0
10
-16.672714590451022
20
-93.837378802709267
30
0
0
SPLINE
5
1715
100
AcDbEntity
8
0
100
AcDbSpline
70
0
71
2
72
6
73
3
74
0
42
0.000000001
43
0.0000000001
44
0.0000000001
40
0
40
0
40
0
40
1
40
1
40
1
10
-16.672714590451022
20
-93.837378802709267
30
0
10
-16.453342154046794
20
-93.837378802709267
30
0
10
-16.332196235081454
20
-93.950339141301797
30
0
0
SPLINE
5
1716
100
AcDbEntity
8
0
100
AcDbSpline
70
0
71
2
72
6
73
3
74
0
42
0.000000001
43
0.0000000001
44
0.0000000001
40
0
40
0
40
0
40
1
40
1
40
1
10
-16.332196235081454
20
-93.950339141301797
30
0
10
-16.211050241610312
20
-94.063299479894312
30
0
10
-16.211050241610312
20
-94.243381205014856
30
0
0
SPLINE
5
1717
100
AcDbEntity
8
0
100
AcDbSpline
70
0
71
2
72
6
73
3
74
0
42
0.000000001
43
0.0000000001
44
0.0000000001
40
0
40
0
40
0
40
1
40
1
40
1
10
-16.211050241610312
20
-94.243381205014856
30
0
10
-16.211050241610316
20
-94.417733135633142
30
0
10
-16.329740523716715
20
-94.52823776286094
30
0
0
SPLINE
5
1718
100
AcDbEntity
8
0
100
AcDbSpline
70
0
71
2
72
6
73
3
74
0
42
0.000000001
43
0.0000000001
44
0.0000000001
40
0
40
0
40
0
40
1
40
1
40
1
10
-16.329740523716715
20
-94.52823776286094
30
0
10
-16.448430880328921
20
-94.638742986135171
30
0
10
-16.663710414788035
20
-94.638742986135171
30
0
0
SPLINE
5
1719
100
AcDbEntity
8
0
100
AcDbSpline
70
0
71
2
72
6
73
3
74
0
42
0.000000001
43
0.0000000001
44
0.0000000001
40
0
40
0
40
0
40
1
40
1
40
1
10
-16.663710414788035
20
-94.638742986135171
30
0
10
-16.676807343384532
20
-94.638742986135171
30
0
10
-16.703001051565913
20
-94.637924614362404
30
0
0
LINE
5
1720
100
AcDbEntity
8
0
100
AcDbLine
10
-16.703001051565913
20
-94.637924614362404
30
0
11
-16.703001051565906
21
-93.989629927091286
31
0
0
SPLINE
5
1721
100
AcDbEntity
8
0
100
AcDbSpline
70
0
71
2
72
6
73
3
74
0
42
0.000000001
43
0.0000000001
44
0.0000000001
40
0
40
0
40
0
40
1
40
1
40
1
10
-16.703001051565906
20
-93.989629927091286
30
0
10
-16.84624800028493
20
-93.997815432958291
30
0
10
-16.922373562475943
20
-94.070666613988564
30
0
0
SPLINE
5
1722
100
AcDbEntity
8
0
100
AcDbSpline
70
0
71
2
72
6
73
3
74
0
42
0.000000001
43
0.0000000001
44
0.0000000001
40
0
40
0
40
0
40
1
40
1
40
1
10
-16.922373562475943
20
-94.070666613988564
30
0
10
-16.998498975655341
20
-94.143517795018838
30
0
10
-16.998498975655341
20
-94.252385678701089
30
0
0
SPLINE
5
1723
100
AcDbEntity
8
0
100
AcDbSpline
70
0
71
2
72
6
73
3
74
0
42
0.000000001
43
0.0000000001
44
0.0000000001
40
0
40
0
40
0
40
1
40
1
40
1
10
-16.998498975655341
20
-94.252385678701089
30
0
10
-16.998498975655345
20
-94.333422365598366
30
0
10
-16.955934255739955
20
-94.390720906667397
30
0
0
SPLINE
5
1724
100
AcDbEntity
8
0
100
AcDbSpline
70
0
71
2
72
6
73
3
74
0
42
0.000000001
43
0.0000000001
44
0.0000000001
40
0
40
0
40
0
40
1
40
1
40
1
10
-16.955934255739955
20
-94.390720906667397
30
0
10
-16.913369386812953
20
-94.448020043782876
30
0
10
-16.820054292103556
20
-94.481580439023659
30
0
0
LINE
5
1725
100
AcDbEntity
8
0
100
AcDbLine
10
-16.58185505809476
20
-93.997815432958291
30
0
11
-16.581855058094767
21
-94.483217778615639
31
0
0
SPLINE
5
1726
100
AcDbEntity
8
0
100
AcDbSpline
70
0
71
2
72
6
73
3
74
0
42
0.000000001
43
0.0000000001
44
0.0000000001
40
0
40
0
40
0
40
1
40
1
40
1
10
-16.581855058094767
20
-94.483217778615639
30
0
10
-16.472168951651362
20
-94.473394933156655
30
0
10
-16.417325823923854
20
-94.427555981092141
30
0
0
SPLINE
5
1727
100
AcDbEntity
8
0
100
AcDbSpline
70
0
71
2
72
6
73
3
74
0
42
0.000000001
43
0.0000000001
44
0.0000000001
40
0
40
0
40
0
40
1
40
1
40
1
10
-16.417325823923854
20
-94.427555981092141
30
0
10
-16.332196235081462
20
-94.357160511426613
30
0
10
-16.332196235081458
20
-94.24501854460685
30
0
0
SPLINE
5
1728
100
AcDbEntity
8
0
100
AcDbSpline
70
0
71
2
72
6
73
3
74
0
42
0.000000001
43
0.0000000001
44
0.0000000001
40
0
40
0
40
0
40
1
40
1
40
1
10
-16.332196235081458
20
-94.24501854460685
30
0
10
-16.332196235081458
20
-94.143517795018838
30
0
10
-16.400136142393851
20
-94.074350181035683
30
0
0
SPLINE
5
1729
100
AcDbEntity
8
0
100
AcDbSpline
70
0
71
2
72
6
73
3
74
0
42
0.000000001
43
0.0000000001
44
0.0000000001
40
0
40
0
40
0
40
1
40
1
40
1
10
-16.400136142393851
20
-94.074350181035683
30
0
10
-16.468076124212047
20
-94.005181971006081
30
0
10
-16.58185505809476
20
-93.997815432958291
30
0
0
LINE
5
1730
100
AcDbEntity
8
0
100
AcDbLine
10
-16.840518205782679
20
-94.759888830594704
30
0
11
-16.81759858073881
21
-94.905591788701699
31
0
0
SPLINE
5
1731
100
AcDbEntity
8
0
100
AcDbSpline
70
0
71
2
72
6
73
3
74
0
42
0.000000001
43
0.0000000001
44
0.0000000001
40
0
40
0
40
0
40
1
40
1
40
1
10
-16.81759858073881
20
-94.905591788701699
30
0
10
-16.905183880945952
20
-94.917869749478982
30
0
10
-16.951841502806456
20
-94.973941030912087
30
0
0
SPLINE
5
1732
100
AcDbEntity
8
0
100
AcDbSpline
70
0
71
2
72
6
73
3
74
0
42
0.000000001
43
0.0000000001
44
0.0000000001
40
0
40
0
40
0
40
1
40
1
40
1
10
-16.951841502806456
20
-94.973941030912087
30
0
10
-16.998498975655348
20
-95.030011716298745
30
0
10
-16.998498975655348
20
-95.130694094113991
30
0
0
SPLINE
5
1733
100
AcDbEntity
8
0
100
AcDbSpline
70
0
71
2
72
6
73
3
74
0
42
0.000000001
43
0.0000000001
44
0.0000000001
40
0
40
0
40
0
40
1
40
1
40
1
10
-16.998498975655348
20
-95.130694094113991
30
0
10
-16.998498975655348
20
-95.232194843702004
30
0
10
-16.957162111422331
20
-95.28130787890403
30
0
0
SPLINE
5
1734
100
AcDbEntity
8
0
100
AcDbSpline
70
0
71
2
72
6
73
3
74
0
42
0.000000001
43
0.0000000001
44
0.0000000001
40
0
40
0
40
0
40
1
40
1
40
1
10
-16.957162111422331
20
-95.28130787890403
30
0
10
-16.915825098177702
20
-95.330420914106057
30
0
10
-16.860163449665816
20
-95.330420914106057
30
0
0
SPLINE
5
1735
100
AcDbEntity
8
0
100
AcDbSpline
70
0
71
2
72
6
73
3
74
0
42
0.000000001
43
0.0000000001
44
0.0000000001
40
0
40
0
40
0
40
1
40
1
40
1
10
-16.860163449665816
20
-95.330420914106057
30
0
10
-16.810231595656187
20
-95.330420914106057
30
0
10
-16.78158217611006
20
-95.287038269452736
30
0
0
SPLINE
5
1736
100
AcDbEntity
8
0
100
AcDbSpline
70
0
71
2
72
6
73
3
74
0
42
0.000000001
43
0.0000000001
44
0.0000000001
40
0
40
0
40
0
40
1
40
1
40
1
10
-16.78158217611006
20
-95.287038269452736
30
0
10
-16.761936932226927
20
-95.256750765256569
30
0
10
-16.731650471112044
20
-95.136423292569802
30
0
0
SPLINE
5
1737
100
AcDbEntity
8
0
100
AcDbSpline
70
0
71
2
72
6
73
3
74
0
42
0.000000001
43
0.0000000001
44
0.0000000001
40
0
40
0
40
0
40
1
40
1
40
1
10
-16.731650471112044
20
-95.136423292569802
30
0
10
-16.69072279276541
20
-94.974349918775246
30
0
10
-16.660845517536909
20
-94.911730471067116
30
0
0
SPLINE
5
1738
100
AcDbEntity
8
0
100
AcDbSpline
70
0
71
2
72
6
73
3
74
0
42
0.000000001
43
0.0000000001
44
0.0000000001
40
0
40
0
40
0
40
1
40
1
40
1
10
-16.660845517536909
20
-94.911730471067116
30
0
10
-16.630968391320017
20
-94.849111023358986
30
0
10
-16.57817164005926
20
-94.816778483800576
30
0
0
SPLINE
5
1739
100
AcDbEntity
8
0
100
AcDbSpline
70
0
71
2
72
6
73
3
74
0
42
0.000000001
43
0.0000000001
44
0.0000000001
40
0
40
0
40
0
40
1
40
1
40
1
10
-16.57817164005926
20
-94.816778483800576
30
0
10
-16.525374888798503
20
-94.784445944242165
30
0
10
-16.461527734419612
20
-94.784445944242165
30
0
0
SPLINE
5
1740
100
AcDbEntity
8
0
100
AcDbSpline
70
0
71
2
72
6
73
3
74
0
42
0.000000001
43
0.0000000001
44
0.0000000001
40
0
40
0
40
0
40
1
40
1
40
1
10
-16.461527734419612
20
-94.784445944242165
30
0
10
-16.403410374542979
20
-94.784445944242165
30
0
10
-16.353887855431346
20
-94.811048689298318
30
0
0
SPLINE
5
1741
100
AcDbEntity
8
0
100
AcDbSpline
70
0
71
2
72
6
73
3
74
0
42
0.000000001
43
0.0000000001
44
0.0000000001
40
0
40
0
40
0
40
1
40
1
40
1
10
-16.353887855431346
20
-94.811048689298318
30
0
10
-16.304365336319712
20
-94.83765143435447
30
0
10
-16.271623238345889
20
-94.883490982465432
30
0
0
SPLINE
5
1742
100
AcDbEntity
8
0
100
AcDbSpline
70
0
71
2
72
6
73
3
74
0
42
0.000000001
43
0.0000000001
44
0.0000000001
40
0
40
0
40
0
40
1
40
1
40
1
10
-16.271623238345889
20
-94.883490982465432
30
0
10
-16.246248050948886
20
-94.917869749478982
30
0
10
-16.228649109026701
20
-94.977215114049585
30
0
0
SPLINE
5
1743
100
AcDbEntity
8
0
100
AcDbSpline
70
0
71
2
72
6
73
3
74
0
42
0.000000001
43
0.0000000001
44
0.0000000001
40
0
40
0
40
0
40
1
40
1
40
1
10
-16.228649109026701
20
-94.977215114049585
30
0
10
-16.211050241610319
20
-95.036560478620203
30
0
10
-16.211050241610319
20
-95.104500236920984
30
0
0
SPLINE
5
1744
100
AcDbEntity
8
0
100
AcDbSpline
70
0
71
2
72
6
73
3
74
0
42
0.000000001
43
0.0000000001
44
0.0000000001
40
0
40
0
40
0
40
1
40
1
40
1
10
-16.211050241610319
20
-95.104500236920984
30
0
10
-16.211050241610319
20
-95.206819954328211
30
0
10
-16.240518181940825
20
-95.284172478131921
30
0
0
SPLINE
5
1745
100
AcDbEntity
8
0
100
AcDbSpline
70
0
71
2
72
6
73
3
74
0
42
0.000000001
43
0.0000000001
44
0.0000000001
40
0
40
0
40
0
40
1
40
1
40
1
10
-16.240518181940825
20
-95.284172478131921
30
0
10
-16.26998612227133
20
-95.361526194028528
30
0
10
-16.320327162167342
20
-95.398360672406838
30
0
0
SPLINE
5
1746
100
AcDbEntity
8
0
100
AcDbSpline
70
0
71
2
72
6
73
3
74
0
42
0.000000001
43
0.0000000001
44
0.0000000001
40
0
40
0
40
0
40
1
40
1
40
1
10
-16.320327162167342
20
-95.398360672406838
30
0
10
-16.370668202063353
20
-95.435196342878029
30
0
10
-16.454979270121367
20
-95.449111643247292
30
0
0
LINE
5
1747
100
AcDbEntity
8
0
100
AcDbLine
10
-16.454979270121367
20
-95.449111643247292
30
0
11
-16.474624588510306
21
-95.305046024732277
31
0
0
SPLINE
5
1748
100
AcDbEntity
8
0
100
AcDbSpline
70
0
71
2
72
6
73
3
74
0
42
0.000000001
43
0.0000000001
44
0.0000000001
40
0
40
0
40
0
40
1
40
1
40
1
10
-16.474624588510306
20
-95.305046024732277
30
0
10
-16.407503127476485
20
-95.295223179273293
30
0
10
-16.369849681278975
20
-95.248156967572854
30
0
0
SPLINE
5
1749
100
AcDbEntity
8
0
100
AcDbSpline
70
0
71
2
72
6
73
3
74
0
42
0.000000001
43
0.0000000001
44
0.0000000001
40
0
40
0
40
0
40
1
40
1
40
1
10
-16.369849681278975
20
-95.248156967572854
30
0
10
-16.332196235081465
20
-95.201089563779519
30
0
10
-16.332196235081465
20
-95.115140858106301
30
0
0
SPLINE
5
1750
100
AcDbEntity
8
0
100
AcDbSpline
70
0
71
2
72
6
73
3
74
0
42
0.000000001
43
0.0000000001
44
0.0000000001
40
0
40
0
40
0
40
1
40
1
40
1
10
-16.332196235081465
20
-95.115140858106301
30
0
10
-16.332196235081465
20
-95.013640704564736
30
0
10
-16.365756928345473
20
-94.970257463864968
30
0
0
SPLINE
5
1751
100
AcDbEntity
8
0
100
AcDbSpline
70
0
71
2
72
6
73
3
74
0
42
0.000000001
43
0.0000000001
44
0.0000000001
40
0
40
0
40
0
40
1
40
1
40
1
10
-16.365756928345473
20
-94.970257463864968
30
0
10
-16.39931762160948
20
-94.926873627118752
30
0
10
-16.444338052889616
20
-94.926873627118752
30
0
0
SPLINE
5
1752
100
AcDbEntity
8
0
100
AcDbSpline
70
0
71
2
72
6
73
3
74
0
42
0.000000001
43
0.0000000001
44
0.0000000001
40
0
40
0
40
0
40
1
40
1
40
1
10
-16.444338052889616
20
-94.926873627118752
30
0
10
-16.472987472435744
20
-94.926873627118752
30
0
10
-16.495906948468001
20
-94.944881978444741
30
0
0
SPLINE
5
1753
100
AcDbEntity
8
0
100
AcDbSpline
70
0
71
2
72
6
73
3
74
0
42
0.000000001
43
0.0000000001
44
0.0000000001
40
0
40
0
40
0
40
1
40
1
40
1
10
-16.495906948468001
20
-94.944881978444741
30
0
10
-16.519645019790442
20
-94.96289032977073
30
0
10
-16.535197510740073
20
-95.001362743787453
30
0
0
SPLINE
5
1754
100
AcDbEntity
8
0
100
AcDbSpline
70
0
71
2
72
6
73
3
74
0
42
0.000000001
43
0.0000000001
44
0.0000000001
40
0
40
0
40
0
40
1
40
1
40
1
10
-16.535197510740073
20
-95.001362743787453
30
0
10
-16.543383091112883
20
-95.023462953977273
30
0
10
-16.572851031443388
20
-95.131513061933205
30
0
0
SPLINE
5
1755
100
AcDbEntity
8
0
100
AcDbSpline
70
0
71
2
72
6
73
3
74
0
42
0.000000001
43
0.0000000001
44
0.0000000001
40
0
40
0
40
0
40
1
40
1
40
1
10
-16.572851031443388
20
-95.131513061933205
30
0
10
-16.6145972305744
20
-95.287856045179055
30
0
10
-16.641200273653777
20
-95.349656525067971
30
0
0
SPLINE
5
1756
100
AcDbEntity
8
0
100
AcDbSpline
70
0
71
2
72
6
73
3
74
0
42
0.000000001
43
0.0000000001
44
0.0000000001
40
0
40
0
40
0
40
1
40
1
40
1
10
-16.641200273653777
20
-95.349656525067971
30
0
10
-16.667803167721541
20
-95.411458197049782
30
0
10
-16.718553542515547
20
-95.446655931882546
30
0
0
SPLINE
5
1757
100
AcDbEntity
8
0
100
AcDbSpline
70
0
71
2
72
6
73
3
74
0
42
0.000000001
43
0.0000000001
44
0.0000000001
40
0
40
0
40
0
40
1
40
1
40
1
10
-16.718553542515547
20
-95.446655931882546
30
0
10
-16.769303917309553
20
-95.48185366671531
30
0
10
-16.844610958716185
20
-95.48185366671531
30
0
0
SPLINE
5
1758
100
AcDbEntity
8
0
100
AcDbSpline
70
0
71
2
72
6
73
3
74
0
42
0.000000001
43
0.0000000001
44
0.0000000001
40
0
40
0
40
0
40
1
40
1
40
1
10
-16.844610958716185
20
-95.48185366671531
30
0
10
-16.918280809542448
20
-95.48185366671531
30
0
10
-16.983355819603712
20
-95.438879909925149
30
0
0
SPLINE
5
1759
100
AcDbEntity
8
0
100
AcDbSpline
70
0
71
2
72
6
73
3
74
0
42
0.000000001
43
0.0000000001
44
0.0000000001
40
0
40
0
40
0
40
1
40
1
40
1
10
-16.983355819603712
20
-95.438879909925149
30
0
10
-17.048430829664976
20
-95.395904961042092
30
0
10
-17.084037899395735
20
-95.314868870191262
30
0
0
SPLINE
5
1760
100
AcDbEntity
8
0
100
AcDbSpline
70
0
71
2
72
6
73
3
74
0
42
0.000000001
43
0.0000000001
44
0.0000000001
40
0
40
0
40
0
40
1
40
1
40
1
10
-17.084037899395735
20
-95.314868870191262
30
0
10
-17.119644969126494
20
-95.233831587247536
30
0
10
-17.119644969126494
20
-95.131513061933205
30
0
0
SPLINE
5
1761
100
AcDbEntity
8
0
100
AcDbSpline
70
0
71
2
72
6
73
3
74
0
42
0.000000001
43
0.0000000001
44
0.0000000001
40
0
40
0
40
0
40
1
40
1
40
1
10
-17.119644969126494
20
-95.131513061933205
30
0
10
-17.119644969126494
20
-94.962071957997964
30
0
10
-17.049249350449351
20
-94.87325865309684
30
0
0
SPLINE
5
1762
100
AcDbEntity
8
0
100
AcDbSpline
70
0
71
2
72
6
73
3
74
0
42
0.000000001
43
0.0000000001
44
0.0000000001
40
0
40
0
40
0
40
1
40
1
40
1
10
-17.049249350449351
20
-94.87325865309684
30
0
10
-16.978853731772212
20
-94.784445944242165
30
0
10
-16.840518205782679
20
-94.759888830594704
30
0
0
LINE
5
1763
100
AcDbEntity
8
0
100
AcDbLine
10
-16.968212514540472
20
-95.978715601377175
30
0
11
-17.098362683674612
21
-95.999998035840676
31
0
0
SPLINE
5
1764
100
AcDbEntity
8
0
100
AcDbSpline
70
0
71
2
72
6
73
3
74
0
42
0.000000001
43
0.0000000001
44
0.0000000001
40
0
40
0
40
0
40
1
40
1
40
1
10
-17.098362683674612
20
-95.999998035840676
30
0
10
-17.111459463259497
20
-95.937787475995705
30
0
10
-17.111459463259497
20
-95.888674440793679
30
0
0
SPLINE
5
1765
100
AcDbEntity
8
0
100
AcDbSpline
70
0
71
2
72
6
73
3
74
0
42
0.000000001
43
0.0000000001
44
0.0000000001
40
0
40
0
40
0
40
1
40
1
40
1
10
-17.111459463259497
20
-95.888674440793679
30
0
10
-17.111459463259493
20
-95.808457317762063
30
0
10
-17.08608427586249
20
-95.764254513196633
30
0
0
SPLINE
5
1766
100
AcDbEntity
8
0
100
AcDbSpline
70
0
71
2
72
6
73
3
74
0
42
0.000000001
43
0.0000000001
44
0.0000000001
40
0
40
0
40
0
40
1
40
1
40
1
10
-17.08608427586249
20
-95.764254513196633
30
0
10
-17.060709088465487
20
-95.720052900724099
30
0
10
-17.01937222423247
20
-95.702043953351662
30
0
0
SPLINE
5
1767
100
AcDbEntity
8
0
100
AcDbSpline
70
0
71
2
72
6
73
3
74
0
42
0.000000001
43
0.0000000001
44
0.0000000001
40
0
40
0
40
0
40
1
40
1
40
1
10
-17.01937222423247
20
-95.702043953351662
30
0
10
-16.978035210987841
20
-95.684036198072121
30
0
10
-16.845429479500567
20
-95.684036198072121
30
0
0
LINE
5
1768
100
AcDbEntity
8
0
100
AcDbLine
10
-16.845429479500567
20
-95.684036198072121
30
0
11
-16.345293014666353
21
-95.684036198072121
31
0
0
LINE
5
1769
100
AcDbEntity
8
0
100
AcDbLine
10
-16.345293014666353
20
-95.684036198072121
30
0
11
-16.345293014666353
21
-95.575987282209084
31
0
0
LINE
5
1770
100
AcDbEntity
8
0
100
AcDbLine
10
-16.345293014666353
20
-95.575987282209084
30
0
11
-16.230695485493456
21
-95.575987282209084
31
0
0
LINE
5
1771
100
AcDbEntity
8
0
100
AcDbLine
10
-16.230695485493456
20
-95.57598728220907
30
0
11
-16.230695485493456
21
-95.684036198072107
31
0
0
LINE
5
1772
100
AcDbEntity
8
0
100
AcDbLine
10
-16.230695485493456
20
-95.684036198072107
30
0
11
-16.01541580202273
21
-95.684036198072107
31
0
0
LINE
5
1773
100
AcDbEntity
8
0
100
AcDbLine
10
-16.01541580202273
20
-95.684036198072107
30
0
11
-15.927011981031214
21
-95.830557527951868
31
0
0
LINE
5
1774
100
AcDbEntity
8
0
100
AcDbLine
10
-15.927011981031216
20
-95.830557527951868
30
0
11
-16.23069548549346
21
-95.830557527951868
31
0
0
LINE
5
1775
100
AcDbEntity
8
0
100
AcDbLine
10
-16.23069548549346
20
-95.830557527951868
30
0
11
-16.23069548549346
21
-95.978715601377161
31
0
0
LINE
5
1776
100
AcDbEntity
8
0
100
AcDbLine
10
-16.23069548549346
20
-95.978715601377161
30
0
11
-16.345293014666357
21
-95.978715601377161
31
0
0
LINE
5
1777
100
AcDbEntity
8
0
100
AcDbLine
10
-16.345293014666357
20
-95.978715601377175
30
0
11
-16.345293014666353
21
-95.830557527951882
31
0
0
LINE
5
1778
100
AcDbEntity
8
0
100
AcDbLine
10
-16.345293014666357
20
-95.830557527951882
30
0
11
-16.853614985367575
21
-95.830557527951882
31
0
0
SPLINE
5
1779
100
AcDbEntity
8
0
100
AcDbSpline
70
0
71
2
72
6
73
3
74
0
42
0.000000001
43
0.0000000001
44
0.0000000001
40
0
40
0
40
0
40
1
40
1
40
1
10
-16.853614985367571
20
-95.830557527951882
30
0
10
-16.916643618962084
20
-95.830557527951882
30
0
10
-16.934651821276464
20
-95.838333549909279
30
0
0
SPLINE
5
1780
100
AcDbEntity
8
0
100
AcDbSpline
70
0
71
2
72
6
73
3
74
0
42
0.000000001
43
0.0000000001
44
0.0000000001
40
0
40
0
40
0
40
1
40
1
40
1
10
-16.934651821276464
20
-95.838333549909279
30
0
10
-16.952660023590841
20
-95.846110763959572
30
0
10
-16.963301240822592
20
-95.863708439283059
30
0
0
SPLINE
5
1781
100
AcDbEntity
8
0
100
AcDbSpline
70
0
71
2
72
6
73
3
74
0
42
0.000000001
43
0.0000000001
44
0.0000000001
40
0
40
0
40
0
40
1
40
1
40
1
10
-16.963301240822592
20
-95.863708439283059
30
0
10
-16.973942458054342
20
-95.881308498792336
30
0
10
-16.973942458054342
20
-95.914050522260354
30
0
0
SPLINE
5
1782
100
AcDbEntity
8
0
100
AcDbSpline
70
0
71
2
72
6
73
3
74
0
42
0.000000001
43
0.0000000001
44
0.0000000001
40
0
40
0
40
0
40
1
40
1
40
1
10
-16.973942458054342
20
-95.914050522260354
30
0
10
-16.973942458054342
20
-95.938606443814919
30
0
10
-16.968212514540472
20
-95.978715601377175
30
0
0
LINE
5
1783
100
AcDbEntity
8
0
100
AcDbLine
10
-26.215711133984527
20
-92.053550570222484
30
0
11
-26.20256439149486
21
-92.203341606531154
31
0
0
SPLINE
5
1784
100
AcDbEntity
8
0
100
AcDbSpline
70
0
71
2
72
6
73
3
74
0
42
0.000000001
43
0.0000000001
44
0.0000000001
40
0
40
0
40
0
40
1
40
1
40
1
10
-26.202564391494857
20
-92.203341606531126
30
0
10
-26.292601699712993
20
-92.214012855923954
30
0
10
-26.350296752785965
20
-92.252913403911307
30
0
0
SPLINE
5
1785
100
AcDbEntity
8
0
100
AcDbSpline
70
0
71
2
72
6
73
3
74
0
42
0.000000001
43
0.0000000001
44
0.0000000001
40
0
40
0
40
0
40
1
40
1
40
1
10
-26.350296752785965
20
-92.252913403911307
30
0
10
-26.407991805858941
20
-92.291813951898675
30
0
10
-26.443571720009441
20
-92.373681478700661
30
0
0
SPLINE
5
1786
100
AcDbEntity
8
0
100
AcDbSpline
70
0
71
2
72
6
73
3
74
0
42
0.000000001
43
0.0000000001
44
0.0000000001
40
0
40
0
40
0
40
1
40
1
40
1
10
-26.443571720009441
20
-92.373681478700661
30
0
10
-26.479151485347142
20
-92.455548409406546
30
0
10
-26.479117357232287
20
-92.557867525075679
30
0
0
SPLINE
5
1787
100
AcDbEntity
8
0
100
AcDbSpline
70
0
71
2
72
6
73
3
74
0
42
0.000000001
43
0.0000000001
44
0.0000000001
40
0
40
0
40
0
40
1
40
1
40
1
10
-26.479117357232287
20
-92.557867525075679
30
0
10
-26.479087051415398
20
-92.648727052377751
30
0
10
-26.452051616802322
20
-92.718295136584231
30
0
0
SPLINE
5
1788
100
AcDbEntity
8
0
100
AcDbSpline
70
0
71
2
72
6
73
3
74
0
42
0.000000001
43
0.0000000001
44
0.0000000001
40
0
40
0
40
0
40
1
40
1
40
1
10
-26.452051616802322
20
-92.718295136584231
30
0
10
-26.425016033177641
20
-92.787863220741002
30
0
10
-26.377937897537841
20
-92.821817399064969
30
0
0
SPLINE
5
1789
100
AcDbEntity
8
0
100
AcDbSpline
70
0
71
2
72
6
73
3
74
0
42
0.000000001
43
0.0000000001
44
0.0000000001
40
0
40
0
40
0
40
1
40
1
40
1
10
-26.377937897537841
20
-92.821817399064969
30
0
10
-26.33085976169923
20
-92.855772173435327
30
0
10
-26.275197967271996
20
-92.855753607675652
30
0
0
SPLINE
5
1790
100
AcDbEntity
8
0
100
AcDbSpline
70
0
71
2
72
6
73
3
74
0
42
0.000000001
43
0.0000000001
44
0.0000000001
40
0
40
0
40
0
40
1
40
1
40
1
10
-26.275197967271996
20
-92.855753607675652
30
0
10
-26.218717801117521
20
-92.855734768951464
30
0
10
-26.176573190597232
20
-92.82297809045636
30
0
0
SPLINE
5
1791
100
AcDbEntity
8
0
100
AcDbSpline
70
0
71
2
72
6
73
3
74
0
42
0.000000001
43
0.0000000001
44
0.0000000001
40
0
40
0
40
0
40
1
40
1
40
1
10
-26.176573190597232
20
-92.82297809045636
30
0
10
-26.134428579878129
20
-92.79022200800766
30
0
10
-26.105804429236166
20
-92.714905563957345
30
0
0
SPLINE
5
1792
100
AcDbEntity
8
0
100
AcDbSpline
70
0
71
2
72
6
73
3
74
0
42
0.000000001
43
0.0000000001
44
0.0000000001
40
0
40
0
40
0
40
1
40
1
40
1
10
-26.105804429236166
20
-92.714905563957345
30
0
10
-26.086993815667611
20
-92.666604623639842
30
0
10
-26.047348997351406
20
-92.50124333809957
30
0
0
SPLINE
5
1793
100
AcDbEntity
8
0
100
AcDbSpline
70
0
71
2
72
6
73
3
74
0
42
0.000000001
43
0.0000000001
44
0.0000000001
40
0
40
0
40
0
40
1
40
1
40
1
10
-26.047348997351406
20
-92.50124333809957
30
0
10
-26.007704328046803
20
-92.335882052609023
30
0
10
-25.972528635560536
20
-92.269567897506334
30
0
0
SPLINE
5
1794
100
AcDbEntity
8
0
100
AcDbSpline
70
0
71
2
72
6
73
3
74
0
42
0.000000001
43
0.0000000001
44
0.0000000001
40
0
40
0
40
0
40
1
40
1
40
1
10
-25.972528635560536
20
-92.269567897506334
30
0
10
-25.927536799911305
20
-92.183604776259202
30
0
10
-25.86083873843755
20
-92.141426545989759
30
0
0
SPLINE
5
1795
100
AcDbEntity
8
0
100
AcDbSpline
70
0
71
2
72
6
73
3
74
0
42
0.000000001
43
0.0000000001
44
0.0000000001
40
0
40
0
40
0
40
1
40
1
40
1
10
-25.86083873843755
20
-92.141426545989759
30
0
10
-25.794140676764986
20
-92.099248911766765
30
0
10
-25.711466729380387
20
-92.099221336215962
30
0
0
SPLINE
5
1796
100
AcDbEntity
8
0
100
AcDbSpline
70
0
71
2
72
6
73
3
74
0
42
0.000000001
43
0.0000000001
44
0.0000000001
40
0
40
0
40
0
40
1
40
1
40
1
10
-25.711466729380387
20
-92.099221336215962
30
0
10
-25.620607276584121
20
-92.099191030423938
30
0
10
-25.541599620996266
20
-92.150733427184846
30
0
0
SPLINE
5
1797
100
AcDbEntity
8
0
100
AcDbSpline
70
0
71
2
72
6
73
3
74
0
42
0.000000001
43
0.0000000001
44
0.0000000001
40
0
40
0
40
0
40
1
40
1
40
1
10
-25.541599620996266
20
-92.150733427184846
30
0
10
-25.462591965209604
20
-92.202276419992174
30
0
10
-25.421631253081507
20
-92.301307801450037
30
0
0
SPLINE
5
1798
100
AcDbEntity
8
0
100
AcDbSpline
70
0
71
2
72
6
73
3
74
0
42
0.000000001
43
0.0000000001
44
0.0000000001
40
0
40
0
40
0
40
1
40
1
40
1
10
-25.421631253081507
20
-92.301307801450037
30
0
10
-25.380670466447608
20
-92.400339182883059
30
0
10
-25.380630058758026
20
-92.521485020603677
30
0
0
SPLINE
5
1799
100
AcDbEntity
8
0
100
AcDbSpline
70
0
71
2
72
6
73
3
74
0
42
0.000000001
43
0.0000000001
44
0.0000000001
40
0
40
0
40
0
40
1
40
1
40
1
10
-25.380630058758026
20
-92.521485020603677
30
0
10
-25.38058555560719
20
-92.654909414465024
30
0
10
-25.423525691002673
20
-92.756833380088381
30
0
0
SPLINE
5
1800
100
AcDbEntity
8
0
100
AcDbSpline
70
0
71
2
72
6
73
3
74
0
42
0.000000001
43
0.0000000001
44
0.0000000001
40
0
40
0
40
0
40
1
40
1
40
1
10
-25.423525691002673
20
-92.756833380088381
30
0
10
-25.466465751693548
20
-92.858757941733288
30
0
10
-25.549939927220588
20
-92.91362861695184
30
0
0
SPLINE
5
1801
100
AcDbEntity
8
0
100
AcDbSpline
70
0
71
2
72
6
73
3
74
0
42
0.000000001
43
0.0000000001
44
0.0000000001
40
0
40
0
40
0
40
1
40
1
40
1
10
-25.549939927220588
20
-92.91362861695184
30
0
10
-25.633414177054625
20
-92.968499888241652
30
0
10
-25.739006234175335
20
-92.97262756317042
30
0
0
LINE
5
1802
100
AcDbEntity
8
0
100
AcDbLine
10
-25.739006234175335
20
-92.97262756317042
30
0
11
-25.750516754279566
21
-92.820380269605266
31
0
0
SPLINE
5
1803
100
AcDbEntity
8
0
100
AcDbSpline
70
0
71
2
72
6
73
3
74
0
42
0.000000001
43
0.0000000001
44
0.0000000001
40
0
40
0
40
0
40
1
40
1
40
1
10
-25.750516754279566
20
-92.820380269605266
30
0
10
-25.636741847482611
20
-92.808064358998735
30
0
10
-25.578648182040673
20
-92.73724002458485
30
0
0
SPLINE
5
1804
100
AcDbEntity
8
0
100
AcDbSpline
70
0
71
2
72
6
73
3
74
0
42
0.000000001
43
0.0000000001
44
0.0000000001
40
0
40
0
40
0
40
1
40
1
40
1
10
-25.578648182040673
20
-92.73724002458485
30
0
10
-25.520554442092944
20
-92.666415690146096
30
0
10
-25.520600583428283
20
-92.52807987382846
30
0
0
SPLINE
5
1805
100
AcDbEntity
8
0
100
AcDbSpline
70
0
71
2
72
6
73
3
74
0
42
0.000000001
43
0.0000000001
44
0.0000000001
40
0
40
0
40
0
40
1
40
1
40
1
10
-25.520600583428283
20
-92.52807987382846
30
0
10
-25.520648635713805
20
-92.384014859373721
30
0
10
-25.573467362748012
20
-92.318138346282566
30
0
0
SPLINE
5
1806
100
AcDbEntity
8
0
100
AcDbSpline
70
0
71
2
72
6
73
3
74
0
42
0.000000001
43
0.0000000001
44
0.0000000001
40
0
40
0
40
0
40
1
40
1
40
1
10
-25.573467362748012
20
-92.318138346282566
30
0
10
-25.626286089583409
20
-92.252262429237845
30
0
10
-25.700774457050528
20
-92.252287274522558
30
0
0
SPLINE
5
1807
100
AcDbEntity
8
0
100
AcDbSpline
70
0
71
2
72
6
73
3
74
0
42
0.000000001
43
0.0000000001
44
0.0000000001
40
0
40
0
40
0
40
1
40
1
40
1
10
-25.700774457050528
20
-92.252287274522558
30
0
10
-25.765440203122481
20
-92.252308843512822
30
0
10
-25.807170911883127
20
-92.298980685096055
30
0
0
SPLINE
5
1808
100
AcDbEntity
8
0
100
AcDbSpline
70
0
71
2
72
6
73
3
74
0
42
0.000000001
43
0.0000000001
44
0.0000000001
40
0
40
0
40
0
40
1
40
1
40
1
10
-25.807170911883127
20
-92.298980685096055
30
0
10
-25.848901893807067
20
-92.34483355890562
30
0
10
-25.892629896455418
20
-92.538436292594042
30
0
0
SPLINE
5
1809
100
AcDbEntity
8
0
100
AcDbSpline
70
0
71
2
72
6
73
3
74
0
42
0.000000001
43
0.0000000001
44
0.0000000001
40
0
40
0
40
0
40
1
40
1
40
1
10
-25.892629896455418
20
-92.538436292594042
30
0
10
-25.936357973808377
20
-92.732038430260886
30
0
10
-25.969076118224518
20
-92.804082156526107
30
0
0
SPLINE
5
1810
100
AcDbEntity
8
0
100
AcDbSpline
70
0
71
2
72
6
73
3
74
0
42
0.000000001
43
0.0000000001
44
0.0000000001
40
0
40
0
40
0
40
1
40
1
40
1
10
-25.969076118224518
20
-92.804082156526107
30
0
10
-26.01733583176021
20
-92.908873091906315
30
0
10
-26.091398284247202
20
-92.958829800927646
30
0
0
SPLINE
5
1811
100
AcDbEntity
8
0
100
AcDbSpline
70
0
71
2
72
6
73
3
74
0
42
0.000000001
43
0.0000000001
44
0.0000000001
40
0
40
0
40
0
40
1
40
1
40
1
10
-26.091398284247202
20
-92.958829800927646
30
0
10
-26.165460811239996
20
-93.008786509973817
30
0
10
-26.262050132725598
20
-93.008818726939694
30
0
0
SPLINE
5
1812
100
AcDbEntity
8
0
100
AcDbSpline
70
0
71
2
72
6
73
3
74
0
42
0.000000001
43
0.0000000001
44
0.0000000001
40
0
40
0
40
0
40
1
40
1
40
1
10
-26.262050132725598
20
-93.008818726939694
30
0
10
-26.357820933472354
20
-93.008850670891377
30
0
10
-26.442559475499277
20
-92.954035506277648
30
0
0
SPLINE
5
1813
100
AcDbEntity
8
0
100
AcDbSpline
70
0
71
2
72
6
73
3
74
0
42
0.000000001
43
0.0000000001
44
0.0000000001
40
0
40
0
40
0
40
1
40
1
40
1
10
-26.442559475499277
20
-92.954035506277648
30
0
10
-26.527298166338994
20
-92.89922093776002
30
0
10
-26.574399236164226
20
-92.796508037140882
30
0
0
SPLINE
5
1814
100
AcDbEntity
8
0
100
AcDbSpline
70
0
71
2
72
6
73
3
74
0
42
0.000000001
43
0.0000000001
44
0.0000000001
40
0
40
0
40
0
40
1
40
1
40
1
10
-26.574399236164226
20
-92.796508037140882
30
0
10
-26.621500455001058
20
-92.693795136571424
30
0
10
-26.621543319967394
20
-92.565282165166366
30
0
0
SPLINE
5
1815
100
AcDbEntity
8
0
100
AcDbSpline
70
0
71
2
72
6
73
3
74
0
42
0.000000001
43
0.0000000001
44
0.0000000001
40
0
40
0
40
0
40
1
40
1
40
1
10
-26.621543319967394
20
-92.565282165166366
30
0
10
-26.621597652026448
20
-92.402389832613707
30
0
10
-26.57415823379694
20
-92.292278859950983
30
0
0
SPLINE
5
1816
100
AcDbEntity
8
0
100
AcDbSpline
70
0
71
2
72
6
73
3
74
0
42
0.000000001
43
0.0000000001
44
0.0000000001
40
0
40
0
40
0
40
1
40
1
40
1
10
-26.57415823379694
20
-92.292278859950983
30
0
10
-26.526718815766237
20
-92.182167291241825
30
0
10
-26.431378087337905
20
-92.119516039547563
30
0
0
SPLINE
5
1817
100
AcDbEntity
8
0
100
AcDbSpline
70
0
71
2
72
6
73
3
74
0
42
0.000000001
43
0.0000000001
44
0.0000000001
40
0
40
0
40
0
40
1
40
1
40
1
10
-26.431378087337905
20
-92.119516039547563
30
0
10
-26.336037507921176
20
-92.056864787902981
30
0
10
-26.215711133984527
20
-92.053550570222484
30
0
0
LINE
5
1818
100
AcDbEntity
8
0
100
AcDbLine
10
-26.600789181570473
20
-93.435398200657659
30
0
11
-25.400895481985593
21
-93.116580414266195
31
0
0
LINE
5
1819
100
AcDbEntity
8
0
100
AcDbLine
10
-25.400895481985593
20
-93.116580414266195
30
0
11
-25.400841149926542
21
-93.279472746818868
31
0
0
LINE
5
1820
100
AcDbEntity
8
0
100
AcDbLine
10
-25.400841149926549
20
-93.27947274681884
30
0
11
-26.187410509337333
21
-93.462272550391674
31
0
0
SPLINE
5
1821
100
AcDbEntity
8
0
100
AcDbSpline
70
0
71
2
72
6
73
3
74
0
42
0.000000001
43
0.0000000001
44
0.0000000001
40
0
40
0
40
0
40
1
40
1
40
1
10
-26.187410509337326
20
-93.462272550391674
30
0
10
-26.311002229377888
20
-93.491781715864818
30
0
10
-26.432959638181988
20
-93.513104829897912
30
0
0
SPLINE
5
1822
100
AcDbEntity
8
0
100
AcDbSpline
70
0
71
2
72
6
73
3
74
0
42
0.000000001
43
0.0000000001
44
0.0000000001
40
0
40
0
40
0
40
1
40
1
40
1
10
-26.432959638181988
20
-93.513104829897912
30
0
10
-26.240584226558944
20
-93.558879618495027
30
0
10
-26.211113557626398
20
-93.567055294998482
30
0
0
LINE
5
1823
100
AcDbEntity
8
0
100
AcDbLine
10
-26.211113557626398
20
-93.567055294998482
30
0
11
-25.400669144132241
21
-93.795161375893557
31
0
0
LINE
5
1824
100
AcDbEntity
8
0
100
AcDbLine
10
-25.400669144132241
20
-93.795161375893557
30
0
11
-25.40060525612946
21
-93.986703275410278
31
0
0
LINE
5
1825
100
AcDbEntity
8
0
100
AcDbLine
10
-25.40060525612946
20
-93.986703275410278
30
0
11
-26.007914821497732
21
-94.158802069801766
31
0
0
SPLINE
5
1826
100
AcDbEntity
8
0
100
AcDbSpline
70
0
71
2
72
6
73
3
74
0
42
0.000000001
43
0.0000000001
44
0.0000000001
40
0
40
0
40
0
40
1
40
1
40
1
10
-26.007914821497732
20
-94.158802069801766
30
0
10
-26.233814215173435
20
-94.223543096364025
30
0
10
-26.43271309638444
20
-94.252259008408799
30
0
0
SPLINE
5
1827
100
AcDbEntity
8
0
100
AcDbSpline
70
0
71
2
72
6
73
3
74
0
42
0.000000001
43
0.0000000001
44
0.0000000001
40
0
40
0
40
0
40
1
40
1
40
1
10
-26.43271309638444
20
-94.252259008408799
30
0
10
-26.318926598541896
20
-94.275140830726812
30
0
10
-26.171574470087585
20
-94.311926162465369
30
0
0
LINE
5
1828
100
AcDbEntity
8
0
100
AcDbLine
10
-26.171574470087585
20
-94.311926162465369
30
0
11
-25.400434069427412
21
-94.499936193256843
31
0
0
LINE
5
1829
100
AcDbEntity
8
0
100
AcDbLine
10
-25.400434069427412
20
-94.499936193256843
30
0
11
-25.400380829623902
21
-94.659553846807697
31
0
0
LINE
5
1830
100
AcDbEntity
8
0
100
AcDbLine
10
-25.400380829623899
20
-94.659553846807697
30
0
11
-26.600490492026147
21
-94.330895949764013
31
0
0
LINE
5
1831
100
AcDbEntity
8
0
100
AcDbLine
10
-26.600490492026147
20
-94.330895949764013
30
0
11
-26.60054154771619
21
-94.177826462123932
31
0
0
LINE
5
1832
100
AcDbEntity
8
0
100
AcDbLine
10
-26.60054154771619
20
-94.177826462123932
30
0
11
-25.6863012924582
21
-93.924588004827712
31
0
0
SPLINE
5
1833
100
AcDbEntity
8
0
100
AcDbSpline
70
0
71
2
72
6
73
3
74
0
42
0.000000001
43
0.0000000001
44
0.0000000001
40
0
40
0
40
0
40
1
40
1
40
1
10
-25.6863012924582
20
-93.924588004827712
30
0
10
-25.571714342955808
20
-93.89262672740341
30
0
10
-25.545522547579278
20
-93.886887600371693
30
0
0
SPLINE
5
1834
100
AcDbEntity
8
0
100
AcDbSpline
70
0
71
2
72
6
73
3
74
0
42
0.000000001
43
0.0000000001
44
0.0000000001
40
0
40
0
40
0
40
1
40
1
40
1
10
-25.545522547579278
20
-93.886887600371693
30
0
10
-25.6282027745386
20
-93.868088453870996
30
0
10
-25.686325591664847
20
-93.851736827849876
30
0
0
LINE
5
1835
100
AcDbEntity
8
0
100
AcDbLine
10
-25.686325591664847
20
-93.851736827849876
30
0
11
-26.600735122674713
21
-93.597471565436635
31
0
0
LINE
5
1836
100
AcDbEntity
8
0
100
AcDbLine
10
-26.600735122674713
20
-93.597471565436649
30
0
11
-26.600789181570473
21
-93.435398200657659
31
0
0
LINE
5
1837
100
AcDbEntity
8
0
100
AcDbLine
10
-26.600331318146964
20
-94.808113359054914
30
0
11
-25.400331411720742
21
-94.807713104084314
31
0
0
LINE
5
1838
100
AcDbEntity
8
0
100
AcDbLine
10
-25.400331411720742
20
-94.807713104084314
30
0
11
-25.400193534240106
21
-95.221082021443493
31
0
0
SPLINE
5
1839
100
AcDbEntity
8
0
100
AcDbSpline
70
0
71
2
72
6
73
3
74
0
42
0.000000001
43
0.0000000001
44
0.0000000001
40
0
40
0
40
0
40
1
40
1
40
1
10
-25.400193534240106
20
-95.221082021443493
30
0
10
-25.400146846776991
20
-95.361055177262017
30
0
10
-25.417311880475054
20
-95.434731055535011
30
0
0
SPLINE
5
1840
100
AcDbEntity
8
0
100
AcDbSpline
70
0
71
2
72
6
73
3
74
0
42
0.000000001
43
0.0000000001
44
0.0000000001
40
0
40
0
40
0
40
1
40
1
40
1
10
-25.417311880475054
20
-95.434731055535011
30
0
10
-25.441015549397697
20
-95.537876460665757
30
0
10
-25.503201359540661
20
-95.610748387566446
30
0
0
SPLINE
5
1841
100
AcDbEntity
8
0
100
AcDbSpline
70
0
71
2
72
6
73
3
74
0
42
0.000000001
43
0.0000000001
44
0.0000000001
40
0
40
0
40
0
40
1
40
1
40
1
10
-25.503201359540661
20
-95.610748387566446
30
0
10
-25.583387924660205
20
-95.70572772205611
30
0
10
-25.708201704593229
20
-95.752836759584056
30
0
0
SPLINE
5
1842
100
AcDbEntity
8
0
100
AcDbSpline
70
0
71
2
72
6
73
3
74
0
42
0.000000001
43
0.0000000001
44
0.0000000001
40
0
40
0
40
0
40
1
40
1
40
1
10
-25.708201704593229
20
-95.752836759584056
30
0
10
-25.83301548492387
20
-95.799944605019192
30
0
10
-25.993451957236779
20
-95.799998117936283
30
0
0
SPLINE
5
1843
100
AcDbEntity
8
0
100
AcDbSpline
70
0
71
2
72
6
73
3
74
0
42
0.000000001
43
0.0000000001
44
0.0000000001
40
0
40
0
40
0
40
1
40
1
40
1
10
-25.993451957236779
20
-95.799998117936283
30
0
10
-26.13015058306511
20
-95.800043713193546
30
0
10
-26.235754578900504
20
-95.76815468744897
30
0
0
SPLINE
5
1844
100
AcDbEntity
8
0
100
AcDbSpline
70
0
71
2
72
6
73
3
74
0
42
0.000000001
43
0.0000000001
44
0.0000000001
40
0
40
0
40
0
40
1
40
1
40
1
10
-26.235754578900504
20
-95.76815468744897
30
0
10
-26.341358723349888
20
-95.736266853846928
30
0
10
-26.410543137107808
20
-95.686357924221198
30
0
0
SPLINE
5
1845
100
AcDbEntity
8
0
100
AcDbSpline
70
0
71
2
72
6
73
3
74
0
42
0.000000001
43
0.0000000001
44
0.0000000001
40
0
40
0
40
0
40
1
40
1
40
1
10
-26.410543137107808
20
-95.686357924221198
30
0
10
-26.479727550468112
20
-95.636450186688293
30
0
10
-26.519447314532492
20
-95.577117471131885
30
0
0
SPLINE
5
1846
100
AcDbEntity
8
0
100
AcDbSpline
70
0
71
2
72
6
73
3
74
0
42
0.000000001
43
0.0000000001
44
0.0000000001
40
0
40
0
40
0
40
1
40
1
40
1
10
-26.519447314532492
20
-95.577117471131885
30
0
10
-26.559166929187654
20
-95.517785947618592
30
0
10
-26.579658677838616
20
-95.433890895717212
30
0
0
SPLINE
5
1847
100
AcDbEntity
8
0
100
AcDbSpline
70
0
71
2
72
6
73
3
74
0
42
0.000000001
43
0.0000000001
44
0.0000000001
40
0
40
0
40
0
40
1
40
1
40
1
10
-26.579658677838616
20
-95.433890895717212
30
0
10
-26.600150575501186
20
-95.349995843865543
30
0
10
-26.600186887928313
20
-95.241127966239233
30
0
0
LINE
5
1848
100
AcDbEntity
8
0
100
AcDbLine
10
-26.600186887928313
20
-95.241127966239233
30
0
11
-26.600331318146964
21
-94.808113359054914
31
0
0
LINE
5
1849
100
AcDbEntity
8
0
100
AcDbLine
10
-26.458668600847712
20
-94.966866003582567
30
0
11
-26.458583144078332
21
-95.223072978619015
31
0
0
SPLINE
5
1850
100
AcDbEntity
8
0
100
AcDbSpline
70
0
71
2
72
6
73
3
74
0
42
0.000000001
43
0.0000000001
44
0.0000000001
40
0
40
0
40
0
40
1
40
1
40
1
10
-26.458583144078332
20
-95.223072978619015
30
0
10
-26.45854355567981
20
-95.341762509065092
30
0
10
-26.436420077022028
20
-95.409286004065052
30
0
0
SPLINE
5
1851
100
AcDbEntity
8
0
100
AcDbSpline
70
0
71
2
72
6
73
3
74
0
42
0.000000001
43
0.0000000001
44
0.0000000001
40
0
40
0
40
0
40
1
40
1
40
1
10
-26.436420077022028
20
-95.409286004065052
30
0
10
-26.414296598364242
20
-95.476809499065013
30
0
10
-26.374174064791411
20
-95.516905276154432
30
0
0
SPLINE
5
1852
100
AcDbEntity
8
0
100
AcDbSpline
70
0
71
2
72
6
73
3
74
0
42
0.000000001
43
0.0000000001
44
0.0000000001
40
0
40
0
40
0
40
1
40
1
40
1
10
-26.374174064791411
20
-95.516905276154432
30
0
10
-26.317674910901161
20
-95.57336660353505
30
0
10
-26.222302933610813
20
-95.604848962147912
30
0
0
SPLINE
5
1853
100
AcDbEntity
8
0
100
AcDbSpline
70
0
71
2
72
6
73
3
74
0
42
0.000000001
43
0.0000000001
44
0.0000000001
40
0
40
0
40
0
40
1
40
1
40
1
10
-26.222302933610813
20
-95.604848962147912
30
0
10
-26.12693080691124
20
-95.636332512803932
30
0
10
-25.991050999844958
20
-95.636287190660241
30
0
0
SPLINE
5
1854
100
AcDbEntity
8
0
100
AcDbSpline
70
0
71
2
72
6
73
3
74
0
42
0.000000001
43
0.0000000001
44
0.0000000001
40
0
40
0
40
0
40
1
40
1
40
1
10
-25.991050999844958
20
-95.636287190660241
30
0
10
-25.802783555812635
20
-95.63622439483845
30
0
10
-25.7017127604351
20
-95.574389007676018
30
0
0
SPLINE
5
1855
100
AcDbEntity
8
0
100
AcDbSpline
70
0
71
2
72
6
73
3
74
0
42
0.000000001
43
0.0000000001
44
0.0000000001
40
0
40
0
40
0
40
1
40
1
40
1
10
-25.7017127604351
20
-95.574389007676018
30
0
10
-25.600641964659943
20
-95.51255481260641
30
0
10
-25.566292239447396
20
-95.424138933443047
30
0
0
SPLINE
5
1856
100
AcDbEntity
8
0
100
AcDbSpline
70
0
71
2
72
6
73
3
74
0
42
0.000000001
43
0.0000000001
44
0.0000000001
40
0
40
0
40
0
40
1
40
1
40
1
10
-25.566292239447396
20
-95.424138933443047
30
0
10
-25.541756869804079
20
-95.360284634923573
30
0
10
-25.541804103593773
20
-95.218673543557713
30
0
0
LINE
5
1857
100
AcDbEntity
8
0
100
AcDbLine
10
-25.541804103593773
20
-95.218673543557713
30
0
11
-25.54188819494432
21
-94.966560215296724
31
0
0
LINE
5
1858
100
AcDbEntity
8
0
100
AcDbLine
10
-25.54188819494432
20
-94.966560215296724
30
0
11
-26.458668600847716
21
-94.966866003582567
31
0
0
LINE
5
1859
100
AcDbEntity
8
0
100
AcDbLine
10
-45.600000629364956
20
-91.764799766242518
30
0
11
-44.400000656187046
21
-91.764799766242518
31
0
0
LINE
5
1860
100
AcDbEntity
8
0
100
AcDbLine
10
-44.400000656187046
20
-91.764799766242518
30
0
11
-44.400000656187046
21
-92.296859733760371
31
0
0
SPLINE
5
1861
100
AcDbEntity
8
0
100
AcDbSpline
70
0
71
2
72
6
73
3
74
0
42
0.000000001
43
0.0000000001
44
0.0000000001
40
0
40
0
40
0
40
1
40
1
40
1
10
-44.400000656187046
20
-92.296859733760371
30
0
10
-44.400000656187046
20
-92.457296364009395
30
0
10
-44.432333493768681
20
-92.540788762271418
30
0
0
SPLINE
5
1862
100
AcDbEntity
8
0
100
AcDbSpline
70
0
71
2
72
6
73
3
74
0
42
0.000000001
43
0.0000000001
44
0.0000000001
40
0
40
0
40
0
40
1
40
1
40
1
10
-44.432333493768681
20
-92.540788762271418
30
0
10
-44.464666405856121
20
-92.624281160533442
30
0
10
-44.546521762549389
20
-92.674213163554683
30
0
0
SPLINE
5
1863
100
AcDbEntity
8
0
100
AcDbSpline
70
0
71
2
72
6
73
3
74
0
42
0.000000001
43
0.0000000001
44
0.0000000001
40
0
40
0
40
0
40
1
40
1
40
1
10
-44.546521762549389
20
-92.674213163554683
30
0
10
-44.628377193748463
20
-92.724145166575923
30
0
10
-44.727422157465924
20
-92.724145166575923
30
0
0
SPLINE
5
1864
100
AcDbEntity
8
0
100
AcDbSpline
70
0
71
2
72
6
73
3
74
0
42
0.000000001
43
0.0000000001
44
0.0000000001
40
0
40
0
40
0
40
1
40
1
40
1
10
-44.727422157465924
20
-92.724145166575923
30
0
10
-44.855116615235318
20
-92.724145166575923
30
0
10
-44.94270184093665
20
-92.641471140086665
30
0
0
SPLINE
5
1865
100
AcDbEntity
8
0
100
AcDbSpline
70
0
71
2
72
6
73
3
74
0
42
0.000000001
43
0.0000000001
44
0.0000000001
40
0
40
0
40
0
40
1
40
1
40
1
10
-44.94270184093665
20
-92.641471140086665
30
0
10
-45.030287066637982
20
-92.558797113597407
30
0
10
-45.054025212466229
20
-92.386082522571101
30
0
0
SPLINE
5
1866
100
AcDbEntity
8
0
100
AcDbSpline
70
0
71
2
72
6
73
3
74
0
42
0.000000001
43
0.0000000001
44
0.0000000001
40
0
40
0
40
0
40
1
40
1
40
1
10
-45.054025212466229
20
-92.386082522571101
30
0
10
-45.084311673581112
20
-92.44911085814239
30
0
10
-45.113779613911618
20
-92.481852881610408
30
0
0
SPLINE
5
1867
100
AcDbEntity
8
0
100
AcDbSpline
70
0
71
2
72
6
73
3
74
0
42
0.000000001
43
0.0000000001
44
0.0000000001
40
0
40
0
40
0
40
1
40
1
40
1
10
-45.113779613911618
20
-92.481852881610408
30
0
10
-45.177626768290509
20
-92.551429979503169
30
0
10
-45.273397574364651
20
-92.61364053934814
30
0
0
LINE
5
1868
100
AcDbEntity
8
0
100
AcDbLine
10
-45.273397574364651
20
-92.61364053934814
30
0
11
-45.600000629364956
21
-92.822371236979976
31
0
0
LINE
5
1869
100
AcDbEntity
8
0
100
AcDbLine
10
-45.600000629364956
20
-92.822371236979976
30
0
11
-45.600000629364956
21
-92.62264441698791
31
0
0
LINE
5
1870
100
AcDbEntity
8
0
100
AcDbLine
10
-45.600000629364956
20
-92.62264441698791
30
0
11
-45.350341657340039
21
-92.463844530284419
31
0
0
SPLINE
5
1871
100
AcDbEntity
8
0
100
AcDbSpline
70
0
71
2
72
6
73
3
74
0
42
0.000000001
43
0.0000000001
44
0.0000000001
40
0
40
0
40
0
40
1
40
1
40
1
10
-45.350341657340039
20
-92.463844530284419
30
0
10
-45.24229259246539
20
-92.394268028438105
30
0
10
-45.184993753373135
20
-92.349247448146357
30
0
0
SPLINE
5
1872
100
AcDbEntity
8
0
100
AcDbSpline
70
0
71
2
72
6
73
3
74
0
42
0.000000001
43
0.0000000001
44
0.0000000001
40
0
40
0
40
0
40
1
40
1
40
1
10
-45.184993753373135
20
-92.349247448146357
30
0
10
-45.127695063292492
20
-92.304226867854609
30
0
10
-45.104775438248623
20
-92.268619649112239
30
0
0
SPLINE
5
1873
100
AcDbEntity
8
0
100
AcDbSpline
70
0
71
2
72
6
73
3
74
0
42
0.000000001
43
0.0000000001
44
0.0000000001
40
0
40
0
40
0
40
1
40
1
40
1
10
-45.104775438248623
20
-92.268619649112239
30
0
10
-45.081855962216366
20
-92.233012430369868
30
0
10
-45.072851935564984
20
-92.196177951991572
30
0
0
SPLINE
5
1874
100
AcDbEntity
8
0
100
AcDbSpline
70
0
71
2
72
6
73
3
74
0
42
0.000000001
43
0.0000000001
44
0.0000000001
40
0
40
0
40
0
40
1
40
1
40
1
10
-45.072851935564984
20
-92.196177951991572
30
0
10
-45.067121992051113
20
-92.169165723025813
30
0
10
-45.067121992051113
20
-92.107774131000056
30
0
0
LINE
5
1875
100
AcDbEntity
8
0
100
AcDbLine
10
-45.067121992051113
20
-92.107774131000056
30
0
11
-45.067121992051113
21
-91.923599354922786
31
0
0
LINE
5
1876
100
AcDbEntity
8
0
100
AcDbLine
10
-45.067121992051113
20
-91.923599354922786
30
0
11
-45.600000629364956
21
-91.923599354922786
31
0
0
LINE
5
1877
100
AcDbEntity
8
0
100
AcDbLine
10
-45.600000629364956
20
-91.923599354922786
30
0
11
-45.600000629364956
21
-91.764799766242518
31
0
0
LINE
5
1878
100
AcDbEntity
8
0
100
AcDbLine
10
-44.929604986845959
20
-91.923599354922786
30
0
11
-44.929604986845959
21
-92.26493608206512
31
0
0
SPLINE
5
1879
100
AcDbEntity
8
0
100
AcDbSpline
70
0
71
2
72
6
73
3
74
0
42
0.000000001
43
0.0000000001
44
0.0000000001
40
0
40
0
40
0
40
1
40
1
40
1
10
-44.929604986845959
20
-92.26493608206512
30
0
10
-44.929604986845959
20
-92.373803965747371
30
0
10
-44.907094771205891
20
-92.435195557773127
30
0
0
SPLINE
5
1880
100
AcDbEntity
8
0
100
AcDbSpline
70
0
71
2
72
6
73
3
74
0
42
0.000000001
43
0.0000000001
44
0.0000000001
40
0
40
0
40
0
40
1
40
1
40
1
10
-44.907094771205891
20
-92.435195557773127
30
0
10
-44.884584555565823
20
-92.496587149798884
30
0
10
-44.83506203645419
20
-92.528510801494136
30
0
0
SPLINE
5
1881
100
AcDbEntity
8
0
100
AcDbSpline
70
0
71
2
72
6
73
3
74
0
42
0.000000001
43
0.0000000001
44
0.0000000001
40
0
40
0
40
0
40
1
40
1
40
1
10
-44.83506203645419
20
-92.528510801494136
30
0
10
-44.785539517342556
20
-92.560434453189387
30
0
10
-44.727422157465924
20
-92.560434453189387
30
0
0
SPLINE
5
1882
100
AcDbEntity
8
0
100
AcDbSpline
70
0
71
2
72
6
73
3
74
0
42
0.000000001
43
0.0000000001
44
0.0000000001
40
0
40
0
40
0
40
1
40
1
40
1
10
-44.727422157465924
20
-92.560434453189387
30
0
10
-44.642292568623532
20
-92.560434453189387
30
0
10
-44.587449440896023
20
-92.498633377254023
30
0
0
SPLINE
5
1883
100
AcDbEntity
8
0
100
AcDbSpline
70
0
71
2
72
6
73
3
74
0
42
0.000000001
43
0.0000000001
44
0.0000000001
40
0
40
0
40
0
40
1
40
1
40
1
10
-44.587449440896023
20
-92.498633377254023
30
0
10
-44.532606387674321
20
-92.436832897365107
30
0
10
-44.532606387674321
20
-92.303408496081843
30
0
0
LINE
5
1884
100
AcDbEntity
8
0
100
AcDbLine
10
-44.532606387674321
20
-92.303408496081843
30
0
11
-44.532606387674321
21
-91.923599354922786
31
0
0
LINE
5
1885
100
AcDbEntity
8
0
100
AcDbLine
10
-44.532606387674321
20
-91.923599354922786
30
0
11
-44.929604986845959
21
-91.923599354922786
31
0
0
LINE
5
1886
100
AcDbEntity
8
0
100
AcDbLine
10
-45.320055196225155
20
-93.549247495830073
30
0
11
-45.33888191932391
21
-93.701498024165645
31
0
0
SPLINE
5
1887
100
AcDbEntity
8
0
100
AcDbSpline
70
0
71
2
72
6
73
3
74
0
42
0.000000001
43
0.0000000001
44
0.0000000001
40
0
40
0
40
0
40
1
40
1
40
1
10
-45.33888191932391
20
-93.701498024165645
30
0
10
-45.472306171595562
20
-93.665481917560115
30
0
10
-45.545976022421826
20
-93.568074218928828
30
0
0
SPLINE
5
1888
100
AcDbEntity
8
0
100
AcDbSpline
70
0
71
2
72
6
73
3
74
0
42
0.000000001
43
0.0000000001
44
0.0000000001
40
0
40
0
40
0
40
1
40
1
40
1
10
-45.545976022421826
20
-93.568074218928828
30
0
10
-45.619645873248089
20
-93.470665924251094
30
0
10
-45.619645873248089
20
-93.319233767688289
30
0
0
SPLINE
5
1889
100
AcDbEntity
8
0
100
AcDbSpline
70
0
71
2
72
6
73
3
74
0
42
0.000000001
43
0.0000000001
44
0.0000000001
40
0
40
0
40
0
40
1
40
1
40
1
10
-45.619645873248089
20
-93.319233767688289
30
0
10
-45.619645873248089
20
-93.128510825335994
30
0
10
-45.502183446824063
20
-93.01677774637939
30
0
0
SPLINE
5
1890
100
AcDbEntity
8
0
100
AcDbSpline
70
0
71
2
72
6
73
3
74
0
42
0.000000001
43
0.0000000001
44
0.0000000001
40
0
40
0
40
0
40
1
40
1
40
1
10
-45.502183446824063
20
-93.01677774637939
30
0
10
-45.384721020400036
20
-92.905045263469233
30
0
10
-45.172715494572628
20
-92.905045263469233
30
0
0
SPLINE
5
1891
100
AcDbEntity
8
0
100
AcDbSpline
70
0
71
2
72
6
73
3
74
0
42
0.000000001
43
0.0000000001
44
0.0000000001
40
0
40
0
40
0
40
1
40
1
40
1
10
-45.172715494572628
20
-92.905045263469233
30
0
10
-44.9533430581684
20
-92.905045263469233
30
0
10
-44.83219713920306
20
-93.018005602061763
30
0
0
SPLINE
5
1892
100
AcDbEntity
8
0
100
AcDbSpline
70
0
71
2
72
6
73
3
74
0
42
0.000000001
43
0.0000000001
44
0.0000000001
40
0
40
0
40
0
40
1
40
1
40
1
10
-44.83219713920306
20
-93.018005602061763
30
0
10
-44.711051145731915
20
-93.130965940654292
30
0
10
-44.711051145731915
20
-93.311048261821284
30
0
0
SPLINE
5
1893
100
AcDbEntity
8
0
100
AcDbSpline
70
0
71
2
72
6
73
3
74
0
42
0.000000001
43
0.0000000001
44
0.0000000001
40
0
40
0
40
0
40
1
40
1
40
1
10
-44.711051145731915
20
-93.311048261821284
30
0
10
-44.711051145731915
20
-93.48540019243957
30
0
10
-44.829741427838314
20
-93.595904819667354
30
0
0
SPLINE
5
1894
100
AcDbEntity
8
0
100
AcDbSpline
70
0
71
2
72
6
73
3
74
0
42
0.000000001
43
0.0000000001
44
0.0000000001
40
0
40
0
40
0
40
1
40
1
40
1
10
-44.829741427838314
20
-93.595904819667354
30
0
10
-44.94843178445052
20
-93.706409446895137
30
0
10
-45.163711318909634
20
-93.706409446895137
30
0
0
SPLINE
5
1895
100
AcDbEntity
8
0
100
AcDbSpline
70
0
71
2
72
6
73
3
74
0
42
0.000000001
43
0.0000000001
44
0.0000000001
40
0
40
0
40
0
40
1
40
1
40
1
10
-45.163711318909634
20
-93.706409446895137
30
0
10
-45.176808247506131
20
-93.706409446895137
30
0
10
-45.203001955687512
20
-93.705591075122371
30
0
0
LINE
5
1896
100
AcDbEntity
8
0
100
AcDbLine
10
-45.203001955687512
20
-93.705591075122371
30
0
11
-45.203001955687512
21
-93.057296387851252
31
0
0
SPLINE
5
1897
100
AcDbEntity
8
0
100
AcDbSpline
70
0
71
2
72
6
73
3
74
0
42
0.000000001
43
0.0000000001
44
0.0000000001
40
0
40
0
40
0
40
1
40
1
40
1
10
-45.203001955687512
20
-93.057296387851252
30
0
10
-45.346248904406536
20
-93.065481893718257
30
0
10
-45.422374466597546
20
-93.13833307474853
30
0
0
SPLINE
5
1898
100
AcDbEntity
8
0
100
AcDbSpline
70
0
71
2
72
6
73
3
74
0
42
0.000000001
43
0.0000000001
44
0.0000000001
40
0
40
0
40
0
40
1
40
1
40
1
10
-45.422374466597546
20
-93.13833307474853
30
0
10
-45.498499879776944
20
-93.211184255778804
30
0
10
-45.498499879776944
20
-93.320052139461055
30
0
0
SPLINE
5
1899
100
AcDbEntity
8
0
100
AcDbSpline
70
0
71
2
72
6
73
3
74
0
42
0.000000001
43
0.0000000001
44
0.0000000001
40
0
40
0
40
0
40
1
40
1
40
1
10
-45.498499879776944
20
-93.320052139461055
30
0
10
-45.498499879776944
20
-93.40108942240478
30
0
10
-45.455935159861554
20
-93.458387963473811
30
0
0
SPLINE
5
1900
100
AcDbEntity
8
0
100
AcDbSpline
70
0
71
2
72
6
73
3
74
0
42
0.000000001
43
0.0000000001
44
0.0000000001
40
0
40
0
40
0
40
1
40
1
40
1
10
-45.455935159861554
20
-93.458387963473811
30
0
10
-45.413370290934552
20
-93.515686504542842
30
0
10
-45.320055196225155
20
-93.549247495830073
30
0
0
LINE
5
1901
100
AcDbEntity
8
0
100
AcDbLine
10
-45.081855962216366
20
-93.065481893718257
30
0
11
-45.081855962216366
21
-93.550884239375605
31
0
0
SPLINE
5
1902
100
AcDbEntity
8
0
100
AcDbSpline
70
0
71
2
72
6
73
3
74
0
42
0.000000001
43
0.0000000001
44
0.0000000001
40
0
40
0
40
0
40
1
40
1
40
1
10
-45.081855962216366
20
-93.550884239375605
30
0
10
-44.972169855772961
20
-93.541061393916621
30
0
10
-44.917326728045452
20
-93.495223037898555
30
0
0
SPLINE
5
1903
100
AcDbEntity
8
0
100
AcDbSpline
70
0
71
2
72
6
73
3
74
0
42
0.000000001
43
0.0000000001
44
0.0000000001
40
0
40
0
40
0
40
1
40
1
40
1
10
-44.917326728045452
20
-93.495223037898555
30
0
10
-44.83219713920306
20
-93.42482697218658
30
0
10
-44.83219713920306
20
-93.312685005366816
30
0
0
SPLINE
5
1904
100
AcDbEntity
8
0
100
AcDbSpline
70
0
71
2
72
6
73
3
74
0
42
0.000000001
43
0.0000000001
44
0.0000000001
40
0
40
0
40
0
40
1
40
1
40
1
10
-44.83219713920306
20
-93.312685005366816
30
0
10
-44.83219713920306
20
-93.211184255778804
30
0
10
-44.900137046515454
20
-93.142016641795649
30
0
0
SPLINE
5
1905
100
AcDbEntity
8
0
100
AcDbSpline
70
0
71
2
72
6
73
3
74
0
42
0.000000001
43
0.0000000001
44
0.0000000001
40
0
40
0
40
0
40
1
40
1
40
1
10
-44.900137046515454
20
-93.142016641795649
30
0
10
-44.968077028333653
20
-93.072849027812495
30
0
10
-45.081855962216366
20
-93.065481893718257
30
0
0
LINE
5
1906
100
AcDbEntity
8
0
100
AcDbLine
10
-45.340519109904278
20
-93.827555887401118
30
0
11
-45.317599484860409
21
-93.973258249461665
31
0
0
SPLINE
5
1907
100
AcDbEntity
8
0
100
AcDbSpline
70
0
71
2
72
6
73
3
74
0
42
0.000000001
43
0.0000000001
44
0.0000000001
40
0
40
0
40
0
40
1
40
1
40
1
10
-45.317599484860409
20
-93.973258249461665
30
0
10
-45.405184785067547
20
-93.985536806285396
30
0
10
-45.451842406928051
20
-94.041607491672053
30
0
0
SPLINE
5
1908
100
AcDbEntity
8
0
100
AcDbSpline
70
0
71
2
72
6
73
3
74
0
42
0.000000001
43
0.0000000001
44
0.0000000001
40
0
40
0
40
0
40
1
40
1
40
1
10
-45.451842406928051
20
-94.041607491672053
30
0
10
-45.498499879776944
20
-94.097678177058711
30
0
10
-45.498499879776944
20
-94.198360554873958
30
0
0
SPLINE
5
1909
100
AcDbEntity
8
0
100
AcDbSpline
70
0
71
2
72
6
73
3
74
0
42
0.000000001
43
0.0000000001
44
0.0000000001
40
0
40
0
40
0
40
1
40
1
40
1
10
-45.498499879776944
20
-94.198360554873958
30
0
10
-45.498499879776944
20
-94.29986130446197
30
0
10
-45.457163015543927
20
-94.348974935710444
30
0
0
SPLINE
5
1910
100
AcDbEntity
8
0
100
AcDbSpline
70
0
71
2
72
6
73
3
74
0
42
0.000000001
43
0.0000000001
44
0.0000000001
40
0
40
0
40
0
40
1
40
1
40
1
10
-45.457163015543927
20
-94.348974935710444
30
0
10
-45.415826002299298
20
-94.398087970912471
30
0
10
-45.360164353787411
20
-94.398087970912471
30
0
0
SPLINE
5
1911
100
AcDbEntity
8
0
100
AcDbSpline
70
0
71
2
72
6
73
3
74
0
42
0.000000001
43
0.0000000001
44
0.0000000001
40
0
40
0
40
0
40
1
40
1
40
1
10
-45.360164353787411
20
-94.398087970912471
30
0
10
-45.310232499777783
20
-94.398087970912471
30
0
10
-45.281583080231655
20
-94.354704134166255
30
0
0
SPLINE
5
1912
100
AcDbEntity
8
0
100
AcDbSpline
70
0
71
2
72
6
73
3
74
0
42
0.000000001
43
0.0000000001
44
0.0000000001
40
0
40
0
40
0
40
1
40
1
40
1
10
-45.281583080231655
20
-94.354704134166255
30
0
10
-45.261937836348523
20
-94.324417822062983
30
0
10
-45.231651375233639
20
-94.204090349376216
30
0
0
SPLINE
5
1913
100
AcDbEntity
8
0
100
AcDbSpline
70
0
71
2
72
6
73
3
74
0
42
0.000000001
43
0.0000000001
44
0.0000000001
40
0
40
0
40
0
40
1
40
1
40
1
10
-45.231651375233639
20
-94.204090349376216
30
0
10
-45.190723696887005
20
-94.04201697558166
30
0
10
-45.160846421658505
20
-93.97939752787353
30
0
0
SPLINE
5
1914
100
AcDbEntity
8
0
100
AcDbSpline
70
0
71
2
72
6
73
3
74
0
42
0.000000001
43
0.0000000001
44
0.0000000001
40
0
40
0
40
0
40
1
40
1
40
1
10
-45.160846421658505
20
-93.97939752787353
30
0
10
-45.130969295441616
20
-93.9167780801654
30
0
10
-45.078172544180859
20
-93.884444944560542
30
0
0
SPLINE
5
1915
100
AcDbEntity
8
0
100
AcDbSpline
70
0
71
2
72
6
73
3
74
0
42
0.000000001
43
0.0000000001
44
0.0000000001
40
0
40
0
40
0
40
1
40
1
40
1
10
-45.078172544180859
20
-93.884444944560542
30
0
10
-45.025375792920102
20
-93.852112405002131
30
0
10
-44.961528638541211
20
-93.852112405002131
30
0
0
SPLINE
5
1916
100
AcDbEntity
8
0
100
AcDbSpline
70
0
71
2
72
6
73
3
74
0
42
0.000000001
43
0.0000000001
44
0.0000000001
40
0
40
0
40
0
40
1
40
1
40
1
10
-44.961528638541211
20
-93.852112405002131
30
0
10
-44.903411278664578
20
-93.852112405002131
30
0
10
-44.853888759552945
20
-93.878715150058284
30
0
0
SPLINE
5
1917
100
AcDbEntity
8
0
100
AcDbSpline
70
0
71
2
72
6
73
3
74
0
42
0.000000001
43
0.0000000001
44
0.0000000001
40
0
40
0
40
0
40
1
40
1
40
1
10
-44.853888759552945
20
-93.878715150058284
30
0
10
-44.804366240441311
20
-93.905318491160884
30
0
10
-44.771624142467488
20
-93.951157443225398
30
0
0
SPLINE
5
1918
100
AcDbEntity
8
0
100
AcDbSpline
70
0
71
2
72
6
73
3
74
0
42
0.000000001
43
0.0000000001
44
0.0000000001
40
0
40
0
40
0
40
1
40
1
40
1
10
-44.771624142467488
20
-93.951157443225398
30
0
10
-44.746248955070484
20
-93.985536806285396
30
0
10
-44.728650013148297
20
-94.044881574809565
30
0
0
SPLINE
5
1919
100
AcDbEntity
8
0
100
AcDbSpline
70
0
71
2
72
6
73
3
74
0
42
0.000000001
43
0.0000000001
44
0.0000000001
40
0
40
0
40
0
40
1
40
1
40
1
10
-44.728650013148297
20
-94.044881574809565
30
0
10
-44.711051145731915
20
-94.104226939380183
30
0
10
-44.711051145731915
20
-94.172167293727412
30
0
0
SPLINE
5
1920
100
AcDbEntity
8
0
100
AcDbSpline
70
0
71
2
72
6
73
3
74
0
42
0.000000001
43
0.0000000001
44
0.0000000001
40
0
40
0
40
0
40
1
40
1
40
1
10
-44.711051145731915
20
-94.172167293727412
30
0
10
-44.711051145731915
20
-94.274485819041743
30
0
10
-44.74051908606242
20
-94.35183953493835
30
0
0
SPLINE
5
1921
100
AcDbEntity
8
0
100
AcDbSpline
70
0
71
2
72
6
73
3
74
0
42
0.000000001
43
0.0000000001
44
0.0000000001
40
0
40
0
40
0
40
1
40
1
40
1
10
-44.74051908606242
20
-94.35183953493835
30
0
10
-44.769987026392933
20
-94.429193250834956
30
0
10
-44.820328066288944
20
-94.466027729213252
30
0
0
SPLINE
5
1922
100
AcDbEntity
8
0
100
AcDbSpline
70
0
71
2
72
6
73
3
74
0
42
0.000000001
43
0.0000000001
44
0.0000000001
40
0
40
0
40
0
40
1
40
1
40
1
10
-44.820328066288944
20
-94.466027729213252
30
0
10
-44.870669106184955
20
-94.502862803637996
30
0
10
-44.954980174242969
20
-94.516778104007258
30
0
0
LINE
5
1923
100
AcDbEntity
8
0
100
AcDbLine
10
-44.954980174242969
20
-94.516778104007258
30
0
11
-44.974625492631908
21
-94.372713081538691
31
0
0
SPLINE
5
1924
100
AcDbEntity
8
0
100
AcDbSpline
70
0
71
2
72
6
73
3
74
0
42
0.000000001
43
0.0000000001
44
0.0000000001
40
0
40
0
40
0
40
1
40
1
40
1
10
-44.974625492631901
20
-94.372713081538691
30
0
10
-44.90750403159808
20
-94.362890236079707
30
0
10
-44.86985058540057
20
-94.315822832286372
30
0
0
SPLINE
5
1925
100
AcDbEntity
8
0
100
AcDbSpline
70
0
71
2
72
6
73
3
74
0
42
0.000000001
43
0.0000000001
44
0.0000000001
40
0
40
0
40
0
40
1
40
1
40
1
10
-44.86985058540057
20
-94.315822832286372
30
0
10
-44.83219713920306
20
-94.268756620585933
30
0
10
-44.83219713920306
20
-94.182807914912715
30
0
0
SPLINE
5
1926
100
AcDbEntity
8
0
100
AcDbSpline
70
0
71
2
72
6
73
3
74
0
42
0.000000001
43
0.0000000001
44
0.0000000001
40
0
40
0
40
0
40
1
40
1
40
1
10
-44.83219713920306
20
-94.182807914912715
30
0
10
-44.83219713920306
20
-94.081307165324702
30
0
10
-44.865757832467068
20
-94.037923924624934
30
0
0
SPLINE
5
1927
100
AcDbEntity
8
0
100
AcDbSpline
70
0
71
2
72
6
73
3
74
0
42
0.000000001
43
0.0000000001
44
0.0000000001
40
0
40
0
40
0
40
1
40
1
40
1
10
-44.865757832467068
20
-94.037923924624934
30
0
10
-44.899318525731076
20
-93.994540683925166
30
0
10
-44.944338957011212
20
-93.994540683925166
30
0
0
SPLINE
5
1928
100
AcDbEntity
8
0
100
AcDbSpline
70
0
71
2
72
6
73
3
74
0
42
0.000000001
43
0.0000000001
44
0.0000000001
40
0
40
0
40
0
40
1
40
1
40
1
10
-44.944338957011212
20
-93.994540683925166
30
0
10
-44.972988376557339
20
-93.994540683925166
30
0
10
-44.995907852589596
20
-94.012549035251155
30
0
0
SPLINE
5
1929
100
AcDbEntity
8
0
100
AcDbSpline
70
0
71
2
72
6
73
3
74
0
42
0.000000001
43
0.0000000001
44
0.0000000001
40
0
40
0
40
0
40
1
40
1
40
1
10
-44.995907852589596
20
-94.012549035251155
30
0
10
-45.019645923912037
20
-94.030557386577144
30
0
10
-45.035198414861668
20
-94.069029204547419
30
0
0
SPLINE
5
1930
100
AcDbEntity
8
0
100
AcDbSpline
70
0
71
2
72
6
73
3
74
0
42
0.000000001
43
0.0000000001
44
0.0000000001
40
0
40
0
40
0
40
1
40
1
40
1
10
-45.035198414861668
20
-94.069029204547419
30
0
10
-45.043383995234478
20
-94.091130010783687
30
0
10
-45.072851935564984
20
-94.199178926646724
30
0
0
SPLINE
5
1931
100
AcDbEntity
8
0
100
AcDbSpline
70
0
71
2
72
6
73
3
74
0
42
0.000000001
43
0.0000000001
44
0.0000000001
40
0
40
0
40
0
40
1
40
1
40
1
10
-45.072851935564984
20
-94.199178926646724
30
0
10
-45.114598134695996
20
-94.355523101985469
30
0
10
-45.141201177775379
20
-94.417323581874385
30
0
0
SPLINE
5
1932
100
AcDbEntity
8
0
100
AcDbSpline
70
0
71
2
72
6
73
3
74
0
42
0.000000001
43
0.0000000001
44
0.0000000001
40
0
40
0
40
0
40
1
40
1
40
1
10
-45.141201177775379
20
-94.417323581874385
30
0
10
-45.167804071843143
20
-94.479124657809749
30
0
10
-45.21855444663715
20
-94.514322392642512
30
0
0
SPLINE
5
1933
100
AcDbEntity
8
0
100
AcDbSpline
70
0
71
2
72
6
73
3
74
0
42
0.000000001
43
0.0000000001
44
0.0000000001
40
0
40
0
40
0
40
1
40
1
40
1
10
-45.21855444663715
20
-94.514322392642512
30
0
10
-45.269304821431156
20
-94.549520723521724
30
0
10
-45.344611862837787
20
-94.549520723521724
30
0
0
SPLINE
5
1934
100
AcDbEntity
8
0
100
AcDbSpline
70
0
71
2
72
6
73
3
74
0
42
0.000000001
43
0.0000000001
44
0.0000000001
40
0
40
0
40
0
40
1
40
1
40
1
10
-45.344611862837787
20
-94.549520723521724
30
0
10
-45.418281713664051
20
-94.549520723521724
30
0
10
-45.483356723725315
20
-94.506545774638667
30
0
0
SPLINE
5
1935
100
AcDbEntity
8
0
100
AcDbSpline
70
0
71
2
72
6
73
3
74
0
42
0.000000001
43
0.0000000001
44
0.0000000001
40
0
40
0
40
0
40
1
40
1
40
1
10
-45.483356723725315
20
-94.506545774638667
30
0
10
-45.548431733786579
20
-94.463572017848506
30
0
10
-45.584038803517331
20
-94.382535330951228
30
0
0
SPLINE
5
1936
100
AcDbEntity
8
0
100
AcDbSpline
70
0
71
2
72
6
73
3
74
0
42
0.000000001
43
0.0000000001
44
0.0000000001
40
0
40
0
40
0
40
1
40
1
40
1
10
-45.584038803517331
20
-94.382535330951228
30
0
10
-45.619645873248089
20
-94.30149864405395
30
0
10
-45.619645873248089
20
-94.199178926646724
30
0
0
SPLINE
5
1937
100
AcDbEntity
8
0
100
AcDbSpline
70
0
71
2
72
6
73
3
74
0
42
0.000000001
43
0.0000000001
44
0.0000000001
40
0
40
0
40
0
40
1
40
1
40
1
10
-45.619645873248089
20
-94.199178926646724
30
0
10
-45.619645873248089
20
-94.02973841875793
30
0
10
-45.54925025457095
20
-93.940925113856807
30
0
0
SPLINE
5
1938
100
AcDbEntity
8
0
100
AcDbSpline
70
0
71
2
72
6
73
3
74
0
42
0.000000001
43
0.0000000001
44
0.0000000001
40
0
40
0
40
0
40
1
40
1
40
1
10
-45.54925025457095
20
-93.940925113856807
30
0
10
-45.478854635893811
20
-93.852112405002131
30
0
10
-45.340519109904278
20
-93.827555887401118
30
0
0
LINE
5
1939
100
AcDbEntity
8
0
100
AcDbLine
10
-45.320055196225162
20
-95.319779627025142
30
0
11
-45.338881919323917
21
-95.472030155360713
31
0
0
SPLINE
5
1940
100
AcDbEntity
8
0
100
AcDbSpline
70
0
71
2
72
6
73
3
74
0
42
0.000000001
43
0.0000000001
44
0.0000000001
40
0
40
0
40
0
40
1
40
1
40
1
10
-45.338881919323917
20
-95.472030155360713
30
0
10
-45.472306171595569
20
-95.436014644801631
30
0
10
-45.545976022421833
20
-95.338606350123897
30
0
0
SPLINE
5
1941
100
AcDbEntity
8
0
100
AcDbSpline
70
0
71
2
72
6
73
3
74
0
42
0.000000001
43
0.0000000001
44
0.0000000001
40
0
40
0
40
0
40
1
40
1
40
1
10
-45.545976022421833
20
-95.338606350123897
30
0
10
-45.619645873248096
20
-95.241198055446162
30
0
10
-45.619645873248096
20
-95.089765898883357
30
0
0
SPLINE
5
1942
100
AcDbEntity
8
0
100
AcDbSpline
70
0
71
2
72
6
73
3
74
0
42
0.000000001
43
0.0000000001
44
0.0000000001
40
0
40
0
40
0
40
1
40
1
40
1
10
-45.619645873248096
20
-95.089765898883357
30
0
10
-45.619645873248096
20
-94.899042956531062
30
0
10
-45.50218344682407
20
-94.787309877574458
30
0
0
SPLINE
5
1943
100
AcDbEntity
8
0
100
AcDbSpline
70
0
71
2
72
6
73
3
74
0
42
0.000000001
43
0.0000000001
44
0.0000000001
40
0
40
0
40
0
40
1
40
1
40
1
10
-45.50218344682407
20
-94.787309877574458
30
0
10
-45.384721020400043
20
-94.675577394664302
30
0
10
-45.172715494572635
20
-94.675577394664302
30
0
0
SPLINE
5
1944
100
AcDbEntity
8
0
100
AcDbSpline
70
0
71
2
72
6
73
3
74
0
42
0.000000001
43
0.0000000001
44
0.0000000001
40
0
40
0
40
0
40
1
40
1
40
1
10
-45.172715494572635
20
-94.675577394664302
30
0
10
-44.953343058168407
20
-94.675577394664302
30
0
10
-44.832197139203068
20
-94.788537733256831
30
0
0
SPLINE
5
1945
100
AcDbEntity
8
0
100
AcDbSpline
70
0
71
2
72
6
73
3
74
0
42
0.000000001
43
0.0000000001
44
0.0000000001
40
0
40
0
40
0
40
1
40
1
40
1
10
-44.832197139203068
20
-94.788537733256831
30
0
10
-44.711051145731922
20
-94.901498667895808
30
0
10
-44.711051145731922
20
-95.081580393016353
30
0
0
SPLINE
5
1946
100
AcDbEntity
8
0
100
AcDbSpline
70
0
71
2
72
6
73
3
74
0
42
0.000000001
43
0.0000000001
44
0.0000000001
40
0
40
0
40
0
40
1
40
1
40
1
10
-44.711051145731922
20
-95.081580393016353
30
0
10
-44.711051145731922
20
-95.255932323634639
30
0
10
-44.829741427838321
20
-95.366436950862422
30
0
0
SPLINE
5
1947
100
AcDbEntity
8
0
100
AcDbSpline
70
0
71
2
72
6
73
3
74
0
42
0.000000001
43
0.0000000001
44
0.0000000001
40
0
40
0
40
0
40
1
40
1
40
1
10
-44.829741427838321
20
-95.366436950862422
30
0
10
-44.948431784450527
20
-95.476941578090205
30
0
10
-45.163711318909641
20
-95.476941578090205
30
0
0
SPLINE
5
1948
100
AcDbEntity
8
0
100
AcDbSpline
70
0
71
2
72
6
73
3
74
0
42
0.000000001
43
0.0000000001
44
0.0000000001
40
0
40
0
40
0
40
1
40
1
40
1
10
-45.163711318909641
20
-95.476941578090205
30
0
10
-45.176808247506138
20
-95.476941578090205
30
0
10
-45.203001955687519
20
-95.476123802363887
30
0
0
LINE
5
1949
100
AcDbEntity
8
0
100
AcDbLine
10
-45.203001955687519
20
-95.476123802363887
30
0
11
-45.203001955687519
21
-94.827829115092769
31
0
0
SPLINE
5
1950
100
AcDbEntity
8
0
100
AcDbSpline
70
0
71
2
72
6
73
3
74
0
42
0.000000001
43
0.0000000001
44
0.0000000001
40
0
40
0
40
0
40
1
40
1
40
1
10
-45.203001955687519
20
-94.827829115092769
30
0
10
-45.346248904406544
20
-94.836014024913325
30
0
10
-45.422374466597553
20
-94.908865205943599
30
0
0
SPLINE
5
1951
100
AcDbEntity
8
0
100
AcDbSpline
70
0
71
2
72
6
73
3
74
0
42
0.000000001
43
0.0000000001
44
0.0000000001
40
0
40
0
40
0
40
1
40
1
40
1
10
-45.422374466597553
20
-94.908865205943599
30
0
10
-45.498499879776951
20
-94.98171698302032
30
0
10
-45.498499879776951
20
-95.090584270656123
30
0
0
SPLINE
5
1952
100
AcDbEntity
8
0
100
AcDbSpline
70
0
71
2
72
6
73
3
74
0
42
0.000000001
43
0.0000000001
44
0.0000000001
40
0
40
0
40
0
40
1
40
1
40
1
10
-45.498499879776951
20
-95.090584270656123
30
0
10
-45.498499879776951
20
-95.171621553599849
30
0
10
-45.455935159861561
20
-95.228920094668879
30
0
0
SPLINE
5
1953
100
AcDbEntity
8
0
100
AcDbSpline
70
0
71
2
72
6
73
3
74
0
42
0.000000001
43
0.0000000001
44
0.0000000001
40
0
40
0
40
0
40
1
40
1
40
1
10
-45.455935159861561
20
-95.228920094668879
30
0
10
-45.413370290934559
20
-95.28621863573791
30
0
10
-45.320055196225162
20
-95.319779627025142
30
0
0
LINE
5
1954
100
AcDbEntity
8
0
100
AcDbLine
10
-45.081855962216373
20
-94.836014024913325
30
0
11
-45.081855962216373
21
-95.321416370570674
31
0
0
SPLINE
5
1955
100
AcDbEntity
8
0
100
AcDbSpline
70
0
71
2
72
6
73
3
74
0
42
0.000000001
43
0.0000000001
44
0.0000000001
40
0
40
0
40
0
40
1
40
1
40
1
10
-45.081855962216373
20
-95.321416370570674
30
0
10
-44.972169855772968
20
-95.311594121158137
30
0
10
-44.91732672804546
20
-95.265755169093623
30
0
0
SPLINE
5
1956
100
AcDbEntity
8
0
100
AcDbSpline
70
0
71
2
72
6
73
3
74
0
42
0.000000001
43
0.0000000001
44
0.0000000001
40
0
40
0
40
0
40
1
40
1
40
1
10
-44.91732672804546
20
-95.265755169093623
30
0
10
-44.832197139203068
20
-95.195359699428096
30
0
10
-44.832197139203068
20
-95.083217136561885
30
0
0
SPLINE
5
1957
100
AcDbEntity
8
0
100
AcDbSpline
70
0
71
2
72
6
73
3
74
0
42
0.000000001
43
0.0000000001
44
0.0000000001
40
0
40
0
40
0
40
1
40
1
40
1
10
-44.832197139203068
20
-95.083217136561885
30
0
10
-44.832197139203068
20
-94.98171698302032
30
0
10
-44.900137046515461
20
-94.912548772990718
30
0
0
SPLINE
5
1958
100
AcDbEntity
8
0
100
AcDbSpline
70
0
71
2
72
6
73
3
74
0
42
0.000000001
43
0.0000000001
44
0.0000000001
40
0
40
0
40
0
40
1
40
1
40
1
10
-44.900137046515461
20
-94.912548772990718
30
0
10
-44.96807702833366
20
-94.843381159007563
30
0
10
-45.081855962216373
20
-94.836014024913325
30
0
0
LINE
5
1959
100
AcDbEntity
8
0
100
AcDbLine
10
-45.468213418662067
20
-95.97871553152801
30
0
11
-45.598363587796207
21
-95.999997369945063
31
0
0
SPLINE
5
1960
100
AcDbEntity
8
0
100
AcDbSpline
70
0
71
2
72
6
73
3
74
0
42
0.000000001
43
0.0000000001
44
0.0000000001
40
0
40
0
40
0
40
1
40
1
40
1
10
-45.598363587796207
20
-95.999997369945063
30
0
10
-45.611460367381092
20
-95.937788002192988
30
0
10
-45.611460367381092
20
-95.888674370944514
30
0
0
SPLINE
5
1961
100
AcDbEntity
8
0
100
AcDbSpline
70
0
71
2
72
6
73
3
74
0
42
0.000000001
43
0.0000000001
44
0.0000000001
40
0
40
0
40
0
40
1
40
1
40
1
10
-45.611460367381092
20
-95.888674370944514
30
0
10
-45.611460367381092
20
-95.80845665186645
30
0
10
-45.586085179984089
20
-95.764254443347468
30
0
0
SPLINE
5
1962
100
AcDbEntity
8
0
100
AcDbSpline
70
0
71
2
72
6
73
3
74
0
42
0.000000001
43
0.0000000001
44
0.0000000001
40
0
40
0
40
0
40
1
40
1
40
1
10
-45.586085179984089
20
-95.764254443347468
30
0
10
-45.560709992587086
20
-95.720052234828486
30
0
10
-45.519373128354069
20
-95.702044479548945
30
0
0
SPLINE
5
1963
100
AcDbEntity
8
0
100
AcDbSpline
70
0
71
2
72
6
73
3
74
0
42
0.000000001
43
0.0000000001
44
0.0000000001
40
0
40
0
40
0
40
1
40
1
40
1
10
-45.519373128354069
20
-95.702044479548945
30
0
10
-45.47803611510944
20
-95.684036128222957
30
0
10
-45.345430383622165
20
-95.684036128222957
30
0
0
LINE
5
1964
100
AcDbEntity
8
0
100
AcDbLine
10
-45.345430383622165
20
-95.684036128222957
30
0
11
-44.845293918787952
21
-95.684036128222957
31
0
0
LINE
5
1965
100
AcDbEntity
8
0
100
AcDbLine
10
-44.845293918787952
20
-95.684036128222957
30
0
11
-44.845293918787952
21
-95.575986616313472
31
0
0
LINE
5
1966
100
AcDbEntity
8
0
100
AcDbLine
10
-44.845293918787952
20
-95.575986616313472
30
0
11
-44.730696389615055
21
-95.575986616313472
31
0
0
LINE
5
1967
100
AcDbEntity
8
0
100
AcDbLine
10
-44.730696389615055
20
-95.575986616313472
30
0
11
-44.730696389615055
21
-95.684036128222957
31
0
0
LINE
5
1968
100
AcDbEntity
8
0
100
AcDbLine
10
-44.730696389615055
20
-95.684036128222957
30
0
11
-44.515416706144329
21
-95.684036128222957
31
0
0
LINE
5
1969
100
AcDbEntity
8
0
100
AcDbLine
10
-44.515416706144329
20
-95.684036128222957
30
0
11
-44.427012885152813
21
-95.83055686205627
31
0
0
LINE
5
1970
100
AcDbEntity
8
0
100
AcDbLine
10
-44.427012885152813
20
-95.83055686205627
30
0
11
-44.730696389615055
21
-95.83055686205627
31
0
0
LINE
5
1971
100
AcDbEntity
8
0
100
AcDbLine
10
-44.730696389615055
20
-95.83055686205627
30
0
11
-44.730696389615055
21
-95.97871553152801
31
0
0
LINE
5
1972
100
AcDbEntity
8
0
100
AcDbLine
10
-44.730696389615055
20
-95.97871553152801
30
0
11
-44.845293918787952
21
-95.97871553152801
31
0
0
LINE
5
1973
100
AcDbEntity
8
0
100
AcDbLine
10
-44.845293918787952
20
-95.97871553152801
30
0
11
-44.845293918787952
21
-95.83055686205627
31
0
0
LINE
5
1974
100
AcDbEntity
8
0
100
AcDbLine
10
-44.845293918787952
20
-95.83055686205627
30
0
11
-45.35361588948917
21
-95.83055686205627
31
0
0
SPLINE
5
1975
100
AcDbEntity
8
0
100
AcDbSpline
70
0
71
2
72
6
73
3
74
0
42
0.000000001
43
0.0000000001
44
0.0000000001
40
0
40
0
40
0
40
1
40
1
40
1
10
-45.35361588948917
20
-95.83055686205627
30
0
10
-45.416644523083683
20
-95.83055686205627
30
0
10
-45.43465272539806
20
-95.838333480060115
30
0
0
SPLINE
5
1976
100
AcDbEntity
8
0
100
AcDbSpline
70
0
71
2
72
6
73
3
74
0
42
0.000000001
43
0.0000000001
44
0.0000000001
40
0
40
0
40
0
40
1
40
1
40
1
10
-45.43465272539806
20
-95.838333480060115
30
0
10
-45.452660927712436
20
-95.84611009806396
30
0
10
-45.463302144944187
20
-95.863708965480342
30
0
0
SPLINE
5
1977
100
AcDbEntity
8
0
100
AcDbSpline
70
0
71
2
72
6
73
3
74
0
42
0.000000001
43
0.0000000001
44
0.0000000001
40
0
40
0
40
0
40
1
40
1
40
1
10
-45.463302144944187
20
-95.863708965480342
30
0
10
-45.473943362175937
20
-95.881307832896724
30
0
10
-45.473943362175937
20
-95.914049856364741
30
0
0
SPLINE
5
1978
100
AcDbEntity
8
0
100
AcDbSpline
70
0
71
2
72
6
73
3
74
0
42
0.000000001
43
0.0000000001
44
0.0000000001
40
0
40
0
40
0
40
1
40
1
40
1
10
-45.473943362175937
20
-95.914049856364741
30
0
10
-45.473943362175937
20
-95.938606373965754
30
0
10
-45.468213418662067
20
-95.97871553152801
30
0
0
LINE
5
1979
100
AcDbEntity
8
0
100
AcDbLine
10
-50.704768396918347
20
-89.555818949585444
30
0
11
-50.704768396918347
21
-89.714618538265711
31
0
0
LINE
5
1980
100
AcDbEntity
8
0
100
AcDbLine
10
-50.704768396918347
20
-89.714618538265711
30
0
11
-51.398083664481213
21
-89.714618538265697
31
0
0
SPLINE
5
1981
100
AcDbEntity
8
0
100
AcDbSpline
70
0
71
2
72
6
73
3
74
0
42
0.000000001
43
0.0000000001
44
0.0000000001
40
0
40
0
40
0
40
1
40
1
40
1
10
-51.398083664481213
20
-89.714618538265711
30
0
10
-51.578984059397747
20
-89.714618538265697
30
0
10
-51.685395933692028
20
-89.673690710907451
30
0
0
SPLINE
5
1982
100
AcDbEntity
8
0
100
AcDbSpline
70
0
71
2
72
6
73
3
74
0
42
0.000000001
43
0.0000000001
44
0.0000000001
40
0
40
0
40
0
40
1
40
1
40
1
10
-51.685395933692028
20
-89.673690710907451
30
0
10
-51.791807956997921
20
-89.632763181572429
30
0
10
-51.858520157639553
20
-89.525941823368541
30
0
0
SPLINE
5
1983
100
AcDbEntity
8
0
100
AcDbSpline
70
0
71
2
72
6
73
3
74
0
42
0.000000001
43
0.0000000001
44
0.0000000001
40
0
40
0
40
0
40
1
40
1
40
1
10
-51.858520157639553
20
-89.525941823368541
30
0
10
-51.925232358281185
20
-89.419120465164653
30
0
10
-51.925232358281185
20
-89.245587204342357
30
0
0
SPLINE
5
1984
100
AcDbEntity
8
0
100
AcDbSpline
70
0
71
2
72
6
73
3
74
0
42
0.000000001
43
0.0000000001
44
0.0000000001
40
0
40
0
40
0
40
1
40
1
40
1
10
-51.925232358281185
20
-89.245587204342357
30
0
10
-51.925232358281185
20
-89.076965068226329
30
0
10
-51.867114998404553
20
-88.969734524136058
30
0
0
SPLINE
5
1985
100
AcDbEntity
8
0
100
AcDbSpline
70
0
71
2
72
6
73
3
74
0
42
0.000000001
43
0.0000000001
44
0.0000000001
40
0
40
0
40
0
40
1
40
1
40
1
10
-51.867114998404553
20
-88.969734524136058
30
0
10
-51.80899763852792
20
-88.862503980045787
30
0
10
-51.69890219718652
20
-88.816664878969661
30
0
0
SPLINE
5
1986
100
AcDbEntity
8
0
100
AcDbSpline
70
0
71
2
72
6
73
3
74
0
42
0.000000001
43
0.0000000001
44
0.0000000001
40
0
40
0
40
0
40
1
40
1
40
1
10
-51.69890219718652
20
-88.816664878969661
30
0
10
-51.588806606833508
20
-88.770825926905147
30
0
10
-51.398083664481213
20
-88.770825926905161
30
0
0
LINE
5
1987
100
AcDbEntity
8
0
100
AcDbLine
10
-51.398083664481213
20
-88.770825926905161
30
0
11
-50.704768396918347
21
-88.770825926905189
31
0
0
LINE
5
1988
100
AcDbEntity
8
0
100
AcDbLine
10
-50.704768396918347
20
-88.770825926905161
30
0
11
-50.704768396918347
21
-88.929625366573816
31
0
0
LINE
5
1989
100
AcDbEntity
8
0
100
AcDbLine
10
-50.704768396918347
20
-88.929625366573816
30
0
11
-51.397264994685223
21
-88.929625366573802
31
0
0
SPLINE
5
1990
100
AcDbEntity
8
0
100
AcDbSpline
70
0
71
2
72
6
73
3
74
0
42
0.000000001
43
0.0000000001
44
0.0000000001
40
0
40
0
40
0
40
1
40
1
40
1
10
-51.397264994685223
20
-88.929625366573816
30
0
10
-51.553608872000744
20
-88.929625366573802
30
0
10
-51.627687908713391
20
-88.958683972006313
30
0
0
SPLINE
5
1991
100
AcDbEntity
8
0
100
AcDbSpline
70
0
71
2
72
6
73
3
74
0
42
0.000000001
43
0.0000000001
44
0.0000000001
40
0
40
0
40
0
40
1
40
1
40
1
10
-51.627687908713391
20
-88.958683972006313
30
0
10
-51.701767094437649
20
-88.987742577438823
30
0
10
-51.741876251999905
20
-89.058547531013957
30
0
0
SPLINE
5
1992
100
AcDbEntity
8
0
100
AcDbSpline
70
0
71
2
72
6
73
3
74
0
42
0.000000001
43
0.0000000001
44
0.0000000001
40
0
40
0
40
0
40
1
40
1
40
1
10
-51.741876251999905
20
-89.058547531013957
30
0
10
-51.781985409562161
20
-89.129352484589091
30
0
10
-51.781985409562161
20
-89.23167160594987
30
0
0
SPLINE
5
1993
100
AcDbEntity
8
0
100
AcDbSpline
70
0
71
2
72
6
73
3
74
0
42
0.000000001
43
0.0000000001
44
0.0000000001
40
0
40
0
40
0
40
1
40
1
40
1
10
-51.781985409562161
20
-89.23167160594987
30
0
10
-51.781985409562161
20
-89.406842206364146
30
0
10
-51.702585615222027
20
-89.4813307269864
30
0
0
SPLINE
5
1994
100
AcDbEntity
8
0
100
AcDbSpline
70
0
71
2
72
6
73
3
74
0
42
0.000000001
43
0.0000000001
44
0.0000000001
40
0
40
0
40
0
40
1
40
1
40
1
10
-51.702585615222027
20
-89.4813307269864
30
0
10
-51.623185969893505
20
-89.555818949585429
30
0
10
-51.397264994685223
20
-89.555818949585444
30
0
0
LINE
5
1995
100
AcDbEntity
8
0
100
AcDbLine
10
-51.397264994685223
20
-89.555818949585444
30
0
11
-50.704768396918347
21
-89.555818949585472
31
0
0
LINE
5
1996
100
AcDbEntity
8
0
100
AcDbLine
10
-51.519229508940747
20
-89.924986873512736
30
0
11
-51.506132729355862
21
-90.074782286530009
31
0
0
SPLINE
5
1997
100
AcDbEntity
8
0
100
AcDbSpline
70
0
71
2
72
6
73
3
74
0
42
0.000000001
43
0.0000000001
44
0.0000000001
40
0
40
0
40
0
40
1
40
1
40
1
10
-51.506132729355869
20
-90.074782286530009
30
0
10
-51.596173591916141
20
-90.08542350376176
30
0
10
-51.653881616894779
20
-90.124304805641643
30
0
0
SPLINE
5
1998
100
AcDbEntity
8
0
100
AcDbSpline
70
0
71
2
72
6
73
3
74
0
42
0.000000001
43
0.0000000001
44
0.0000000001
40
0
40
0
40
0
40
1
40
1
40
1
10
-51.653881616894779
20
-90.124304805641643
30
0
10
-51.711589790885029
20
-90.163186107521526
30
0
10
-51.747196860615787
20
-90.245041464214793
30
0
0
SPLINE
5
1999
100
AcDbEntity
8
0
100
AcDbSpline
70
0
71
2
72
6
73
3
74
0
42
0.000000001
43
0.0000000001
44
0.0000000001
40
0
40
0
40
0
40
1
40
1
40
1
10
-51.747196860615787
20
-90.245041464214793
30
0
10
-51.782803930346546
20
-90.326896820908061
30
0
10
-51.782803930346546
20
-90.42921594226884
30
0
0
SPLINE
5
2000
100
AcDbEntity
8
0
100
AcDbSpline
70
0
71
2
72
6
73
3
74
0
42
0.000000001
43
0.0000000001
44
0.0000000001
40
0
40
0
40
0
40
1
40
1
40
1
10
-51.782803930346546
20
-90.42921594226884
30
0
10
-51.782803930346546
20
-90.520075474625102
30
0
10
-51.755791701380787
20
-90.589652572517863
30
0
0
SPLINE
5
2001
100
AcDbEntity
8
0
100
AcDbSpline
70
0
71
2
72
6
73
3
74
0
42
0.000000001
43
0.0000000001
44
0.0000000001
40
0
40
0
40
0
40
1
40
1
40
1
10
-51.755791701380787
20
-90.589652572517863
30
0
10
-51.728779323403415
20
-90.659229670410625
30
0
10
-51.681712515656528
20
-90.693199549561015
30
0
0
SPLINE
5
2002
100
AcDbEntity
8
0
100
AcDbSpline
70
0
71
2
72
6
73
3
74
0
42
0.000000001
43
0.0000000001
44
0.0000000001
40
0
40
0
40
0
40
1
40
1
40
1
10
-51.681712515656528
20
-90.693199549561015
30
0
10
-51.634645707909641
20
-90.72716972673463
30
0
10
-51.578984059397754
20
-90.72716972673463
30
0
0
SPLINE
5
2003
100
AcDbEntity
8
0
100
AcDbSpline
70
0
71
2
72
6
73
3
74
0
42
0.000000001
43
0.0000000001
44
0.0000000001
40
0
40
0
40
0
40
1
40
1
40
1
10
-51.578984059397754
20
-90.72716972673463
30
0
10
-51.522503741089878
20
-90.72716972673463
30
0
10
-51.480348207060871
20
-90.694427405243388
30
0
0
SPLINE
5
2004
100
AcDbEntity
8
0
100
AcDbSpline
70
0
71
2
72
6
73
3
74
0
42
0.000000001
43
0.0000000001
44
0.0000000001
40
0
40
0
40
0
40
1
40
1
40
1
10
-51.480348207060871
20
-90.694427405243388
30
0
10
-51.438192673031864
20
-90.661685381775371
30
0
10
-51.409543253485737
20
-90.586378489380365
30
0
0
SPLINE
5
2005
100
AcDbEntity
8
0
100
AcDbSpline
70
0
71
2
72
6
73
3
74
0
42
0.000000001
43
0.0000000001
44
0.0000000001
40
0
40
0
40
0
40
1
40
1
40
1
10
-51.409543253485737
20
-90.586378489380365
30
0
10
-51.390716530386982
20
-90.538083825951105
30
0
10
-51.351016707722721
20
-90.37273577297259
30
0
0
SPLINE
5
2006
100
AcDbEntity
8
0
100
AcDbSpline
70
0
71
2
72
6
73
3
74
0
42
0.000000001
43
0.0000000001
44
0.0000000001
40
0
40
0
40
0
40
1
40
1
40
1
10
-51.351016707722721
20
-90.37273577297259
30
0
10
-51.31131688505846
20
-90.207388018017298
30
0
10
-51.27611907571989
20
-90.141085301285273
30
0
0
SPLINE
5
2007
100
AcDbEntity
8
0
100
AcDbSpline
70
0
71
2
72
6
73
3
74
0
42
0.000000001
43
0.0000000001
44
0.0000000001
40
0
40
0
40
0
40
1
40
1
40
1
10
-51.27611907571989
20
-90.141085301285273
30
0
10
-51.231098569933941
20
-90.055136893635279
30
0
10
-51.164386443798115
20
-90.01298121059466
30
0
0
SPLINE
5
2008
100
AcDbEntity
8
0
100
AcDbSpline
70
0
71
2
72
6
73
3
74
0
42
0.000000001
43
0.0000000001
44
0.0000000001
40
0
40
0
40
0
40
1
40
1
40
1
10
-51.164386443798115
20
-90.01298121059466
30
0
10
-51.097674317662289
20
-89.970825825577265
30
0
10
-51.015000365678837
20
-89.970825825577265
30
0
0
SPLINE
5
2009
100
AcDbEntity
8
0
100
AcDbSpline
70
0
71
2
72
6
73
3
74
0
42
0.000000001
43
0.0000000001
44
0.0000000001
40
0
40
0
40
0
40
1
40
1
40
1
10
-51.015000365678837
20
-89.970825825577265
30
0
10
-50.924140907828381
20
-89.970825825577265
30
0
10
-50.845150448386242
20
-90.022394572144037
30
0
0
SPLINE
5
2010
100
AcDbEntity
8
0
100
AcDbSpline
70
0
71
2
72
6
73
3
74
0
42
0.000000001
43
0.0000000001
44
0.0000000001
40
0
40
0
40
0
40
1
40
1
40
1
10
-50.845150448386242
20
-90.022394572144037
30
0
10
-50.766159988944111
20
-90.073963616734034
30
0
10
-50.725232310597477
20
-90.1730086549573
30
0
0
SPLINE
5
2011
100
AcDbEntity
8
0
100
AcDbSpline
70
0
71
2
72
6
73
3
74
0
42
0.000000001
43
0.0000000001
44
0.0000000001
40
0
40
0
40
0
40
1
40
1
40
1
10
-50.725232310597477
20
-90.1730086549573
30
0
10
-50.684304557745037
20
-90.272053693180567
30
0
10
-50.684304557745037
20
-90.393199835663324
30
0
0
SPLINE
5
2012
100
AcDbEntity
8
0
100
AcDbSpline
70
0
71
2
72
6
73
3
74
0
42
0.000000001
43
0.0000000001
44
0.0000000001
40
0
40
0
40
0
40
1
40
1
40
1
10
-50.684304557745037
20
-90.393199835663324
30
0
10
-50.684304557745037
20
-90.526623938923365
30
0
10
-50.727278687064228
20
-90.62853387439776
30
0
0
SPLINE
5
2013
100
AcDbEntity
8
0
100
AcDbSpline
70
0
71
2
72
6
73
3
74
0
42
0.000000001
43
0.0000000001
44
0.0000000001
40
0
40
0
40
0
40
1
40
1
40
1
10
-50.727278687064228
20
-90.62853387439776
30
0
10
-50.770252741877613
20
-90.730443809872156
30
0
10
-50.853745214645443
20
-90.785286937599665
30
0
0
SPLINE
5
2014
100
AcDbEntity
8
0
100
AcDbSpline
70
0
71
2
72
6
73
3
74
0
42
0.000000001
43
0.0000000001
44
0.0000000001
40
0
40
0
40
0
40
1
40
1
40
1
10
-50.853745214645443
20
-90.785286937599665
30
0
10
-50.937237761919079
20
-90.840130065327173
30
0
10
-51.042831189934788
20
-90.844222818260675
30
0
0
LINE
5
2015
100
AcDbEntity
8
0
100
AcDbLine
10
-51.042831189934788
20
-90.844222818260675
30
0
11
-51.054290927950916
21
-90.691971693878656
31
0
0
SPLINE
5
2016
100
AcDbEntity
8
0
100
AcDbSpline
70
0
71
2
72
6
73
3
74
0
42
0.000000001
43
0.0000000001
44
0.0000000001
40
0
40
0
40
0
40
1
40
1
40
1
10
-51.054290927950916
20
-90.691971693878656
30
0
10
-50.940511919562397
20
-90.679693733101374
30
0
10
-50.88239463419157
20
-90.608888779526239
30
0
0
SPLINE
5
2017
100
AcDbEntity
8
0
100
AcDbSpline
70
0
71
2
72
6
73
3
74
0
42
0.000000001
43
0.0000000001
44
0.0000000001
40
0
40
0
40
0
40
1
40
1
40
1
10
-50.88239463419157
20
-90.608888779526239
30
0
10
-50.824277274314937
20
-90.538083825951105
30
0
10
-50.824277274314937
20
-90.399748001938349
30
0
0
SPLINE
5
2018
100
AcDbEntity
8
0
100
AcDbSpline
70
0
71
2
72
6
73
3
74
0
42
0.000000001
43
0.0000000001
44
0.0000000001
40
0
40
0
40
0
40
1
40
1
40
1
10
-50.824277274314937
20
-90.399748001938349
30
0
10
-50.824277274314937
20
-90.255682681446558
30
0
10
-50.877074025575695
20
-90.189788852577692
30
0
0
SPLINE
5
2019
100
AcDbEntity
8
0
100
AcDbSpline
70
0
71
2
72
6
73
3
74
0
42
0.000000001
43
0.0000000001
44
0.0000000001
40
0
40
0
40
0
40
1
40
1
40
1
10
-50.877074025575695
20
-90.189788852577692
30
0
10
-50.929870776836452
20
-90.12389532173205
30
0
10
-51.004359148447094
20
-90.12389532173205
30
0
0
SPLINE
5
2020
100
AcDbEntity
8
0
100
AcDbSpline
70
0
71
2
72
6
73
3
74
0
42
0.000000001
43
0.0000000001
44
0.0000000001
40
0
40
0
40
0
40
1
40
1
40
1
10
-51.004359148447094
20
-90.12389532173205
30
0
10
-51.069024898116169
20
-90.12389532173205
30
0
10
-51.110771171752987
20
-90.170553241615778
30
0
0
SPLINE
5
2021
100
AcDbEntity
8
0
100
AcDbSpline
70
0
71
2
72
6
73
3
74
0
42
0.000000001
43
0.0000000001
44
0.0000000001
40
0
40
0
40
0
40
1
40
1
40
1
10
-51.110771171752987
20
-90.170553241615778
30
0
10
-51.152517445389805
20
-90.216392193680292
30
0
10
-51.196310020987568
20
-90.409980033283716
30
0
0
SPLINE
5
2022
100
AcDbEntity
8
0
100
AcDbSpline
70
0
71
2
72
6
73
3
74
0
42
0.000000001
43
0.0000000001
44
0.0000000001
40
0
40
0
40
0
40
1
40
1
40
1
10
-51.196310020987568
20
-90.409980033283716
30
0
10
-51.240102671091137
20
-90.60356787288714
30
0
10
-51.272844843570766
20
-90.675600682144648
30
0
0
SPLINE
5
2023
100
AcDbEntity
8
0
100
AcDbSpline
70
0
71
2
72
6
73
3
74
0
42
0.000000001
43
0.0000000001
44
0.0000000001
40
0
40
0
40
0
40
1
40
1
40
1
10
-51.272844843570766
20
-90.675600682144648
30
0
10
-51.321139507000026
20
-90.780375514870173
30
0
10
-51.395218618218479
20
-90.830307517891413
30
0
0
SPLINE
5
2024
100
AcDbEntity
8
0
100
AcDbSpline
70
0
71
2
72
6
73
3
74
0
42
0.000000001
43
0.0000000001
44
0.0000000001
40
0
40
0
40
0
40
1
40
1
40
1
10
-51.395218618218479
20
-90.830307517891413
30
0
10
-51.469297803942737
20
-90.880239222889415
30
0
10
-51.565887130801258
20
-90.880239222889415
30
0
0
SPLINE
5
2025
100
AcDbEntity
8
0
100
AcDbSpline
70
0
71
2
72
6
73
3
74
0
42
0.000000001
43
0.0000000001
44
0.0000000001
40
0
40
0
40
0
40
1
40
1
40
1
10
-51.565887130801258
20
-90.880239222889415
30
0
10
-51.6616579368754
20
-90.880239222889415
30
0
10
-51.746378339831409
20
-90.825396095161906
30
0
0
SPLINE
5
2026
100
AcDbEntity
8
0
100
AcDbSpline
70
0
71
2
72
6
73
3
74
0
42
0.000000001
43
0.0000000001
44
0.0000000001
40
0
40
0
40
0
40
1
40
1
40
1
10
-51.746378339831409
20
-90.825396095161906
30
0
10
-51.831098593775806
20
-90.770552967434398
30
0
10
-51.878165401522693
20
-90.667824660187236
30
0
0
SPLINE
5
2027
100
AcDbEntity
8
0
100
AcDbSpline
70
0
71
2
72
6
73
3
74
0
42
0.000000001
43
0.0000000001
44
0.0000000001
40
0
40
0
40
0
40
1
40
1
40
1
10
-51.878165401522693
20
-90.667824660187236
30
0
10
-51.925232358281193
20
-90.56509605491685
30
0
10
-51.925232358281193
20
-90.436583076363078
30
0
0
SPLINE
5
2028
100
AcDbEntity
8
0
100
AcDbSpline
70
0
71
2
72
6
73
3
74
0
42
0.000000001
43
0.0000000001
44
0.0000000001
40
0
40
0
40
0
40
1
40
1
40
1
10
-51.925232358281193
20
-90.436583076363078
30
0
10
-51.925232358281193
20
-90.273690734749309
30
0
10
-51.87775621563631
20
-90.163595293407909
30
0
0
SPLINE
5
2029
100
AcDbEntity
8
0
100
AcDbSpline
70
0
71
2
72
6
73
3
74
0
42
0.000000001
43
0.0000000001
44
0.0000000001
40
0
40
0
40
0
40
1
40
1
40
1
10
-51.87775621563631
20
-90.163595293407909
30
0
10
-51.830280072991428
20
-90.053499852066508
30
0
10
-51.734918452803662
20
-89.990880404358379
30
0
0
SPLINE
5
2030
100
AcDbEntity
8
0
100
AcDbSpline
70
0
71
2
72
6
73
3
74
0
42
0.000000001
43
0.0000000001
44
0.0000000001
40
0
40
0
40
0
40
1
40
1
40
1
10
-51.734918452803662
20
-89.990880404358379
30
0
10
-51.639556981627514
20
-89.928260956650249
30
0
10
-51.519229508940747
20
-89.924986873512736
30
0
0
LINE
5
2031
100
AcDbEntity
8
0
100
AcDbLine
10
-51.90476844460207
20
-91.090607558136455
30
0
11
-50.70476847142416
21
-91.090607558136469
31
0
0
LINE
5
2032
100
AcDbEntity
8
0
100
AcDbLine
10
-50.70476847142416
20
-91.090607558136469
30
0
11
-50.70476847142416
21
-91.540812168961054
31
0
0
SPLINE
5
2033
100
AcDbEntity
8
0
100
AcDbSpline
70
0
71
2
72
6
73
3
74
0
42
0.000000001
43
0.0000000001
44
0.0000000001
40
0
40
0
40
0
40
1
40
1
40
1
10
-50.70476847142416
20
-91.540812168961054
30
0
10
-50.70476847142416
20
-91.678329025154596
30
0
10
-50.741194061939296
20
-91.761412535553461
30
0
0
SPLINE
5
2034
100
AcDbEntity
8
0
100
AcDbSpline
70
0
71
2
72
6
73
3
74
0
42
0.000000001
43
0.0000000001
44
0.0000000001
40
0
40
0
40
0
40
1
40
1
40
1
10
-50.741194061939296
20
-91.761412535553461
30
0
10
-50.777619726960239
20
-91.844496045952326
30
0
10
-50.853335954253254
20
-91.891562257652765
30
0
0
SPLINE
5
2035
100
AcDbEntity
8
0
100
AcDbSpline
70
0
71
2
72
6
73
3
74
0
42
0.000000001
43
0.0000000001
44
0.0000000001
40
0
40
0
40
0
40
1
40
1
40
1
10
-50.853335954253254
20
-91.891562257652765
30
0
10
-50.929052181546268
20
-91.9386296614461
30
0
10
-51.01172613352972
20
-91.9386296614461
30
0
0
SPLINE
5
2036
100
AcDbEntity
8
0
100
AcDbSpline
70
0
71
2
72
6
73
3
74
0
42
0.000000001
43
0.0000000001
44
0.0000000001
40
0
40
0
40
0
40
1
40
1
40
1
10
-51.01172613352972
20
-91.9386296614461
30
0
10
-51.088670216505108
20
-91.9386296614461
30
0
10
-51.156610198323307
20
-91.896883164291864
30
0
0
SPLINE
5
2037
100
AcDbEntity
8
0
100
AcDbSpline
70
0
71
2
72
6
73
3
74
0
42
0.000000001
43
0.0000000001
44
0.0000000001
40
0
40
0
40
0
40
1
40
1
40
1
10
-51.156610198323307
20
-91.896883164291864
30
0
10
-51.224550180141506
20
-91.855136667137629
30
0
10
-51.266296379272518
20
-91.770825897102839
30
0
0
SPLINE
5
2038
100
AcDbEntity
8
0
100
AcDbSpline
70
0
71
2
72
6
73
3
74
0
42
0.000000001
43
0.0000000001
44
0.0000000001
40
0
40
0
40
0
40
1
40
1
40
1
10
-51.266296379272518
20
-91.770825897102839
30
0
10
-51.298219956461963
20
-91.87969378078509
30
0
10
-51.375164039437351
20
-91.938220177536493
30
0
0
SPLINE
5
2039
100
AcDbEntity
8
0
100
AcDbSpline
70
0
71
2
72
6
73
3
74
0
42
0.000000001
43
0.0000000001
44
0.0000000001
40
0
40
0
40
0
40
1
40
1
40
1
10
-51.375164039437351
20
-91.938220177536493
30
0
10
-51.452108122412739
20
-91.996746574287883
30
0
10
-51.556882955138263
20
-91.996746574287883
30
0
0
SPLINE
5
2040
100
AcDbEntity
8
0
100
AcDbSpline
70
0
71
2
72
6
73
3
74
0
42
0.000000001
43
0.0000000001
44
0.0000000001
40
0
40
0
40
0
40
1
40
1
40
1
10
-51.556882955138263
20
-91.996746574287883
30
0
10
-51.641194023196277
20
-91.996746574287883
30
0
10
-51.71363616735178
20
-91.96113995159196
30
0
0
SPLINE
5
2041
100
AcDbEntity
8
0
100
AcDbSpline
70
0
71
2
72
6
73
3
74
0
42
0.000000001
43
0.0000000001
44
0.0000000001
40
0
40
0
40
0
40
1
40
1
40
1
10
-51.71363616735178
20
-91.96113995159196
30
0
10
-51.78607816249567
20
-91.925532136803142
30
0
10
-51.825368650261936
20
-91.873145018463603
30
0
0
SPLINE
5
2042
100
AcDbEntity
8
0
100
AcDbSpline
70
0
71
2
72
6
73
3
74
0
42
0.000000001
43
0.0000000001
44
0.0000000001
40
0
40
0
40
0
40
1
40
1
40
1
10
-51.825368650261936
20
-91.873145018463603
30
0
10
-51.864659287039814
20
-91.820757900124065
30
0
10
-51.884713865820942
20
-91.741767440681926
30
0
0
SPLINE
5
2043
100
AcDbEntity
8
0
100
AcDbSpline
70
0
71
2
72
6
73
3
74
0
42
0.000000001
43
0.0000000001
44
0.0000000001
40
0
40
0
40
0
40
1
40
1
40
1
10
-51.884713865820942
20
-91.741767440681926
30
0
10
-51.90476844460207
20
-91.662776981239787
30
0
10
-51.90476844460207
20
-91.548179303055278
30
0
0
LINE
5
2044
100
AcDbEntity
8
0
100
AcDbLine
10
-51.90476844460207
20
-91.548179303055278
30
0
11
-51.90476844460207
21
-91.090607558136455
31
0
0
LINE
5
2045
100
AcDbEntity
8
0
100
AcDbLine
10
-51.208997614686069
20
-91.249407146816736
30
0
11
-51.208997614686069
21
-91.508888517265802
31
0
0
SPLINE
5
2046
100
AcDbEntity
8
0
100
AcDbSpline
70
0
71
2
72
6
73
3
74
0
42
0.000000001
43
0.0000000001
44
0.0000000001
40
0
40
0
40
0
40
1
40
1
40
1
10
-51.208997614686069
20
-91.508888517265802
30
0
10
-51.208997614686069
20
-91.614482019787317
30
0
10
-51.195082239811001
20
-91.660321269875055
30
0
0
SPLINE
5
2047
100
AcDbEntity
8
0
100
AcDbSpline
70
0
71
2
72
6
73
3
74
0
42
0.000000001
43
0.0000000001
44
0.0000000001
40
0
40
0
40
0
40
1
40
1
40
1
10
-51.195082239811001
20
-91.660321269875055
30
0
10
-51.177074037496624
20
-91.720893894081598
30
0
10
-51.135327763859806
20
-91.751589690094477
30
0
0
SPLINE
5
2048
100
AcDbEntity
8
0
100
AcDbSpline
70
0
71
2
72
6
73
3
74
0
42
0.000000001
43
0.0000000001
44
0.0000000001
40
0
40
0
40
0
40
1
40
1
40
1
10
-51.135327763859806
20
-91.751589690094477
30
0
10
-51.093581564728794
20
-91.782285486107355
30
0
10
-51.030552856628475
20
-91.782285486107355
30
0
0
SPLINE
5
2049
100
AcDbEntity
8
0
100
AcDbSpline
70
0
71
2
72
6
73
3
74
0
42
0.000000001
43
0.0000000001
44
0.0000000001
40
0
40
0
40
0
40
1
40
1
40
1
10
-51.030552856628475
20
-91.782285486107355
30
0
10
-50.970798455183086
20
-91.782285486107355
30
0
10
-50.925368689004955
20
-91.753635917549616
30
0
0
SPLINE
5
2050
100
AcDbEntity
8
0
100
AcDbSpline
70
0
71
2
72
6
73
3
74
0
42
0.000000001
43
0.0000000001
44
0.0000000001
40
0
40
0
40
0
40
1
40
1
40
1
10
-50.925368689004955
20
-91.753635917549616
30
0
10
-50.87993899733263
20
-91.724986945038324
30
0
10
-50.863158650700626
20
-91.671780858879572
30
0
0
SPLINE
5
2051
100
AcDbEntity
8
0
100
AcDbSpline
70
0
71
2
72
6
73
3
74
0
42
0.000000001
43
0.0000000001
44
0.0000000001
40
0
40
0
40
0
40
1
40
1
40
1
10
-50.863158650700626
20
-91.671780858879572
30
0
10
-50.846378229562816
20
-91.61857477272082
30
0
10
-50.846378229562816
20
-91.489243422394281
30
0
0
LINE
5
2052
100
AcDbEntity
8
0
100
AcDbLine
10
-50.846378229562816
20
-91.489243422394281
30
0
11
-50.846378229562816
21
-91.249407146816736
31
0
0
LINE
5
2053
100
AcDbEntity
8
0
100
AcDbLine
10
-50.846378229562816
20
-91.249407146816736
30
0
11
-51.208997614686069
21
-91.249407146816736
31
0
0
LINE
5
2054
100
AcDbEntity
8
0
100
AcDbLine
10
-51.763158686463413
20
-91.249407146816722
30
0
11
-51.763158686463413
21
-91.548179303055278
31
0
0
SPLINE
5
2055
100
AcDbEntity
8
0
100
AcDbSpline
70
0
71
2
72
6
73
3
74
0
42
0.000000001
43
0.0000000001
44
0.0000000001
40
0
40
0
40
0
40
1
40
1
40
1
10
-51.763158686463413
20
-91.548179303055278
30
0
10
-51.763158686463413
20
-91.625123237019054
30
0
10
-51.757428742949543
20
-91.656228218918315
30
0
0
SPLINE
5
2056
100
AcDbEntity
8
0
100
AcDbSpline
70
0
71
2
72
6
73
3
74
0
42
0.000000001
43
0.0000000001
44
0.0000000001
40
0
40
0
40
0
40
1
40
1
40
1
10
-51.757428742949543
20
-91.656228218918315
30
0
10
-51.74760604650217
20
-91.7110710486226
30
0
10
-51.724686570469913
20
-91.747906719093791
30
0
0
SPLINE
5
2057
100
AcDbEntity
8
0
100
AcDbSpline
70
0
71
2
72
6
73
3
74
0
42
0.000000001
43
0.0000000001
44
0.0000000001
40
0
40
0
40
0
40
1
40
1
40
1
10
-51.724686570469913
20
-91.747906719093791
30
0
10
-51.701767094437656
20
-91.784741197472087
30
0
10
-51.657974518839893
20
-91.808479343300334
30
0
0
SPLINE
5
2058
100
AcDbEntity
8
0
100
AcDbSpline
70
0
71
2
72
6
73
3
74
0
42
0.000000001
43
0.0000000001
44
0.0000000001
40
0
40
0
40
0
40
1
40
1
40
1
10
-51.657974518839893
20
-91.808479343300334
30
0
10
-51.614181794230518
20
-91.832217489128581
30
0
10
-51.556882955138263
20
-91.832217489128581
30
0
0
SPLINE
5
2059
100
AcDbEntity
8
0
100
AcDbSpline
70
0
71
2
72
6
73
3
74
0
42
0.000000001
43
0.0000000001
44
0.0000000001
40
0
40
0
40
0
40
1
40
1
40
1
10
-51.556882955138263
20
-91.832217489128581
30
0
10
-51.489761568610248
20
-91.832217489128581
30
0
10
-51.440239049498615
20
-91.797838126068598
30
0
0
SPLINE
5
2060
100
AcDbEntity
8
0
100
AcDbSpline
70
0
71
2
72
6
73
3
74
0
42
0.000000001
43
0.0000000001
44
0.0000000001
40
0
40
0
40
0
40
1
40
1
40
1
10
-51.440239049498615
20
-91.797838126068598
30
0
10
-51.390716530386982
20
-91.7634587630086
30
0
10
-51.37066202611166
20
-91.70247665489245
30
0
0
SPLINE
5
2061
100
AcDbEntity
8
0
100
AcDbSpline
70
0
71
2
72
6
73
3
74
0
42
0.000000001
43
0.0000000001
44
0.0000000001
40
0
40
0
40
0
40
1
40
1
40
1
10
-51.37066202611166
20
-91.70247665489245
30
0
10
-51.350607447330532
20
-91.6414945467763
30
0
10
-51.350607447330532
20
-91.526896868591791
30
0
0
LINE
5
2062
100
AcDbEntity
8
0
100
AcDbLine
10
-51.350607447330532
20
-91.526896868591791
30
0
11
-51.350607447330532
21
-91.249407146816736
31
0
0
LINE
5
2063
100
AcDbEntity
8
0
100
AcDbLine
10
-51.350607447330532
20
-91.249407146816736
30
0
11
-51.763158686463413
21
-91.249407146816736
31
0
0
LINE
5
2064
100
AcDbEntity
8
0
100
AcDbLine
10
-51.904768444602077
20
-92.674509797935954
30
0
11
-50.704768471424167
21
-92.674509797935968
31
0
0
LINE
5
2065
100
AcDbEntity
8
0
100
AcDbLine
10
-50.704768471424167
20
-92.674509797935968
30
0
11
-50.704768471424167
21
-93.124714408760553
31
0
0
SPLINE
5
2066
100
AcDbEntity
8
0
100
AcDbSpline
70
0
71
2
72
6
73
3
74
0
42
0.000000001
43
0.0000000001
44
0.0000000001
40
0
40
0
40
0
40
1
40
1
40
1
10
-50.704768471424167
20
-93.124714408760553
30
0
10
-50.704768471424167
20
-93.262231264954096
30
0
10
-50.741194061939304
20
-93.345314775352961
30
0
0
SPLINE
5
2067
100
AcDbEntity
8
0
100
AcDbSpline
70
0
71
2
72
6
73
3
74
0
42
0.000000001
43
0.0000000001
44
0.0000000001
40
0
40
0
40
0
40
1
40
1
40
1
10
-50.741194061939304
20
-93.345314775352961
30
0
10
-50.777619726960246
20
-93.428397689705378
30
0
10
-50.853335954253261
20
-93.475464497452265
30
0
0
SPLINE
5
2068
100
AcDbEntity
8
0
100
AcDbSpline
70
0
71
2
72
6
73
3
74
0
42
0.000000001
43
0.0000000001
44
0.0000000001
40
0
40
0
40
0
40
1
40
1
40
1
10
-50.853335954253261
20
-93.475464497452265
30
0
10
-50.929052181546275
20
-93.522531305199152
30
0
10
-51.011726133529727
20
-93.522531305199152
30
0
0
SPLINE
5
2069
100
AcDbEntity
8
0
100
AcDbSpline
70
0
71
2
72
6
73
3
74
0
42
0.000000001
43
0.0000000001
44
0.0000000001
40
0
40
0
40
0
40
1
40
1
40
1
10
-51.011726133529727
20
-93.522531305199152
30
0
10
-51.088670216505115
20
-93.522531305199152
30
0
10
-51.156610198323314
20
-93.480785404091364
30
0
0
SPLINE
5
2070
100
AcDbEntity
8
0
100
AcDbSpline
70
0
71
2
72
6
73
3
74
0
42
0.000000001
43
0.0000000001
44
0.0000000001
40
0
40
0
40
0
40
1
40
1
40
1
10
-51.156610198323314
20
-93.480785404091364
30
0
10
-51.224550180141513
20
-93.439038906937128
30
0
10
-51.266296379272525
20
-93.35472754085589
30
0
0
SPLINE
5
2071
100
AcDbEntity
8
0
100
AcDbSpline
70
0
71
2
72
6
73
3
74
0
42
0.000000001
43
0.0000000001
44
0.0000000001
40
0
40
0
40
0
40
1
40
1
40
1
10
-51.266296379272525
20
-93.35472754085589
30
0
10
-51.298219956461971
20
-93.463595424538141
30
0
10
-51.375164039437358
20
-93.522122417335993
30
0
0
SPLINE
5
2072
100
AcDbEntity
8
0
100
AcDbSpline
70
0
71
2
72
6
73
3
74
0
42
0.000000001
43
0.0000000001
44
0.0000000001
40
0
40
0
40
0
40
1
40
1
40
1
10
-51.375164039437358
20
-93.522122417335993
30
0
10
-51.452108122412746
20
-93.580648814087382
30
0
10
-51.556882955138271
20
-93.580648814087382
30
0
0
SPLINE
5
2073
100
AcDbEntity
8
0
100
AcDbSpline
70
0
71
2
72
6
73
3
74
0
42
0.000000001
43
0.0000000001
44
0.0000000001
40
0
40
0
40
0
40
1
40
1
40
1
10
-51.556882955138271
20
-93.580648814087382
30
0
10
-51.641194023196284
20
-93.580648814087382
30
0
10
-51.713636167351787
20
-93.545041595345012
30
0
0
SPLINE
5
2074
100
AcDbEntity
8
0
100
AcDbSpline
70
0
71
2
72
6
73
3
74
0
42
0.000000001
43
0.0000000001
44
0.0000000001
40
0
40
0
40
0
40
1
40
1
40
1
10
-51.713636167351787
20
-93.545041595345012
30
0
10
-51.786078162495677
20
-93.509434376602641
30
0
10
-51.825368650261943
20
-93.457047258263103
30
0
0
SPLINE
5
2075
100
AcDbEntity
8
0
100
AcDbSpline
70
0
71
2
72
6
73
3
74
0
42
0.000000001
43
0.0000000001
44
0.0000000001
40
0
40
0
40
0
40
1
40
1
40
1
10
-51.825368650261943
20
-93.457047258263103
30
0
10
-51.864659287039821
20
-93.404659543877116
30
0
10
-51.884713865820949
20
-93.325669084434978
30
0
0
SPLINE
5
2076
100
AcDbEntity
8
0
100
AcDbSpline
70
0
71
2
72
6
73
3
74
0
42
0.000000001
43
0.0000000001
44
0.0000000001
40
0
40
0
40
0
40
1
40
1
40
1
10
-51.884713865820949
20
-93.325669084434978
30
0
10
-51.904768444602077
20
-93.246678624992839
30
0
10
-51.904768444602077
20
-93.132081542854777
30
0
0
LINE
5
2077
100
AcDbEntity
8
0
100
AcDbLine
10
-51.904768444602077
20
-93.132081542854777
30
0
11
-51.904768444602077
21
-92.674509797935954
31
0
0
LINE
5
2078
100
AcDbEntity
8
0
100
AcDbLine
10
-51.208997614686076
20
-92.833309088593012
30
0
11
-51.208997614686076
21
-93.092790161018854
31
0
0
SPLINE
5
2079
100
AcDbEntity
8
0
100
AcDbSpline
70
0
71
2
72
6
73
3
74
0
42
0.000000001
43
0.0000000001
44
0.0000000001
40
0
40
0
40
0
40
1
40
1
40
1
10
-51.208997614686076
20
-93.092790161018854
30
0
10
-51.208997614686076
20
-93.198383961563593
30
0
10
-51.195082239811008
20
-93.244222913628107
30
0
0
SPLINE
5
2080
100
AcDbEntity
8
0
100
AcDbSpline
70
0
71
2
72
6
73
3
74
0
42
0.000000001
43
0.0000000001
44
0.0000000001
40
0
40
0
40
0
40
1
40
1
40
1
10
-51.195082239811008
20
-93.244222913628107
30
0
10
-51.177074037496631
20
-93.304796133881098
30
0
10
-51.135327763859813
20
-93.335491929893976
30
0
0
SPLINE
5
2081
100
AcDbEntity
8
0
100
AcDbSpline
70
0
71
2
72
6
73
3
74
0
42
0.000000001
43
0.0000000001
44
0.0000000001
40
0
40
0
40
0
40
1
40
1
40
1
10
-51.135327763859813
20
-93.335491929893976
30
0
10
-51.093581564728801
20
-93.366187129860407
30
0
10
-51.030552856628482
20
-93.366187129860407
30
0
0
SPLINE
5
2082
100
AcDbEntity
8
0
100
AcDbSpline
70
0
71
2
72
6
73
3
74
0
42
0.000000001
43
0.0000000001
44
0.0000000001
40
0
40
0
40
0
40
1
40
1
40
1
10
-51.030552856628482
20
-93.366187129860407
30
0
10
-50.970798455183093
20
-93.366187129860407
30
0
10
-50.925368689004962
20
-93.337538157349115
30
0
0
SPLINE
5
2083
100
AcDbEntity
8
0
100
AcDbSpline
70
0
71
2
72
6
73
3
74
0
42
0.000000001
43
0.0000000001
44
0.0000000001
40
0
40
0
40
0
40
1
40
1
40
1
10
-50.925368689004962
20
-93.337538157349115
30
0
10
-50.879938997332637
20
-93.308888588791376
30
0
10
-50.863158650700633
20
-93.255682502632624
30
0
0
SPLINE
5
2084
100
AcDbEntity
8
0
100
AcDbSpline
70
0
71
2
72
6
73
3
74
0
42
0.000000001
43
0.0000000001
44
0.0000000001
40
0
40
0
40
0
40
1
40
1
40
1
10
-50.863158650700633
20
-93.255682502632624
30
0
10
-50.846378229562823
20
-93.202477012520319
30
0
10
-50.846378229562823
20
-93.073145662193781
30
0
0
LINE
5
2085
100
AcDbEntity
8
0
100
AcDbLine
10
-50.846378229562823
20
-93.073145662193781
30
0
11
-50.846378229562823
21
-92.833309088593012
31
0
0
LINE
5
2086
100
AcDbEntity
8
0
100
AcDbLine
10
-50.846378229562823
20
-92.833309088593012
30
0
11
-51.208997614686076
21
-92.833309088593012
31
0
0
LINE
5
2087
100
AcDbEntity
8
0
100
AcDbLine
10
-51.76315868646342
20
-92.833309088592998
30
0
11
-51.76315868646342
21
-93.132081542854777
31
0
0
SPLINE
5
2088
100
AcDbEntity
8
0
100
AcDbSpline
70
0
71
2
72
6
73
3
74
0
42
0.000000001
43
0.0000000001
44
0.0000000001
40
0
40
0
40
0
40
1
40
1
40
1
10
-51.76315868646342
20
-93.132081542854777
30
0
10
-51.76315868646342
20
-93.209025178795329
30
0
10
-51.75742874294955
20
-93.240130458717815
30
0
0
SPLINE
5
2089
100
AcDbEntity
8
0
100
AcDbSpline
70
0
71
2
72
6
73
3
74
0
42
0.000000001
43
0.0000000001
44
0.0000000001
40
0
40
0
40
0
40
1
40
1
40
1
10
-51.75742874294955
20
-93.240130458717815
30
0
10
-51.747606046502177
20
-93.294973288422099
30
0
10
-51.72468657046992
20
-93.331808362846843
30
0
0
SPLINE
5
2090
100
AcDbEntity
8
0
100
AcDbSpline
70
0
71
2
72
6
73
3
74
0
42
0.000000001
43
0.0000000001
44
0.0000000001
40
0
40
0
40
0
40
1
40
1
40
1
10
-51.72468657046992
20
-93.331808362846843
30
0
10
-51.701767094437663
20
-93.368642841225139
30
0
10
-51.6579745188399
20
-93.392380987053386
30
0
0
SPLINE
5
2091
100
AcDbEntity
8
0
100
AcDbSpline
70
0
71
2
72
6
73
3
74
0
42
0.000000001
43
0.0000000001
44
0.0000000001
40
0
40
0
40
0
40
1
40
1
40
1
10
-51.6579745188399
20
-93.392380987053386
30
0
10
-51.614181794230525
20
-93.416119132881633
30
0
10
-51.556882955138271
20
-93.416119132881633
30
0
0
SPLINE
5
2092
100
AcDbEntity
8
0
100
AcDbSpline
70
0
71
2
72
6
73
3
74
0
42
0.000000001
43
0.0000000001
44
0.0000000001
40
0
40
0
40
0
40
1
40
1
40
1
10
-51.556882955138271
20
-93.416119132881633
30
0
10
-51.489761568610255
20
-93.416119132881633
30
0
10
-51.440239049498622
20
-93.381740365868097
30
0
0
SPLINE
5
2093
100
AcDbEntity
8
0
100
AcDbSpline
70
0
71
2
72
6
73
3
74
0
42
0.000000001
43
0.0000000001
44
0.0000000001
40
0
40
0
40
0
40
1
40
1
40
1
10
-51.440239049498622
20
-93.381740365868097
30
0
10
-51.390716530386989
20
-93.347360406761652
30
0
10
-51.370662026111667
20
-93.28637889469195
30
0
0
SPLINE
5
2094
100
AcDbEntity
8
0
100
AcDbSpline
70
0
71
2
72
6
73
3
74
0
42
0.000000001
43
0.0000000001
44
0.0000000001
40
0
40
0
40
0
40
1
40
1
40
1
10
-51.370662026111667
20
-93.28637889469195
30
0
10
-51.350607447330539
20
-93.225396190529352
30
0
10
-51.350607447330539
20
-93.110799108391291
30
0
0
LINE
5
2095
100
AcDbEntity
8
0
100
AcDbLine
10
-51.350607447330539
20
-93.110799108391291
30
0
11
-51.350607447330539
21
-92.833309088593012
31
0
0
LINE
5
2096
100
AcDbEntity
8
0
100
AcDbLine
10
-51.350607447330539
20
-92.833309088593012
30
0
11
-51.76315868646342
21
-92.833309088593012
31
0
0
SPLINE
5
2097
100
AcDbEntity
8
0
100
AcDbSpline
70
0
71
2
72
6
73
3
74
0
42
0.000000001
43
0.0000000001
44
0.0000000001
40
0
40
0
40
0
40
1
40
1
40
1
10
-51.470116324727123
20
-93.725532804375163
30
0
10
-51.228642933075015
20
-93.725532804375177
30
0
10
-51.112408287827556
20
-93.859775577431208
30
0
0
SPLINE
5
2098
100
AcDbEntity
8
0
100
AcDbSpline
70
0
71
2
72
6
73
3
74
0
42
0.000000001
43
0.0000000001
44
0.0000000001
40
0
40
0
40
0
40
1
40
1
40
1
10
-51.112408287827556
20
-93.859775577431208
30
0
10
-51.015818960969035
20
-93.971917544250971
30
0
10
-51.015818960969035
20
-94.13317254627276
30
0
0
SPLINE
5
2099
100
AcDbEntity
8
0
100
AcDbSpline
70
0
71
2
72
6
73
3
74
0
42
0.000000001
43
0.0000000001
44
0.0000000001
40
0
40
0
40
0
40
1
40
1
40
1
10
-51.015818960969035
20
-94.13317254627276
30
0
10
-51.015818960969035
20
-94.312435899620539
30
0
10
-51.133281461898868
20
-94.426214609985834
30
0
0
SPLINE
5
2100
100
AcDbEntity
8
0
100
AcDbSpline
70
0
71
2
72
6
73
3
74
0
42
0.000000001
43
0.0000000001
44
0.0000000001
40
0
40
0
40
0
40
1
40
1
40
1
10
-51.133281461898868
20
-94.426214609985834
30
0
10
-51.250743888322894
20
-94.539993916397577
30
0
10
-51.457837916915004
20
-94.539993916397563
30
0
0
SPLINE
5
2101
100
AcDbEntity
8
0
100
AcDbSpline
70
0
71
2
72
6
73
3
74
0
42
0.000000001
43
0.0000000001
44
0.0000000001
40
0
40
0
40
0
40
1
40
1
40
1
10
-51.457837916915004
20
-94.539993916397563
30
0
10
-51.625641532246654
20
-94.539993916397563
30
0
10
-51.721821673218791
20
-94.489653025513164
30
0
0
SPLINE
5
2102
100
AcDbEntity
8
0
100
AcDbSpline
70
0
71
2
72
6
73
3
74
0
42
0.000000001
43
0.0000000001
44
0.0000000001
40
0
40
0
40
0
40
1
40
1
40
1
10
-51.721821673218791
20
-94.489653025513164
30
0
10
-51.818001665179317
20
-94.439311538582317
30
0
10
-51.871207751338069
20
-94.343131695633403
30
0
0
SPLINE
5
2103
100
AcDbEntity
8
0
100
AcDbSpline
70
0
71
2
72
6
73
3
74
0
42
0.000000001
43
0.0000000001
44
0.0000000001
40
0
40
0
40
0
40
1
40
1
40
1
10
-51.871207751338069
20
-94.343131695633403
30
0
10
-51.92441368848521
20
-94.246951852684489
30
0
10
-51.92441368848521
20
-94.133172546272746
30
0
0
SPLINE
5
2104
100
AcDbEntity
8
0
100
AcDbSpline
70
0
71
2
72
6
73
3
74
0
42
0.000000001
43
0.0000000001
44
0.0000000001
40
0
40
0
40
0
40
1
40
1
40
1
10
-51.92441368848521
20
-94.133172546272746
30
0
10
-51.92441368848521
20
-93.950635109787456
30
0
10
-51.807360596959178
20
-93.838084255104533
30
0
0
SPLINE
5
2105
100
AcDbEntity
8
0
100
AcDbSpline
70
0
71
2
72
6
73
3
74
0
42
0.000000001
43
0.0000000001
44
0.0000000001
40
0
40
0
40
0
40
1
40
1
40
1
10
-51.807360596959178
20
-93.838084255104533
30
0
10
-51.690307356421535
20
-93.725532804375163
30
0
10
-51.470116324727123
20
-93.725532804375163
30
0
0
SPLINE
5
2106
100
AcDbEntity
8
0
100
AcDbSpline
70
0
71
2
72
6
73
3
74
0
42
0.000000001
43
0.0000000001
44
0.0000000001
40
0
40
0
40
0
40
1
40
1
40
1
10
-51.470116324727123
20
-93.876965556984416
30
0
10
-51.637101270262782
20
-93.876965556984416
30
0
10
-51.720184482638423
20
-93.94981673801469
30
0
0
SPLINE
5
2107
100
AcDbEntity
8
0
100
AcDbSpline
70
0
71
2
72
6
73
3
74
0
42
0.000000001
43
0.0000000001
44
0.0000000001
40
0
40
0
40
0
40
1
40
1
40
1
10
-51.720184482638423
20
-93.94981673801469
30
0
10
-51.803267695014064
20
-94.022667919044963
30
0
10
-51.803267695014064
20
-94.133172546272746
30
0
0
SPLINE
5
2108
100
AcDbEntity
8
0
100
AcDbSpline
70
0
71
2
72
6
73
3
74
0
42
0.000000001
43
0.0000000001
44
0.0000000001
40
0
40
0
40
0
40
1
40
1
40
1
10
-51.803267695014064
20
-94.133172546272746
30
0
10
-51.803267695014064
20
-94.242858801727763
30
0
10
-51.71977529675204
20
-94.315709982758037
30
0
0
SPLINE
5
2109
100
AcDbEntity
8
0
100
AcDbSpline
70
0
71
2
72
6
73
3
74
0
42
0.000000001
43
0.0000000001
44
0.0000000001
40
0
40
0
40
0
40
1
40
1
40
1
10
-51.71977529675204
20
-94.315709982758037
30
0
10
-51.636282749478404
20
-94.38856116378831
30
0
10
-51.465205051009242
20
-94.38856116378831
30
0
0
SPLINE
5
2110
100
AcDbEntity
8
0
100
AcDbSpline
70
0
71
2
72
6
73
3
74
0
42
0.000000001
43
0.0000000001
44
0.0000000001
40
0
40
0
40
0
40
1
40
1
40
1
10
-51.465205051009242
20
-94.38856116378831
30
0
10
-51.303949899975841
20
-94.388561163788324
30
0
10
-51.2208666876002
20
-94.315301094894892
30
0
0
SPLINE
5
2111
100
AcDbEntity
8
0
100
AcDbSpline
70
0
71
2
72
6
73
3
74
0
42
0.000000001
43
0.0000000001
44
0.0000000001
40
0
40
0
40
0
40
1
40
1
40
1
10
-51.2208666876002
20
-94.315301094894892
30
0
10
-51.137783475224559
20
-94.242040429955011
30
0
10
-51.137783475224559
20
-94.13317254627276
30
0
0
SPLINE
5
2112
100
AcDbEntity
8
0
100
AcDbSpline
70
0
71
2
72
6
73
3
74
0
42
0.000000001
43
0.0000000001
44
0.0000000001
40
0
40
0
40
0
40
1
40
1
40
1
10
-51.137783475224559
20
-94.13317254627276
30
0
10
-51.137783475224559
20
-94.022667919044977
30
0
10
-51.220457427208011
20
-93.949816738014704
30
0
0
SPLINE
5
2113
100
AcDbEntity
8
0
100
AcDbSpline
70
0
71
2
72
6
73
3
74
0
42
0.000000001
43
0.0000000001
44
0.0000000001
40
0
40
0
40
0
40
1
40
1
40
1
10
-51.220457427208011
20
-93.949816738014704
30
0
10
-51.303131304685657
20
-93.87696555698443
30
0
10
-51.470116324727123
20
-93.876965556984416
30
0
0
SPLINE
5
2114
100
AcDbEntity
8
0
100
AcDbSpline
70
0
71
2
72
6
73
3
74
0
42
0.000000001
43
0.0000000001
44
0.0000000001
40
0
40
0
40
0
40
1
40
1
40
1
10
-51.470116324727123
20
-94.657865677719585
30
0
10
-51.228642933075015
20
-94.657865677719599
30
0
10
-51.112408287827563
20
-94.792108450775629
30
0
0
SPLINE
5
2115
100
AcDbEntity
8
0
100
AcDbSpline
70
0
71
2
72
6
73
3
74
0
42
0.000000001
43
0.0000000001
44
0.0000000001
40
0
40
0
40
0
40
1
40
1
40
1
10
-51.112408287827563
20
-94.792108450775629
30
0
10
-51.015818960969042
20
-94.904250417595392
30
0
10
-51.015818960969042
20
-95.065505419617182
30
0
0
SPLINE
5
2116
100
AcDbEntity
8
0
100
AcDbSpline
70
0
71
2
72
6
73
3
74
0
42
0.000000001
43
0.0000000001
44
0.0000000001
40
0
40
0
40
0
40
1
40
1
40
1
10
-51.015818960969042
20
-95.065505419617182
30
0
10
-51.015818960969042
20
-95.24476877296496
30
0
10
-51.133281461898875
20
-95.358548079376703
30
0
0
SPLINE
5
2117
100
AcDbEntity
8
0
100
AcDbSpline
70
0
71
2
72
6
73
3
74
0
42
0.000000001
43
0.0000000001
44
0.0000000001
40
0
40
0
40
0
40
1
40
1
40
1
10
-51.133281461898875
20
-95.358548079376703
30
0
10
-51.250743888322901
20
-95.472326789741999
30
0
10
-51.457837916915011
20
-95.472326789741984
30
0
0
SPLINE
5
2118
100
AcDbEntity
8
0
100
AcDbSpline
70
0
71
2
72
6
73
3
74
0
42
0.000000001
43
0.0000000001
44
0.0000000001
40
0
40
0
40
0
40
1
40
1
40
1
10
-51.457837916915011
20
-95.472326789741984
30
0
10
-51.625641532246661
20
-95.472326789741984
30
0
10
-51.721821673218798
20
-95.421985898857585
30
0
0
SPLINE
5
2119
100
AcDbEntity
8
0
100
AcDbSpline
70
0
71
2
72
6
73
3
74
0
42
0.000000001
43
0.0000000001
44
0.0000000001
40
0
40
0
40
0
40
1
40
1
40
1
10
-51.721821673218798
20
-95.421985898857585
30
0
10
-51.818001665179324
20
-95.371644411926738
30
0
10
-51.871207751338076
20
-95.275464568977824
30
0
0
SPLINE
5
2120
100
AcDbEntity
8
0
100
AcDbSpline
70
0
71
2
72
6
73
3
74
0
42
0.000000001
43
0.0000000001
44
0.0000000001
40
0
40
0
40
0
40
1
40
1
40
1
10
-51.871207751338076
20
-95.275464568977824
30
0
10
-51.924413688485217
20
-95.179284726028911
30
0
10
-51.924413688485217
20
-95.065505419617168
30
0
0
SPLINE
5
2121
100
AcDbEntity
8
0
100
AcDbSpline
70
0
71
2
72
6
73
3
74
0
42
0.000000001
43
0.0000000001
44
0.0000000001
40
0
40
0
40
0
40
1
40
1
40
1
10
-51.924413688485217
20
-95.065505419617168
30
0
10
-51.924413688485217
20
-94.882967983131877
30
0
10
-51.807360596959185
20
-94.770417128448955
30
0
0
SPLINE
5
2122
100
AcDbEntity
8
0
100
AcDbSpline
70
0
71
2
72
6
73
3
74
0
42
0.000000001
43
0.0000000001
44
0.0000000001
40
0
40
0
40
0
40
1
40
1
40
1
10
-51.807360596959185
20
-94.770417128448955
30
0
10
-51.690307356421535
20
-94.657865677719585
30
0
10
-51.470116324727123
20
-94.657865677719585
30
0
0
SPLINE
5
2123
100
AcDbEntity
8
0
100
AcDbSpline
70
0
71
2
72
6
73
3
74
0
42
0.000000001
43
0.0000000001
44
0.0000000001
40
0
40
0
40
0
40
1
40
1
40
1
10
-51.47011632472713
20
-94.809298430328838
30
0
10
-51.637101270262789
20
-94.809298430328838
30
0
10
-51.72018448263843
20
-94.882149611359111
30
0
0
SPLINE
5
2124
100
AcDbEntity
8
0
100
AcDbSpline
70
0
71
2
72
6
73
3
74
0
42
0.000000001
43
0.0000000001
44
0.0000000001
40
0
40
0
40
0
40
1
40
1
40
1
10
-51.72018448263843
20
-94.882149611359111
30
0
10
-51.803267695014071
20
-94.955000792389384
30
0
10
-51.803267695014071
20
-95.065505419617168
30
0
0
SPLINE
5
2125
100
AcDbEntity
8
0
100
AcDbSpline
70
0
71
2
72
6
73
3
74
0
42
0.000000001
43
0.0000000001
44
0.0000000001
40
0
40
0
40
0
40
1
40
1
40
1
10
-51.803267695014071
20
-95.065505419617168
30
0
10
-51.803267695014071
20
-95.175191675072185
30
0
10
-51.719775296752047
20
-95.248042856102458
30
0
0
SPLINE
5
2126
100
AcDbEntity
8
0
100
AcDbSpline
70
0
71
2
72
6
73
3
74
0
42
0.000000001
43
0.0000000001
44
0.0000000001
40
0
40
0
40
0
40
1
40
1
40
1
10
-51.719775296752047
20
-95.248042856102458
30
0
10
-51.636282749478411
20
-95.320894633179179
30
0
10
-51.465205051009249
20
-95.320894633179179
30
0
0
SPLINE
5
2127
100
AcDbEntity
8
0
100
AcDbSpline
70
0
71
2
72
6
73
3
74
0
42
0.000000001
43
0.0000000001
44
0.0000000001
40
0
40
0
40
0
40
1
40
1
40
1
10
-51.465205051009249
20
-95.320894633179179
30
0
10
-51.303949899975848
20
-95.320894633179194
30
0
10
-51.220866687600207
20
-95.247633968239313
30
0
0
SPLINE
5
2128
100
AcDbEntity
8
0
100
AcDbSpline
70
0
71
2
72
6
73
3
74
0
42
0.000000001
43
0.0000000001
44
0.0000000001
40
0
40
0
40
0
40
1
40
1
40
1
10
-51.220866687600207
20
-95.247633968239313
30
0
10
-51.137783475224566
20
-95.174373303299433
30
0
10
-51.137783475224566
20
-95.065505419617182
30
0
0
SPLINE
5
2129
100
AcDbEntity
8
0
100
AcDbSpline
70
0
71
2
72
6
73
3
74
0
42
0.000000001
43
0.0000000001
44
0.0000000001
40
0
40
0
40
0
40
1
40
1
40
1
10
-51.137783475224566
20
-95.065505419617182
30
0
10
-51.137783475224566
20
-94.955000792389399
30
0
10
-51.220457427208018
20
-94.882149611359125
30
0
0
SPLINE
5
2130
100
AcDbEntity
8
0
100
AcDbSpline
70
0
71
2
72
6
73
3
74
0
42
0.000000001
43
0.0000000001
44
0.0000000001
40
0
40
0
40
0
40
1
40
1
40
1
10
-51.220457427208018
20
-94.882149611359125
30
0
10
-51.303131304685664
20
-94.809298430328852
30
0
10
-51.47011632472713
20
-94.809298430328838
30
0
0
LINE
5
2131
100
AcDbEntity
8
0
100
AcDbLine
10
-51.772981233899188
20
-95.966733013039104
30
0
11
-51.903131403033328
21
-95.988015447502605
31
0
0
SPLINE
5
2132
100
AcDbEntity
8
0
100
AcDbSpline
70
0
71
2
72
6
73
3
74
0
42
0.000000001
43
0.0000000001
44
0.0000000001
40
0
40
0
40
0
40
1
40
1
40
1
10
-51.903131403033328
20
-95.988015447502605
30
0
10
-51.916228182618212
20
-95.925805483704082
30
0
10
-51.916228182618212
20
-95.876692448502055
30
0
0
SPLINE
5
2133
100
AcDbEntity
8
0
100
AcDbSpline
70
0
71
2
72
6
73
3
74
0
42
0.000000001
43
0.0000000001
44
0.0000000001
40
0
40
0
40
0
40
1
40
1
40
1
10
-51.916228182618212
20
-95.876692448502055
30
0
10
-51.916228182618212
20
-95.796474133377544
30
0
10
-51.890852995221209
20
-95.752271924858562
30
0
0
SPLINE
5
2134
100
AcDbEntity
8
0
100
AcDbSpline
70
0
71
2
72
6
73
3
74
0
42
0.000000001
43
0.0000000001
44
0.0000000001
40
0
40
0
40
0
40
1
40
1
40
1
10
-51.890852995221209
20
-95.752271924858562
30
0
10
-51.865477807824206
20
-95.708070312386027
30
0
10
-51.824140943591189
20
-95.690061961060039
30
0
0
SPLINE
5
2135
100
AcDbEntity
8
0
100
AcDbSpline
70
0
71
2
72
6
73
3
74
0
42
0.000000001
43
0.0000000001
44
0.0000000001
40
0
40
0
40
0
40
1
40
1
40
1
10
-51.824140943591189
20
-95.690061961060039
30
0
10
-51.78280393034656
20
-95.67205360973405
30
0
10
-51.650198198859286
20
-95.67205360973405
30
0
0
LINE
5
2136
100
AcDbEntity
8
0
100
AcDbLine
10
-51.650198198859286
20
-95.67205360973405
30
0
11
-51.150061734025073
21
-95.672053609734064
31
0
0
LINE
5
2137
100
AcDbEntity
8
0
100
AcDbLine
10
-51.150061734025073
20
-95.672053609734064
30
0
11
-51.150061734025073
21
-95.564004693871027
31
0
0
LINE
5
2138
100
AcDbEntity
8
0
100
AcDbLine
10
-51.150061734025073
20
-95.564004693871027
30
0
11
-51.035464204852175
21
-95.564004693871027
31
0
0
LINE
5
2139
100
AcDbEntity
8
0
100
AcDbLine
10
-51.035464204852175
20
-95.564004693871027
30
0
11
-51.035464204852175
21
-95.672053609734064
31
0
0
LINE
5
2140
100
AcDbEntity
8
0
100
AcDbLine
10
-51.035464204852175
20
-95.672053609734064
30
0
11
-50.820184521381449
21
-95.672053609734064
31
0
0
LINE
5
2141
100
AcDbEntity
8
0
100
AcDbLine
10
-50.820184521381449
20
-95.672053609734064
30
0
11
-50.731780700389933
21
-95.818574939613825
31
0
0
LINE
5
2142
100
AcDbEntity
8
0
100
AcDbLine
10
-50.731780700389933
20
-95.818574939613825
30
0
11
-51.035464204852175
21
-95.818574939613825
31
0
0
LINE
5
2143
100
AcDbEntity
8
0
100
AcDbLine
10
-51.035464204852175
20
-95.818574939613825
30
0
11
-51.035464204852175
21
-95.966733013039118
31
0
0
LINE
5
2144
100
AcDbEntity
8
0
100
AcDbLine
10
-51.035464204852175
20
-95.966733013039118
30
0
11
-51.150061734025073
21
-95.966733013039118
31
0
0
LINE
5
2145
100
AcDbEntity
8
0
100
AcDbLine
10
-51.150061734025073
20
-95.966733013039118
30
0
11
-51.150061734025073
21
-95.818574939613825
31
0
0
LINE
5
2146
100
AcDbEntity
8
0
100
AcDbLine
10
-51.150061734025073
20
-95.818574939613825
30
0
11
-51.65838370472629
21
-95.818574939613811
31
0
0
SPLINE
5
2147
100
AcDbEntity
8
0
100
AcDbSpline
70
0
71
2
72
6
73
3
74
0
42
0.000000001
43
0.0000000001
44
0.0000000001
40
0
40
0
40
0
40
1
40
1
40
1
10
-51.65838370472629
20
-95.818574939613811
30
0
10
-51.721412338320803
20
-95.818574939613811
30
0
10
-51.73942054063518
20
-95.826350961571208
30
0
0
SPLINE
5
2148
100
AcDbEntity
8
0
100
AcDbSpline
70
0
71
2
72
6
73
3
74
0
42
0.000000001
43
0.0000000001
44
0.0000000001
40
0
40
0
40
0
40
1
40
1
40
1
10
-51.73942054063518
20
-95.826350961571208
30
0
10
-51.757428742949557
20
-95.834127579575053
30
0
10
-51.768069960181307
20
-95.851726446991435
30
0
0
SPLINE
5
2149
100
AcDbEntity
8
0
100
AcDbSpline
70
0
71
2
72
6
73
3
74
0
42
0.000000001
43
0.0000000001
44
0.0000000001
40
0
40
0
40
0
40
1
40
1
40
1
10
-51.768069960181307
20
-95.851726446991435
30
0
10
-51.778711177413058
20
-95.869325314407817
30
0
10
-51.778711177413058
20
-95.902067337875835
30
0
0
SPLINE
5
2150
100
AcDbEntity
8
0
100
AcDbSpline
70
0
71
2
72
6
73
3
74
0
42
0.000000001
43
0.0000000001
44
0.0000000001
40
0
40
0
40
0
40
1
40
1
40
1
10
-51.778711177413058
20
-95.902067337875835
30
0
10
-51.778711177413058
20
-95.926623855476848
30
0
10
-51.772981233899188
20
-95.966733013039104
30
0
0
LINE
5
2151
100
AcDbEntity
8
0
100
AcDbLine
10
-60.399999240633633
20
-93.559072804450679
30
0
11
-60.399999192518983
21
-93.717872095107722
31
0
0
LINE
5
2152
100
AcDbEntity
8
0
100
AcDbLine
10
-60.399999192518983
20
-93.717872095107722
30
0
11
-61.093314460081814
21
-93.717872305175533
31
0
0
SPLINE
5
2153
100
AcDbEntity
8
0
100
AcDbSpline
70
0
71
2
72
6
73
3
74
0
42
0.000000001
43
0.0000000001
44
0.0000000001
40
0
40
0
40
0
40
1
40
1
40
1
10
-61.093314460081828
20
-93.717872305175533
30
0
10
-61.274214854998348
20
-93.7178723599866
30
0
10
-61.38062674169327
20
-93.67694486289335
30
0
0
SPLINE
5
2154
100
AcDbEntity
8
0
100
AcDbSpline
70
0
71
2
72
6
73
3
74
0
42
0.000000001
43
0.0000000001
44
0.0000000001
40
0
40
0
40
0
40
1
40
1
40
1
10
-61.38062674169327
20
-93.67694486289335
30
0
10
-61.487038777399981
20
-93.636016769753695
30
0
10
-61.55375101040736
20
-93.529195729786181
30
0
0
SPLINE
5
2155
100
AcDbEntity
8
0
100
AcDbSpline
70
0
71
2
72
6
73
3
74
0
42
0.000000001
43
0.0000000001
44
0.0000000001
40
0
40
0
40
0
40
1
40
1
40
1
10
-61.55375101040736
20
-93.529195729786181
30
0
10
-61.62046324341474
20
-93.422374689818668
30
0
10
-61.62046329599373
20
-93.248841130973148
30
0
0
SPLINE
5
2156
100
AcDbEntity
8
0
100
AcDbSpline
70
0
71
2
72
6
73
3
74
0
42
0.000000001
43
0.0000000001
44
0.0000000001
40
0
40
0
40
0
40
1
40
1
40
1
10
-61.62046329599373
20
-93.248841130973148
30
0
10
-61.620463347084602
20
-93.08021899485712
30
0
10
-61.562346019697792
20
-92.972988433157866
30
0
0
SPLINE
5
2157
100
AcDbEntity
8
0
100
AcDbSpline
70
0
71
2
72
6
73
3
74
0
42
0.000000001
43
0.0000000001
44
0.0000000001
40
0
40
0
40
0
40
1
40
1
40
1
10
-61.562346019697792
20
-92.972988433157866
30
0
10
-61.504228692310974
20
-92.865757871458612
30
0
10
-61.39413326485834
20
-92.819918886036248
30
0
0
SPLINE
5
2158
100
AcDbEntity
8
0
100
AcDbSpline
70
0
71
2
72
6
73
3
74
0
42
0.000000001
43
0.0000000001
44
0.0000000001
40
0
40
0
40
0
40
1
40
1
40
1
10
-61.39413326485834
20
-92.819918886036248
30
0
10
-61.284037688394186
20
-92.774079602590618
30
0
10
-61.093314746041898
20
-92.774079544803413
30
0
0
LINE
5
2159
100
AcDbEntity
8
0
100
AcDbLine
10
-61.093314746041898
20
-92.774079544803413
30
0
11
-60.399999478479067
21
-92.774079334735617
31
0
0
LINE
5
2160
100
AcDbEntity
8
0
100
AcDbLine
10
-60.399999478479067
20
-92.774079334735603
30
0
11
-60.399999430364332
21
-92.932878923415871
31
0
0
LINE
5
2161
100
AcDbEntity
8
0
100
AcDbLine
10
-60.399999430364332
20
-92.932878923415871
30
0
11
-61.092496028131166
21
-92.932879133235616
31
0
0
SPLINE
5
2162
100
AcDbEntity
8
0
100
AcDbSpline
70
0
71
2
72
6
73
3
74
0
42
0.000000001
43
0.0000000001
44
0.0000000001
40
0
40
0
40
0
40
1
40
1
40
1
10
-61.092496028131166
20
-92.932879133235616
30
0
10
-61.24883990544668
20
-92.932879180606292
30
0
10
-61.322918933354806
20
-92.96193795749565
30
0
0
SPLINE
5
2163
100
AcDbEntity
8
0
100
AcDbSpline
70
0
71
2
72
6
73
3
74
0
42
0.000000001
43
0.0000000001
44
0.0000000001
40
0
40
0
40
0
40
1
40
1
40
1
10
-61.322918933354806
20
-92.96193795749565
30
0
10
-61.39699811027463
20
-92.990996436361826
30
0
10
-61.437107246383668
20
-93.061801402089642
30
0
0
SPLINE
5
2164
100
AcDbEntity
8
0
100
AcDbSpline
70
0
71
2
72
6
73
3
74
0
42
0.000000001
43
0.0000000001
44
0.0000000001
40
0
40
0
40
0
40
1
40
1
40
1
10
-61.437107246383668
20
-93.061801402089642
30
0
10
-61.477216382492713
20
-93.132606367817459
30
0
10
-61.477216351491002
20
-93.234925489178238
30
0
0
SPLINE
5
2165
100
AcDbEntity
8
0
100
AcDbSpline
70
0
71
2
72
6
73
3
74
0
42
0.000000001
43
0.0000000001
44
0.0000000001
40
0
40
0
40
0
40
1
40
1
40
1
10
-61.477216351491002
20
-93.234925489178238
30
0
10
-61.47721629841601
20
-93.410096089592514
30
0
10
-61.397816481506581
20
-93.484584586157382
30
0
0
SPLINE
5
2166
100
AcDbEntity
8
0
100
AcDbSpline
70
0
71
2
72
6
73
3
74
0
42
0.000000001
43
0.0000000001
44
0.0000000001
40
0
40
0
40
0
40
1
40
1
40
1
10
-61.397816481506581
20
-93.484584586157382
30
0
10
-61.318416813608756
20
-93.559073082722307
30
0
10
-61.092495838400481
20
-93.559073014270453
30
0
0
LINE
5
2167
100
AcDbEntity
8
0
100
AcDbLine
10
-61.092495838400481
20
-93.559073014270453
30
0
11
-60.399999240633647
21
-93.559072804450693
31
0
0
LINE
5
2168
100
AcDbEntity
8
0
100
AcDbLine
10
-61.21446024080187
20
-93.928240379105361
30
0
11
-61.201363415830244
21
-94.078036384200885
31
0
0
SPLINE
5
2169
100
AcDbEntity
8
0
100
AcDbSpline
70
0
71
2
72
6
73
3
74
0
42
0.000000001
43
0.0000000001
44
0.0000000001
40
0
40
0
40
0
40
1
40
1
40
1
10
-61.201363415830244
20
-94.078036384200885
30
0
10
-61.291404275166514
20
-94.088677032667675
30
0
10
-61.349112288364481
20
-94.127558352032537
30
0
0
SPLINE
5
2170
100
AcDbEntity
8
0
100
AcDbSpline
70
0
71
2
72
6
73
3
74
0
42
0.000000001
43
0.0000000001
44
0.0000000001
40
0
40
0
40
0
40
1
40
1
40
1
10
-61.349112288364481
20
-94.127558352032537
30
0
10
-61.406820450574074
20
-94.166439671397427
30
0
10
-61.44242749550336
20
-94.248295336902515
30
0
0
SPLINE
5
2171
100
AcDbEntity
8
0
100
AcDbSpline
70
0
71
2
72
6
73
3
74
0
42
0.000000001
43
0.0000000001
44
0.0000000001
40
0
40
0
40
0
40
1
40
1
40
1
10
-61.44242749550336
20
-94.248295336902515
30
0
10
-61.478034540432645
20
-94.330151002407604
30
0
10
-61.478034509430941
20
-94.432470123768368
30
0
0
SPLINE
5
2172
100
AcDbEntity
8
0
100
AcDbSpline
70
0
71
2
72
6
73
3
74
0
42
0.000000001
43
0.0000000001
44
0.0000000001
40
0
40
0
40
0
40
1
40
1
40
1
10
-61.478034509430941
20
-94.432470123768368
30
0
10
-61.478034481901382
20
-94.523329656124631
30
0
10
-61.451022231854616
20
-94.592906149786501
30
0
0
SPLINE
5
2173
100
AcDbEntity
8
0
100
AcDbSpline
70
0
71
2
72
6
73
3
74
0
42
0.000000001
43
0.0000000001
44
0.0000000001
40
0
40
0
40
0
40
1
40
1
40
1
10
-61.451022231854616
20
-94.592906149786501
30
0
10
-61.424009832795875
20
-94.662483835541224
30
0
10
-61.376943014756449
20
-94.696453700430823
30
0
0
SPLINE
5
2174
100
AcDbEntity
8
0
100
AcDbSpline
70
0
71
2
72
6
73
3
74
0
42
0.000000001
43
0.0000000001
44
0.0000000001
40
0
40
0
40
0
40
1
40
1
40
1
10
-61.376943014756449
20
-94.696453700430823
30
0
10
-61.329876196717024
20
-94.730423565320422
30
0
10
-61.274214548205137
20
-94.730423548455477
30
0
0
SPLINE
5
2175
100
AcDbEntity
8
0
100
AcDbSpline
70
0
71
2
72
6
73
3
74
0
42
0.000000001
43
0.0000000001
44
0.0000000001
40
0
40
0
40
0
40
1
40
1
40
1
10
-61.274214548205137
20
-94.730423548455477
30
0
10
-61.21773422989726
20
-94.730423531342495
30
0
10
-61.175578705788773
20
-94.697681495101762
30
0
0
SPLINE
5
2176
100
AcDbEntity
8
0
100
AcDbSpline
70
0
71
2
72
6
73
3
74
0
42
0.000000001
43
0.0000000001
44
0.0000000001
40
0
40
0
40
0
40
1
40
1
40
1
10
-61.175578705788773
20
-94.697681495101762
30
0
10
-61.133423181680286
20
-94.664939458861014
30
0
10
-61.104773784951412
20
-94.589632557785507
30
0
0
SPLINE
5
2177
100
AcDbEntity
8
0
100
AcDbSpline
70
0
71
2
72
6
73
3
74
0
42
0.000000001
43
0.0000000001
44
0.0000000001
40
0
40
0
40
0
40
1
40
1
40
1
10
-61.104773784951412
20
-94.589632557785507
30
0
10
-61.085947076485652
20
-94.54133729260549
30
0
10
-61.046247303920261
20
-94.375989227598325
30
0
0
SPLINE
5
2178
100
AcDbEntity
8
0
100
AcDbSpline
70
0
71
2
72
6
73
3
74
0
42
0.000000001
43
0.0000000001
44
0.0000000001
40
0
40
0
40
0
40
1
40
1
40
1
10
-61.046247303920261
20
-94.375989227598325
30
0
10
-61.006547531354684
20
-94.210641758637607
30
0
10
-60.971349742105289
20
-94.144338733217765
30
0
0
SPLINE
5
2179
100
AcDbEntity
8
0
100
AcDbSpline
70
0
71
2
72
6
73
3
74
0
42
0.000000001
43
0.0000000001
44
0.0000000001
40
0
40
0
40
0
40
1
40
1
40
1
10
-60.971349742105289
20
-94.144338733217765
30
0
10
-60.926329262360788
20
-94.058390609950209
30
0
10
-60.859617148997643
20
-94.016235204719706
30
0
0
SPLINE
5
2180
100
AcDbEntity
8
0
100
AcDbSpline
70
0
71
2
72
6
73
3
74
0
42
0.000000001
43
0.0000000001
44
0.0000000001
40
0
40
0
40
0
40
1
40
1
40
1
10
-60.859617148997643
20
-94.016235204719706
30
0
10
-60.79290503563449
20
-93.974079799489175
30
0
10
-60.710231083651045
20
-93.974079774439772
30
0
0
SPLINE
5
2181
100
AcDbEntity
8
0
100
AcDbSpline
70
0
71
2
72
6
73
3
74
0
42
0.000000001
43
0.0000000001
44
0.0000000001
40
0
40
0
40
0
40
1
40
1
40
1
10
-60.710231083651045
20
-93.974079774439772
30
0
10
-60.619371625800589
20
-93.974079746910235
30
0
10
-60.540381150733623
20
-94.025648469543654
30
0
0
SPLINE
5
2182
100
AcDbEntity
8
0
100
AcDbSpline
70
0
71
2
72
6
73
3
74
0
42
0.000000001
43
0.0000000001
44
0.0000000001
40
0
40
0
40
0
40
1
40
1
40
1
10
-60.540381150733623
20
-94.025648469543654
30
0
10
-60.461390675666664
20
-94.077217192177102
30
0
10
-60.420462967310343
20
-94.176262217999664
30
0
0
SPLINE
5
2183
100
AcDbEntity
8
0
100
AcDbSpline
70
0
71
2
72
6
73
3
74
0
42
0.000000001
43
0.0000000001
44
0.0000000001
40
0
40
0
40
0
40
1
40
1
40
1
10
-60.420462967310343
20
-94.176262217999664
30
0
10
-60.379535184448216
20
-94.275307243822212
30
0
10
-60.379535147742196
20
-94.396453088281746
30
0
0
SPLINE
5
2184
100
AcDbEntity
8
0
100
AcDbSpline
70
0
71
2
72
6
73
3
74
0
42
0.000000001
43
0.0000000001
44
0.0000000001
40
0
40
0
40
0
40
1
40
1
40
1
10
-60.379535147742196
20
-94.396453088281746
30
0
10
-60.379535107315895
20
-94.52987748956501
30
0
10
-60.42250920575745
20
-94.631787140036906
30
0
0
SPLINE
5
2185
100
AcDbEntity
8
0
100
AcDbSpline
70
0
71
2
72
6
73
3
74
0
42
0.000000001
43
0.0000000001
44
0.0000000001
40
0
40
0
40
0
40
1
40
1
40
1
10
-60.42250920575745
20
-94.631787140036906
30
0
10
-60.465483229693014
20
-94.733697386555235
30
0
10
-60.548975685843999
20
-94.788540241556944
30
0
0
SPLINE
5
2186
100
AcDbEntity
8
0
100
AcDbSpline
70
0
71
2
72
6
73
3
74
0
42
0.000000001
43
0.0000000001
44
0.0000000001
40
0
40
0
40
0
40
1
40
1
40
1
10
-60.548975685843999
20
-94.788540241556944
30
0
10
-60.632468216500605
20
-94.843383692605101
30
0
10
-60.738061643276325
20
-94.847476179509158
30
0
0
LINE
5
2187
100
AcDbEntity
8
0
100
AcDbLine
10
-60.738061643276325
20
-94.847476179509158
30
0
11
-60.749521427422891
21
-94.695225654645782
31
0
0
SPLINE
5
2188
100
AcDbEntity
8
0
100
AcDbSpline
70
0
71
2
72
6
73
3
74
0
42
0.000000001
43
0.0000000001
44
0.0000000001
40
0
40
0
40
0
40
1
40
1
40
1
10
-60.749521427422899
20
-94.695225654645796
30
0
10
-60.63574242275466
20
-94.682947063348138
30
0
10
-60.577625158837058
20
-94.612142092164021
30
0
0
SPLINE
5
2189
100
AcDbEntity
8
0
100
AcDbSpline
70
0
71
2
72
6
73
3
74
0
42
0.000000001
43
0.0000000001
44
0.0000000001
40
0
40
0
40
0
40
1
40
1
40
1
10
-60.577625158837058
20
-94.612142092164021
30
0
10
-60.519507820413637
20
-94.541337120979875
30
0
10
-60.519507862327877
20
-94.403001893013595
30
0
0
SPLINE
5
2190
100
AcDbEntity
8
0
100
AcDbSpline
70
0
71
2
72
6
73
3
74
0
42
0.000000001
43
0.0000000001
44
0.0000000001
40
0
40
0
40
0
40
1
40
1
40
1
10
-60.519507862327877
20
-94.403001893013595
30
0
10
-60.519507905978365
20
-94.258936274498581
30
0
10
-60.572304677204222
20
-94.193042759649842
30
0
0
SPLINE
5
2191
100
AcDbEntity
8
0
100
AcDbSpline
70
0
71
2
72
6
73
3
74
0
42
0.000000001
43
0.0000000001
44
0.0000000001
40
0
40
0
40
0
40
1
40
1
40
1
10
-60.572304677204222
20
-94.193042759649842
30
0
10
-60.625101448430087
20
-94.127149244801117
30
0
10
-60.699589820040714
20
-94.12714926737037
30
0
0
SPLINE
5
2192
100
AcDbEntity
8
0
100
AcDbSpline
70
0
71
2
72
6
73
3
74
0
42
0.000000001
43
0.0000000001
44
0.0000000001
40
0
40
0
40
0
40
1
40
1
40
1
10
-60.699589820040714
20
-94.12714926737037
30
0
10
-60.764255569709789
20
-94.127149286963459
30
0
10
-60.80600182920989
20
-94.173806623449451
30
0
0
SPLINE
5
2193
100
AcDbEntity
8
0
100
AcDbSpline
70
0
71
2
72
6
73
3
74
0
42
0.000000001
43
0.0000000001
44
0.0000000001
40
0
40
0
40
0
40
1
40
1
40
1
10
-60.80600182920989
20
-94.173806623449451
30
0
10
-60.847748088957943
20
-94.219645588162692
30
0
10
-60.891540605900374
20
-94.413233739058043
30
0
0
SPLINE
5
2194
100
AcDbEntity
8
0
100
AcDbSpline
70
0
71
2
72
6
73
3
74
0
42
0.000000001
43
0.0000000001
44
0.0000000001
40
0
40
0
40
0
40
1
40
1
40
1
10
-60.891540605900374
20
-94.413233739058043
30
0
10
-60.935333197348605
20
-94.606821889953437
30
0
10
-60.968075348002991
20
-94.678854709131485
30
0
0
SPLINE
5
2195
100
AcDbEntity
8
0
100
AcDbSpline
70
0
71
2
72
6
73
3
74
0
42
0.000000001
43
0.0000000001
44
0.0000000001
40
0
40
0
40
0
40
1
40
1
40
1
10
-60.968075348002991
20
-94.678854709131485
30
0
10
-61.016369979686488
20
-94.783629556489828
30
0
10
-61.090449075776206
20
-94.833560985909884
30
0
0
SPLINE
5
2196
100
AcDbEntity
8
0
100
AcDbSpline
70
0
71
2
72
6
73
3
74
0
42
0.000000001
43
0.0000000001
44
0.0000000001
40
0
40
0
40
0
40
1
40
1
40
1
10
-61.090449075776206
20
-94.833560985909884
30
0
10
-61.164528246371546
20
-94.883493011376387
30
0
10
-61.261117573230059
20
-94.883493040642009
30
0
0
SPLINE
5
2197
100
AcDbEntity
8
0
100
AcDbSpline
70
0
71
2
72
6
73
3
74
0
42
0.000000001
43
0.0000000001
44
0.0000000001
40
0
40
0
40
0
40
1
40
1
40
1
10
-61.261117573230059
20
-94.883493040642009
30
0
10
-61.356888379304202
20
-94.88349306965965
30
0
10
-61.441608798877226
20
-94.828649669578368
30
0
0
SPLINE
5
2198
100
AcDbEntity
8
0
100
AcDbSpline
70
0
71
2
72
6
73
3
74
0
42
0.000000001
43
0.0000000001
44
0.0000000001
40
0
40
0
40
0
40
1
40
1
40
1
10
-61.441608798877226
20
-94.828649669578368
30
0
10
-61.526329069438475
20
-94.77380686554352
30
0
10
-61.573395908311134
20
-94.671078274533912
30
0
0
SPLINE
5
2199
100
AcDbEntity
8
0
100
AcDbSpline
70
0
71
2
72
6
73
3
74
0
42
0.000000001
43
0.0000000001
44
0.0000000001
40
0
40
0
40
0
40
1
40
1
40
1
10
-61.573395908311134
20
-94.671078274533912
30
0
10
-61.620462896195221
20
-94.568350279570822
30
0
10
-61.620462935133595
20
-94.439836704970602
30
0
0
SPLINE
5
2200
100
AcDbEntity
8
0
100
AcDbSpline
70
0
71
2
72
6
73
3
74
0
42
0.000000001
43
0.0000000001
44
0.0000000001
40
0
40
0
40
0
40
1
40
1
40
1
10
-61.620462935133595
20
-94.439836704970602
30
0
10
-61.620462984488213
20
-94.276944959403281
30
0
10
-61.572986875201281
20
-94.166849205653861
30
0
0
SPLINE
5
2201
100
AcDbEntity
8
0
100
AcDbSpline
70
0
71
2
72
6
73
3
74
0
42
0.000000001
43
0.0000000001
44
0.0000000001
40
0
40
0
40
0
40
1
40
1
40
1
10
-61.572986875201281
20
-94.166849205653861
30
0
10
-61.525510765914163
20
-94.056754047950875
30
0
10
-61.4301491646995
20
-93.994134571349107
30
0
0
SPLINE
5
2202
100
AcDbEntity
8
0
100
AcDbSpline
70
0
71
2
72
6
73
3
74
0
42
0.000000001
43
0.0000000001
44
0.0000000001
40
0
40
0
40
0
40
1
40
1
40
1
10
-61.4301491646995
20
-93.994134571349107
30
0
10
-61.334787712496436
20
-93.931515094747368
30
0
10
-61.21446024080187
20
-93.928240379105361
30
0
0
LINE
5
2203
100
AcDbEntity
8
0
100
AcDbLine
10
-61.599998823291202
20
-95.093861776590032
30
0
11
-60.399998850113342
21
-95.093861413001676
31
0
0
LINE
5
2204
100
AcDbEntity
8
0
100
AcDbLine
10
-60.399998850113342
20
-95.093861413001676
30
0
11
-60.399998713705699
21
-95.544066023826247
31
0
0
SPLINE
5
2205
100
AcDbEntity
8
0
100
AcDbSpline
70
0
71
2
72
6
73
3
74
0
42
0.000000001
43
0.0000000001
44
0.0000000001
40
0
40
0
40
0
40
1
40
1
40
1
10
-60.399998713705699
20
-95.544066023826247
30
0
10
-60.399998672039423
20
-95.681582880019761
30
0
10
-60.436424237381061
20
-95.76466640145523
30
0
0
SPLINE
5
2206
100
AcDbEntity
8
0
100
AcDbSpline
70
0
71
2
72
6
73
3
74
0
42
0.000000001
43
0.0000000001
44
0.0000000001
40
0
40
0
40
0
40
1
40
1
40
1
10
-60.436424237381061
20
-95.76466640145523
30
0
10
-60.472849877228683
20
-95.847749326844266
30
0
10
-60.548566090260906
20
-95.894816157532432
30
0
0
SPLINE
5
2207
100
AcDbEntity
8
0
100
AcDbSpline
70
0
71
2
72
6
73
3
74
0
42
0.000000001
43
0.0000000001
44
0.0000000001
40
0
40
0
40
0
40
1
40
1
40
1
10
-60.548566090260906
20
-95.894816157532432
30
0
10
-60.624282303293128
20
-95.941882988220598
30
0
10
-60.70695625527658
20
-95.941883013270015
30
0
0
SPLINE
5
2208
100
AcDbEntity
8
0
100
AcDbSpline
70
0
71
2
72
6
73
3
74
0
42
0.000000001
43
0.0000000001
44
0.0000000001
40
0
40
0
40
0
40
1
40
1
40
1
10
-60.70695625527658
20
-95.941883013270015
30
0
10
-60.783900338251954
20
-95.941883036583306
30
0
10
-60.851840332718758
20
-95.900137156060694
30
0
0
SPLINE
5
2209
100
AcDbEntity
8
0
100
AcDbSpline
70
0
71
2
72
6
73
3
74
0
42
0.000000001
43
0.0000000001
44
0.0000000001
40
0
40
0
40
0
40
1
40
1
40
1
10
-60.851840332718758
20
-95.900137156060694
30
0
10
-60.919780327185748
20
-95.858390679491606
30
0
10
-60.961526551862278
20
-95.774079326059066
30
0
0
SPLINE
5
2210
100
AcDbEntity
8
0
100
AcDbSpline
70
0
71
2
72
6
73
3
74
0
42
0.000000001
43
0.0000000001
44
0.0000000001
40
0
40
0
40
0
40
1
40
1
40
1
10
-60.961526551862278
20
-95.774079326059066
30
0
10
-60.993450096065807
20
-95.882947219413836
30
0
10
-61.070394161308087
20
-95.941474235525007
30
0
0
SPLINE
5
2211
100
AcDbEntity
8
0
100
AcDbSpline
70
0
71
2
72
6
73
3
74
0
42
0.000000001
43
0.0000000001
44
0.0000000001
40
0
40
0
40
0
40
1
40
1
40
1
10
-61.070394161308087
20
-95.941474235525007
30
0
10
-61.147338226550715
20
-96.000000059543282
30
0
10
-61.252113059276226
20
-96.000000091289039
30
0
0
SPLINE
5
2212
100
AcDbEntity
8
0
100
AcDbSpline
70
0
71
2
72
6
73
3
74
0
42
0.000000001
43
0.0000000001
44
0.0000000001
40
0
40
0
40
0
40
1
40
1
40
1
10
-61.252113059276226
20
-96.000000091289039
30
0
10
-61.33642412733424
20
-96.000000116834471
30
0
10
-61.408866282278197
20
-95.96439351608781
30
0
0
SPLINE
5
2213
100
AcDbEntity
8
0
100
AcDbSpline
70
0
71
2
72
6
73
3
74
0
42
0.000000001
43
0.0000000001
44
0.0000000001
40
0
40
0
40
0
40
1
40
1
40
1
10
-61.408866282278197
20
-95.96439351608781
30
0
10
-61.481308288210734
20
-95.928786319294673
30
0
10
-61.520598791849785
20
-95.876399212859766
30
0
0
SPLINE
5
2214
100
AcDbEntity
8
0
100
AcDbSpline
70
0
71
2
72
6
73
3
74
0
42
0.000000001
43
0.0000000001
44
0.0000000001
40
0
40
0
40
0
40
1
40
1
40
1
10
-61.520598791849785
20
-95.876399212859766
30
0
10
-61.559889444500641
20
-95.824011510378455
30
0
10
-61.579944047215108
20
-95.745021057012679
30
0
0
SPLINE
5
2215
100
AcDbEntity
8
0
100
AcDbSpline
70
0
71
2
72
6
73
3
74
0
42
0.000000001
43
0.0000000001
44
0.0000000001
40
0
40
0
40
0
40
1
40
1
40
1
10
-61.579944047215108
20
-95.745021057012679
30
0
10
-61.599998649929582
20
-95.666030603646874
30
0
10
-61.599998684651389
20
-95.551433521508812
30
0
0
LINE
5
2216
100
AcDbEntity
8
0
100
AcDbLine
10
-61.599998684651389
20
-95.551433521508812
30
0
11
-61.599998823291202
21
-95.093861776590018
31
0
0
LINE
5
2217
100
AcDbEntity
8
0
100
AcDbLine
10
-60.904227945260587
20
-95.252660856435241
30
0
11
-60.904227866640326
21
-95.51214192886107
31
0
0
SPLINE
5
2218
100
AcDbEntity
8
0
100
AcDbSpline
70
0
71
2
72
6
73
3
74
0
42
0.000000001
43
0.0000000001
44
0.0000000001
40
0
40
0
40
0
40
1
40
1
40
1
10
-60.904227866640326
20
-95.51214192886107
30
0
10
-60.904227834646427
20
-95.617735729405808
30
0
10
-60.8903124458826
20
-95.663574677254104
30
0
0
SPLINE
5
2219
100
AcDbEntity
8
0
100
AcDbSpline
70
0
71
2
72
6
73
3
74
0
42
0.000000001
43
0.0000000001
44
0.0000000001
40
0
40
0
40
0
40
1
40
1
40
1
10
-60.8903124458826
20
-95.663574677254104
30
0
10
-60.872304225215302
20
-95.724147296004318
30
0
10
-60.830557942277778
20
-95.754843675414932
30
0
0
SPLINE
5
2220
100
AcDbEntity
8
0
100
AcDbSpline
70
0
71
2
72
6
73
3
74
0
42
0.000000001
43
0.0000000001
44
0.0000000001
40
0
40
0
40
0
40
1
40
1
40
1
10
-60.830557942277778
20
-95.754843675414932
30
0
10
-60.788811733846416
20
-95.785538862732679
30
0
10
-60.725783025746111
20
-95.785538843635578
30
0
0
SPLINE
5
2221
100
AcDbEntity
8
0
100
AcDbSpline
70
0
71
2
72
6
73
3
74
0
42
0.000000001
43
0.0000000001
44
0.0000000001
40
0
40
0
40
0
40
1
40
1
40
1
10
-60.725783025746111
20
-95.785538843635578
30
0
10
-60.666028624300722
20
-95.78553882553058
30
0
10
-60.620598866802951
20
-95.756889839254512
30
0
0
SPLINE
5
2222
100
AcDbEntity
8
0
100
AcDbSpline
70
0
71
2
72
6
73
3
74
0
42
0.000000001
43
0.0000000001
44
0.0000000001
40
0
40
0
40
0
40
1
40
1
40
1
10
-60.620598866802951
20
-95.756889839254512
30
0
10
-60.575169183810985
20
-95.728240852978459
30
0
10
-60.558388853300102
20
-95.675034165688984
30
0
0
SPLINE
5
2223
100
AcDbEntity
8
0
100
AcDbSpline
70
0
71
2
72
6
73
3
74
0
42
0.000000001
43
0.0000000001
44
0.0000000001
40
0
40
0
40
0
40
1
40
1
40
1
10
-60.558388853300102
20
-95.675034165688984
30
0
10
-60.541608448283036
20
-95.621828670492377
30
0
10
-60.541608487469183
20
-95.492497320165839
30
0
0
LINE
5
2224
100
AcDbEntity
8
0
100
AcDbLine
10
-60.541608487469183
20
-95.492497320165839
30
0
11
-60.541608560137348
21
-95.252660746565084
31
0
0
LINE
5
2225
100
AcDbEntity
8
0
100
AcDbLine
10
-60.541608560137341
20
-95.252660746565084
30
0
11
-60.904227945260573
21
-95.252660856435241
31
0
0
LINE
5
2226
100
AcDbEntity
8
0
100
AcDbLine
10
-61.458389017037902
20
-95.252661024340668
30
0
11
-61.45838892651274
21
-95.551433478602434
31
0
0
SPLINE
5
2227
100
AcDbEntity
8
0
100
AcDbSpline
70
0
71
2
72
6
73
3
74
0
42
0.000000001
43
0.0000000001
44
0.0000000001
40
0
40
0
40
0
40
1
40
1
40
1
10
-61.458388926512733
20
-95.551433478602448
30
0
10
-61.458388903199562
20
-95.628377114542999
30
0
10
-61.452658950261096
20
-95.659482392729359
30
0
0
SPLINE
5
2228
100
AcDbEntity
8
0
100
AcDbSpline
70
0
71
2
72
6
73
3
74
0
42
0.000000001
43
0.0000000001
44
0.0000000001
40
0
40
0
40
0
40
1
40
1
40
1
10
-61.452658950261096
20
-95.659482392729359
30
0
10
-61.442836237196872
20
-95.71432521945745
30
0
10
-61.419916750003942
20
-95.751160286937832
30
0
0
SPLINE
5
2229
100
AcDbEntity
8
0
100
AcDbSpline
70
0
71
2
72
6
73
3
74
0
42
0.000000001
43
0.0000000001
44
0.0000000001
40
0
40
0
40
0
40
1
40
1
40
1
10
-61.419916750003942
20
-95.751160286937832
30
0
10
-61.396997262811198
20
-95.787994758371738
30
0
10
-61.353204680021008
20
-95.811732890931268
30
0
0
SPLINE
5
2230
100
AcDbEntity
8
0
100
AcDbSpline
70
0
71
2
72
6
73
3
74
0
42
0.000000001
43
0.0000000001
44
0.0000000001
40
0
40
0
40
0
40
1
40
1
40
1
10
-61.353204680021008
20
-95.811732890931268
30
0
10
-61.309411948219207
20
-95.835471023490726
30
0
10
-61.25211310912696
20
-95.835471006129737
30
0
0
SPLINE
5
2231
100
AcDbEntity
8
0
100
AcDbSpline
70
0
71
2
72
6
73
3
74
0
42
0.000000001
43
0.0000000001
44
0.0000000001
40
0
40
0
40
0
40
1
40
1
40
1
10
-61.25211310912696
20
-95.835471006129737
30
0
10
-61.184991722598944
20
-95.835470985792611
30
0
10
-61.13546921390374
20
-95.801092203774218
30
0
0
SPLINE
5
2232
100
AcDbEntity
8
0
100
AcDbSpline
70
0
71
2
72
6
73
3
74
0
42
0.000000001
43
0.0000000001
44
0.0000000001
40
0
40
0
40
0
40
1
40
1
40
1
10
-61.13546921390374
20
-95.801092203774218
30
0
10
-61.085946705208912
20
-95.766712229662943
30
0
10
-61.065892219410394
20
-95.705730711516907
30
0
0
SPLINE
5
2233
100
AcDbEntity
8
0
100
AcDbSpline
70
0
71
2
72
6
73
3
74
0
42
0.000000001
43
0.0000000001
44
0.0000000001
40
0
40
0
40
0
40
1
40
1
40
1
10
-61.065892219410394
20
-95.705730711516907
30
0
10
-61.045837659106439
20
-95.644748001277975
30
0
10
-61.045837693828247
20
-95.530150919139913
30
0
0
LINE
5
2234
100
AcDbEntity
8
0
100
AcDbLine
10
-61.045837693828247
20
-95.530150919139913
30
0
11
-61.045837777905035
21
-95.252660899341649
31
0
0
LINE
5
2235
100
AcDbEntity
8
0
100
AcDbLine
10
-61.045837777905035
20
-95.252660899341649
30
0
11
-61.458389017037902
21
-95.252661024340682
31
0
0
ENDSEC
0
SECTION
2
OBJECTS
0
DICTIONARY
5
C
100
AcDbDictionary
3
ACAD_GROUP
350
D
3
ACAD_MLINESTYLE
350
17
0
DICTIONARY
5
D
100
AcDbDictionary
0
DICTIONARY
5
1A
330
C
100
AcDbDictionary
0
DICTIONARY
5
17
100
AcDbDictionary
0
ENDSEC
0
EOF
