ISO-10303-21;
HEADER;
/* Generated by software containing ST-Developer
 * from STEP Tools, Inc. (www.steptools.com) 
 */

FILE_DESCRIPTION(
/* description */ (''),
/* implementation_level */ '2;1');

FILE_NAME(
/* name */ 'SNA_Bottom.step',
/* time_stamp */ '2026-09-04T21:35:51+02:00',
/* author */ (''),
/* organization */ (''),
/* preprocessor_version */ 'ST-DEVELOPER v20.1',
/* originating_system */ 'Autodesk Translation Framework v15.8.0.0',
/* authorisation */ '');

FILE_SCHEMA (('AUTOMOTIVE_DESIGN { 1 0 10303 214 3 1 1 }'));
ENDSEC;

DATA;
#10=MECHANICAL_DESIGN_GEOMETRIC_PRESENTATION_REPRESENTATION('',(#13),#12408);
#11=SHAPE_REPRESENTATION_RELATIONSHIP('SRR','None',#12414,#12);
#12=ADVANCED_BREP_SHAPE_REPRESENTATION('',(#14),#12407);
#13=STYLED_ITEM('',(#12423),#14);
#14=MANIFOLD_SOLID_BREP('Bottom',#7336);
#15=B_SPLINE_CURVE_WITH_KNOTS('',3,(#10503,#10504,#10505,#10506),
 .UNSPECIFIED.,.F.,.F.,(4,4),(0.141446287348931,0.142200386465171),
 .UNSPECIFIED.);
#16=B_SPLINE_CURVE_WITH_KNOTS('',3,(#10953,#10954,#10955,#10956),
 .UNSPECIFIED.,.F.,.F.,(4,4),(0.00335673584788901,0.0041193041188323),
 .UNSPECIFIED.);
#17=ELLIPSE('',#7478,0.28284271247462,0.2);
#18=ELLIPSE('',#7479,0.282842712474618,0.2);
#19=ELLIPSE('',#7482,0.282842712474622,0.2);
#20=ELLIPSE('',#7483,0.282845277591582,0.2);
#21=ELLIPSE('',#7484,0.282842712474616,0.199999999999996);
#22=ELLIPSE('',#7486,0.282842712451353,0.200000000032894);
#23=ELLIPSE('',#7487,0.282842712451353,0.200000000032894);
#24=ELLIPSE('',#7488,0.282842712474616,0.199999999999996);
#25=ELLIPSE('',#7491,0.282840147427453,0.2);
#26=ELLIPSE('',#7492,0.282842712474615,0.199999999999996);
#27=ELLIPSE('',#7494,0.282842712451354,0.200000000032894);
#28=ELLIPSE('',#7495,0.282842712451354,0.200000000032894);
#29=ELLIPSE('',#7496,0.282842712474616,0.199999999999996);
#30=ELLIPSE('',#7498,0.282840147427453,0.2);
#31=ELLIPSE('',#7499,0.282845277591569,0.2);
#32=ELLIPSE('',#7501,0.282842718656346,0.2);
#33=ELLIPSE('',#7565,0.282842712474622,0.2);
#34=ELLIPSE('',#7566,0.282842712474622,0.2);
#35=ELLIPSE('',#7568,0.282842712474619,0.2);
#36=ELLIPSE('',#7569,0.282842712474619,0.2);
#37=ELLIPSE('',#7570,0.282842712474622,0.2);
#38=ELLIPSE('',#7572,0.282842706292906,0.2);
#39=ELLIPSE('',#7573,0.282842712474616,0.2);
#40=ELLIPSE('',#7576,0.282842712474616,0.2);
#41=ELLIPSE('',#7577,0.282842712474616,0.2);
#42=ELLIPSE('',#7580,0.282842712474623,0.2);
#43=ELLIPSE('',#7584,0.282842712474618,0.2);
#44=ELLIPSE('',#7586,0.282842712474613,0.2);
#45=ELLIPSE('',#7589,0.282842706292899,0.2);
#46=ELLIPSE('',#7591,0.282842718656346,0.2);
#47=ELLIPSE('',#7593,0.282842712474614,0.2);
#48=ELLIPSE('',#7596,0.282842712474616,0.2);
#49=ELLIPSE('',#7599,0.282842706292899,0.2);
#50=ELLIPSE('',#7601,0.282842718656334,0.2);
#51=ELLIPSE('',#7603,0.282842712474618,0.2);
#52=ELLIPSE('',#7615,0.2828427124746,0.2);
#53=ELLIPSE('',#7618,0.282842706292893,0.2);
#54=ELLIPSE('',#7620,0.28284271865634,0.2);
#55=ELLIPSE('',#7622,0.282842712474621,0.2);
#56=ELLIPSE('',#7625,0.282842712474607,0.2);
#57=CYLINDRICAL_SURFACE('',#7365,0.800000000000003);
#58=CYLINDRICAL_SURFACE('',#7370,0.800000000000001);
#59=CYLINDRICAL_SURFACE('',#7375,0.800000000000003);
#60=CYLINDRICAL_SURFACE('',#7380,0.800000000000001);
#61=CYLINDRICAL_SURFACE('',#7385,0.80000000000001);
#62=CYLINDRICAL_SURFACE('',#7390,0.80000000000001);
#63=CYLINDRICAL_SURFACE('',#7395,0.80000000000001);
#64=CYLINDRICAL_SURFACE('',#7400,0.80000000000001);
#65=CYLINDRICAL_SURFACE('',#7405,0.80000000000001);
#66=CYLINDRICAL_SURFACE('',#7410,0.800000000000001);
#67=CYLINDRICAL_SURFACE('',#7415,0.800000000000003);
#68=CYLINDRICAL_SURFACE('',#7420,0.800000000000001);
#69=CYLINDRICAL_SURFACE('',#7425,0.800000000000001);
#70=CYLINDRICAL_SURFACE('',#7430,0.800000000000003);
#71=CYLINDRICAL_SURFACE('',#7435,0.80000000000001);
#72=CYLINDRICAL_SURFACE('',#7440,0.80000000000001);
#73=CYLINDRICAL_SURFACE('',#7445,0.80000000000001);
#74=CYLINDRICAL_SURFACE('',#7450,0.800000000000001);
#75=CYLINDRICAL_SURFACE('',#7455,0.80000000000001);
#76=CYLINDRICAL_SURFACE('',#7460,0.80000000000001);
#77=CYLINDRICAL_SURFACE('',#7465,0.800000000000001);
#78=CYLINDRICAL_SURFACE('',#7470,0.800000000000001);
#79=CYLINDRICAL_SURFACE('',#7475,0.800000000000001);
#80=CYLINDRICAL_SURFACE('',#7477,0.2);
#81=CYLINDRICAL_SURFACE('',#7481,0.2);
#82=CYLINDRICAL_SURFACE('',#7485,0.199999999999996);
#83=CYLINDRICAL_SURFACE('',#7490,0.2);
#84=CYLINDRICAL_SURFACE('',#7493,0.199999999999996);
#85=CYLINDRICAL_SURFACE('',#7497,0.2);
#86=CYLINDRICAL_SURFACE('',#7500,0.2);
#87=CYLINDRICAL_SURFACE('',#7564,0.2);
#88=CYLINDRICAL_SURFACE('',#7567,0.2);
#89=CYLINDRICAL_SURFACE('',#7571,0.2);
#90=CYLINDRICAL_SURFACE('',#7575,0.2);
#91=CYLINDRICAL_SURFACE('',#7579,0.2);
#92=CYLINDRICAL_SURFACE('',#7581,0.2);
#93=CYLINDRICAL_SURFACE('',#7582,0.2);
#94=CYLINDRICAL_SURFACE('',#7583,0.2);
#95=CYLINDRICAL_SURFACE('',#7585,0.2);
#96=CYLINDRICAL_SURFACE('',#7588,0.2);
#97=CYLINDRICAL_SURFACE('',#7590,0.2);
#98=CYLINDRICAL_SURFACE('',#7592,0.2);
#99=CYLINDRICAL_SURFACE('',#7595,0.2);
#100=CYLINDRICAL_SURFACE('',#7598,0.2);
#101=CYLINDRICAL_SURFACE('',#7600,0.2);
#102=CYLINDRICAL_SURFACE('',#7602,0.2);
#103=CYLINDRICAL_SURFACE('',#7614,0.2);
#104=CYLINDRICAL_SURFACE('',#7617,0.2);
#105=CYLINDRICAL_SURFACE('',#7619,0.2);
#106=CYLINDRICAL_SURFACE('',#7621,0.2);
#107=CYLINDRICAL_SURFACE('',#7624,0.2);
#108=CYLINDRICAL_SURFACE('',#7627,0.2);
#109=CYLINDRICAL_SURFACE('',#7628,1.);
#110=CYLINDRICAL_SURFACE('',#7632,1.);
#111=CYLINDRICAL_SURFACE('',#7635,1.88372866795192);
#112=CYLINDRICAL_SURFACE('',#7638,1.);
#113=CYLINDRICAL_SURFACE('',#7640,1.);
#114=CYLINDRICAL_SURFACE('',#7644,1.);
#115=CYLINDRICAL_SURFACE('',#7648,1.);
#116=CYLINDRICAL_SURFACE('',#7651,4.13478306175703);
#117=CYLINDRICAL_SURFACE('',#7654,0.999999999999996);
#118=CYLINDRICAL_SURFACE('',#7657,1.98664543972763);
#119=CYLINDRICAL_SURFACE('',#7660,1.);
#120=CYLINDRICAL_SURFACE('',#7663,2.2001521149894);
#121=CYLINDRICAL_SURFACE('',#7666,1.);
#122=CYLINDRICAL_SURFACE('',#7670,1.);
#123=CYLINDRICAL_SURFACE('',#7673,1.);
#124=CYLINDRICAL_SURFACE('',#7675,2.23625507920903);
#125=CYLINDRICAL_SURFACE('',#7677,1.);
#126=CYLINDRICAL_SURFACE('',#7680,14.4578111701839);
#127=CYLINDRICAL_SURFACE('',#7682,1.);
#128=CYLINDRICAL_SURFACE('',#7684,2.07460985408044);
#129=CYLINDRICAL_SURFACE('',#7686,1.);
#130=CYLINDRICAL_SURFACE('',#7689,1.);
#131=CYLINDRICAL_SURFACE('',#7691,2.06874586126251);
#132=CYLINDRICAL_SURFACE('',#7693,1.10287595002557);
#133=CYLINDRICAL_SURFACE('',#7696,1.);
#134=CYLINDRICAL_SURFACE('',#7698,1.);
#135=CYLINDRICAL_SURFACE('',#7701,1.);
#136=CYLINDRICAL_SURFACE('',#7708,1.);
#137=CYLINDRICAL_SURFACE('',#7717,6.68390475029122);
#138=CYLINDRICAL_SURFACE('',#7725,6.65735944322262);
#139=CYLINDRICAL_SURFACE('',#7734,6.67008677810683);
#140=CYLINDRICAL_SURFACE('',#7737,1.69596407560337);
#141=CYLINDRICAL_SURFACE('',#7741,1.51009614777001);
#142=CYLINDRICAL_SURFACE('',#7744,1.51039766669832);
#143=CYLINDRICAL_SURFACE('',#7747,9.99968805731003);
#144=CYLINDRICAL_SURFACE('',#7751,1.51202605277864);
#145=CYLINDRICAL_SURFACE('',#7755,1.51216262056729);
#146=CYLINDRICAL_SURFACE('',#7759,1.51206268968674);
#147=CYLINDRICAL_SURFACE('',#7763,1.51216869174118);
#148=CYLINDRICAL_SURFACE('',#7767,1.51216869174144);
#149=CYLINDRICAL_SURFACE('',#7771,2.24769383046171);
#150=CYLINDRICAL_SURFACE('',#7775,4.19912186372911);
#151=CYLINDRICAL_SURFACE('',#7779,5.00134072150445);
#152=CYLINDRICAL_SURFACE('',#7783,1.05900815559844);
#153=CYLINDRICAL_SURFACE('',#7787,1.51203818414905);
#154=CYLINDRICAL_SURFACE('',#7794,1.87762596826001);
#155=CYLINDRICAL_SURFACE('',#7797,1.05953018763988);
#156=CYLINDRICAL_SURFACE('',#7801,8.01496223281531);
#157=CYLINDRICAL_SURFACE('',#7805,7.21681214544829);
#158=CYLINDRICAL_SURFACE('',#7809,5.27734824095628);
#159=CYLINDRICAL_SURFACE('',#7813,1.50952294932829);
#160=CYLINDRICAL_SURFACE('',#7816,1.98766905917324);
#161=CYLINDRICAL_SURFACE('',#7820,1.4225801949468);
#162=CYLINDRICAL_SURFACE('',#7824,1.5121654666477);
#163=CYLINDRICAL_SURFACE('',#7828,4.43681566499855);
#164=CYLINDRICAL_SURFACE('',#7835,12.018540292962);
#165=CYLINDRICAL_SURFACE('',#7840,1.51114680356045);
#166=CYLINDRICAL_SURFACE('',#7847,6.37731502904023);
#167=CYLINDRICAL_SURFACE('',#7851,8.27968739642458);
#168=CYLINDRICAL_SURFACE('',#7861,18.2188048597662);
#169=CYLINDRICAL_SURFACE('',#7868,14.431491541138);
#170=CYLINDRICAL_SURFACE('',#7874,1.51216546664753);
#171=CYLINDRICAL_SURFACE('',#7878,11.4389586126579);
#172=CYLINDRICAL_SURFACE('',#7881,15.2007890888981);
#173=CYLINDRICAL_SURFACE('',#7883,12.0880494451637);
#174=CYLINDRICAL_SURFACE('',#7885,1.5120994824778);
#175=CYLINDRICAL_SURFACE('',#7888,8.24292096634378);
#176=CYLINDRICAL_SURFACE('',#7898,1.51206068170377);
#177=CYLINDRICAL_SURFACE('',#7900,15.5797789931997);
#178=CYLINDRICAL_SURFACE('',#7902,6.67115783639022);
#179=CYLINDRICAL_SURFACE('',#7907,6.6573594432237);
#180=CYLINDRICAL_SURFACE('',#7913,1.51205047840422);
#181=CYLINDRICAL_SURFACE('',#7918,6.64271522533218);
#182=CYLINDRICAL_SURFACE('',#7926,8.27963051358272);
#183=CYLINDRICAL_SURFACE('',#7932,10.6068567616836);
#184=CYLINDRICAL_SURFACE('',#7942,10.0167701029171);
#185=CYLINDRICAL_SURFACE('',#7945,13.1168258161328);
#186=CYLINDRICAL_SURFACE('',#7948,20.1042952932767);
#187=CYLINDRICAL_SURFACE('',#7956,1.51218424890688);
#188=CYLINDRICAL_SURFACE('',#7959,1.68327412444994);
#189=CYLINDRICAL_SURFACE('',#7961,1.51219140679578);
#190=CYLINDRICAL_SURFACE('',#7963,17.0996039995141);
#191=CYLINDRICAL_SURFACE('',#7973,3.07351191919902);
#192=CYLINDRICAL_SURFACE('',#7979,1.51203818182138);
#193=CYLINDRICAL_SURFACE('',#7982,2.53550477624703);
#194=CYLINDRICAL_SURFACE('',#7985,1.51216546664774);
#195=CYLINDRICAL_SURFACE('',#7988,3.02119320325803);
#196=CYLINDRICAL_SURFACE('',#7991,8.4787104059699);
#197=CYLINDRICAL_SURFACE('',#8000,7.62861396523087);
#198=CYLINDRICAL_SURFACE('',#8002,8.24440687812817);
#199=CYLINDRICAL_SURFACE('',#8007,8.23378469860159);
#200=CYLINDRICAL_SURFACE('',#8011,1.5121654666474);
#201=CYLINDRICAL_SURFACE('',#8014,8.22180937761225);
#202=CYLINDRICAL_SURFACE('',#8018,8.21612247767553);
#203=CYLINDRICAL_SURFACE('',#8022,2.55334742037974);
#204=CYLINDRICAL_SURFACE('',#8025,1.51202654285766);
#205=CYLINDRICAL_SURFACE('',#8028,2.60610770931059);
#206=CYLINDRICAL_SURFACE('',#8031,1.51206764052987);
#207=CYLINDRICAL_SURFACE('',#8033,2.05984606580815);
#208=CYLINDRICAL_SURFACE('',#8035,2.05407435075627);
#209=CYLINDRICAL_SURFACE('',#8038,2.14733722074243);
#210=CYLINDRICAL_SURFACE('',#8041,5.18659435724236);
#211=CYLINDRICAL_SURFACE('',#8044,1.51216546664758);
#212=CYLINDRICAL_SURFACE('',#8047,2.14803581774938);
#213=CYLINDRICAL_SURFACE('',#8050,5.17254792922958);
#214=CYLINDRICAL_SURFACE('',#8053,5.03301707953907);
#215=CYLINDRICAL_SURFACE('',#8056,8.21868760236229);
#216=CYLINDRICAL_SURFACE('',#8059,6.37138900999754);
#217=FACE_BOUND('',#2278,.T.);
#218=FACE_BOUND('',#2279,.T.);
#219=FACE_BOUND('',#2280,.T.);
#220=FACE_BOUND('',#2281,.T.);
#221=FACE_BOUND('',#2282,.T.);
#222=FACE_BOUND('',#2283,.T.);
#223=FACE_BOUND('',#2284,.T.);
#224=FACE_BOUND('',#2285,.T.);
#225=FACE_BOUND('',#2286,.T.);
#226=FACE_BOUND('',#2287,.T.);
#227=FACE_BOUND('',#2288,.T.);
#228=FACE_BOUND('',#2289,.T.);
#229=FACE_BOUND('',#2290,.T.);
#230=FACE_BOUND('',#2291,.T.);
#231=FACE_BOUND('',#2292,.T.);
#232=FACE_BOUND('',#2293,.T.);
#233=FACE_BOUND('',#2294,.T.);
#234=FACE_BOUND('',#2295,.T.);
#235=FACE_BOUND('',#2296,.T.);
#236=FACE_BOUND('',#2297,.T.);
#237=FACE_BOUND('',#2298,.T.);
#238=FACE_BOUND('',#2299,.T.);
#239=FACE_BOUND('',#2300,.T.);
#240=FACE_BOUND('',#2356,.T.);
#241=FACE_BOUND('',#2357,.T.);
#242=FACE_BOUND('',#2358,.T.);
#243=FACE_BOUND('',#2359,.T.);
#244=FACE_BOUND('',#2360,.T.);
#245=FACE_BOUND('',#2361,.T.);
#246=FACE_BOUND('',#2362,.T.);
#247=FACE_BOUND('',#2363,.T.);
#248=FACE_BOUND('',#2364,.T.);
#249=FACE_BOUND('',#2365,.T.);
#250=FACE_BOUND('',#2366,.T.);
#251=FACE_BOUND('',#2367,.T.);
#252=FACE_BOUND('',#2368,.T.);
#253=FACE_BOUND('',#2369,.T.);
#254=FACE_BOUND('',#2370,.T.);
#255=FACE_BOUND('',#2393,.T.);
#256=FACE_BOUND('',#2394,.T.);
#257=FACE_BOUND('',#2689,.T.);
#258=FACE_BOUND('',#2690,.T.);
#259=FACE_BOUND('',#2691,.T.);
#260=FACE_BOUND('',#2692,.T.);
#261=FACE_BOUND('',#2694,.T.);
#262=FACE_BOUND('',#2696,.T.);
#263=FACE_BOUND('',#2697,.T.);
#264=FACE_BOUND('',#2698,.T.);
#265=FACE_BOUND('',#2700,.T.);
#266=FACE_BOUND('',#2702,.T.);
#267=LINE('',#10256,#986);
#268=LINE('',#10258,#987);
#269=LINE('',#10260,#988);
#270=LINE('',#10261,#989);
#271=LINE('',#10308,#990);
#272=LINE('',#10316,#991);
#273=LINE('',#10324,#992);
#274=LINE('',#10332,#993);
#275=LINE('',#10340,#994);
#276=LINE('',#10348,#995);
#277=LINE('',#10356,#996);
#278=LINE('',#10364,#997);
#279=LINE('',#10372,#998);
#280=LINE('',#10380,#999);
#281=LINE('',#10388,#1000);
#282=LINE('',#10396,#1001);
#283=LINE('',#10404,#1002);
#284=LINE('',#10412,#1003);
#285=LINE('',#10420,#1004);
#286=LINE('',#10428,#1005);
#287=LINE('',#10436,#1006);
#288=LINE('',#10444,#1007);
#289=LINE('',#10452,#1008);
#290=LINE('',#10460,#1009);
#291=LINE('',#10468,#1010);
#292=LINE('',#10476,#1011);
#293=LINE('',#10484,#1012);
#294=LINE('',#10491,#1013);
#295=LINE('',#10494,#1014);
#296=LINE('',#10497,#1015);
#297=LINE('',#10499,#1016);
#298=LINE('',#10500,#1017);
#299=LINE('',#10510,#1018);
#300=LINE('',#10518,#1019);
#301=LINE('',#10524,#1020);
#302=LINE('',#10526,#1021);
#303=LINE('',#10527,#1022);
#304=LINE('',#10530,#1023);
#305=LINE('',#10538,#1024);
#306=LINE('',#10547,#1025);
#307=LINE('',#10550,#1026);
#308=LINE('',#10553,#1027);
#309=LINE('',#10555,#1028);
#310=LINE('',#10557,#1029);
#311=LINE('',#10559,#1030);
#312=LINE('',#10563,#1031);
#313=LINE('',#10567,#1032);
#314=LINE('',#10569,#1033);
#315=LINE('',#10571,#1034);
#316=LINE('',#10573,#1035);
#317=LINE('',#10577,#1036);
#318=LINE('',#10585,#1037);
#319=LINE('',#10589,#1038);
#320=LINE('',#10591,#1039);
#321=LINE('',#10595,#1040);
#322=LINE('',#10597,#1041);
#323=LINE('',#10599,#1042);
#324=LINE('',#10601,#1043);
#325=LINE('',#10613,#1044);
#326=LINE('',#10621,#1045);
#327=LINE('',#10623,#1046);
#328=LINE('',#10625,#1047);
#329=LINE('',#10627,#1048);
#330=LINE('',#10629,#1049);
#331=LINE('',#10633,#1050);
#332=LINE('',#10635,#1051);
#333=LINE('',#10637,#1052);
#334=LINE('',#10639,#1053);
#335=LINE('',#10643,#1054);
#336=LINE('',#10645,#1055);
#337=LINE('',#10647,#1056);
#338=LINE('',#10649,#1057);
#339=LINE('',#10651,#1058);
#340=LINE('',#10655,#1059);
#341=LINE('',#10657,#1060);
#342=LINE('',#10661,#1061);
#343=LINE('',#10669,#1062);
#344=LINE('',#10673,#1063);
#345=LINE('',#10677,#1064);
#346=LINE('',#10679,#1065);
#347=LINE('',#10685,#1066);
#348=LINE('',#10689,#1067);
#349=LINE('',#10693,#1068);
#350=LINE('',#10697,#1069);
#351=LINE('',#10701,#1070);
#352=LINE('',#10705,#1071);
#353=LINE('',#10713,#1072);
#354=LINE('',#10717,#1073);
#355=LINE('',#10721,#1074);
#356=LINE('',#10725,#1075);
#357=LINE('',#10727,#1076);
#358=LINE('',#10731,#1077);
#359=LINE('',#10733,#1078);
#360=LINE('',#10737,#1079);
#361=LINE('',#10741,#1080);
#362=LINE('',#10743,#1081);
#363=LINE('',#10747,#1082);
#364=LINE('',#10749,#1083);
#365=LINE('',#10751,#1084);
#366=LINE('',#10757,#1085);
#367=LINE('',#10759,#1086);
#368=LINE('',#10761,#1087);
#369=LINE('',#10763,#1088);
#370=LINE('',#10765,#1089);
#371=LINE('',#10767,#1090);
#372=LINE('',#10769,#1091);
#373=LINE('',#10773,#1092);
#374=LINE('',#10777,#1093);
#375=LINE('',#10781,#1094);
#376=LINE('',#10785,#1095);
#377=LINE('',#10789,#1096);
#378=LINE('',#10791,#1097);
#379=LINE('',#10793,#1098);
#380=LINE('',#10795,#1099);
#381=LINE('',#10799,#1100);
#382=LINE('',#10801,#1101);
#383=LINE('',#10803,#1102);
#384=LINE('',#10805,#1103);
#385=LINE('',#10807,#1104);
#386=LINE('',#10809,#1105);
#387=LINE('',#10811,#1106);
#388=LINE('',#10813,#1107);
#389=LINE('',#10821,#1108);
#390=LINE('',#10825,#1109);
#391=LINE('',#10827,#1110);
#392=LINE('',#10829,#1111);
#393=LINE('',#10831,#1112);
#394=LINE('',#10833,#1113);
#395=LINE('',#10835,#1114);
#396=LINE('',#10839,#1115);
#397=LINE('',#10843,#1116);
#398=LINE('',#10847,#1117);
#399=LINE('',#10849,#1118);
#400=LINE('',#10851,#1119);
#401=LINE('',#10853,#1120);
#402=LINE('',#10855,#1121);
#403=LINE('',#10857,#1122);
#404=LINE('',#10859,#1123);
#405=LINE('',#10861,#1124);
#406=LINE('',#10865,#1125);
#407=LINE('',#10867,#1126);
#408=LINE('',#10869,#1127);
#409=LINE('',#10871,#1128);
#410=LINE('',#10875,#1129);
#411=LINE('',#10877,#1130);
#412=LINE('',#10879,#1131);
#413=LINE('',#10881,#1132);
#414=LINE('',#10885,#1133);
#415=LINE('',#10888,#1134);
#416=LINE('',#10891,#1135);
#417=LINE('',#10900,#1136);
#418=LINE('',#10903,#1137);
#419=LINE('',#10907,#1138);
#420=LINE('',#10912,#1139);
#421=LINE('',#10914,#1140);
#422=LINE('',#10916,#1141);
#423=LINE('',#10918,#1142);
#424=LINE('',#10920,#1143);
#425=LINE('',#10922,#1144);
#426=LINE('',#10924,#1145);
#427=LINE('',#10926,#1146);
#428=LINE('',#10928,#1147);
#429=LINE('',#10930,#1148);
#430=LINE('',#10932,#1149);
#431=LINE('',#10934,#1150);
#432=LINE('',#10936,#1151);
#433=LINE('',#10938,#1152);
#434=LINE('',#10939,#1153);
#435=LINE('',#10942,#1154);
#436=LINE('',#10948,#1155);
#437=LINE('',#10949,#1156);
#438=LINE('',#10960,#1157);
#439=LINE('',#10964,#1158);
#440=LINE('',#10968,#1159);
#441=LINE('',#10970,#1160);
#442=LINE('',#10971,#1161);
#443=LINE('',#10975,#1162);
#444=LINE('',#10978,#1163);
#445=LINE('',#10982,#1164);
#446=LINE('',#10986,#1165);
#447=LINE('',#10988,#1166);
#448=LINE('',#10989,#1167);
#449=LINE('',#10992,#1168);
#450=LINE('',#10996,#1169);
#451=LINE('',#10998,#1170);
#452=LINE('',#10999,#1171);
#453=LINE('',#11003,#1172);
#454=LINE('',#11006,#1173);
#455=LINE('',#11010,#1174);
#456=LINE('',#11014,#1175);
#457=LINE('',#11016,#1176);
#458=LINE('',#11020,#1177);
#459=LINE('',#11024,#1178);
#460=LINE('',#11026,#1179);
#461=LINE('',#11028,#1180);
#462=LINE('',#11032,#1181);
#463=LINE('',#11034,#1182);
#464=LINE('',#11036,#1183);
#465=LINE('',#11038,#1184);
#466=LINE('',#11042,#1185);
#467=LINE('',#11044,#1186);
#468=LINE('',#11046,#1187);
#469=LINE('',#11054,#1188);
#470=LINE('',#11056,#1189);
#471=LINE('',#11058,#1190);
#472=LINE('',#11062,#1191);
#473=LINE('',#11066,#1192);
#474=LINE('',#11067,#1193);
#475=LINE('',#11070,#1194);
#476=LINE('',#11074,#1195);
#477=LINE('',#11076,#1196);
#478=LINE('',#11077,#1197);
#479=LINE('',#11081,#1198);
#480=LINE('',#11084,#1199);
#481=LINE('',#11088,#1200);
#482=LINE('',#11092,#1201);
#483=LINE('',#11094,#1202);
#484=LINE('',#11095,#1203);
#485=LINE('',#11098,#1204);
#486=LINE('',#11102,#1205);
#487=LINE('',#11104,#1206);
#488=LINE('',#11105,#1207);
#489=LINE('',#11107,#1208);
#490=LINE('',#11113,#1209);
#491=LINE('',#11116,#1210);
#492=LINE('',#11119,#1211);
#493=LINE('',#11121,#1212);
#494=LINE('',#11122,#1213);
#495=LINE('',#11128,#1214);
#496=LINE('',#11131,#1215);
#497=LINE('',#11137,#1216);
#498=LINE('',#11140,#1217);
#499=LINE('',#11146,#1218);
#500=LINE('',#11149,#1219);
#501=LINE('',#11152,#1220);
#502=LINE('',#11154,#1221);
#503=LINE('',#11155,#1222);
#504=LINE('',#11161,#1223);
#505=LINE('',#11164,#1224);
#506=LINE('',#11167,#1225);
#507=LINE('',#11169,#1226);
#508=LINE('',#11170,#1227);
#509=LINE('',#11176,#1228);
#510=LINE('',#11179,#1229);
#511=LINE('',#11184,#1230);
#512=LINE('',#11191,#1231);
#513=LINE('',#11194,#1232);
#514=LINE('',#11199,#1233);
#515=LINE('',#11206,#1234);
#516=LINE('',#11209,#1235);
#517=LINE('',#11214,#1236);
#518=LINE('',#11221,#1237);
#519=LINE('',#11224,#1238);
#520=LINE('',#11226,#1239);
#521=LINE('',#11227,#1240);
#522=LINE('',#11232,#1241);
#523=LINE('',#11233,#1242);
#524=LINE('',#11236,#1243);
#525=LINE('',#11237,#1244);
#526=LINE('',#11242,#1245);
#527=LINE('',#11243,#1246);
#528=LINE('',#11246,#1247);
#529=LINE('',#11251,#1248);
#530=LINE('',#11254,#1249);
#531=LINE('',#11255,#1250);
#532=LINE('',#11258,#1251);
#533=LINE('',#11264,#1252);
#534=LINE('',#11265,#1253);
#535=LINE('',#11272,#1254);
#536=LINE('',#11273,#1255);
#537=LINE('',#11276,#1256);
#538=LINE('',#11277,#1257);
#539=LINE('',#11282,#1258);
#540=LINE('',#11283,#1259);
#541=LINE('',#11290,#1260);
#542=LINE('',#11291,#1261);
#543=LINE('',#11294,#1262);
#544=LINE('',#11295,#1263);
#545=LINE('',#11300,#1264);
#546=LINE('',#11301,#1265);
#547=LINE('',#11306,#1266);
#548=LINE('',#11307,#1267);
#549=LINE('',#11310,#1268);
#550=LINE('',#11311,#1269);
#551=LINE('',#11316,#1270);
#552=LINE('',#11317,#1271);
#553=LINE('',#11320,#1272);
#554=LINE('',#11324,#1273);
#555=LINE('',#11328,#1274);
#556=LINE('',#11330,#1275);
#557=LINE('',#11332,#1276);
#558=LINE('',#11334,#1277);
#559=LINE('',#11337,#1278);
#560=LINE('',#11339,#1279);
#561=LINE('',#11340,#1280);
#562=LINE('',#11341,#1281);
#563=LINE('',#11342,#1282);
#564=LINE('',#11344,#1283);
#565=LINE('',#11345,#1284);
#566=LINE('',#11347,#1285);
#567=LINE('',#11348,#1286);
#568=LINE('',#11349,#1287);
#569=LINE('',#11350,#1288);
#570=LINE('',#11351,#1289);
#571=LINE('',#11354,#1290);
#572=LINE('',#11355,#1291);
#573=LINE('',#11360,#1292);
#574=LINE('',#11362,#1293);
#575=LINE('',#11364,#1294);
#576=LINE('',#11366,#1295);
#577=LINE('',#11368,#1296);
#578=LINE('',#11370,#1297);
#579=LINE('',#11373,#1298);
#580=LINE('',#11375,#1299);
#581=LINE('',#11379,#1300);
#582=LINE('',#11382,#1301);
#583=LINE('',#11385,#1302);
#584=LINE('',#11386,#1303);
#585=LINE('',#11389,#1304);
#586=LINE('',#11390,#1305);
#587=LINE('',#11393,#1306);
#588=LINE('',#11394,#1307);
#589=LINE('',#11397,#1308);
#590=LINE('',#11398,#1309);
#591=LINE('',#11401,#1310);
#592=LINE('',#11403,#1311);
#593=LINE('',#11404,#1312);
#594=LINE('',#11407,#1313);
#595=LINE('',#11408,#1314);
#596=LINE('',#11411,#1315);
#597=LINE('',#11420,#1316);
#598=LINE('',#11421,#1317);
#599=LINE('',#11425,#1318);
#600=LINE('',#11428,#1319);
#601=LINE('',#11435,#1320);
#602=LINE('',#11438,#1321);
#603=LINE('',#11441,#1322);
#604=LINE('',#11443,#1323);
#605=LINE('',#11444,#1324);
#606=LINE('',#11449,#1325);
#607=LINE('',#11455,#1326);
#608=LINE('',#11461,#1327);
#609=LINE('',#11465,#1328);
#610=LINE('',#11467,#1329);
#611=LINE('',#11468,#1330);
#612=LINE('',#11473,#1331);
#613=LINE('',#11477,#1332);
#614=LINE('',#11479,#1333);
#615=LINE('',#11480,#1334);
#616=LINE('',#11485,#1335);
#617=LINE('',#11489,#1336);
#618=LINE('',#11491,#1337);
#619=LINE('',#11492,#1338);
#620=LINE('',#11497,#1339);
#621=LINE('',#11500,#1340);
#622=LINE('',#11501,#1341);
#623=LINE('',#11506,#1342);
#624=LINE('',#11510,#1343);
#625=LINE('',#11512,#1344);
#626=LINE('',#11513,#1345);
#627=LINE('',#11518,#1346);
#628=LINE('',#11521,#1347);
#629=LINE('',#11522,#1348);
#630=LINE('',#11528,#1349);
#631=LINE('',#11531,#1350);
#632=LINE('',#11534,#1351);
#633=LINE('',#11536,#1352);
#634=LINE('',#11537,#1353);
#635=LINE('',#11542,#1354);
#636=LINE('',#11546,#1355);
#637=LINE('',#11548,#1356);
#638=LINE('',#11549,#1357);
#639=LINE('',#11554,#1358);
#640=LINE('',#11558,#1359);
#641=LINE('',#11560,#1360);
#642=LINE('',#11561,#1361);
#643=LINE('',#11566,#1362);
#644=LINE('',#11570,#1363);
#645=LINE('',#11572,#1364);
#646=LINE('',#11573,#1365);
#647=LINE('',#11578,#1366);
#648=LINE('',#11581,#1367);
#649=LINE('',#11582,#1368);
#650=LINE('',#11585,#1369);
#651=LINE('',#11587,#1370);
#652=LINE('',#11588,#1371);
#653=LINE('',#11591,#1372);
#654=LINE('',#11593,#1373);
#655=LINE('',#11594,#1374);
#656=LINE('',#11597,#1375);
#657=LINE('',#11599,#1376);
#658=LINE('',#11600,#1377);
#659=LINE('',#11608,#1378);
#660=LINE('',#11612,#1379);
#661=LINE('',#11614,#1380);
#662=LINE('',#11615,#1381);
#663=LINE('',#11620,#1382);
#664=LINE('',#11624,#1383);
#665=LINE('',#11626,#1384);
#666=LINE('',#11627,#1385);
#667=LINE('',#11632,#1386);
#668=LINE('',#11636,#1387);
#669=LINE('',#11638,#1388);
#670=LINE('',#11639,#1389);
#671=LINE('',#11644,#1390);
#672=LINE('',#11647,#1391);
#673=LINE('',#11648,#1392);
#674=LINE('',#11653,#1393);
#675=LINE('',#11659,#1394);
#676=LINE('',#11660,#1395);
#677=LINE('',#11666,#1396);
#678=LINE('',#11669,#1397);
#679=LINE('',#11672,#1398);
#680=LINE('',#11674,#1399);
#681=LINE('',#11675,#1400);
#682=LINE('',#11680,#1401);
#683=LINE('',#11684,#1402);
#684=LINE('',#11686,#1403);
#685=LINE('',#11687,#1404);
#686=LINE('',#11692,#1405);
#687=LINE('',#11696,#1406);
#688=LINE('',#11698,#1407);
#689=LINE('',#11699,#1408);
#690=LINE('',#11702,#1409);
#691=LINE('',#11704,#1410);
#692=LINE('',#11705,#1411);
#693=LINE('',#11708,#1412);
#694=LINE('',#11710,#1413);
#695=LINE('',#11711,#1414);
#696=LINE('',#11714,#1415);
#697=LINE('',#11716,#1416);
#698=LINE('',#11717,#1417);
#699=LINE('',#11722,#1418);
#700=LINE('',#11726,#1419);
#701=LINE('',#11728,#1420);
#702=LINE('',#11729,#1421);
#703=LINE('',#11732,#1422);
#704=LINE('',#11734,#1423);
#705=LINE('',#11735,#1424);
#706=LINE('',#11741,#1425);
#707=LINE('',#11743,#1426);
#708=LINE('',#11744,#1427);
#709=LINE('',#11747,#1428);
#710=LINE('',#11749,#1429);
#711=LINE('',#11750,#1430);
#712=LINE('',#11753,#1431);
#713=LINE('',#11755,#1432);
#714=LINE('',#11756,#1433);
#715=LINE('',#11758,#1434);
#716=LINE('',#11759,#1435);
#717=LINE('',#11762,#1436);
#718=LINE('',#11766,#1437);
#719=LINE('',#11767,#1438);
#720=LINE('',#11770,#1439);
#721=LINE('',#11771,#1440);
#722=LINE('',#11774,#1441);
#723=LINE('',#11778,#1442);
#724=LINE('',#11779,#1443);
#725=LINE('',#11782,#1444);
#726=LINE('',#11783,#1445);
#727=LINE('',#11786,#1446);
#728=LINE('',#11787,#1447);
#729=LINE('',#11789,#1448);
#730=LINE('',#11792,#1449);
#731=LINE('',#11793,#1450);
#732=LINE('',#11796,#1451);
#733=LINE('',#11797,#1452);
#734=LINE('',#11800,#1453);
#735=LINE('',#11801,#1454);
#736=LINE('',#11804,#1455);
#737=LINE('',#11805,#1456);
#738=LINE('',#11808,#1457);
#739=LINE('',#11812,#1458);
#740=LINE('',#11813,#1459);
#741=LINE('',#11816,#1460);
#742=LINE('',#11817,#1461);
#743=LINE('',#11820,#1462);
#744=LINE('',#11821,#1463);
#745=LINE('',#11824,#1464);
#746=LINE('',#11825,#1465);
#747=LINE('',#11827,#1466);
#748=LINE('',#11832,#1467);
#749=LINE('',#11833,#1468);
#750=LINE('',#11836,#1469);
#751=LINE('',#11837,#1470);
#752=LINE('',#11840,#1471);
#753=LINE('',#11841,#1472);
#754=LINE('',#11844,#1473);
#755=LINE('',#11845,#1474);
#756=LINE('',#11848,#1475);
#757=LINE('',#11852,#1476);
#758=LINE('',#11853,#1477);
#759=LINE('',#11856,#1478);
#760=LINE('',#11857,#1479);
#761=LINE('',#11860,#1480);
#762=LINE('',#11864,#1481);
#763=LINE('',#11865,#1482);
#764=LINE('',#11868,#1483);
#765=LINE('',#11872,#1484);
#766=LINE('',#11876,#1485);
#767=LINE('',#11880,#1486);
#768=LINE('',#11881,#1487);
#769=LINE('',#11884,#1488);
#770=LINE('',#11888,#1489);
#771=LINE('',#11889,#1490);
#772=LINE('',#11892,#1491);
#773=LINE('',#11893,#1492);
#774=LINE('',#11896,#1493);
#775=LINE('',#11897,#1494);
#776=LINE('',#11899,#1495);
#777=LINE('',#11901,#1496);
#778=LINE('',#11904,#1497);
#779=LINE('',#11905,#1498);
#780=LINE('',#11908,#1499);
#781=LINE('',#11909,#1500);
#782=LINE('',#11912,#1501);
#783=LINE('',#11913,#1502);
#784=LINE('',#11916,#1503);
#785=LINE('',#11920,#1504);
#786=LINE('',#11924,#1505);
#787=LINE('',#11928,#1506);
#788=LINE('',#11929,#1507);
#789=LINE('',#11932,#1508);
#790=LINE('',#11933,#1509);
#791=LINE('',#11936,#1510);
#792=LINE('',#11937,#1511);
#793=LINE('',#11940,#1512);
#794=LINE('',#11944,#1513);
#795=LINE('',#11945,#1514);
#796=LINE('',#11948,#1515);
#797=LINE('',#11949,#1516);
#798=LINE('',#11952,#1517);
#799=LINE('',#11953,#1518);
#800=LINE('',#11956,#1519);
#801=LINE('',#11957,#1520);
#802=LINE('',#11960,#1521);
#803=LINE('',#11964,#1522);
#804=LINE('',#11965,#1523);
#805=LINE('',#11968,#1524);
#806=LINE('',#11969,#1525);
#807=LINE('',#11972,#1526);
#808=LINE('',#11973,#1527);
#809=LINE('',#11976,#1528);
#810=LINE('',#11980,#1529);
#811=LINE('',#11981,#1530);
#812=LINE('',#11983,#1531);
#813=LINE('',#11986,#1532);
#814=LINE('',#11987,#1533);
#815=LINE('',#11990,#1534);
#816=LINE('',#11991,#1535);
#817=LINE('',#11994,#1536);
#818=LINE('',#11995,#1537);
#819=LINE('',#11998,#1538);
#820=LINE('',#11999,#1539);
#821=LINE('',#12002,#1540);
#822=LINE('',#12006,#1541);
#823=LINE('',#12007,#1542);
#824=LINE('',#12010,#1543);
#825=LINE('',#12011,#1544);
#826=LINE('',#12014,#1545);
#827=LINE('',#12015,#1546);
#828=LINE('',#12018,#1547);
#829=LINE('',#12019,#1548);
#830=LINE('',#12022,#1549);
#831=LINE('',#12026,#1550);
#832=LINE('',#12027,#1551);
#833=LINE('',#12030,#1552);
#834=LINE('',#12031,#1553);
#835=LINE('',#12034,#1554);
#836=LINE('',#12035,#1555);
#837=LINE('',#12038,#1556);
#838=LINE('',#12039,#1557);
#839=LINE('',#12042,#1558);
#840=LINE('',#12043,#1559);
#841=LINE('',#12046,#1560);
#842=LINE('',#12047,#1561);
#843=LINE('',#12050,#1562);
#844=LINE('',#12051,#1563);
#845=LINE('',#12054,#1564);
#846=LINE('',#12055,#1565);
#847=LINE('',#12058,#1566);
#848=LINE('',#12062,#1567);
#849=LINE('',#12063,#1568);
#850=LINE('',#12066,#1569);
#851=LINE('',#12070,#1570);
#852=LINE('',#12071,#1571);
#853=LINE('',#12074,#1572);
#854=LINE('',#12078,#1573);
#855=LINE('',#12079,#1574);
#856=LINE('',#12082,#1575);
#857=LINE('',#12083,#1576);
#858=LINE('',#12086,#1577);
#859=LINE('',#12087,#1578);
#860=LINE('',#12090,#1579);
#861=LINE('',#12091,#1580);
#862=LINE('',#12094,#1581);
#863=LINE('',#12095,#1582);
#864=LINE('',#12098,#1583);
#865=LINE('',#12099,#1584);
#866=LINE('',#12102,#1585);
#867=LINE('',#12106,#1586);
#868=LINE('',#12107,#1587);
#869=LINE('',#12110,#1588);
#870=LINE('',#12114,#1589);
#871=LINE('',#12118,#1590);
#872=LINE('',#12122,#1591);
#873=LINE('',#12123,#1592);
#874=LINE('',#12126,#1593);
#875=LINE('',#12127,#1594);
#876=LINE('',#12130,#1595);
#877=LINE('',#12131,#1596);
#878=LINE('',#12134,#1597);
#879=LINE('',#12135,#1598);
#880=LINE('',#12138,#1599);
#881=LINE('',#12139,#1600);
#882=LINE('',#12142,#1601);
#883=LINE('',#12143,#1602);
#884=LINE('',#12146,#1603);
#885=LINE('',#12147,#1604);
#886=LINE('',#12150,#1605);
#887=LINE('',#12151,#1606);
#888=LINE('',#12154,#1607);
#889=LINE('',#12158,#1608);
#890=LINE('',#12159,#1609);
#891=LINE('',#12162,#1610);
#892=LINE('',#12163,#1611);
#893=LINE('',#12166,#1612);
#894=LINE('',#12167,#1613);
#895=LINE('',#12170,#1614);
#896=LINE('',#12171,#1615);
#897=LINE('',#12174,#1616);
#898=LINE('',#12178,#1617);
#899=LINE('',#12179,#1618);
#900=LINE('',#12182,#1619);
#901=LINE('',#12186,#1620);
#902=LINE('',#12187,#1621);
#903=LINE('',#12190,#1622);
#904=LINE('',#12194,#1623);
#905=LINE('',#12195,#1624);
#906=LINE('',#12198,#1625);
#907=LINE('',#12202,#1626);
#908=LINE('',#12203,#1627);
#909=LINE('',#12206,#1628);
#910=LINE('',#12210,#1629);
#911=LINE('',#12211,#1630);
#912=LINE('',#12214,#1631);
#913=LINE('',#12215,#1632);
#914=LINE('',#12218,#1633);
#915=LINE('',#12219,#1634);
#916=LINE('',#12222,#1635);
#917=LINE('',#12223,#1636);
#918=LINE('',#12226,#1637);
#919=LINE('',#12227,#1638);
#920=LINE('',#12230,#1639);
#921=LINE('',#12231,#1640);
#922=LINE('',#12234,#1641);
#923=LINE('',#12235,#1642);
#924=LINE('',#12238,#1643);
#925=LINE('',#12242,#1644);
#926=LINE('',#12246,#1645);
#927=LINE('',#12247,#1646);
#928=LINE('',#12250,#1647);
#929=LINE('',#12251,#1648);
#930=LINE('',#12254,#1649);
#931=LINE('',#12255,#1650);
#932=LINE('',#12258,#1651);
#933=LINE('',#12262,#1652);
#934=LINE('',#12263,#1653);
#935=LINE('',#12266,#1654);
#936=LINE('',#12267,#1655);
#937=LINE('',#12270,#1656);
#938=LINE('',#12274,#1657);
#939=LINE('',#12275,#1658);
#940=LINE('',#12278,#1659);
#941=LINE('',#12282,#1660);
#942=LINE('',#12283,#1661);
#943=LINE('',#12286,#1662);
#944=LINE('',#12287,#1663);
#945=LINE('',#12290,#1664);
#946=LINE('',#12294,#1665);
#947=LINE('',#12295,#1666);
#948=LINE('',#12298,#1667);
#949=LINE('',#12299,#1668);
#950=LINE('',#12302,#1669);
#951=LINE('',#12306,#1670);
#952=LINE('',#12307,#1671);
#953=LINE('',#12310,#1672);
#954=LINE('',#12314,#1673);
#955=LINE('',#12315,#1674);
#956=LINE('',#12318,#1675);
#957=LINE('',#12322,#1676);
#958=LINE('',#12323,#1677);
#959=LINE('',#12326,#1678);
#960=LINE('',#12330,#1679);
#961=LINE('',#12334,#1680);
#962=LINE('',#12338,#1681);
#963=LINE('',#12339,#1682);
#964=LINE('',#12342,#1683);
#965=LINE('',#12346,#1684);
#966=LINE('',#12347,#1685);
#967=LINE('',#12350,#1686);
#968=LINE('',#12354,#1687);
#969=LINE('',#12355,#1688);
#970=LINE('',#12358,#1689);
#971=LINE('',#12362,#1690);
#972=LINE('',#12363,#1691);
#973=LINE('',#12366,#1692);
#974=LINE('',#12370,#1693);
#975=LINE('',#12371,#1694);
#976=LINE('',#12374,#1695);
#977=LINE('',#12378,#1696);
#978=LINE('',#12379,#1697);
#979=LINE('',#12384,#1698);
#980=LINE('',#12385,#1699);
#981=LINE('',#12388,#1700);
#982=LINE('',#12392,#1701);
#983=LINE('',#12393,#1702);
#984=LINE('',#12396,#1703);
#985=LINE('',#12399,#1704);
#986=VECTOR('',#8079,10.);
#987=VECTOR('',#8080,10.);
#988=VECTOR('',#8081,10.);
#989=VECTOR('',#8082,10.);
#990=VECTOR('',#8129,1.2);
#991=VECTOR('',#8140,1.2);
#992=VECTOR('',#8151,1.2);
#993=VECTOR('',#8162,1.2);
#994=VECTOR('',#8173,1.20000000000001);
#995=VECTOR('',#8184,1.20000000000001);
#996=VECTOR('',#8195,1.20000000000001);
#997=VECTOR('',#8206,1.20000000000001);
#998=VECTOR('',#8217,1.20000000000001);
#999=VECTOR('',#8228,1.2);
#1000=VECTOR('',#8239,1.2);
#1001=VECTOR('',#8250,1.2);
#1002=VECTOR('',#8261,1.2);
#1003=VECTOR('',#8272,1.2);
#1004=VECTOR('',#8283,1.20000000000001);
#1005=VECTOR('',#8294,1.20000000000001);
#1006=VECTOR('',#8305,1.20000000000001);
#1007=VECTOR('',#8316,1.2);
#1008=VECTOR('',#8327,1.20000000000001);
#1009=VECTOR('',#8338,1.20000000000001);
#1010=VECTOR('',#8349,1.2);
#1011=VECTOR('',#8360,1.2);
#1012=VECTOR('',#8371,1.2);
#1013=VECTOR('',#8378,0.2);
#1014=VECTOR('',#8381,10.);
#1015=VECTOR('',#8384,10.);
#1016=VECTOR('',#8385,0.2);
#1017=VECTOR('',#8386,10.);
#1018=VECTOR('',#8391,10.);
#1019=VECTOR('',#8400,0.2);
#1020=VECTOR('',#8407,10.);
#1021=VECTOR('',#8408,0.2);
#1022=VECTOR('',#8409,10.);
#1023=VECTOR('',#8412,10.);
#1024=VECTOR('',#8421,0.2);
#1025=VECTOR('',#8434,10.);
#1026=VECTOR('',#8437,10.);
#1027=VECTOR('',#8440,10.);
#1028=VECTOR('',#8441,10.);
#1029=VECTOR('',#8442,10.);
#1030=VECTOR('',#8443,10.);
#1031=VECTOR('',#8446,10.);
#1032=VECTOR('',#8449,10.);
#1033=VECTOR('',#8450,10.);
#1034=VECTOR('',#8451,10.);
#1035=VECTOR('',#8452,10.);
#1036=VECTOR('',#8455,10.);
#1037=VECTOR('',#8462,10.);
#1038=VECTOR('',#8465,10.);
#1039=VECTOR('',#8466,10.);
#1040=VECTOR('',#8469,10.);
#1041=VECTOR('',#8470,10.);
#1042=VECTOR('',#8471,10.);
#1043=VECTOR('',#8472,10.);
#1044=VECTOR('',#8483,10.);
#1045=VECTOR('',#8490,10.);
#1046=VECTOR('',#8491,10.);
#1047=VECTOR('',#8492,10.);
#1048=VECTOR('',#8493,10.);
#1049=VECTOR('',#8494,10.);
#1050=VECTOR('',#8497,10.);
#1051=VECTOR('',#8498,10.);
#1052=VECTOR('',#8499,10.);
#1053=VECTOR('',#8500,10.);
#1054=VECTOR('',#8503,10.);
#1055=VECTOR('',#8504,10.);
#1056=VECTOR('',#8505,10.);
#1057=VECTOR('',#8506,10.);
#1058=VECTOR('',#8507,10.);
#1059=VECTOR('',#8510,10.);
#1060=VECTOR('',#8511,10.);
#1061=VECTOR('',#8514,10.);
#1062=VECTOR('',#8521,10.);
#1063=VECTOR('',#8524,10.);
#1064=VECTOR('',#8527,10.);
#1065=VECTOR('',#8528,10.);
#1066=VECTOR('',#8533,10.);
#1067=VECTOR('',#8536,10.);
#1068=VECTOR('',#8539,10.);
#1069=VECTOR('',#8542,10.);
#1070=VECTOR('',#8545,10.);
#1071=VECTOR('',#8548,10.);
#1072=VECTOR('',#8555,10.);
#1073=VECTOR('',#8558,10.);
#1074=VECTOR('',#8561,10.);
#1075=VECTOR('',#8564,10.);
#1076=VECTOR('',#8565,10.);
#1077=VECTOR('',#8568,10.);
#1078=VECTOR('',#8569,10.);
#1079=VECTOR('',#8572,10.);
#1080=VECTOR('',#8575,10.);
#1081=VECTOR('',#8576,10.);
#1082=VECTOR('',#8579,10.);
#1083=VECTOR('',#8580,10.);
#1084=VECTOR('',#8581,10.);
#1085=VECTOR('',#8586,10.);
#1086=VECTOR('',#8587,10.);
#1087=VECTOR('',#8588,10.);
#1088=VECTOR('',#8589,10.);
#1089=VECTOR('',#8590,10.);
#1090=VECTOR('',#8591,10.);
#1091=VECTOR('',#8592,10.);
#1092=VECTOR('',#8595,10.);
#1093=VECTOR('',#8598,10.);
#1094=VECTOR('',#8601,10.);
#1095=VECTOR('',#8604,10.);
#1096=VECTOR('',#8607,10.);
#1097=VECTOR('',#8608,10.);
#1098=VECTOR('',#8609,10.);
#1099=VECTOR('',#8610,10.);
#1100=VECTOR('',#8613,10.);
#1101=VECTOR('',#8614,10.);
#1102=VECTOR('',#8615,10.);
#1103=VECTOR('',#8616,10.);
#1104=VECTOR('',#8617,10.);
#1105=VECTOR('',#8618,10.);
#1106=VECTOR('',#8619,10.);
#1107=VECTOR('',#8620,10.);
#1108=VECTOR('',#8627,10.);
#1109=VECTOR('',#8630,10.);
#1110=VECTOR('',#8631,10.);
#1111=VECTOR('',#8632,10.);
#1112=VECTOR('',#8633,10.);
#1113=VECTOR('',#8634,10.);
#1114=VECTOR('',#8635,10.);
#1115=VECTOR('',#8638,10.);
#1116=VECTOR('',#8641,10.);
#1117=VECTOR('',#8644,10.);
#1118=VECTOR('',#8645,10.);
#1119=VECTOR('',#8646,10.);
#1120=VECTOR('',#8647,10.);
#1121=VECTOR('',#8648,10.);
#1122=VECTOR('',#8649,10.);
#1123=VECTOR('',#8650,10.);
#1124=VECTOR('',#8651,10.);
#1125=VECTOR('',#8654,10.);
#1126=VECTOR('',#8655,10.);
#1127=VECTOR('',#8656,10.);
#1128=VECTOR('',#8657,10.);
#1129=VECTOR('',#8660,10.);
#1130=VECTOR('',#8661,10.);
#1131=VECTOR('',#8662,10.);
#1132=VECTOR('',#8663,10.);
#1133=VECTOR('',#8666,10.);
#1134=VECTOR('',#8669,10.);
#1135=VECTOR('',#8672,10.);
#1136=VECTOR('',#8681,0.2);
#1137=VECTOR('',#8684,0.2);
#1138=VECTOR('',#8689,10.);
#1139=VECTOR('',#8696,10.);
#1140=VECTOR('',#8697,10.);
#1141=VECTOR('',#8698,10.);
#1142=VECTOR('',#8699,10.);
#1143=VECTOR('',#8700,10.);
#1144=VECTOR('',#8701,10.);
#1145=VECTOR('',#8702,10.);
#1146=VECTOR('',#8703,10.);
#1147=VECTOR('',#8704,10.);
#1148=VECTOR('',#8705,10.);
#1149=VECTOR('',#8706,10.);
#1150=VECTOR('',#8707,10.);
#1151=VECTOR('',#8708,10.);
#1152=VECTOR('',#8709,10.);
#1153=VECTOR('',#8710,10.);
#1154=VECTOR('',#8713,10.);
#1155=VECTOR('',#8720,10.);
#1156=VECTOR('',#8721,0.2);
#1157=VECTOR('',#8732,10.);
#1158=VECTOR('',#8737,10.);
#1159=VECTOR('',#8742,1.);
#1160=VECTOR('',#8743,10.);
#1161=VECTOR('',#8744,1.);
#1162=VECTOR('',#8749,10.);
#1163=VECTOR('',#8752,10.);
#1164=VECTOR('',#8757,10.);
#1165=VECTOR('',#8762,10.);
#1166=VECTOR('',#8763,10.);
#1167=VECTOR('',#8764,10.);
#1168=VECTOR('',#8767,10.);
#1169=VECTOR('',#8772,10.);
#1170=VECTOR('',#8773,10.);
#1171=VECTOR('',#8774,1.);
#1172=VECTOR('',#8779,10.);
#1173=VECTOR('',#8782,10.);
#1174=VECTOR('',#8787,10.);
#1175=VECTOR('',#8792,10.);
#1176=VECTOR('',#8793,10.);
#1177=VECTOR('',#8796,10.);
#1178=VECTOR('',#8799,10.);
#1179=VECTOR('',#8800,10.);
#1180=VECTOR('',#8801,10.);
#1181=VECTOR('',#8804,10.);
#1182=VECTOR('',#8805,10.);
#1183=VECTOR('',#8806,10.);
#1184=VECTOR('',#8807,10.);
#1185=VECTOR('',#8810,10.);
#1186=VECTOR('',#8811,10.);
#1187=VECTOR('',#8812,10.);
#1188=VECTOR('',#8819,10.);
#1189=VECTOR('',#8820,10.);
#1190=VECTOR('',#8821,10.);
#1191=VECTOR('',#8824,10.);
#1192=VECTOR('',#8827,10.);
#1193=VECTOR('',#8828,10.);
#1194=VECTOR('',#8831,10.);
#1195=VECTOR('',#8836,1.);
#1196=VECTOR('',#8837,10.);
#1197=VECTOR('',#8838,1.);
#1198=VECTOR('',#8843,10.);
#1199=VECTOR('',#8846,10.);
#1200=VECTOR('',#8851,10.);
#1201=VECTOR('',#8856,10.);
#1202=VECTOR('',#8857,10.);
#1203=VECTOR('',#8858,10.);
#1204=VECTOR('',#8861,10.);
#1205=VECTOR('',#8866,1.);
#1206=VECTOR('',#8867,10.);
#1207=VECTOR('',#8868,1.);
#1208=VECTOR('',#8871,10.);
#1209=VECTOR('',#8876,1.);
#1210=VECTOR('',#8879,1.);
#1211=VECTOR('',#8882,10.);
#1212=VECTOR('',#8883,10.);
#1213=VECTOR('',#8884,10.);
#1214=VECTOR('',#8889,10.);
#1215=VECTOR('',#8892,10.);
#1216=VECTOR('',#8901,1.);
#1217=VECTOR('',#8904,1.);
#1218=VECTOR('',#8909,10.);
#1219=VECTOR('',#8912,10.);
#1220=VECTOR('',#8915,10.);
#1221=VECTOR('',#8916,10.);
#1222=VECTOR('',#8917,10.);
#1223=VECTOR('',#8922,10.);
#1224=VECTOR('',#8925,10.);
#1225=VECTOR('',#8928,10.);
#1226=VECTOR('',#8929,10.);
#1227=VECTOR('',#8930,10.);
#1228=VECTOR('',#8935,10.);
#1229=VECTOR('',#8938,10.);
#1230=VECTOR('',#8943,10.);
#1231=VECTOR('',#8950,0.999999999999996);
#1232=VECTOR('',#8953,0.999999999999996);
#1233=VECTOR('',#8958,10.);
#1234=VECTOR('',#8965,10.);
#1235=VECTOR('',#8968,10.);
#1236=VECTOR('',#8973,10.);
#1237=VECTOR('',#8982,10.);
#1238=VECTOR('',#8985,10.);
#1239=VECTOR('',#8986,10.);
#1240=VECTOR('',#8987,10.);
#1241=VECTOR('',#8992,10.);
#1242=VECTOR('',#8993,10.);
#1243=VECTOR('',#8996,10.);
#1244=VECTOR('',#8997,10.);
#1245=VECTOR('',#9002,10.);
#1246=VECTOR('',#9003,10.);
#1247=VECTOR('',#9006,10.);
#1248=VECTOR('',#9013,10.);
#1249=VECTOR('',#9016,10.);
#1250=VECTOR('',#9017,10.);
#1251=VECTOR('',#9020,10.);
#1252=VECTOR('',#9027,10.);
#1253=VECTOR('',#9028,10.);
#1254=VECTOR('',#9037,10.);
#1255=VECTOR('',#9038,10.);
#1256=VECTOR('',#9041,10.);
#1257=VECTOR('',#9042,10.);
#1258=VECTOR('',#9047,10.);
#1259=VECTOR('',#9048,10.);
#1260=VECTOR('',#9057,10.);
#1261=VECTOR('',#9058,10.);
#1262=VECTOR('',#9061,10.);
#1263=VECTOR('',#9062,10.);
#1264=VECTOR('',#9067,1.);
#1265=VECTOR('',#9068,10.);
#1266=VECTOR('',#9073,10.);
#1267=VECTOR('',#9074,10.);
#1268=VECTOR('',#9077,10.);
#1269=VECTOR('',#9078,10.);
#1270=VECTOR('',#9083,10.);
#1271=VECTOR('',#9084,10.);
#1272=VECTOR('',#9087,10.);
#1273=VECTOR('',#9090,10.);
#1274=VECTOR('',#9093,10.);
#1275=VECTOR('',#9094,10.);
#1276=VECTOR('',#9095,10.);
#1277=VECTOR('',#9096,10.);
#1278=VECTOR('',#9099,10.);
#1279=VECTOR('',#9102,10.);
#1280=VECTOR('',#9103,10.);
#1281=VECTOR('',#9104,10.);
#1282=VECTOR('',#9105,10.);
#1283=VECTOR('',#9108,10.);
#1284=VECTOR('',#9109,10.);
#1285=VECTOR('',#9112,10.);
#1286=VECTOR('',#9113,10.);
#1287=VECTOR('',#9114,10.);
#1288=VECTOR('',#9115,10.);
#1289=VECTOR('',#9116,10.);
#1290=VECTOR('',#9119,10.);
#1291=VECTOR('',#9120,10.);
#1292=VECTOR('',#9125,10.);
#1293=VECTOR('',#9126,10.);
#1294=VECTOR('',#9127,10.);
#1295=VECTOR('',#9128,10.);
#1296=VECTOR('',#9129,10.);
#1297=VECTOR('',#9130,10.);
#1298=VECTOR('',#9135,10.);
#1299=VECTOR('',#9138,10.);
#1300=VECTOR('',#9143,10.);
#1301=VECTOR('',#9146,10.);
#1302=VECTOR('',#9149,10.);
#1303=VECTOR('',#9150,10.);
#1304=VECTOR('',#9153,10.);
#1305=VECTOR('',#9154,10.);
#1306=VECTOR('',#9157,10.);
#1307=VECTOR('',#9158,10.);
#1308=VECTOR('',#9161,10.);
#1309=VECTOR('',#9162,10.);
#1310=VECTOR('',#9165,10.);
#1311=VECTOR('',#9166,10.);
#1312=VECTOR('',#9167,10.);
#1313=VECTOR('',#9170,10.);
#1314=VECTOR('',#9171,10.);
#1315=VECTOR('',#9174,10.);
#1316=VECTOR('',#9189,10.);
#1317=VECTOR('',#9190,10.);
#1318=VECTOR('',#9195,10.);
#1319=VECTOR('',#9198,10.);
#1320=VECTOR('',#9205,10.);
#1321=VECTOR('',#9208,10.);
#1322=VECTOR('',#9211,10.);
#1323=VECTOR('',#9212,10.);
#1324=VECTOR('',#9213,10.);
#1325=VECTOR('',#9218,10.);
#1326=VECTOR('',#9225,10.);
#1327=VECTOR('',#9232,10.);
#1328=VECTOR('',#9237,10.);
#1329=VECTOR('',#9238,10.);
#1330=VECTOR('',#9239,10.);
#1331=VECTOR('',#9244,10.);
#1332=VECTOR('',#9249,10.);
#1333=VECTOR('',#9250,10.);
#1334=VECTOR('',#9251,10.);
#1335=VECTOR('',#9256,10.);
#1336=VECTOR('',#9261,10.);
#1337=VECTOR('',#9262,10.);
#1338=VECTOR('',#9263,10.);
#1339=VECTOR('',#9268,10.);
#1340=VECTOR('',#9273,10.);
#1341=VECTOR('',#9274,10.);
#1342=VECTOR('',#9279,10.);
#1343=VECTOR('',#9284,10.);
#1344=VECTOR('',#9285,10.);
#1345=VECTOR('',#9286,10.);
#1346=VECTOR('',#9291,10.);
#1347=VECTOR('',#9296,10.);
#1348=VECTOR('',#9297,10.);
#1349=VECTOR('',#9302,10.);
#1350=VECTOR('',#9305,10.);
#1351=VECTOR('',#9308,10.);
#1352=VECTOR('',#9309,10.);
#1353=VECTOR('',#9310,10.);
#1354=VECTOR('',#9315,10.);
#1355=VECTOR('',#9320,10.);
#1356=VECTOR('',#9321,10.);
#1357=VECTOR('',#9322,10.);
#1358=VECTOR('',#9327,10.);
#1359=VECTOR('',#9332,10.);
#1360=VECTOR('',#9333,10.);
#1361=VECTOR('',#9334,10.);
#1362=VECTOR('',#9339,10.);
#1363=VECTOR('',#9344,10.);
#1364=VECTOR('',#9345,10.);
#1365=VECTOR('',#9346,10.);
#1366=VECTOR('',#9351,10.);
#1367=VECTOR('',#9356,10.);
#1368=VECTOR('',#9357,10.);
#1369=VECTOR('',#9360,10.);
#1370=VECTOR('',#9361,10.);
#1371=VECTOR('',#9362,10.);
#1372=VECTOR('',#9365,10.);
#1373=VECTOR('',#9366,10.);
#1374=VECTOR('',#9367,10.);
#1375=VECTOR('',#9370,10.);
#1376=VECTOR('',#9371,10.);
#1377=VECTOR('',#9372,10.);
#1378=VECTOR('',#9383,10.);
#1379=VECTOR('',#9388,10.);
#1380=VECTOR('',#9389,10.);
#1381=VECTOR('',#9390,10.);
#1382=VECTOR('',#9395,10.);
#1383=VECTOR('',#9400,10.);
#1384=VECTOR('',#9401,10.);
#1385=VECTOR('',#9402,10.);
#1386=VECTOR('',#9407,10.);
#1387=VECTOR('',#9412,10.);
#1388=VECTOR('',#9413,10.);
#1389=VECTOR('',#9414,10.);
#1390=VECTOR('',#9419,10.);
#1391=VECTOR('',#9424,10.);
#1392=VECTOR('',#9425,10.);
#1393=VECTOR('',#9430,10.);
#1394=VECTOR('',#9441,10.);
#1395=VECTOR('',#9442,10.);
#1396=VECTOR('',#9447,10.);
#1397=VECTOR('',#9450,10.);
#1398=VECTOR('',#9453,10.);
#1399=VECTOR('',#9454,10.);
#1400=VECTOR('',#9455,10.);
#1401=VECTOR('',#9460,10.);
#1402=VECTOR('',#9465,10.);
#1403=VECTOR('',#9466,10.);
#1404=VECTOR('',#9467,10.);
#1405=VECTOR('',#9472,10.);
#1406=VECTOR('',#9477,10.);
#1407=VECTOR('',#9478,10.);
#1408=VECTOR('',#9479,10.);
#1409=VECTOR('',#9482,10.);
#1410=VECTOR('',#9483,10.);
#1411=VECTOR('',#9484,10.);
#1412=VECTOR('',#9487,10.);
#1413=VECTOR('',#9488,10.);
#1414=VECTOR('',#9489,10.);
#1415=VECTOR('',#9492,10.);
#1416=VECTOR('',#9493,10.);
#1417=VECTOR('',#9494,10.);
#1418=VECTOR('',#9499,10.);
#1419=VECTOR('',#9504,10.);
#1420=VECTOR('',#9505,10.);
#1421=VECTOR('',#9506,10.);
#1422=VECTOR('',#9509,10.);
#1423=VECTOR('',#9510,10.);
#1424=VECTOR('',#9511,10.);
#1425=VECTOR('',#9520,10.);
#1426=VECTOR('',#9521,10.);
#1427=VECTOR('',#9522,10.);
#1428=VECTOR('',#9525,10.);
#1429=VECTOR('',#9526,10.);
#1430=VECTOR('',#9527,10.);
#1431=VECTOR('',#9530,10.);
#1432=VECTOR('',#9531,10.);
#1433=VECTOR('',#9532,10.);
#1434=VECTOR('',#9535,10.);
#1435=VECTOR('',#9536,10.);
#1436=VECTOR('',#9539,10.);
#1437=VECTOR('',#9544,10.);
#1438=VECTOR('',#9545,10.);
#1439=VECTOR('',#9548,10.);
#1440=VECTOR('',#9549,10.);
#1441=VECTOR('',#9552,10.);
#1442=VECTOR('',#9557,10.);
#1443=VECTOR('',#9558,10.);
#1444=VECTOR('',#9561,10.);
#1445=VECTOR('',#9562,10.);
#1446=VECTOR('',#9565,10.);
#1447=VECTOR('',#9566,10.);
#1448=VECTOR('',#9569,10.);
#1449=VECTOR('',#9572,10.);
#1450=VECTOR('',#9573,10.);
#1451=VECTOR('',#9576,10.);
#1452=VECTOR('',#9577,10.);
#1453=VECTOR('',#9580,10.);
#1454=VECTOR('',#9581,10.);
#1455=VECTOR('',#9584,10.);
#1456=VECTOR('',#9585,10.);
#1457=VECTOR('',#9588,10.);
#1458=VECTOR('',#9593,10.);
#1459=VECTOR('',#9594,10.);
#1460=VECTOR('',#9597,10.);
#1461=VECTOR('',#9598,10.);
#1462=VECTOR('',#9601,10.);
#1463=VECTOR('',#9602,10.);
#1464=VECTOR('',#9605,10.);
#1465=VECTOR('',#9606,10.);
#1466=VECTOR('',#9609,10.);
#1467=VECTOR('',#9616,10.);
#1468=VECTOR('',#9617,10.);
#1469=VECTOR('',#9620,10.);
#1470=VECTOR('',#9621,10.);
#1471=VECTOR('',#9624,10.);
#1472=VECTOR('',#9625,10.);
#1473=VECTOR('',#9628,10.);
#1474=VECTOR('',#9629,10.);
#1475=VECTOR('',#9632,10.);
#1476=VECTOR('',#9637,10.);
#1477=VECTOR('',#9638,10.);
#1478=VECTOR('',#9641,10.);
#1479=VECTOR('',#9642,10.);
#1480=VECTOR('',#9645,10.);
#1481=VECTOR('',#9650,10.);
#1482=VECTOR('',#9651,10.);
#1483=VECTOR('',#9654,10.);
#1484=VECTOR('',#9659,10.);
#1485=VECTOR('',#9664,10.);
#1486=VECTOR('',#9669,10.);
#1487=VECTOR('',#9670,10.);
#1488=VECTOR('',#9673,10.);
#1489=VECTOR('',#9678,10.);
#1490=VECTOR('',#9679,10.);
#1491=VECTOR('',#9682,10.);
#1492=VECTOR('',#9683,10.);
#1493=VECTOR('',#9686,10.);
#1494=VECTOR('',#9687,10.);
#1495=VECTOR('',#9690,10.);
#1496=VECTOR('',#9693,10.);
#1497=VECTOR('',#9696,10.);
#1498=VECTOR('',#9697,10.);
#1499=VECTOR('',#9700,10.);
#1500=VECTOR('',#9701,10.);
#1501=VECTOR('',#9704,10.);
#1502=VECTOR('',#9705,10.);
#1503=VECTOR('',#9708,10.);
#1504=VECTOR('',#9713,10.);
#1505=VECTOR('',#9718,10.);
#1506=VECTOR('',#9723,10.);
#1507=VECTOR('',#9724,10.);
#1508=VECTOR('',#9727,10.);
#1509=VECTOR('',#9728,10.);
#1510=VECTOR('',#9731,10.);
#1511=VECTOR('',#9732,10.);
#1512=VECTOR('',#9735,10.);
#1513=VECTOR('',#9740,10.);
#1514=VECTOR('',#9741,10.);
#1515=VECTOR('',#9744,10.);
#1516=VECTOR('',#9745,10.);
#1517=VECTOR('',#9748,10.);
#1518=VECTOR('',#9749,10.);
#1519=VECTOR('',#9752,10.);
#1520=VECTOR('',#9753,10.);
#1521=VECTOR('',#9756,10.);
#1522=VECTOR('',#9761,10.);
#1523=VECTOR('',#9762,10.);
#1524=VECTOR('',#9765,10.);
#1525=VECTOR('',#9766,10.);
#1526=VECTOR('',#9769,10.);
#1527=VECTOR('',#9770,10.);
#1528=VECTOR('',#9773,10.);
#1529=VECTOR('',#9778,10.);
#1530=VECTOR('',#9779,10.);
#1531=VECTOR('',#9782,10.);
#1532=VECTOR('',#9785,10.);
#1533=VECTOR('',#9786,10.);
#1534=VECTOR('',#9789,10.);
#1535=VECTOR('',#9790,10.);
#1536=VECTOR('',#9793,10.);
#1537=VECTOR('',#9794,10.);
#1538=VECTOR('',#9797,10.);
#1539=VECTOR('',#9798,10.);
#1540=VECTOR('',#9801,10.);
#1541=VECTOR('',#9806,10.);
#1542=VECTOR('',#9807,10.);
#1543=VECTOR('',#9810,10.);
#1544=VECTOR('',#9811,10.);
#1545=VECTOR('',#9814,10.);
#1546=VECTOR('',#9815,10.);
#1547=VECTOR('',#9818,10.);
#1548=VECTOR('',#9819,10.);
#1549=VECTOR('',#9822,10.);
#1550=VECTOR('',#9827,10.);
#1551=VECTOR('',#9828,10.);
#1552=VECTOR('',#9831,10.);
#1553=VECTOR('',#9832,10.);
#1554=VECTOR('',#9835,10.);
#1555=VECTOR('',#9836,10.);
#1556=VECTOR('',#9839,10.);
#1557=VECTOR('',#9840,10.);
#1558=VECTOR('',#9843,10.);
#1559=VECTOR('',#9844,10.);
#1560=VECTOR('',#9847,10.);
#1561=VECTOR('',#9848,10.);
#1562=VECTOR('',#9851,10.);
#1563=VECTOR('',#9852,10.);
#1564=VECTOR('',#9855,10.);
#1565=VECTOR('',#9856,10.);
#1566=VECTOR('',#9859,10.);
#1567=VECTOR('',#9864,10.);
#1568=VECTOR('',#9865,10.);
#1569=VECTOR('',#9868,10.);
#1570=VECTOR('',#9873,10.);
#1571=VECTOR('',#9874,10.);
#1572=VECTOR('',#9877,10.);
#1573=VECTOR('',#9882,10.);
#1574=VECTOR('',#9883,10.);
#1575=VECTOR('',#9886,10.);
#1576=VECTOR('',#9887,10.);
#1577=VECTOR('',#9890,10.);
#1578=VECTOR('',#9891,10.);
#1579=VECTOR('',#9894,10.);
#1580=VECTOR('',#9895,10.);
#1581=VECTOR('',#9898,10.);
#1582=VECTOR('',#9899,10.);
#1583=VECTOR('',#9902,10.);
#1584=VECTOR('',#9903,10.);
#1585=VECTOR('',#9906,10.);
#1586=VECTOR('',#9911,10.);
#1587=VECTOR('',#9912,10.);
#1588=VECTOR('',#9915,10.);
#1589=VECTOR('',#9920,10.);
#1590=VECTOR('',#9925,10.);
#1591=VECTOR('',#9930,10.);
#1592=VECTOR('',#9931,10.);
#1593=VECTOR('',#9934,10.);
#1594=VECTOR('',#9935,10.);
#1595=VECTOR('',#9938,10.);
#1596=VECTOR('',#9939,10.);
#1597=VECTOR('',#9942,10.);
#1598=VECTOR('',#9943,10.);
#1599=VECTOR('',#9946,10.);
#1600=VECTOR('',#9947,10.);
#1601=VECTOR('',#9950,10.);
#1602=VECTOR('',#9951,10.);
#1603=VECTOR('',#9954,10.);
#1604=VECTOR('',#9955,10.);
#1605=VECTOR('',#9958,10.);
#1606=VECTOR('',#9959,10.);
#1607=VECTOR('',#9962,10.);
#1608=VECTOR('',#9967,10.);
#1609=VECTOR('',#9968,10.);
#1610=VECTOR('',#9971,10.);
#1611=VECTOR('',#9972,10.);
#1612=VECTOR('',#9975,10.);
#1613=VECTOR('',#9976,10.);
#1614=VECTOR('',#9979,10.);
#1615=VECTOR('',#9980,10.);
#1616=VECTOR('',#9983,10.);
#1617=VECTOR('',#9988,10.);
#1618=VECTOR('',#9989,10.);
#1619=VECTOR('',#9992,10.);
#1620=VECTOR('',#9997,10.);
#1621=VECTOR('',#9998,10.);
#1622=VECTOR('',#10001,10.);
#1623=VECTOR('',#10006,10.);
#1624=VECTOR('',#10007,10.);
#1625=VECTOR('',#10010,10.);
#1626=VECTOR('',#10015,10.);
#1627=VECTOR('',#10016,10.);
#1628=VECTOR('',#10019,10.);
#1629=VECTOR('',#10024,10.);
#1630=VECTOR('',#10025,10.);
#1631=VECTOR('',#10028,10.);
#1632=VECTOR('',#10029,10.);
#1633=VECTOR('',#10032,10.);
#1634=VECTOR('',#10033,10.);
#1635=VECTOR('',#10036,10.);
#1636=VECTOR('',#10037,10.);
#1637=VECTOR('',#10040,10.);
#1638=VECTOR('',#10041,10.);
#1639=VECTOR('',#10044,10.);
#1640=VECTOR('',#10045,10.);
#1641=VECTOR('',#10048,10.);
#1642=VECTOR('',#10049,10.);
#1643=VECTOR('',#10052,10.);
#1644=VECTOR('',#10057,10.);
#1645=VECTOR('',#10062,10.);
#1646=VECTOR('',#10063,10.);
#1647=VECTOR('',#10066,10.);
#1648=VECTOR('',#10067,10.);
#1649=VECTOR('',#10070,10.);
#1650=VECTOR('',#10071,10.);
#1651=VECTOR('',#10074,10.);
#1652=VECTOR('',#10079,10.);
#1653=VECTOR('',#10080,10.);
#1654=VECTOR('',#10083,10.);
#1655=VECTOR('',#10084,10.);
#1656=VECTOR('',#10087,10.);
#1657=VECTOR('',#10092,10.);
#1658=VECTOR('',#10093,10.);
#1659=VECTOR('',#10096,10.);
#1660=VECTOR('',#10101,10.);
#1661=VECTOR('',#10102,10.);
#1662=VECTOR('',#10105,10.);
#1663=VECTOR('',#10106,10.);
#1664=VECTOR('',#10109,10.);
#1665=VECTOR('',#10114,10.);
#1666=VECTOR('',#10115,10.);
#1667=VECTOR('',#10118,10.);
#1668=VECTOR('',#10119,10.);
#1669=VECTOR('',#10122,10.);
#1670=VECTOR('',#10127,10.);
#1671=VECTOR('',#10128,10.);
#1672=VECTOR('',#10131,10.);
#1673=VECTOR('',#10136,10.);
#1674=VECTOR('',#10137,10.);
#1675=VECTOR('',#10140,10.);
#1676=VECTOR('',#10145,10.);
#1677=VECTOR('',#10146,10.);
#1678=VECTOR('',#10149,10.);
#1679=VECTOR('',#10154,10.);
#1680=VECTOR('',#10159,10.);
#1681=VECTOR('',#10164,10.);
#1682=VECTOR('',#10165,10.);
#1683=VECTOR('',#10168,10.);
#1684=VECTOR('',#10173,10.);
#1685=VECTOR('',#10174,10.);
#1686=VECTOR('',#10177,10.);
#1687=VECTOR('',#10182,10.);
#1688=VECTOR('',#10183,10.);
#1689=VECTOR('',#10186,10.);
#1690=VECTOR('',#10191,10.);
#1691=VECTOR('',#10192,10.);
#1692=VECTOR('',#10195,10.);
#1693=VECTOR('',#10200,10.);
#1694=VECTOR('',#10201,10.);
#1695=VECTOR('',#10204,10.);
#1696=VECTOR('',#10209,10.);
#1697=VECTOR('',#10210,10.);
#1698=VECTOR('',#10217,10.);
#1699=VECTOR('',#10218,10.);
#1700=VECTOR('',#10221,10.);
#1701=VECTOR('',#10226,10.);
#1702=VECTOR('',#10227,10.);
#1703=VECTOR('',#10230,10.);
#1704=VECTOR('',#10235,10.);
#1705=PLANE('',#7342);
#1706=PLANE('',#7480);
#1707=PLANE('',#7489);
#1708=PLANE('',#7502);
#1709=PLANE('',#7574);
#1710=PLANE('',#7578);
#1711=PLANE('',#7587);
#1712=PLANE('',#7594);
#1713=PLANE('',#7597);
#1714=PLANE('',#7604);
#1715=PLANE('',#7616);
#1716=PLANE('',#7623);
#1717=PLANE('',#7626);
#1718=PLANE('',#7631);
#1719=PLANE('',#7643);
#1720=PLANE('',#7647);
#1721=PLANE('',#7669);
#1722=PLANE('',#7672);
#1723=PLANE('',#7679);
#1724=PLANE('',#7688);
#1725=PLANE('',#7695);
#1726=PLANE('',#7700);
#1727=PLANE('',#7703);
#1728=PLANE('',#7707);
#1729=PLANE('',#7709);
#1730=PLANE('',#7710);
#1731=PLANE('',#7711);
#1732=PLANE('',#7714);
#1733=PLANE('',#7715);
#1734=PLANE('',#7716);
#1735=PLANE('',#7719);
#1736=PLANE('',#7720);
#1737=PLANE('',#7721);
#1738=PLANE('',#7722);
#1739=PLANE('',#7723);
#1740=PLANE('',#7724);
#1741=PLANE('',#7727);
#1742=PLANE('',#7728);
#1743=PLANE('',#7729);
#1744=PLANE('',#7730);
#1745=PLANE('',#7731);
#1746=PLANE('',#7732);
#1747=PLANE('',#7733);
#1748=PLANE('',#7736);
#1749=PLANE('',#7740);
#1750=PLANE('',#7750);
#1751=PLANE('',#7754);
#1752=PLANE('',#7758);
#1753=PLANE('',#7762);
#1754=PLANE('',#7766);
#1755=PLANE('',#7770);
#1756=PLANE('',#7774);
#1757=PLANE('',#7778);
#1758=PLANE('',#7782);
#1759=PLANE('',#7786);
#1760=PLANE('',#7790);
#1761=PLANE('',#7791);
#1762=PLANE('',#7792);
#1763=PLANE('',#7793);
#1764=PLANE('',#7800);
#1765=PLANE('',#7804);
#1766=PLANE('',#7808);
#1767=PLANE('',#7812);
#1768=PLANE('',#7819);
#1769=PLANE('',#7823);
#1770=PLANE('',#7827);
#1771=PLANE('',#7831);
#1772=PLANE('',#7832);
#1773=PLANE('',#7833);
#1774=PLANE('',#7834);
#1775=PLANE('',#7838);
#1776=PLANE('',#7839);
#1777=PLANE('',#7843);
#1778=PLANE('',#7844);
#1779=PLANE('',#7845);
#1780=PLANE('',#7846);
#1781=PLANE('',#7849);
#1782=PLANE('',#7850);
#1783=PLANE('',#7853);
#1784=PLANE('',#7854);
#1785=PLANE('',#7855);
#1786=PLANE('',#7856);
#1787=PLANE('',#7857);
#1788=PLANE('',#7858);
#1789=PLANE('',#7859);
#1790=PLANE('',#7860);
#1791=PLANE('',#7863);
#1792=PLANE('',#7864);
#1793=PLANE('',#7865);
#1794=PLANE('',#7866);
#1795=PLANE('',#7867);
#1796=PLANE('',#7870);
#1797=PLANE('',#7871);
#1798=PLANE('',#7872);
#1799=PLANE('',#7873);
#1800=PLANE('',#7876);
#1801=PLANE('',#7877);
#1802=PLANE('',#7880);
#1803=PLANE('',#7887);
#1804=PLANE('',#7890);
#1805=PLANE('',#7891);
#1806=PLANE('',#7892);
#1807=PLANE('',#7893);
#1808=PLANE('',#7894);
#1809=PLANE('',#7895);
#1810=PLANE('',#7896);
#1811=PLANE('',#7897);
#1812=PLANE('',#7904);
#1813=PLANE('',#7905);
#1814=PLANE('',#7906);
#1815=PLANE('',#7909);
#1816=PLANE('',#7910);
#1817=PLANE('',#7911);
#1818=PLANE('',#7912);
#1819=PLANE('',#7915);
#1820=PLANE('',#7916);
#1821=PLANE('',#7917);
#1822=PLANE('',#7920);
#1823=PLANE('',#7921);
#1824=PLANE('',#7922);
#1825=PLANE('',#7923);
#1826=PLANE('',#7924);
#1827=PLANE('',#7925);
#1828=PLANE('',#7928);
#1829=PLANE('',#7929);
#1830=PLANE('',#7930);
#1831=PLANE('',#7931);
#1832=PLANE('',#7934);
#1833=PLANE('',#7935);
#1834=PLANE('',#7936);
#1835=PLANE('',#7937);
#1836=PLANE('',#7938);
#1837=PLANE('',#7939);
#1838=PLANE('',#7940);
#1839=PLANE('',#7941);
#1840=PLANE('',#7944);
#1841=PLANE('',#7947);
#1842=PLANE('',#7950);
#1843=PLANE('',#7951);
#1844=PLANE('',#7952);
#1845=PLANE('',#7953);
#1846=PLANE('',#7954);
#1847=PLANE('',#7955);
#1848=PLANE('',#7958);
#1849=PLANE('',#7965);
#1850=PLANE('',#7966);
#1851=PLANE('',#7967);
#1852=PLANE('',#7968);
#1853=PLANE('',#7969);
#1854=PLANE('',#7970);
#1855=PLANE('',#7971);
#1856=PLANE('',#7972);
#1857=PLANE('',#7975);
#1858=PLANE('',#7976);
#1859=PLANE('',#7977);
#1860=PLANE('',#7978);
#1861=PLANE('',#7981);
#1862=PLANE('',#7984);
#1863=PLANE('',#7987);
#1864=PLANE('',#7990);
#1865=PLANE('',#7993);
#1866=PLANE('',#7994);
#1867=PLANE('',#7995);
#1868=PLANE('',#7996);
#1869=PLANE('',#7997);
#1870=PLANE('',#7998);
#1871=PLANE('',#7999);
#1872=PLANE('',#8004);
#1873=PLANE('',#8005);
#1874=PLANE('',#8006);
#1875=PLANE('',#8009);
#1876=PLANE('',#8010);
#1877=PLANE('',#8013);
#1878=PLANE('',#8016);
#1879=PLANE('',#8017);
#1880=PLANE('',#8020);
#1881=PLANE('',#8021);
#1882=PLANE('',#8024);
#1883=PLANE('',#8027);
#1884=PLANE('',#8030);
#1885=PLANE('',#8037);
#1886=PLANE('',#8040);
#1887=PLANE('',#8043);
#1888=PLANE('',#8046);
#1889=PLANE('',#8049);
#1890=PLANE('',#8052);
#1891=PLANE('',#8055);
#1892=PLANE('',#8058);
#1893=PLANE('',#8061);
#1894=PLANE('',#8062);
#1895=PLANE('',#8063);
#1896=PLANE('',#8064);
#1897=PLANE('',#8065);
#1898=PLANE('',#8066);
#1899=FACE_OUTER_BOUND('',#2276,.T.);
#1900=FACE_OUTER_BOUND('',#2277,.T.);
#1901=FACE_OUTER_BOUND('',#2301,.T.);
#1902=FACE_OUTER_BOUND('',#2302,.T.);
#1903=FACE_OUTER_BOUND('',#2303,.T.);
#1904=FACE_OUTER_BOUND('',#2304,.T.);
#1905=FACE_OUTER_BOUND('',#2305,.T.);
#1906=FACE_OUTER_BOUND('',#2306,.T.);
#1907=FACE_OUTER_BOUND('',#2307,.T.);
#1908=FACE_OUTER_BOUND('',#2308,.T.);
#1909=FACE_OUTER_BOUND('',#2309,.T.);
#1910=FACE_OUTER_BOUND('',#2310,.T.);
#1911=FACE_OUTER_BOUND('',#2311,.T.);
#1912=FACE_OUTER_BOUND('',#2312,.T.);
#1913=FACE_OUTER_BOUND('',#2313,.T.);
#1914=FACE_OUTER_BOUND('',#2314,.T.);
#1915=FACE_OUTER_BOUND('',#2315,.T.);
#1916=FACE_OUTER_BOUND('',#2316,.T.);
#1917=FACE_OUTER_BOUND('',#2317,.T.);
#1918=FACE_OUTER_BOUND('',#2318,.T.);
#1919=FACE_OUTER_BOUND('',#2319,.T.);
#1920=FACE_OUTER_BOUND('',#2320,.T.);
#1921=FACE_OUTER_BOUND('',#2321,.T.);
#1922=FACE_OUTER_BOUND('',#2322,.T.);
#1923=FACE_OUTER_BOUND('',#2323,.T.);
#1924=FACE_OUTER_BOUND('',#2324,.T.);
#1925=FACE_OUTER_BOUND('',#2325,.T.);
#1926=FACE_OUTER_BOUND('',#2326,.T.);
#1927=FACE_OUTER_BOUND('',#2327,.T.);
#1928=FACE_OUTER_BOUND('',#2328,.T.);
#1929=FACE_OUTER_BOUND('',#2329,.T.);
#1930=FACE_OUTER_BOUND('',#2330,.T.);
#1931=FACE_OUTER_BOUND('',#2331,.T.);
#1932=FACE_OUTER_BOUND('',#2332,.T.);
#1933=FACE_OUTER_BOUND('',#2333,.T.);
#1934=FACE_OUTER_BOUND('',#2334,.T.);
#1935=FACE_OUTER_BOUND('',#2335,.T.);
#1936=FACE_OUTER_BOUND('',#2336,.T.);
#1937=FACE_OUTER_BOUND('',#2337,.T.);
#1938=FACE_OUTER_BOUND('',#2338,.T.);
#1939=FACE_OUTER_BOUND('',#2339,.T.);
#1940=FACE_OUTER_BOUND('',#2340,.T.);
#1941=FACE_OUTER_BOUND('',#2341,.T.);
#1942=FACE_OUTER_BOUND('',#2342,.T.);
#1943=FACE_OUTER_BOUND('',#2343,.T.);
#1944=FACE_OUTER_BOUND('',#2344,.T.);
#1945=FACE_OUTER_BOUND('',#2345,.T.);
#1946=FACE_OUTER_BOUND('',#2346,.T.);
#1947=FACE_OUTER_BOUND('',#2347,.T.);
#1948=FACE_OUTER_BOUND('',#2348,.T.);
#1949=FACE_OUTER_BOUND('',#2349,.T.);
#1950=FACE_OUTER_BOUND('',#2350,.T.);
#1951=FACE_OUTER_BOUND('',#2351,.T.);
#1952=FACE_OUTER_BOUND('',#2352,.T.);
#1953=FACE_OUTER_BOUND('',#2353,.T.);
#1954=FACE_OUTER_BOUND('',#2354,.T.);
#1955=FACE_OUTER_BOUND('',#2355,.T.);
#1956=FACE_OUTER_BOUND('',#2371,.T.);
#1957=FACE_OUTER_BOUND('',#2372,.T.);
#1958=FACE_OUTER_BOUND('',#2373,.T.);
#1959=FACE_OUTER_BOUND('',#2374,.T.);
#1960=FACE_OUTER_BOUND('',#2375,.T.);
#1961=FACE_OUTER_BOUND('',#2376,.T.);
#1962=FACE_OUTER_BOUND('',#2377,.T.);
#1963=FACE_OUTER_BOUND('',#2378,.T.);
#1964=FACE_OUTER_BOUND('',#2379,.T.);
#1965=FACE_OUTER_BOUND('',#2380,.T.);
#1966=FACE_OUTER_BOUND('',#2381,.T.);
#1967=FACE_OUTER_BOUND('',#2382,.T.);
#1968=FACE_OUTER_BOUND('',#2383,.T.);
#1969=FACE_OUTER_BOUND('',#2384,.T.);
#1970=FACE_OUTER_BOUND('',#2385,.T.);
#1971=FACE_OUTER_BOUND('',#2386,.T.);
#1972=FACE_OUTER_BOUND('',#2387,.T.);
#1973=FACE_OUTER_BOUND('',#2388,.T.);
#1974=FACE_OUTER_BOUND('',#2389,.T.);
#1975=FACE_OUTER_BOUND('',#2390,.T.);
#1976=FACE_OUTER_BOUND('',#2391,.T.);
#1977=FACE_OUTER_BOUND('',#2392,.T.);
#1978=FACE_OUTER_BOUND('',#2395,.T.);
#1979=FACE_OUTER_BOUND('',#2396,.T.);
#1980=FACE_OUTER_BOUND('',#2397,.T.);
#1981=FACE_OUTER_BOUND('',#2398,.T.);
#1982=FACE_OUTER_BOUND('',#2399,.T.);
#1983=FACE_OUTER_BOUND('',#2400,.T.);
#1984=FACE_OUTER_BOUND('',#2401,.T.);
#1985=FACE_OUTER_BOUND('',#2402,.T.);
#1986=FACE_OUTER_BOUND('',#2403,.T.);
#1987=FACE_OUTER_BOUND('',#2404,.T.);
#1988=FACE_OUTER_BOUND('',#2405,.T.);
#1989=FACE_OUTER_BOUND('',#2406,.T.);
#1990=FACE_OUTER_BOUND('',#2407,.T.);
#1991=FACE_OUTER_BOUND('',#2408,.T.);
#1992=FACE_OUTER_BOUND('',#2409,.T.);
#1993=FACE_OUTER_BOUND('',#2410,.T.);
#1994=FACE_OUTER_BOUND('',#2411,.T.);
#1995=FACE_OUTER_BOUND('',#2412,.T.);
#1996=FACE_OUTER_BOUND('',#2413,.T.);
#1997=FACE_OUTER_BOUND('',#2414,.T.);
#1998=FACE_OUTER_BOUND('',#2415,.T.);
#1999=FACE_OUTER_BOUND('',#2416,.T.);
#2000=FACE_OUTER_BOUND('',#2417,.T.);
#2001=FACE_OUTER_BOUND('',#2418,.T.);
#2002=FACE_OUTER_BOUND('',#2419,.T.);
#2003=FACE_OUTER_BOUND('',#2420,.T.);
#2004=FACE_OUTER_BOUND('',#2421,.T.);
#2005=FACE_OUTER_BOUND('',#2422,.T.);
#2006=FACE_OUTER_BOUND('',#2423,.T.);
#2007=FACE_OUTER_BOUND('',#2424,.T.);
#2008=FACE_OUTER_BOUND('',#2425,.T.);
#2009=FACE_OUTER_BOUND('',#2426,.T.);
#2010=FACE_OUTER_BOUND('',#2427,.T.);
#2011=FACE_OUTER_BOUND('',#2428,.T.);
#2012=FACE_OUTER_BOUND('',#2429,.T.);
#2013=FACE_OUTER_BOUND('',#2430,.T.);
#2014=FACE_OUTER_BOUND('',#2431,.T.);
#2015=FACE_OUTER_BOUND('',#2432,.T.);
#2016=FACE_OUTER_BOUND('',#2433,.T.);
#2017=FACE_OUTER_BOUND('',#2434,.T.);
#2018=FACE_OUTER_BOUND('',#2435,.T.);
#2019=FACE_OUTER_BOUND('',#2436,.T.);
#2020=FACE_OUTER_BOUND('',#2437,.T.);
#2021=FACE_OUTER_BOUND('',#2438,.T.);
#2022=FACE_OUTER_BOUND('',#2439,.T.);
#2023=FACE_OUTER_BOUND('',#2440,.T.);
#2024=FACE_OUTER_BOUND('',#2441,.T.);
#2025=FACE_OUTER_BOUND('',#2442,.T.);
#2026=FACE_OUTER_BOUND('',#2443,.T.);
#2027=FACE_OUTER_BOUND('',#2444,.T.);
#2028=FACE_OUTER_BOUND('',#2445,.T.);
#2029=FACE_OUTER_BOUND('',#2446,.T.);
#2030=FACE_OUTER_BOUND('',#2447,.T.);
#2031=FACE_OUTER_BOUND('',#2448,.T.);
#2032=FACE_OUTER_BOUND('',#2449,.T.);
#2033=FACE_OUTER_BOUND('',#2450,.T.);
#2034=FACE_OUTER_BOUND('',#2451,.T.);
#2035=FACE_OUTER_BOUND('',#2452,.T.);
#2036=FACE_OUTER_BOUND('',#2453,.T.);
#2037=FACE_OUTER_BOUND('',#2454,.T.);
#2038=FACE_OUTER_BOUND('',#2455,.T.);
#2039=FACE_OUTER_BOUND('',#2456,.T.);
#2040=FACE_OUTER_BOUND('',#2457,.T.);
#2041=FACE_OUTER_BOUND('',#2458,.T.);
#2042=FACE_OUTER_BOUND('',#2459,.T.);
#2043=FACE_OUTER_BOUND('',#2460,.T.);
#2044=FACE_OUTER_BOUND('',#2461,.T.);
#2045=FACE_OUTER_BOUND('',#2462,.T.);
#2046=FACE_OUTER_BOUND('',#2463,.T.);
#2047=FACE_OUTER_BOUND('',#2464,.T.);
#2048=FACE_OUTER_BOUND('',#2465,.T.);
#2049=FACE_OUTER_BOUND('',#2466,.T.);
#2050=FACE_OUTER_BOUND('',#2467,.T.);
#2051=FACE_OUTER_BOUND('',#2468,.T.);
#2052=FACE_OUTER_BOUND('',#2469,.T.);
#2053=FACE_OUTER_BOUND('',#2470,.T.);
#2054=FACE_OUTER_BOUND('',#2471,.T.);
#2055=FACE_OUTER_BOUND('',#2472,.T.);
#2056=FACE_OUTER_BOUND('',#2473,.T.);
#2057=FACE_OUTER_BOUND('',#2474,.T.);
#2058=FACE_OUTER_BOUND('',#2475,.T.);
#2059=FACE_OUTER_BOUND('',#2476,.T.);
#2060=FACE_OUTER_BOUND('',#2477,.T.);
#2061=FACE_OUTER_BOUND('',#2478,.T.);
#2062=FACE_OUTER_BOUND('',#2479,.T.);
#2063=FACE_OUTER_BOUND('',#2480,.T.);
#2064=FACE_OUTER_BOUND('',#2481,.T.);
#2065=FACE_OUTER_BOUND('',#2482,.T.);
#2066=FACE_OUTER_BOUND('',#2483,.T.);
#2067=FACE_OUTER_BOUND('',#2484,.T.);
#2068=FACE_OUTER_BOUND('',#2485,.T.);
#2069=FACE_OUTER_BOUND('',#2486,.T.);
#2070=FACE_OUTER_BOUND('',#2487,.T.);
#2071=FACE_OUTER_BOUND('',#2488,.T.);
#2072=FACE_OUTER_BOUND('',#2489,.T.);
#2073=FACE_OUTER_BOUND('',#2490,.T.);
#2074=FACE_OUTER_BOUND('',#2491,.T.);
#2075=FACE_OUTER_BOUND('',#2492,.T.);
#2076=FACE_OUTER_BOUND('',#2493,.T.);
#2077=FACE_OUTER_BOUND('',#2494,.T.);
#2078=FACE_OUTER_BOUND('',#2495,.T.);
#2079=FACE_OUTER_BOUND('',#2496,.T.);
#2080=FACE_OUTER_BOUND('',#2497,.T.);
#2081=FACE_OUTER_BOUND('',#2498,.T.);
#2082=FACE_OUTER_BOUND('',#2499,.T.);
#2083=FACE_OUTER_BOUND('',#2500,.T.);
#2084=FACE_OUTER_BOUND('',#2501,.T.);
#2085=FACE_OUTER_BOUND('',#2502,.T.);
#2086=FACE_OUTER_BOUND('',#2503,.T.);
#2087=FACE_OUTER_BOUND('',#2504,.T.);
#2088=FACE_OUTER_BOUND('',#2505,.T.);
#2089=FACE_OUTER_BOUND('',#2506,.T.);
#2090=FACE_OUTER_BOUND('',#2507,.T.);
#2091=FACE_OUTER_BOUND('',#2508,.T.);
#2092=FACE_OUTER_BOUND('',#2509,.T.);
#2093=FACE_OUTER_BOUND('',#2510,.T.);
#2094=FACE_OUTER_BOUND('',#2511,.T.);
#2095=FACE_OUTER_BOUND('',#2512,.T.);
#2096=FACE_OUTER_BOUND('',#2513,.T.);
#2097=FACE_OUTER_BOUND('',#2514,.T.);
#2098=FACE_OUTER_BOUND('',#2515,.T.);
#2099=FACE_OUTER_BOUND('',#2516,.T.);
#2100=FACE_OUTER_BOUND('',#2517,.T.);
#2101=FACE_OUTER_BOUND('',#2518,.T.);
#2102=FACE_OUTER_BOUND('',#2519,.T.);
#2103=FACE_OUTER_BOUND('',#2520,.T.);
#2104=FACE_OUTER_BOUND('',#2521,.T.);
#2105=FACE_OUTER_BOUND('',#2522,.T.);
#2106=FACE_OUTER_BOUND('',#2523,.T.);
#2107=FACE_OUTER_BOUND('',#2524,.T.);
#2108=FACE_OUTER_BOUND('',#2525,.T.);
#2109=FACE_OUTER_BOUND('',#2526,.T.);
#2110=FACE_OUTER_BOUND('',#2527,.T.);
#2111=FACE_OUTER_BOUND('',#2528,.T.);
#2112=FACE_OUTER_BOUND('',#2529,.T.);
#2113=FACE_OUTER_BOUND('',#2530,.T.);
#2114=FACE_OUTER_BOUND('',#2531,.T.);
#2115=FACE_OUTER_BOUND('',#2532,.T.);
#2116=FACE_OUTER_BOUND('',#2533,.T.);
#2117=FACE_OUTER_BOUND('',#2534,.T.);
#2118=FACE_OUTER_BOUND('',#2535,.T.);
#2119=FACE_OUTER_BOUND('',#2536,.T.);
#2120=FACE_OUTER_BOUND('',#2537,.T.);
#2121=FACE_OUTER_BOUND('',#2538,.T.);
#2122=FACE_OUTER_BOUND('',#2539,.T.);
#2123=FACE_OUTER_BOUND('',#2540,.T.);
#2124=FACE_OUTER_BOUND('',#2541,.T.);
#2125=FACE_OUTER_BOUND('',#2542,.T.);
#2126=FACE_OUTER_BOUND('',#2543,.T.);
#2127=FACE_OUTER_BOUND('',#2544,.T.);
#2128=FACE_OUTER_BOUND('',#2545,.T.);
#2129=FACE_OUTER_BOUND('',#2546,.T.);
#2130=FACE_OUTER_BOUND('',#2547,.T.);
#2131=FACE_OUTER_BOUND('',#2548,.T.);
#2132=FACE_OUTER_BOUND('',#2549,.T.);
#2133=FACE_OUTER_BOUND('',#2550,.T.);
#2134=FACE_OUTER_BOUND('',#2551,.T.);
#2135=FACE_OUTER_BOUND('',#2552,.T.);
#2136=FACE_OUTER_BOUND('',#2553,.T.);
#2137=FACE_OUTER_BOUND('',#2554,.T.);
#2138=FACE_OUTER_BOUND('',#2555,.T.);
#2139=FACE_OUTER_BOUND('',#2556,.T.);
#2140=FACE_OUTER_BOUND('',#2557,.T.);
#2141=FACE_OUTER_BOUND('',#2558,.T.);
#2142=FACE_OUTER_BOUND('',#2559,.T.);
#2143=FACE_OUTER_BOUND('',#2560,.T.);
#2144=FACE_OUTER_BOUND('',#2561,.T.);
#2145=FACE_OUTER_BOUND('',#2562,.T.);
#2146=FACE_OUTER_BOUND('',#2563,.T.);
#2147=FACE_OUTER_BOUND('',#2564,.T.);
#2148=FACE_OUTER_BOUND('',#2565,.T.);
#2149=FACE_OUTER_BOUND('',#2566,.T.);
#2150=FACE_OUTER_BOUND('',#2567,.T.);
#2151=FACE_OUTER_BOUND('',#2568,.T.);
#2152=FACE_OUTER_BOUND('',#2569,.T.);
#2153=FACE_OUTER_BOUND('',#2570,.T.);
#2154=FACE_OUTER_BOUND('',#2571,.T.);
#2155=FACE_OUTER_BOUND('',#2572,.T.);
#2156=FACE_OUTER_BOUND('',#2573,.T.);
#2157=FACE_OUTER_BOUND('',#2574,.T.);
#2158=FACE_OUTER_BOUND('',#2575,.T.);
#2159=FACE_OUTER_BOUND('',#2576,.T.);
#2160=FACE_OUTER_BOUND('',#2577,.T.);
#2161=FACE_OUTER_BOUND('',#2578,.T.);
#2162=FACE_OUTER_BOUND('',#2579,.T.);
#2163=FACE_OUTER_BOUND('',#2580,.T.);
#2164=FACE_OUTER_BOUND('',#2581,.T.);
#2165=FACE_OUTER_BOUND('',#2582,.T.);
#2166=FACE_OUTER_BOUND('',#2583,.T.);
#2167=FACE_OUTER_BOUND('',#2584,.T.);
#2168=FACE_OUTER_BOUND('',#2585,.T.);
#2169=FACE_OUTER_BOUND('',#2586,.T.);
#2170=FACE_OUTER_BOUND('',#2587,.T.);
#2171=FACE_OUTER_BOUND('',#2588,.T.);
#2172=FACE_OUTER_BOUND('',#2589,.T.);
#2173=FACE_OUTER_BOUND('',#2590,.T.);
#2174=FACE_OUTER_BOUND('',#2591,.T.);
#2175=FACE_OUTER_BOUND('',#2592,.T.);
#2176=FACE_OUTER_BOUND('',#2593,.T.);
#2177=FACE_OUTER_BOUND('',#2594,.T.);
#2178=FACE_OUTER_BOUND('',#2595,.T.);
#2179=FACE_OUTER_BOUND('',#2596,.T.);
#2180=FACE_OUTER_BOUND('',#2597,.T.);
#2181=FACE_OUTER_BOUND('',#2598,.T.);
#2182=FACE_OUTER_BOUND('',#2599,.T.);
#2183=FACE_OUTER_BOUND('',#2600,.T.);
#2184=FACE_OUTER_BOUND('',#2601,.T.);
#2185=FACE_OUTER_BOUND('',#2602,.T.);
#2186=FACE_OUTER_BOUND('',#2603,.T.);
#2187=FACE_OUTER_BOUND('',#2604,.T.);
#2188=FACE_OUTER_BOUND('',#2605,.T.);
#2189=FACE_OUTER_BOUND('',#2606,.T.);
#2190=FACE_OUTER_BOUND('',#2607,.T.);
#2191=FACE_OUTER_BOUND('',#2608,.T.);
#2192=FACE_OUTER_BOUND('',#2609,.T.);
#2193=FACE_OUTER_BOUND('',#2610,.T.);
#2194=FACE_OUTER_BOUND('',#2611,.T.);
#2195=FACE_OUTER_BOUND('',#2612,.T.);
#2196=FACE_OUTER_BOUND('',#2613,.T.);
#2197=FACE_OUTER_BOUND('',#2614,.T.);
#2198=FACE_OUTER_BOUND('',#2615,.T.);
#2199=FACE_OUTER_BOUND('',#2616,.T.);
#2200=FACE_OUTER_BOUND('',#2617,.T.);
#2201=FACE_OUTER_BOUND('',#2618,.T.);
#2202=FACE_OUTER_BOUND('',#2619,.T.);
#2203=FACE_OUTER_BOUND('',#2620,.T.);
#2204=FACE_OUTER_BOUND('',#2621,.T.);
#2205=FACE_OUTER_BOUND('',#2622,.T.);
#2206=FACE_OUTER_BOUND('',#2623,.T.);
#2207=FACE_OUTER_BOUND('',#2624,.T.);
#2208=FACE_OUTER_BOUND('',#2625,.T.);
#2209=FACE_OUTER_BOUND('',#2626,.T.);
#2210=FACE_OUTER_BOUND('',#2627,.T.);
#2211=FACE_OUTER_BOUND('',#2628,.T.);
#2212=FACE_OUTER_BOUND('',#2629,.T.);
#2213=FACE_OUTER_BOUND('',#2630,.T.);
#2214=FACE_OUTER_BOUND('',#2631,.T.);
#2215=FACE_OUTER_BOUND('',#2632,.T.);
#2216=FACE_OUTER_BOUND('',#2633,.T.);
#2217=FACE_OUTER_BOUND('',#2634,.T.);
#2218=FACE_OUTER_BOUND('',#2635,.T.);
#2219=FACE_OUTER_BOUND('',#2636,.T.);
#2220=FACE_OUTER_BOUND('',#2637,.T.);
#2221=FACE_OUTER_BOUND('',#2638,.T.);
#2222=FACE_OUTER_BOUND('',#2639,.T.);
#2223=FACE_OUTER_BOUND('',#2640,.T.);
#2224=FACE_OUTER_BOUND('',#2641,.T.);
#2225=FACE_OUTER_BOUND('',#2642,.T.);
#2226=FACE_OUTER_BOUND('',#2643,.T.);
#2227=FACE_OUTER_BOUND('',#2644,.T.);
#2228=FACE_OUTER_BOUND('',#2645,.T.);
#2229=FACE_OUTER_BOUND('',#2646,.T.);
#2230=FACE_OUTER_BOUND('',#2647,.T.);
#2231=FACE_OUTER_BOUND('',#2648,.T.);
#2232=FACE_OUTER_BOUND('',#2649,.T.);
#2233=FACE_OUTER_BOUND('',#2650,.T.);
#2234=FACE_OUTER_BOUND('',#2651,.T.);
#2235=FACE_OUTER_BOUND('',#2652,.T.);
#2236=FACE_OUTER_BOUND('',#2653,.T.);
#2237=FACE_OUTER_BOUND('',#2654,.T.);
#2238=FACE_OUTER_BOUND('',#2655,.T.);
#2239=FACE_OUTER_BOUND('',#2656,.T.);
#2240=FACE_OUTER_BOUND('',#2657,.T.);
#2241=FACE_OUTER_BOUND('',#2658,.T.);
#2242=FACE_OUTER_BOUND('',#2659,.T.);
#2243=FACE_OUTER_BOUND('',#2660,.T.);
#2244=FACE_OUTER_BOUND('',#2661,.T.);
#2245=FACE_OUTER_BOUND('',#2662,.T.);
#2246=FACE_OUTER_BOUND('',#2663,.T.);
#2247=FACE_OUTER_BOUND('',#2664,.T.);
#2248=FACE_OUTER_BOUND('',#2665,.T.);
#2249=FACE_OUTER_BOUND('',#2666,.T.);
#2250=FACE_OUTER_BOUND('',#2667,.T.);
#2251=FACE_OUTER_BOUND('',#2668,.T.);
#2252=FACE_OUTER_BOUND('',#2669,.T.);
#2253=FACE_OUTER_BOUND('',#2670,.T.);
#2254=FACE_OUTER_BOUND('',#2671,.T.);
#2255=FACE_OUTER_BOUND('',#2672,.T.);
#2256=FACE_OUTER_BOUND('',#2673,.T.);
#2257=FACE_OUTER_BOUND('',#2674,.T.);
#2258=FACE_OUTER_BOUND('',#2675,.T.);
#2259=FACE_OUTER_BOUND('',#2676,.T.);
#2260=FACE_OUTER_BOUND('',#2677,.T.);
#2261=FACE_OUTER_BOUND('',#2678,.T.);
#2262=FACE_OUTER_BOUND('',#2679,.T.);
#2263=FACE_OUTER_BOUND('',#2680,.T.);
#2264=FACE_OUTER_BOUND('',#2681,.T.);
#2265=FACE_OUTER_BOUND('',#2682,.T.);
#2266=FACE_OUTER_BOUND('',#2683,.T.);
#2267=FACE_OUTER_BOUND('',#2684,.T.);
#2268=FACE_OUTER_BOUND('',#2685,.T.);
#2269=FACE_OUTER_BOUND('',#2686,.T.);
#2270=FACE_OUTER_BOUND('',#2687,.T.);
#2271=FACE_OUTER_BOUND('',#2688,.T.);
#2272=FACE_OUTER_BOUND('',#2693,.T.);
#2273=FACE_OUTER_BOUND('',#2695,.T.);
#2274=FACE_OUTER_BOUND('',#2699,.T.);
#2275=FACE_OUTER_BOUND('',#2701,.T.);
#2276=EDGE_LOOP('',(#4790,#4791,#4792,#4793));
#2277=EDGE_LOOP('',(#4794,#4795,#4796,#4797));
#2278=EDGE_LOOP('',(#4798));
#2279=EDGE_LOOP('',(#4799));
#2280=EDGE_LOOP('',(#4800));
#2281=EDGE_LOOP('',(#4801));
#2282=EDGE_LOOP('',(#4802));
#2283=EDGE_LOOP('',(#4803));
#2284=EDGE_LOOP('',(#4804));
#2285=EDGE_LOOP('',(#4805));
#2286=EDGE_LOOP('',(#4806));
#2287=EDGE_LOOP('',(#4807));
#2288=EDGE_LOOP('',(#4808));
#2289=EDGE_LOOP('',(#4809));
#2290=EDGE_LOOP('',(#4810));
#2291=EDGE_LOOP('',(#4811));
#2292=EDGE_LOOP('',(#4812));
#2293=EDGE_LOOP('',(#4813));
#2294=EDGE_LOOP('',(#4814));
#2295=EDGE_LOOP('',(#4815));
#2296=EDGE_LOOP('',(#4816));
#2297=EDGE_LOOP('',(#4817));
#2298=EDGE_LOOP('',(#4818));
#2299=EDGE_LOOP('',(#4819));
#2300=EDGE_LOOP('',(#4820));
#2301=EDGE_LOOP('',(#4821,#4822,#4823,#4824));
#2302=EDGE_LOOP('',(#4825,#4826,#4827,#4828));
#2303=EDGE_LOOP('',(#4829,#4830,#4831,#4832));
#2304=EDGE_LOOP('',(#4833,#4834,#4835,#4836));
#2305=EDGE_LOOP('',(#4837,#4838,#4839,#4840));
#2306=EDGE_LOOP('',(#4841,#4842,#4843,#4844));
#2307=EDGE_LOOP('',(#4845,#4846,#4847,#4848));
#2308=EDGE_LOOP('',(#4849,#4850,#4851,#4852));
#2309=EDGE_LOOP('',(#4853,#4854,#4855,#4856));
#2310=EDGE_LOOP('',(#4857,#4858,#4859,#4860));
#2311=EDGE_LOOP('',(#4861,#4862,#4863,#4864));
#2312=EDGE_LOOP('',(#4865,#4866,#4867,#4868));
#2313=EDGE_LOOP('',(#4869,#4870,#4871,#4872));
#2314=EDGE_LOOP('',(#4873,#4874,#4875,#4876));
#2315=EDGE_LOOP('',(#4877,#4878,#4879,#4880));
#2316=EDGE_LOOP('',(#4881,#4882,#4883,#4884));
#2317=EDGE_LOOP('',(#4885,#4886,#4887,#4888));
#2318=EDGE_LOOP('',(#4889,#4890,#4891,#4892));
#2319=EDGE_LOOP('',(#4893,#4894,#4895,#4896));
#2320=EDGE_LOOP('',(#4897,#4898,#4899,#4900));
#2321=EDGE_LOOP('',(#4901,#4902,#4903,#4904));
#2322=EDGE_LOOP('',(#4905,#4906,#4907,#4908));
#2323=EDGE_LOOP('',(#4909,#4910,#4911,#4912));
#2324=EDGE_LOOP('',(#4913,#4914,#4915,#4916));
#2325=EDGE_LOOP('',(#4917,#4918,#4919,#4920));
#2326=EDGE_LOOP('',(#4921,#4922,#4923,#4924));
#2327=EDGE_LOOP('',(#4925,#4926,#4927,#4928));
#2328=EDGE_LOOP('',(#4929,#4930,#4931,#4932));
#2329=EDGE_LOOP('',(#4933,#4934,#4935,#4936));
#2330=EDGE_LOOP('',(#4937,#4938,#4939,#4940));
#2331=EDGE_LOOP('',(#4941,#4942,#4943,#4944));
#2332=EDGE_LOOP('',(#4945,#4946,#4947,#4948));
#2333=EDGE_LOOP('',(#4949,#4950,#4951,#4952));
#2334=EDGE_LOOP('',(#4953,#4954,#4955,#4956));
#2335=EDGE_LOOP('',(#4957,#4958,#4959,#4960));
#2336=EDGE_LOOP('',(#4961,#4962,#4963,#4964));
#2337=EDGE_LOOP('',(#4965,#4966,#4967,#4968));
#2338=EDGE_LOOP('',(#4969,#4970,#4971,#4972));
#2339=EDGE_LOOP('',(#4973,#4974,#4975,#4976));
#2340=EDGE_LOOP('',(#4977,#4978,#4979,#4980));
#2341=EDGE_LOOP('',(#4981,#4982,#4983,#4984));
#2342=EDGE_LOOP('',(#4985,#4986,#4987,#4988));
#2343=EDGE_LOOP('',(#4989,#4990,#4991,#4992));
#2344=EDGE_LOOP('',(#4993,#4994,#4995,#4996));
#2345=EDGE_LOOP('',(#4997,#4998,#4999,#5000));
#2346=EDGE_LOOP('',(#5001,#5002,#5003,#5004));
#2347=EDGE_LOOP('',(#5005,#5006,#5007,#5008));
#2348=EDGE_LOOP('',(#5009,#5010,#5011,#5012,#5013,#5014,#5015));
#2349=EDGE_LOOP('',(#5016,#5017,#5018,#5019,#5020,#5021));
#2350=EDGE_LOOP('',(#5022,#5023,#5024,#5025));
#2351=EDGE_LOOP('',(#5026,#5027,#5028,#5029,#5030,#5031));
#2352=EDGE_LOOP('',(#5032,#5033,#5034,#5035,#5036,#5037));
#2353=EDGE_LOOP('',(#5038,#5039,#5040,#5041,#5042,#5043));
#2354=EDGE_LOOP('',(#5044,#5045,#5046,#5047,#5048));
#2355=EDGE_LOOP('',(#5049,#5050,#5051,#5052,#5053,#5054,#5055,#5056,#5057,
#5058,#5059,#5060,#5061,#5062,#5063,#5064,#5065,#5066,#5067,#5068,#5069,
#5070,#5071,#5072,#5073,#5074,#5075,#5076,#5077,#5078,#5079,#5080,#5081,
#5082,#5083,#5084,#5085,#5086,#5087,#5088,#5089,#5090,#5091,#5092,#5093,
#5094,#5095,#5096,#5097,#5098,#5099,#5100,#5101,#5102,#5103,#5104,#5105,
#5106,#5107,#5108,#5109,#5110,#5111,#5112,#5113,#5114,#5115,#5116,#5117,
#5118,#5119,#5120,#5121,#5122,#5123,#5124,#5125,#5126,#5127,#5128,#5129,
#5130,#5131,#5132,#5133,#5134,#5135,#5136,#5137,#5138,#5139,#5140,#5141,
#5142,#5143,#5144,#5145,#5146,#5147,#5148,#5149,#5150,#5151,#5152,#5153,
#5154,#5155,#5156,#5157,#5158,#5159,#5160,#5161,#5162,#5163,#5164,#5165,
#5166,#5167,#5168,#5169,#5170,#5171,#5172,#5173,#5174,#5175,#5176,#5177,
#5178,#5179,#5180,#5181,#5182,#5183,#5184,#5185,#5186,#5187,#5188,#5189,
#5190,#5191,#5192,#5193,#5194,#5195,#5196,#5197,#5198,#5199,#5200,#5201,
#5202,#5203,#5204,#5205,#5206,#5207,#5208,#5209,#5210,#5211,#5212,#5213,
#5214,#5215,#5216,#5217,#5218,#5219,#5220));
#2356=EDGE_LOOP('',(#5221));
#2357=EDGE_LOOP('',(#5222));
#2358=EDGE_LOOP('',(#5223));
#2359=EDGE_LOOP('',(#5224));
#2360=EDGE_LOOP('',(#5225));
#2361=EDGE_LOOP('',(#5226));
#2362=EDGE_LOOP('',(#5227));
#2363=EDGE_LOOP('',(#5228));
#2364=EDGE_LOOP('',(#5229));
#2365=EDGE_LOOP('',(#5230));
#2366=EDGE_LOOP('',(#5231));
#2367=EDGE_LOOP('',(#5232));
#2368=EDGE_LOOP('',(#5233));
#2369=EDGE_LOOP('',(#5234));
#2370=EDGE_LOOP('',(#5235));
#2371=EDGE_LOOP('',(#5236,#5237,#5238,#5239,#5240,#5241));
#2372=EDGE_LOOP('',(#5242,#5243,#5244,#5245,#5246,#5247));
#2373=EDGE_LOOP('',(#5248,#5249,#5250,#5251,#5252));
#2374=EDGE_LOOP('',(#5253,#5254,#5255,#5256,#5257,#5258,#5259,#5260,#5261,
#5262,#5263,#5264,#5265,#5266,#5267,#5268,#5269,#5270,#5271,#5272));
#2375=EDGE_LOOP('',(#5273,#5274,#5275,#5276,#5277,#5278));
#2376=EDGE_LOOP('',(#5279,#5280,#5281,#5282));
#2377=EDGE_LOOP('',(#5283,#5284,#5285,#5286,#5287,#5288));
#2378=EDGE_LOOP('',(#5289,#5290,#5291,#5292,#5293,#5294,#5295));
#2379=EDGE_LOOP('',(#5296,#5297,#5298,#5299,#5300,#5301));
#2380=EDGE_LOOP('',(#5302,#5303,#5304,#5305));
#2381=EDGE_LOOP('',(#5306,#5307,#5308,#5309));
#2382=EDGE_LOOP('',(#5310,#5311,#5312,#5313));
#2383=EDGE_LOOP('',(#5314,#5315,#5316,#5317));
#2384=EDGE_LOOP('',(#5318,#5319,#5320,#5321));
#2385=EDGE_LOOP('',(#5322,#5323,#5324,#5325));
#2386=EDGE_LOOP('',(#5326,#5327,#5328,#5329));
#2387=EDGE_LOOP('',(#5330,#5331,#5332,#5333));
#2388=EDGE_LOOP('',(#5334,#5335,#5336,#5337));
#2389=EDGE_LOOP('',(#5338,#5339,#5340,#5341));
#2390=EDGE_LOOP('',(#5342,#5343,#5344,#5345));
#2391=EDGE_LOOP('',(#5346,#5347,#5348,#5349));
#2392=EDGE_LOOP('',(#5350,#5351,#5352,#5353,#5354,#5355,#5356,#5357,#5358,
#5359,#5360,#5361,#5362,#5363,#5364,#5365,#5366,#5367,#5368,#5369,#5370,
#5371,#5372,#5373,#5374,#5375,#5376,#5377,#5378));
#2393=EDGE_LOOP('',(#5379));
#2394=EDGE_LOOP('',(#5380));
#2395=EDGE_LOOP('',(#5381,#5382,#5383,#5384));
#2396=EDGE_LOOP('',(#5385,#5386,#5387,#5388));
#2397=EDGE_LOOP('',(#5389,#5390,#5391,#5392));
#2398=EDGE_LOOP('',(#5393,#5394,#5395,#5396));
#2399=EDGE_LOOP('',(#5397,#5398,#5399,#5400));
#2400=EDGE_LOOP('',(#5401,#5402,#5403,#5404));
#2401=EDGE_LOOP('',(#5405,#5406,#5407,#5408));
#2402=EDGE_LOOP('',(#5409,#5410,#5411,#5412));
#2403=EDGE_LOOP('',(#5413,#5414,#5415,#5416));
#2404=EDGE_LOOP('',(#5417,#5418,#5419,#5420));
#2405=EDGE_LOOP('',(#5421,#5422,#5423,#5424));
#2406=EDGE_LOOP('',(#5425,#5426,#5427,#5428));
#2407=EDGE_LOOP('',(#5429,#5430,#5431,#5432));
#2408=EDGE_LOOP('',(#5433,#5434,#5435,#5436));
#2409=EDGE_LOOP('',(#5437,#5438,#5439,#5440));
#2410=EDGE_LOOP('',(#5441,#5442,#5443,#5444));
#2411=EDGE_LOOP('',(#5445,#5446,#5447,#5448));
#2412=EDGE_LOOP('',(#5449,#5450,#5451,#5452));
#2413=EDGE_LOOP('',(#5453,#5454,#5455,#5456));
#2414=EDGE_LOOP('',(#5457,#5458,#5459,#5460));
#2415=EDGE_LOOP('',(#5461,#5462,#5463,#5464));
#2416=EDGE_LOOP('',(#5465,#5466,#5467,#5468));
#2417=EDGE_LOOP('',(#5469,#5470,#5471,#5472));
#2418=EDGE_LOOP('',(#5473,#5474,#5475,#5476));
#2419=EDGE_LOOP('',(#5477,#5478,#5479,#5480));
#2420=EDGE_LOOP('',(#5481,#5482,#5483,#5484));
#2421=EDGE_LOOP('',(#5485,#5486,#5487,#5488));
#2422=EDGE_LOOP('',(#5489,#5490,#5491,#5492));
#2423=EDGE_LOOP('',(#5493,#5494,#5495,#5496));
#2424=EDGE_LOOP('',(#5497,#5498,#5499,#5500));
#2425=EDGE_LOOP('',(#5501,#5502,#5503,#5504));
#2426=EDGE_LOOP('',(#5505,#5506,#5507,#5508));
#2427=EDGE_LOOP('',(#5509,#5510,#5511,#5512));
#2428=EDGE_LOOP('',(#5513,#5514,#5515,#5516));
#2429=EDGE_LOOP('',(#5517,#5518,#5519,#5520));
#2430=EDGE_LOOP('',(#5521,#5522,#5523,#5524));
#2431=EDGE_LOOP('',(#5525,#5526,#5527,#5528));
#2432=EDGE_LOOP('',(#5529,#5530,#5531,#5532));
#2433=EDGE_LOOP('',(#5533,#5534,#5535,#5536));
#2434=EDGE_LOOP('',(#5537,#5538,#5539,#5540));
#2435=EDGE_LOOP('',(#5541,#5542,#5543,#5544));
#2436=EDGE_LOOP('',(#5545,#5546,#5547,#5548));
#2437=EDGE_LOOP('',(#5549,#5550,#5551,#5552));
#2438=EDGE_LOOP('',(#5553,#5554,#5555,#5556));
#2439=EDGE_LOOP('',(#5557,#5558,#5559,#5560));
#2440=EDGE_LOOP('',(#5561,#5562,#5563,#5564,#5565,#5566,#5567,#5568,#5569,
#5570,#5571));
#2441=EDGE_LOOP('',(#5572,#5573,#5574,#5575,#5576,#5577,#5578,#5579,#5580,
#5581));
#2442=EDGE_LOOP('',(#5582,#5583,#5584,#5585,#5586));
#2443=EDGE_LOOP('',(#5587,#5588,#5589,#5590,#5591,#5592,#5593,#5594,#5595,
#5596,#5597,#5598));
#2444=EDGE_LOOP('',(#5599,#5600,#5601,#5602));
#2445=EDGE_LOOP('',(#5603,#5604,#5605,#5606,#5607,#5608,#5609,#5610,#5611,
#5612,#5613,#5614,#5615));
#2446=EDGE_LOOP('',(#5616,#5617,#5618,#5619));
#2447=EDGE_LOOP('',(#5620,#5621,#5622,#5623));
#2448=EDGE_LOOP('',(#5624,#5625,#5626,#5627));
#2449=EDGE_LOOP('',(#5628,#5629,#5630,#5631,#5632,#5633));
#2450=EDGE_LOOP('',(#5634,#5635,#5636,#5637));
#2451=EDGE_LOOP('',(#5638,#5639,#5640,#5641));
#2452=EDGE_LOOP('',(#5642,#5643,#5644,#5645));
#2453=EDGE_LOOP('',(#5646,#5647,#5648,#5649));
#2454=EDGE_LOOP('',(#5650,#5651,#5652,#5653));
#2455=EDGE_LOOP('',(#5654,#5655,#5656,#5657));
#2456=EDGE_LOOP('',(#5658,#5659,#5660,#5661,#5662,#5663));
#2457=EDGE_LOOP('',(#5664,#5665,#5666,#5667));
#2458=EDGE_LOOP('',(#5668,#5669,#5670,#5671));
#2459=EDGE_LOOP('',(#5672,#5673,#5674,#5675));
#2460=EDGE_LOOP('',(#5676,#5677,#5678,#5679));
#2461=EDGE_LOOP('',(#5680,#5681,#5682,#5683));
#2462=EDGE_LOOP('',(#5684,#5685,#5686,#5687));
#2463=EDGE_LOOP('',(#5688,#5689,#5690,#5691));
#2464=EDGE_LOOP('',(#5692,#5693,#5694,#5695,#5696,#5697));
#2465=EDGE_LOOP('',(#5698,#5699,#5700,#5701));
#2466=EDGE_LOOP('',(#5702,#5703,#5704,#5705));
#2467=EDGE_LOOP('',(#5706,#5707,#5708,#5709));
#2468=EDGE_LOOP('',(#5710,#5711,#5712,#5713));
#2469=EDGE_LOOP('',(#5714,#5715,#5716,#5717));
#2470=EDGE_LOOP('',(#5718,#5719,#5720,#5721));
#2471=EDGE_LOOP('',(#5722,#5723,#5724,#5725));
#2472=EDGE_LOOP('',(#5726,#5727,#5728,#5729));
#2473=EDGE_LOOP('',(#5730,#5731,#5732,#5733));
#2474=EDGE_LOOP('',(#5734,#5735,#5736,#5737));
#2475=EDGE_LOOP('',(#5738,#5739,#5740,#5741));
#2476=EDGE_LOOP('',(#5742,#5743,#5744,#5745));
#2477=EDGE_LOOP('',(#5746,#5747,#5748,#5749));
#2478=EDGE_LOOP('',(#5750,#5751,#5752,#5753));
#2479=EDGE_LOOP('',(#5754,#5755,#5756,#5757));
#2480=EDGE_LOOP('',(#5758,#5759,#5760,#5761));
#2481=EDGE_LOOP('',(#5762,#5763,#5764,#5765));
#2482=EDGE_LOOP('',(#5766,#5767,#5768,#5769));
#2483=EDGE_LOOP('',(#5770,#5771,#5772,#5773));
#2484=EDGE_LOOP('',(#5774,#5775,#5776,#5777));
#2485=EDGE_LOOP('',(#5778,#5779,#5780,#5781));
#2486=EDGE_LOOP('',(#5782,#5783,#5784,#5785));
#2487=EDGE_LOOP('',(#5786,#5787,#5788,#5789));
#2488=EDGE_LOOP('',(#5790,#5791,#5792,#5793));
#2489=EDGE_LOOP('',(#5794,#5795,#5796,#5797));
#2490=EDGE_LOOP('',(#5798,#5799,#5800,#5801));
#2491=EDGE_LOOP('',(#5802,#5803,#5804,#5805));
#2492=EDGE_LOOP('',(#5806,#5807,#5808,#5809));
#2493=EDGE_LOOP('',(#5810,#5811,#5812,#5813));
#2494=EDGE_LOOP('',(#5814,#5815,#5816,#5817));
#2495=EDGE_LOOP('',(#5818,#5819,#5820,#5821));
#2496=EDGE_LOOP('',(#5822,#5823,#5824,#5825));
#2497=EDGE_LOOP('',(#5826,#5827,#5828,#5829));
#2498=EDGE_LOOP('',(#5830,#5831,#5832,#5833));
#2499=EDGE_LOOP('',(#5834,#5835,#5836,#5837));
#2500=EDGE_LOOP('',(#5838,#5839,#5840,#5841));
#2501=EDGE_LOOP('',(#5842,#5843,#5844,#5845));
#2502=EDGE_LOOP('',(#5846,#5847,#5848,#5849));
#2503=EDGE_LOOP('',(#5850,#5851,#5852,#5853));
#2504=EDGE_LOOP('',(#5854,#5855,#5856,#5857));
#2505=EDGE_LOOP('',(#5858,#5859,#5860,#5861));
#2506=EDGE_LOOP('',(#5862,#5863,#5864,#5865));
#2507=EDGE_LOOP('',(#5866,#5867,#5868,#5869));
#2508=EDGE_LOOP('',(#5870,#5871,#5872,#5873));
#2509=EDGE_LOOP('',(#5874,#5875,#5876,#5877));
#2510=EDGE_LOOP('',(#5878,#5879,#5880,#5881));
#2511=EDGE_LOOP('',(#5882,#5883,#5884,#5885));
#2512=EDGE_LOOP('',(#5886,#5887,#5888,#5889));
#2513=EDGE_LOOP('',(#5890,#5891,#5892,#5893));
#2514=EDGE_LOOP('',(#5894,#5895,#5896,#5897));
#2515=EDGE_LOOP('',(#5898,#5899,#5900,#5901));
#2516=EDGE_LOOP('',(#5902,#5903,#5904,#5905));
#2517=EDGE_LOOP('',(#5906,#5907,#5908,#5909));
#2518=EDGE_LOOP('',(#5910,#5911,#5912,#5913));
#2519=EDGE_LOOP('',(#5914,#5915,#5916,#5917));
#2520=EDGE_LOOP('',(#5918,#5919,#5920,#5921));
#2521=EDGE_LOOP('',(#5922,#5923,#5924,#5925));
#2522=EDGE_LOOP('',(#5926,#5927,#5928,#5929));
#2523=EDGE_LOOP('',(#5930,#5931,#5932,#5933));
#2524=EDGE_LOOP('',(#5934,#5935,#5936,#5937));
#2525=EDGE_LOOP('',(#5938,#5939,#5940,#5941));
#2526=EDGE_LOOP('',(#5942,#5943,#5944,#5945));
#2527=EDGE_LOOP('',(#5946,#5947,#5948,#5949));
#2528=EDGE_LOOP('',(#5950,#5951,#5952,#5953));
#2529=EDGE_LOOP('',(#5954,#5955,#5956,#5957));
#2530=EDGE_LOOP('',(#5958,#5959,#5960,#5961));
#2531=EDGE_LOOP('',(#5962,#5963,#5964,#5965));
#2532=EDGE_LOOP('',(#5966,#5967,#5968,#5969));
#2533=EDGE_LOOP('',(#5970,#5971,#5972,#5973));
#2534=EDGE_LOOP('',(#5974,#5975,#5976,#5977));
#2535=EDGE_LOOP('',(#5978,#5979,#5980,#5981));
#2536=EDGE_LOOP('',(#5982,#5983,#5984,#5985));
#2537=EDGE_LOOP('',(#5986,#5987,#5988,#5989));
#2538=EDGE_LOOP('',(#5990,#5991,#5992,#5993));
#2539=EDGE_LOOP('',(#5994,#5995,#5996,#5997));
#2540=EDGE_LOOP('',(#5998,#5999,#6000,#6001));
#2541=EDGE_LOOP('',(#6002,#6003,#6004,#6005));
#2542=EDGE_LOOP('',(#6006,#6007,#6008,#6009));
#2543=EDGE_LOOP('',(#6010,#6011,#6012,#6013));
#2544=EDGE_LOOP('',(#6014,#6015,#6016,#6017));
#2545=EDGE_LOOP('',(#6018,#6019,#6020,#6021));
#2546=EDGE_LOOP('',(#6022,#6023,#6024,#6025));
#2547=EDGE_LOOP('',(#6026,#6027,#6028,#6029));
#2548=EDGE_LOOP('',(#6030,#6031,#6032,#6033));
#2549=EDGE_LOOP('',(#6034,#6035,#6036,#6037));
#2550=EDGE_LOOP('',(#6038,#6039,#6040,#6041));
#2551=EDGE_LOOP('',(#6042,#6043,#6044,#6045));
#2552=EDGE_LOOP('',(#6046,#6047,#6048,#6049));
#2553=EDGE_LOOP('',(#6050,#6051,#6052,#6053));
#2554=EDGE_LOOP('',(#6054,#6055,#6056,#6057));
#2555=EDGE_LOOP('',(#6058,#6059,#6060,#6061));
#2556=EDGE_LOOP('',(#6062,#6063,#6064,#6065));
#2557=EDGE_LOOP('',(#6066,#6067,#6068,#6069));
#2558=EDGE_LOOP('',(#6070,#6071,#6072,#6073));
#2559=EDGE_LOOP('',(#6074,#6075,#6076,#6077));
#2560=EDGE_LOOP('',(#6078,#6079,#6080,#6081));
#2561=EDGE_LOOP('',(#6082,#6083,#6084,#6085));
#2562=EDGE_LOOP('',(#6086,#6087,#6088,#6089));
#2563=EDGE_LOOP('',(#6090,#6091,#6092,#6093));
#2564=EDGE_LOOP('',(#6094,#6095,#6096,#6097));
#2565=EDGE_LOOP('',(#6098,#6099,#6100,#6101));
#2566=EDGE_LOOP('',(#6102,#6103,#6104,#6105));
#2567=EDGE_LOOP('',(#6106,#6107,#6108,#6109));
#2568=EDGE_LOOP('',(#6110,#6111,#6112,#6113));
#2569=EDGE_LOOP('',(#6114,#6115,#6116,#6117));
#2570=EDGE_LOOP('',(#6118,#6119,#6120,#6121));
#2571=EDGE_LOOP('',(#6122,#6123,#6124,#6125));
#2572=EDGE_LOOP('',(#6126,#6127,#6128,#6129));
#2573=EDGE_LOOP('',(#6130,#6131,#6132,#6133));
#2574=EDGE_LOOP('',(#6134,#6135,#6136,#6137));
#2575=EDGE_LOOP('',(#6138,#6139,#6140,#6141));
#2576=EDGE_LOOP('',(#6142,#6143,#6144,#6145));
#2577=EDGE_LOOP('',(#6146,#6147,#6148,#6149));
#2578=EDGE_LOOP('',(#6150,#6151,#6152,#6153));
#2579=EDGE_LOOP('',(#6154,#6155,#6156,#6157));
#2580=EDGE_LOOP('',(#6158,#6159,#6160,#6161,#6162,#6163));
#2581=EDGE_LOOP('',(#6164,#6165,#6166,#6167));
#2582=EDGE_LOOP('',(#6168,#6169,#6170,#6171));
#2583=EDGE_LOOP('',(#6172,#6173,#6174,#6175));
#2584=EDGE_LOOP('',(#6176,#6177,#6178,#6179));
#2585=EDGE_LOOP('',(#6180,#6181,#6182,#6183));
#2586=EDGE_LOOP('',(#6184,#6185,#6186,#6187));
#2587=EDGE_LOOP('',(#6188,#6189,#6190,#6191));
#2588=EDGE_LOOP('',(#6192,#6193,#6194,#6195));
#2589=EDGE_LOOP('',(#6196,#6197,#6198,#6199));
#2590=EDGE_LOOP('',(#6200,#6201,#6202,#6203));
#2591=EDGE_LOOP('',(#6204,#6205,#6206,#6207));
#2592=EDGE_LOOP('',(#6208,#6209,#6210,#6211));
#2593=EDGE_LOOP('',(#6212,#6213,#6214,#6215));
#2594=EDGE_LOOP('',(#6216,#6217,#6218,#6219));
#2595=EDGE_LOOP('',(#6220,#6221,#6222,#6223));
#2596=EDGE_LOOP('',(#6224,#6225,#6226,#6227));
#2597=EDGE_LOOP('',(#6228,#6229,#6230,#6231));
#2598=EDGE_LOOP('',(#6232,#6233,#6234,#6235));
#2599=EDGE_LOOP('',(#6236,#6237,#6238,#6239));
#2600=EDGE_LOOP('',(#6240,#6241,#6242,#6243));
#2601=EDGE_LOOP('',(#6244,#6245,#6246,#6247));
#2602=EDGE_LOOP('',(#6248,#6249,#6250,#6251));
#2603=EDGE_LOOP('',(#6252,#6253,#6254,#6255));
#2604=EDGE_LOOP('',(#6256,#6257,#6258,#6259));
#2605=EDGE_LOOP('',(#6260,#6261,#6262,#6263));
#2606=EDGE_LOOP('',(#6264,#6265,#6266,#6267));
#2607=EDGE_LOOP('',(#6268,#6269,#6270,#6271));
#2608=EDGE_LOOP('',(#6272,#6273,#6274,#6275));
#2609=EDGE_LOOP('',(#6276,#6277,#6278,#6279));
#2610=EDGE_LOOP('',(#6280,#6281,#6282,#6283));
#2611=EDGE_LOOP('',(#6284,#6285,#6286,#6287));
#2612=EDGE_LOOP('',(#6288,#6289,#6290,#6291));
#2613=EDGE_LOOP('',(#6292,#6293,#6294,#6295));
#2614=EDGE_LOOP('',(#6296,#6297,#6298,#6299));
#2615=EDGE_LOOP('',(#6300,#6301,#6302,#6303));
#2616=EDGE_LOOP('',(#6304,#6305,#6306,#6307));
#2617=EDGE_LOOP('',(#6308,#6309,#6310,#6311));
#2618=EDGE_LOOP('',(#6312,#6313,#6314,#6315));
#2619=EDGE_LOOP('',(#6316,#6317,#6318,#6319));
#2620=EDGE_LOOP('',(#6320,#6321,#6322,#6323));
#2621=EDGE_LOOP('',(#6324,#6325,#6326,#6327));
#2622=EDGE_LOOP('',(#6328,#6329,#6330,#6331));
#2623=EDGE_LOOP('',(#6332,#6333,#6334,#6335));
#2624=EDGE_LOOP('',(#6336,#6337,#6338,#6339));
#2625=EDGE_LOOP('',(#6340,#6341,#6342,#6343));
#2626=EDGE_LOOP('',(#6344,#6345,#6346,#6347));
#2627=EDGE_LOOP('',(#6348,#6349,#6350,#6351));
#2628=EDGE_LOOP('',(#6352,#6353,#6354,#6355));
#2629=EDGE_LOOP('',(#6356,#6357,#6358,#6359));
#2630=EDGE_LOOP('',(#6360,#6361,#6362,#6363));
#2631=EDGE_LOOP('',(#6364,#6365,#6366,#6367));
#2632=EDGE_LOOP('',(#6368,#6369,#6370,#6371));
#2633=EDGE_LOOP('',(#6372,#6373,#6374,#6375));
#2634=EDGE_LOOP('',(#6376,#6377,#6378,#6379));
#2635=EDGE_LOOP('',(#6380,#6381,#6382,#6383));
#2636=EDGE_LOOP('',(#6384,#6385,#6386,#6387));
#2637=EDGE_LOOP('',(#6388,#6389,#6390,#6391));
#2638=EDGE_LOOP('',(#6392,#6393,#6394,#6395));
#2639=EDGE_LOOP('',(#6396,#6397,#6398,#6399));
#2640=EDGE_LOOP('',(#6400,#6401,#6402,#6403));
#2641=EDGE_LOOP('',(#6404,#6405,#6406,#6407));
#2642=EDGE_LOOP('',(#6408,#6409,#6410,#6411));
#2643=EDGE_LOOP('',(#6412,#6413,#6414,#6415));
#2644=EDGE_LOOP('',(#6416,#6417,#6418,#6419));
#2645=EDGE_LOOP('',(#6420,#6421,#6422,#6423));
#2646=EDGE_LOOP('',(#6424,#6425,#6426,#6427));
#2647=EDGE_LOOP('',(#6428,#6429,#6430,#6431));
#2648=EDGE_LOOP('',(#6432,#6433,#6434,#6435));
#2649=EDGE_LOOP('',(#6436,#6437,#6438,#6439));
#2650=EDGE_LOOP('',(#6440,#6441,#6442,#6443));
#2651=EDGE_LOOP('',(#6444,#6445,#6446,#6447));
#2652=EDGE_LOOP('',(#6448,#6449,#6450,#6451));
#2653=EDGE_LOOP('',(#6452,#6453,#6454,#6455));
#2654=EDGE_LOOP('',(#6456,#6457,#6458,#6459));
#2655=EDGE_LOOP('',(#6460,#6461,#6462,#6463));
#2656=EDGE_LOOP('',(#6464,#6465,#6466,#6467));
#2657=EDGE_LOOP('',(#6468,#6469,#6470,#6471));
#2658=EDGE_LOOP('',(#6472,#6473,#6474,#6475));
#2659=EDGE_LOOP('',(#6476,#6477,#6478,#6479));
#2660=EDGE_LOOP('',(#6480,#6481,#6482,#6483));
#2661=EDGE_LOOP('',(#6484,#6485,#6486,#6487));
#2662=EDGE_LOOP('',(#6488,#6489,#6490,#6491));
#2663=EDGE_LOOP('',(#6492,#6493,#6494,#6495));
#2664=EDGE_LOOP('',(#6496,#6497,#6498,#6499));
#2665=EDGE_LOOP('',(#6500,#6501,#6502,#6503));
#2666=EDGE_LOOP('',(#6504,#6505,#6506,#6507));
#2667=EDGE_LOOP('',(#6508,#6509,#6510,#6511));
#2668=EDGE_LOOP('',(#6512,#6513,#6514,#6515));
#2669=EDGE_LOOP('',(#6516,#6517,#6518,#6519));
#2670=EDGE_LOOP('',(#6520,#6521,#6522,#6523));
#2671=EDGE_LOOP('',(#6524,#6525,#6526,#6527));
#2672=EDGE_LOOP('',(#6528,#6529,#6530,#6531));
#2673=EDGE_LOOP('',(#6532,#6533,#6534,#6535));
#2674=EDGE_LOOP('',(#6536,#6537,#6538,#6539));
#2675=EDGE_LOOP('',(#6540,#6541,#6542,#6543));
#2676=EDGE_LOOP('',(#6544,#6545,#6546,#6547));
#2677=EDGE_LOOP('',(#6548,#6549,#6550,#6551));
#2678=EDGE_LOOP('',(#6552,#6553,#6554,#6555));
#2679=EDGE_LOOP('',(#6556,#6557,#6558,#6559));
#2680=EDGE_LOOP('',(#6560,#6561,#6562,#6563));
#2681=EDGE_LOOP('',(#6564,#6565,#6566,#6567));
#2682=EDGE_LOOP('',(#6568,#6569,#6570,#6571));
#2683=EDGE_LOOP('',(#6572,#6573,#6574,#6575));
#2684=EDGE_LOOP('',(#6576,#6577,#6578,#6579));
#2685=EDGE_LOOP('',(#6580,#6581,#6582,#6583));
#2686=EDGE_LOOP('',(#6584,#6585,#6586,#6587));
#2687=EDGE_LOOP('',(#6588,#6589,#6590,#6591));
#2688=EDGE_LOOP('',(#6592,#6593,#6594,#6595,#6596,#6597,#6598,#6599,#6600,
#6601,#6602,#6603,#6604,#6605,#6606,#6607,#6608,#6609,#6610,#6611,#6612,
#6613,#6614,#6615,#6616,#6617,#6618,#6619,#6620,#6621,#6622,#6623,#6624,
#6625,#6626,#6627,#6628,#6629,#6630,#6631,#6632,#6633,#6634,#6635,#6636,
#6637,#6638,#6639,#6640,#6641,#6642,#6643,#6644,#6645,#6646,#6647,#6648,
#6649,#6650,#6651,#6652,#6653,#6654,#6655,#6656,#6657,#6658,#6659,#6660,
#6661,#6662,#6663,#6664,#6665,#6666,#6667,#6668,#6669,#6670,#6671,#6672,
#6673,#6674,#6675,#6676,#6677,#6678,#6679,#6680,#6681,#6682,#6683,#6684,
#6685,#6686,#6687,#6688,#6689,#6690,#6691,#6692,#6693,#6694,#6695,#6696,
#6697,#6698,#6699,#6700,#6701,#6702,#6703,#6704,#6705,#6706,#6707,#6708,
#6709,#6710,#6711,#6712,#6713,#6714,#6715,#6716,#6717,#6718,#6719,#6720,
#6721,#6722,#6723,#6724,#6725,#6726,#6727,#6728,#6729,#6730,#6731,#6732,
#6733,#6734,#6735,#6736,#6737,#6738,#6739,#6740,#6741,#6742,#6743,#6744,
#6745,#6746,#6747,#6748,#6749,#6750,#6751,#6752,#6753,#6754,#6755,#6756,
#6757,#6758,#6759,#6760,#6761,#6762,#6763,#6764,#6765,#6766,#6767,#6768,
#6769,#6770,#6771,#6772,#6773,#6774,#6775,#6776,#6777,#6778,#6779,#6780,
#6781));
#2689=EDGE_LOOP('',(#6782,#6783,#6784,#6785,#6786,#6787,#6788,#6789,#6790,
#6791,#6792,#6793,#6794,#6795,#6796,#6797,#6798,#6799,#6800,#6801,#6802));
#2690=EDGE_LOOP('',(#6803,#6804,#6805,#6806,#6807,#6808,#6809,#6810,#6811,
#6812,#6813,#6814,#6815,#6816,#6817,#6818,#6819,#6820,#6821,#6822,#6823,
#6824,#6825,#6826,#6827,#6828,#6829,#6830,#6831,#6832,#6833,#6834,#6835));
#2691=EDGE_LOOP('',(#6836,#6837,#6838,#6839,#6840,#6841,#6842,#6843));
#2692=EDGE_LOOP('',(#6844,#6845,#6846,#6847,#6848,#6849,#6850,#6851,#6852,
#6853,#6854,#6855));
#2693=EDGE_LOOP('',(#6856,#6857,#6858,#6859,#6860,#6861,#6862,#6863,#6864,
#6865,#6866,#6867,#6868,#6869,#6870,#6871,#6872,#6873,#6874,#6875,#6876));
#2694=EDGE_LOOP('',(#6877));
#2695=EDGE_LOOP('',(#6878,#6879,#6880,#6881,#6882,#6883,#6884,#6885,#6886,
#6887,#6888,#6889,#6890,#6891,#6892,#6893,#6894,#6895,#6896,#6897,#6898,
#6899,#6900,#6901,#6902,#6903,#6904,#6905,#6906,#6907,#6908,#6909,#6910));
#2696=EDGE_LOOP('',(#6911));
#2697=EDGE_LOOP('',(#6912));
#2698=EDGE_LOOP('',(#6913));
#2699=EDGE_LOOP('',(#6914,#6915,#6916,#6917,#6918,#6919,#6920,#6921));
#2700=EDGE_LOOP('',(#6922));
#2701=EDGE_LOOP('',(#6923,#6924,#6925,#6926,#6927,#6928,#6929,#6930,#6931,
#6932,#6933,#6934));
#2702=EDGE_LOOP('',(#6935));
#2703=CIRCLE('',#7339,1.);
#2704=CIRCLE('',#7340,0.2);
#2705=CIRCLE('',#7341,0.800000000000003);
#2706=CIRCLE('',#7343,1.);
#2707=CIRCLE('',#7344,1.);
#2708=CIRCLE('',#7345,1.00000000000001);
#2709=CIRCLE('',#7346,1.00000000000001);
#2710=CIRCLE('',#7347,1.);
#2711=CIRCLE('',#7348,1.);
#2712=CIRCLE('',#7349,1.);
#2713=CIRCLE('',#7350,1.00000000000001);
#2714=CIRCLE('',#7351,1.);
#2715=CIRCLE('',#7352,1.00000000000001);
#2716=CIRCLE('',#7353,1.);
#2717=CIRCLE('',#7354,1.);
#2718=CIRCLE('',#7355,1.);
#2719=CIRCLE('',#7356,1.00000000000001);
#2720=CIRCLE('',#7357,1.00000000000001);
#2721=CIRCLE('',#7358,1.00000000000001);
#2722=CIRCLE('',#7359,1.);
#2723=CIRCLE('',#7360,1.);
#2724=CIRCLE('',#7361,1.00000000000001);
#2725=CIRCLE('',#7362,1.00000000000001);
#2726=CIRCLE('',#7363,1.00000000000001);
#2727=CIRCLE('',#7364,1.);
#2728=CIRCLE('',#7366,0.800000000000003);
#2729=CIRCLE('',#7368,0.2);
#2730=CIRCLE('',#7369,0.800000000000001);
#2731=CIRCLE('',#7371,0.800000000000001);
#2732=CIRCLE('',#7373,0.2);
#2733=CIRCLE('',#7374,0.800000000000003);
#2734=CIRCLE('',#7376,0.800000000000003);
#2735=CIRCLE('',#7378,0.2);
#2736=CIRCLE('',#7379,0.800000000000001);
#2737=CIRCLE('',#7381,0.800000000000001);
#2738=CIRCLE('',#7383,0.2);
#2739=CIRCLE('',#7384,0.80000000000001);
#2740=CIRCLE('',#7386,0.80000000000001);
#2741=CIRCLE('',#7388,0.2);
#2742=CIRCLE('',#7389,0.80000000000001);
#2743=CIRCLE('',#7391,0.80000000000001);
#2744=CIRCLE('',#7393,0.2);
#2745=CIRCLE('',#7394,0.80000000000001);
#2746=CIRCLE('',#7396,0.80000000000001);
#2747=CIRCLE('',#7398,0.2);
#2748=CIRCLE('',#7399,0.80000000000001);
#2749=CIRCLE('',#7401,0.80000000000001);
#2750=CIRCLE('',#7403,0.2);
#2751=CIRCLE('',#7404,0.80000000000001);
#2752=CIRCLE('',#7406,0.80000000000001);
#2753=CIRCLE('',#7408,0.2);
#2754=CIRCLE('',#7409,0.800000000000001);
#2755=CIRCLE('',#7411,0.800000000000001);
#2756=CIRCLE('',#7413,0.2);
#2757=CIRCLE('',#7414,0.800000000000003);
#2758=CIRCLE('',#7416,0.800000000000003);
#2759=CIRCLE('',#7418,0.2);
#2760=CIRCLE('',#7419,0.800000000000001);
#2761=CIRCLE('',#7421,0.800000000000001);
#2762=CIRCLE('',#7423,0.2);
#2763=CIRCLE('',#7424,0.800000000000001);
#2764=CIRCLE('',#7426,0.800000000000001);
#2765=CIRCLE('',#7428,0.2);
#2766=CIRCLE('',#7429,0.800000000000003);
#2767=CIRCLE('',#7431,0.800000000000003);
#2768=CIRCLE('',#7433,0.2);
#2769=CIRCLE('',#7434,0.80000000000001);
#2770=CIRCLE('',#7436,0.80000000000001);
#2771=CIRCLE('',#7438,0.2);
#2772=CIRCLE('',#7439,0.80000000000001);
#2773=CIRCLE('',#7441,0.80000000000001);
#2774=CIRCLE('',#7443,0.2);
#2775=CIRCLE('',#7444,0.80000000000001);
#2776=CIRCLE('',#7446,0.80000000000001);
#2777=CIRCLE('',#7448,0.2);
#2778=CIRCLE('',#7449,0.800000000000001);
#2779=CIRCLE('',#7451,0.800000000000001);
#2780=CIRCLE('',#7453,0.2);
#2781=CIRCLE('',#7454,0.80000000000001);
#2782=CIRCLE('',#7456,0.80000000000001);
#2783=CIRCLE('',#7458,0.2);
#2784=CIRCLE('',#7459,0.80000000000001);
#2785=CIRCLE('',#7461,0.80000000000001);
#2786=CIRCLE('',#7463,0.2);
#2787=CIRCLE('',#7464,0.800000000000001);
#2788=CIRCLE('',#7466,0.800000000000001);
#2789=CIRCLE('',#7468,0.2);
#2790=CIRCLE('',#7469,0.800000000000001);
#2791=CIRCLE('',#7471,0.800000000000001);
#2792=CIRCLE('',#7473,0.2);
#2793=CIRCLE('',#7474,0.800000000000001);
#2794=CIRCLE('',#7476,0.800000000000001);
#2795=CIRCLE('',#7503,1.);
#2796=CIRCLE('',#7504,6.68390475029122);
#2797=CIRCLE('',#7505,8.24292096634378);
#2798=CIRCLE('',#7506,1.5120994824778);
#2799=CIRCLE('',#7507,12.0880494451637);
#2800=CIRCLE('',#7508,15.2007890888981);
#2801=CIRCLE('',#7509,11.4389586126579);
#2802=CIRCLE('',#7510,1.51216546664753);
#2803=CIRCLE('',#7511,14.4578111701839);
#2804=CIRCLE('',#7512,1.);
#2805=CIRCLE('',#7513,2.07460985408044);
#2806=CIRCLE('',#7514,1.);
#2807=CIRCLE('',#7515,14.431491541138);
#2808=CIRCLE('',#7516,1.);
#2809=CIRCLE('',#7517,2.06874586126251);
#2810=CIRCLE('',#7518,1.);
#2811=CIRCLE('',#7519,18.2188048597662);
#2812=CIRCLE('',#7520,1.10287595002557);
#2813=CIRCLE('',#7521,8.27968739642458);
#2814=CIRCLE('',#7522,6.37731502904023);
#2815=CIRCLE('',#7523,1.);
#2816=CIRCLE('',#7524,2.23625507920903);
#2817=CIRCLE('',#7525,1.);
#2818=CIRCLE('',#7526,6.37138900999754);
#2819=CIRCLE('',#7527,8.21868760236229);
#2820=CIRCLE('',#7528,1.);
#2821=CIRCLE('',#7529,5.03301707953907);
#2822=CIRCLE('',#7530,5.17254792922958);
#2823=CIRCLE('',#7531,2.14803581774938);
#2824=CIRCLE('',#7532,1.51216546664758);
#2825=CIRCLE('',#7533,5.18659435724236);
#2826=CIRCLE('',#7534,2.14733722074243);
#2827=CIRCLE('',#7535,2.05407435075627);
#2828=CIRCLE('',#7536,2.05984606580815);
#2829=CIRCLE('',#7537,1.51206764052987);
#2830=CIRCLE('',#7538,2.60610770931059);
#2831=CIRCLE('',#7539,1.51202654285766);
#2832=CIRCLE('',#7540,2.55334742037974);
#2833=CIRCLE('',#7541,8.21612247767553);
#2834=CIRCLE('',#7542,8.22180937761225);
#2835=CIRCLE('',#7543,1.5121654666474);
#2836=CIRCLE('',#7544,8.23378469860159);
#2837=CIRCLE('',#7545,8.24440687812817);
#2838=CIRCLE('',#7546,7.62861396523087);
#2839=CIRCLE('',#7547,8.4787104059699);
#2840=CIRCLE('',#7548,3.02119320325803);
#2841=CIRCLE('',#7549,1.51216546664774);
#2842=CIRCLE('',#7550,2.53550477624703);
#2843=CIRCLE('',#7551,1.51203818182138);
#2844=CIRCLE('',#7552,3.07351191919902);
#2845=CIRCLE('',#7553,17.0996039995141);
#2846=CIRCLE('',#7554,1.51219140679578);
#2847=CIRCLE('',#7555,1.68327412444994);
#2848=CIRCLE('',#7556,1.51218424890688);
#2849=CIRCLE('',#7557,20.1042952932767);
#2850=CIRCLE('',#7558,13.1168258161328);
#2851=CIRCLE('',#7559,10.0167701029171);
#2852=CIRCLE('',#7560,10.6068567616836);
#2853=CIRCLE('',#7561,8.27963051358272);
#2854=CIRCLE('',#7562,6.65735944322262);
#2855=CIRCLE('',#7563,1.);
#2856=CIRCLE('',#7605,1.);
#2857=CIRCLE('',#7606,6.64271522533218);
#2858=CIRCLE('',#7607,1.51205047840422);
#2859=CIRCLE('',#7608,6.6573594432237);
#2860=CIRCLE('',#7609,6.67115783639022);
#2861=CIRCLE('',#7610,15.5797789931997);
#2862=CIRCLE('',#7611,1.51206068170377);
#2863=CIRCLE('',#7612,6.67008677810683);
#2864=CIRCLE('',#7613,1.);
#2865=CIRCLE('',#7629,1.);
#2866=CIRCLE('',#7630,1.);
#2867=CIRCLE('',#7633,1.);
#2868=CIRCLE('',#7634,1.);
#2869=CIRCLE('',#7636,1.88372866795192);
#2870=CIRCLE('',#7637,1.88372866795192);
#2871=CIRCLE('',#7639,1.);
#2872=CIRCLE('',#7641,1.);
#2873=CIRCLE('',#7642,1.);
#2874=CIRCLE('',#7645,1.);
#2875=CIRCLE('',#7646,1.);
#2876=CIRCLE('',#7649,1.);
#2877=CIRCLE('',#7650,1.);
#2878=CIRCLE('',#7652,4.13478306175703);
#2879=CIRCLE('',#7653,4.13478306175703);
#2880=CIRCLE('',#7655,0.999999999999996);
#2881=CIRCLE('',#7656,0.999999999999996);
#2882=CIRCLE('',#7658,1.98664543972763);
#2883=CIRCLE('',#7659,1.98664543972763);
#2884=CIRCLE('',#7661,1.);
#2885=CIRCLE('',#7662,1.);
#2886=CIRCLE('',#7664,2.2001521149894);
#2887=CIRCLE('',#7665,2.2001521149894);
#2888=CIRCLE('',#7667,1.);
#2889=CIRCLE('',#7668,1.);
#2890=CIRCLE('',#7671,1.);
#2891=CIRCLE('',#7674,1.);
#2892=CIRCLE('',#7676,2.23625507920903);
#2893=CIRCLE('',#7678,1.);
#2894=CIRCLE('',#7681,14.4578111701839);
#2895=CIRCLE('',#7683,1.);
#2896=CIRCLE('',#7685,2.07460985408044);
#2897=CIRCLE('',#7687,1.);
#2898=CIRCLE('',#7690,1.);
#2899=CIRCLE('',#7692,2.06874586126251);
#2900=CIRCLE('',#7694,1.10287595002557);
#2901=CIRCLE('',#7697,1.);
#2902=CIRCLE('',#7699,1.);
#2903=CIRCLE('',#7702,1.);
#2904=CIRCLE('',#7704,1.);
#2905=CIRCLE('',#7705,6.65735944322262);
#2906=CIRCLE('',#7706,6.64271522533218);
#2907=CIRCLE('',#7712,6.67008677810683);
#2908=CIRCLE('',#7713,6.68390475029122);
#2909=CIRCLE('',#7718,6.68390475029122);
#2910=CIRCLE('',#7726,6.65735944322262);
#2911=CIRCLE('',#7735,6.67008677810683);
#2912=CIRCLE('',#7738,1.69596407560337);
#2913=CIRCLE('',#7739,1.69596407560337);
#2914=CIRCLE('',#7742,1.51009614777001);
#2915=CIRCLE('',#7743,1.51009614777001);
#2916=CIRCLE('',#7745,1.51039766669832);
#2917=CIRCLE('',#7746,1.51039766669832);
#2918=CIRCLE('',#7748,9.99968805731003);
#2919=CIRCLE('',#7749,9.99968805731003);
#2920=CIRCLE('',#7752,1.51202605277864);
#2921=CIRCLE('',#7753,1.51202605277864);
#2922=CIRCLE('',#7756,1.51216262056729);
#2923=CIRCLE('',#7757,1.51216262056729);
#2924=CIRCLE('',#7760,1.51206268968674);
#2925=CIRCLE('',#7761,1.51206268968674);
#2926=CIRCLE('',#7764,1.51216869174118);
#2927=CIRCLE('',#7765,1.51216869174118);
#2928=CIRCLE('',#7768,1.51216869174144);
#2929=CIRCLE('',#7769,1.51216869174144);
#2930=CIRCLE('',#7772,2.24769383046171);
#2931=CIRCLE('',#7773,2.24769383046171);
#2932=CIRCLE('',#7776,4.19912186372911);
#2933=CIRCLE('',#7777,4.19912186372911);
#2934=CIRCLE('',#7780,5.00134072150445);
#2935=CIRCLE('',#7781,5.00134072150445);
#2936=CIRCLE('',#7784,1.05900815559844);
#2937=CIRCLE('',#7785,1.05900815559844);
#2938=CIRCLE('',#7788,1.51203818414905);
#2939=CIRCLE('',#7789,1.51203818414905);
#2940=CIRCLE('',#7795,1.87762596826001);
#2941=CIRCLE('',#7796,1.87762596826001);
#2942=CIRCLE('',#7798,1.05953018763988);
#2943=CIRCLE('',#7799,1.05953018763988);
#2944=CIRCLE('',#7802,8.01496223281531);
#2945=CIRCLE('',#7803,8.01496223281531);
#2946=CIRCLE('',#7806,7.21681214544829);
#2947=CIRCLE('',#7807,7.21681214544829);
#2948=CIRCLE('',#7810,5.27734824095628);
#2949=CIRCLE('',#7811,5.27734824095628);
#2950=CIRCLE('',#7814,1.50952294932829);
#2951=CIRCLE('',#7815,1.50952294932829);
#2952=CIRCLE('',#7817,1.98766905917324);
#2953=CIRCLE('',#7818,1.98766905917324);
#2954=CIRCLE('',#7821,1.4225801949468);
#2955=CIRCLE('',#7822,1.4225801949468);
#2956=CIRCLE('',#7825,1.5121654666477);
#2957=CIRCLE('',#7826,1.5121654666477);
#2958=CIRCLE('',#7829,4.43681566499855);
#2959=CIRCLE('',#7830,4.43681566499855);
#2960=CIRCLE('',#7836,12.018540292962);
#2961=CIRCLE('',#7837,12.018540292962);
#2962=CIRCLE('',#7841,1.51114680356045);
#2963=CIRCLE('',#7842,1.51114680356045);
#2964=CIRCLE('',#7848,6.37731502904023);
#2965=CIRCLE('',#7852,8.27968739642458);
#2966=CIRCLE('',#7862,18.2188048597662);
#2967=CIRCLE('',#7869,14.431491541138);
#2968=CIRCLE('',#7875,1.51216546664753);
#2969=CIRCLE('',#7879,11.4389586126579);
#2970=CIRCLE('',#7882,15.2007890888981);
#2971=CIRCLE('',#7884,12.0880494451637);
#2972=CIRCLE('',#7886,1.5120994824778);
#2973=CIRCLE('',#7889,8.24292096634378);
#2974=CIRCLE('',#7899,1.51206068170377);
#2975=CIRCLE('',#7901,15.5797789931997);
#2976=CIRCLE('',#7903,6.67115783639022);
#2977=CIRCLE('',#7908,6.6573594432237);
#2978=CIRCLE('',#7914,1.51205047840422);
#2979=CIRCLE('',#7919,6.64271522533218);
#2980=CIRCLE('',#7927,8.27963051358272);
#2981=CIRCLE('',#7933,10.6068567616836);
#2982=CIRCLE('',#7943,10.0167701029171);
#2983=CIRCLE('',#7946,13.1168258161328);
#2984=CIRCLE('',#7949,20.1042952932767);
#2985=CIRCLE('',#7957,1.51218424890688);
#2986=CIRCLE('',#7960,1.68327412444994);
#2987=CIRCLE('',#7962,1.51219140679578);
#2988=CIRCLE('',#7964,17.0996039995141);
#2989=CIRCLE('',#7974,3.07351191919902);
#2990=CIRCLE('',#7980,1.51203818182138);
#2991=CIRCLE('',#7983,2.53550477624703);
#2992=CIRCLE('',#7986,1.51216546664774);
#2993=CIRCLE('',#7989,3.02119320325803);
#2994=CIRCLE('',#7992,8.4787104059699);
#2995=CIRCLE('',#8001,7.62861396523087);
#2996=CIRCLE('',#8003,8.24440687812817);
#2997=CIRCLE('',#8008,8.23378469860159);
#2998=CIRCLE('',#8012,1.5121654666474);
#2999=CIRCLE('',#8015,8.22180937761225);
#3000=CIRCLE('',#8019,8.21612247767553);
#3001=CIRCLE('',#8023,2.55334742037974);
#3002=CIRCLE('',#8026,1.51202654285766);
#3003=CIRCLE('',#8029,2.60610770931059);
#3004=CIRCLE('',#8032,1.51206764052987);
#3005=CIRCLE('',#8034,2.05984606580815);
#3006=CIRCLE('',#8036,2.05407435075627);
#3007=CIRCLE('',#8039,2.14733722074243);
#3008=CIRCLE('',#8042,5.18659435724236);
#3009=CIRCLE('',#8045,1.51216546664758);
#3010=CIRCLE('',#8048,2.14803581774938);
#3011=CIRCLE('',#8051,5.17254792922958);
#3012=CIRCLE('',#8054,5.03301707953907);
#3013=CIRCLE('',#8057,8.21868760236229);
#3014=CIRCLE('',#8060,6.37138900999754);
#3015=VERTEX_POINT('',#10248);
#3016=VERTEX_POINT('',#10250);
#3017=VERTEX_POINT('',#10254);
#3018=VERTEX_POINT('',#10255);
#3019=VERTEX_POINT('',#10257);
#3020=VERTEX_POINT('',#10259);
#3021=VERTEX_POINT('',#10262);
#3022=VERTEX_POINT('',#10264);
#3023=VERTEX_POINT('',#10266);
#3024=VERTEX_POINT('',#10268);
#3025=VERTEX_POINT('',#10270);
#3026=VERTEX_POINT('',#10272);
#3027=VERTEX_POINT('',#10274);
#3028=VERTEX_POINT('',#10276);
#3029=VERTEX_POINT('',#10278);
#3030=VERTEX_POINT('',#10280);
#3031=VERTEX_POINT('',#10282);
#3032=VERTEX_POINT('',#10284);
#3033=VERTEX_POINT('',#10286);
#3034=VERTEX_POINT('',#10288);
#3035=VERTEX_POINT('',#10290);
#3036=VERTEX_POINT('',#10292);
#3037=VERTEX_POINT('',#10294);
#3038=VERTEX_POINT('',#10296);
#3039=VERTEX_POINT('',#10298);
#3040=VERTEX_POINT('',#10300);
#3041=VERTEX_POINT('',#10302);
#3042=VERTEX_POINT('',#10304);
#3043=VERTEX_POINT('',#10307);
#3044=VERTEX_POINT('',#10311);
#3045=VERTEX_POINT('',#10315);
#3046=VERTEX_POINT('',#10319);
#3047=VERTEX_POINT('',#10323);
#3048=VERTEX_POINT('',#10327);
#3049=VERTEX_POINT('',#10331);
#3050=VERTEX_POINT('',#10335);
#3051=VERTEX_POINT('',#10339);
#3052=VERTEX_POINT('',#10343);
#3053=VERTEX_POINT('',#10347);
#3054=VERTEX_POINT('',#10351);
#3055=VERTEX_POINT('',#10355);
#3056=VERTEX_POINT('',#10359);
#3057=VERTEX_POINT('',#10363);
#3058=VERTEX_POINT('',#10367);
#3059=VERTEX_POINT('',#10371);
#3060=VERTEX_POINT('',#10375);
#3061=VERTEX_POINT('',#10379);
#3062=VERTEX_POINT('',#10383);
#3063=VERTEX_POINT('',#10387);
#3064=VERTEX_POINT('',#10391);
#3065=VERTEX_POINT('',#10395);
#3066=VERTEX_POINT('',#10399);
#3067=VERTEX_POINT('',#10403);
#3068=VERTEX_POINT('',#10407);
#3069=VERTEX_POINT('',#10411);
#3070=VERTEX_POINT('',#10415);
#3071=VERTEX_POINT('',#10419);
#3072=VERTEX_POINT('',#10423);
#3073=VERTEX_POINT('',#10427);
#3074=VERTEX_POINT('',#10431);
#3075=VERTEX_POINT('',#10435);
#3076=VERTEX_POINT('',#10439);
#3077=VERTEX_POINT('',#10443);
#3078=VERTEX_POINT('',#10447);
#3079=VERTEX_POINT('',#10451);
#3080=VERTEX_POINT('',#10455);
#3081=VERTEX_POINT('',#10459);
#3082=VERTEX_POINT('',#10463);
#3083=VERTEX_POINT('',#10467);
#3084=VERTEX_POINT('',#10471);
#3085=VERTEX_POINT('',#10475);
#3086=VERTEX_POINT('',#10479);
#3087=VERTEX_POINT('',#10483);
#3088=VERTEX_POINT('',#10487);
#3089=VERTEX_POINT('',#10488);
#3090=VERTEX_POINT('',#10490);
#3091=VERTEX_POINT('',#10492);
#3092=VERTEX_POINT('',#10496);
#3093=VERTEX_POINT('',#10498);
#3094=VERTEX_POINT('',#10502);
#3095=VERTEX_POINT('',#10507);
#3096=VERTEX_POINT('',#10509);
#3097=VERTEX_POINT('',#10511);
#3098=VERTEX_POINT('',#10515);
#3099=VERTEX_POINT('',#10517);
#3100=VERTEX_POINT('',#10519);
#3101=VERTEX_POINT('',#10523);
#3102=VERTEX_POINT('',#10525);
#3103=VERTEX_POINT('',#10529);
#3104=VERTEX_POINT('',#10531);
#3105=VERTEX_POINT('',#10535);
#3106=VERTEX_POINT('',#10537);
#3107=VERTEX_POINT('',#10539);
#3108=VERTEX_POINT('',#10546);
#3109=VERTEX_POINT('',#10548);
#3110=VERTEX_POINT('',#10552);
#3111=VERTEX_POINT('',#10554);
#3112=VERTEX_POINT('',#10556);
#3113=VERTEX_POINT('',#10558);
#3114=VERTEX_POINT('',#10560);
#3115=VERTEX_POINT('',#10562);
#3116=VERTEX_POINT('',#10564);
#3117=VERTEX_POINT('',#10566);
#3118=VERTEX_POINT('',#10568);
#3119=VERTEX_POINT('',#10570);
#3120=VERTEX_POINT('',#10572);
#3121=VERTEX_POINT('',#10574);
#3122=VERTEX_POINT('',#10576);
#3123=VERTEX_POINT('',#10578);
#3124=VERTEX_POINT('',#10580);
#3125=VERTEX_POINT('',#10582);
#3126=VERTEX_POINT('',#10584);
#3127=VERTEX_POINT('',#10586);
#3128=VERTEX_POINT('',#10588);
#3129=VERTEX_POINT('',#10590);
#3130=VERTEX_POINT('',#10592);
#3131=VERTEX_POINT('',#10594);
#3132=VERTEX_POINT('',#10596);
#3133=VERTEX_POINT('',#10598);
#3134=VERTEX_POINT('',#10600);
#3135=VERTEX_POINT('',#10602);
#3136=VERTEX_POINT('',#10604);
#3137=VERTEX_POINT('',#10606);
#3138=VERTEX_POINT('',#10608);
#3139=VERTEX_POINT('',#10610);
#3140=VERTEX_POINT('',#10612);
#3141=VERTEX_POINT('',#10614);
#3142=VERTEX_POINT('',#10616);
#3143=VERTEX_POINT('',#10618);
#3144=VERTEX_POINT('',#10620);
#3145=VERTEX_POINT('',#10622);
#3146=VERTEX_POINT('',#10624);
#3147=VERTEX_POINT('',#10626);
#3148=VERTEX_POINT('',#10628);
#3149=VERTEX_POINT('',#10630);
#3150=VERTEX_POINT('',#10632);
#3151=VERTEX_POINT('',#10634);
#3152=VERTEX_POINT('',#10636);
#3153=VERTEX_POINT('',#10638);
#3154=VERTEX_POINT('',#10640);
#3155=VERTEX_POINT('',#10642);
#3156=VERTEX_POINT('',#10644);
#3157=VERTEX_POINT('',#10646);
#3158=VERTEX_POINT('',#10648);
#3159=VERTEX_POINT('',#10650);
#3160=VERTEX_POINT('',#10652);
#3161=VERTEX_POINT('',#10654);
#3162=VERTEX_POINT('',#10656);
#3163=VERTEX_POINT('',#10658);
#3164=VERTEX_POINT('',#10660);
#3165=VERTEX_POINT('',#10662);
#3166=VERTEX_POINT('',#10664);
#3167=VERTEX_POINT('',#10666);
#3168=VERTEX_POINT('',#10668);
#3169=VERTEX_POINT('',#10670);
#3170=VERTEX_POINT('',#10672);
#3171=VERTEX_POINT('',#10674);
#3172=VERTEX_POINT('',#10676);
#3173=VERTEX_POINT('',#10678);
#3174=VERTEX_POINT('',#10680);
#3175=VERTEX_POINT('',#10682);
#3176=VERTEX_POINT('',#10684);
#3177=VERTEX_POINT('',#10686);
#3178=VERTEX_POINT('',#10688);
#3179=VERTEX_POINT('',#10690);
#3180=VERTEX_POINT('',#10692);
#3181=VERTEX_POINT('',#10694);
#3182=VERTEX_POINT('',#10696);
#3183=VERTEX_POINT('',#10698);
#3184=VERTEX_POINT('',#10700);
#3185=VERTEX_POINT('',#10702);
#3186=VERTEX_POINT('',#10704);
#3187=VERTEX_POINT('',#10706);
#3188=VERTEX_POINT('',#10708);
#3189=VERTEX_POINT('',#10710);
#3190=VERTEX_POINT('',#10712);
#3191=VERTEX_POINT('',#10714);
#3192=VERTEX_POINT('',#10716);
#3193=VERTEX_POINT('',#10718);
#3194=VERTEX_POINT('',#10720);
#3195=VERTEX_POINT('',#10722);
#3196=VERTEX_POINT('',#10724);
#3197=VERTEX_POINT('',#10726);
#3198=VERTEX_POINT('',#10728);
#3199=VERTEX_POINT('',#10730);
#3200=VERTEX_POINT('',#10732);
#3201=VERTEX_POINT('',#10734);
#3202=VERTEX_POINT('',#10736);
#3203=VERTEX_POINT('',#10738);
#3204=VERTEX_POINT('',#10740);
#3205=VERTEX_POINT('',#10742);
#3206=VERTEX_POINT('',#10744);
#3207=VERTEX_POINT('',#10746);
#3208=VERTEX_POINT('',#10748);
#3209=VERTEX_POINT('',#10750);
#3210=VERTEX_POINT('',#10752);
#3211=VERTEX_POINT('',#10754);
#3212=VERTEX_POINT('',#10756);
#3213=VERTEX_POINT('',#10758);
#3214=VERTEX_POINT('',#10760);
#3215=VERTEX_POINT('',#10762);
#3216=VERTEX_POINT('',#10764);
#3217=VERTEX_POINT('',#10766);
#3218=VERTEX_POINT('',#10768);
#3219=VERTEX_POINT('',#10770);
#3220=VERTEX_POINT('',#10772);
#3221=VERTEX_POINT('',#10774);
#3222=VERTEX_POINT('',#10776);
#3223=VERTEX_POINT('',#10778);
#3224=VERTEX_POINT('',#10780);
#3225=VERTEX_POINT('',#10782);
#3226=VERTEX_POINT('',#10784);
#3227=VERTEX_POINT('',#10786);
#3228=VERTEX_POINT('',#10788);
#3229=VERTEX_POINT('',#10790);
#3230=VERTEX_POINT('',#10792);
#3231=VERTEX_POINT('',#10794);
#3232=VERTEX_POINT('',#10796);
#3233=VERTEX_POINT('',#10798);
#3234=VERTEX_POINT('',#10800);
#3235=VERTEX_POINT('',#10802);
#3236=VERTEX_POINT('',#10804);
#3237=VERTEX_POINT('',#10806);
#3238=VERTEX_POINT('',#10808);
#3239=VERTEX_POINT('',#10810);
#3240=VERTEX_POINT('',#10812);
#3241=VERTEX_POINT('',#10814);
#3242=VERTEX_POINT('',#10816);
#3243=VERTEX_POINT('',#10818);
#3244=VERTEX_POINT('',#10820);
#3245=VERTEX_POINT('',#10822);
#3246=VERTEX_POINT('',#10824);
#3247=VERTEX_POINT('',#10826);
#3248=VERTEX_POINT('',#10828);
#3249=VERTEX_POINT('',#10830);
#3250=VERTEX_POINT('',#10832);
#3251=VERTEX_POINT('',#10834);
#3252=VERTEX_POINT('',#10836);
#3253=VERTEX_POINT('',#10838);
#3254=VERTEX_POINT('',#10840);
#3255=VERTEX_POINT('',#10842);
#3256=VERTEX_POINT('',#10844);
#3257=VERTEX_POINT('',#10846);
#3258=VERTEX_POINT('',#10848);
#3259=VERTEX_POINT('',#10850);
#3260=VERTEX_POINT('',#10852);
#3261=VERTEX_POINT('',#10854);
#3262=VERTEX_POINT('',#10856);
#3263=VERTEX_POINT('',#10858);
#3264=VERTEX_POINT('',#10860);
#3265=VERTEX_POINT('',#10862);
#3266=VERTEX_POINT('',#10864);
#3267=VERTEX_POINT('',#10866);
#3268=VERTEX_POINT('',#10868);
#3269=VERTEX_POINT('',#10870);
#3270=VERTEX_POINT('',#10872);
#3271=VERTEX_POINT('',#10874);
#3272=VERTEX_POINT('',#10876);
#3273=VERTEX_POINT('',#10878);
#3274=VERTEX_POINT('',#10880);
#3275=VERTEX_POINT('',#10882);
#3276=VERTEX_POINT('',#10884);
#3277=VERTEX_POINT('',#10886);
#3278=VERTEX_POINT('',#10890);
#3279=VERTEX_POINT('',#10892);
#3280=VERTEX_POINT('',#10896);
#3281=VERTEX_POINT('',#10897);
#3282=VERTEX_POINT('',#10899);
#3283=VERTEX_POINT('',#10902);
#3284=VERTEX_POINT('',#10906);
#3285=VERTEX_POINT('',#10911);
#3286=VERTEX_POINT('',#10913);
#3287=VERTEX_POINT('',#10915);
#3288=VERTEX_POINT('',#10917);
#3289=VERTEX_POINT('',#10919);
#3290=VERTEX_POINT('',#10921);
#3291=VERTEX_POINT('',#10923);
#3292=VERTEX_POINT('',#10925);
#3293=VERTEX_POINT('',#10927);
#3294=VERTEX_POINT('',#10929);
#3295=VERTEX_POINT('',#10931);
#3296=VERTEX_POINT('',#10933);
#3297=VERTEX_POINT('',#10935);
#3298=VERTEX_POINT('',#10937);
#3299=VERTEX_POINT('',#10941);
#3300=VERTEX_POINT('',#10943);
#3301=VERTEX_POINT('',#10947);
#3302=VERTEX_POINT('',#10959);
#3303=VERTEX_POINT('',#10963);
#3304=VERTEX_POINT('',#10967);
#3305=VERTEX_POINT('',#10969);
#3306=VERTEX_POINT('',#10973);
#3307=VERTEX_POINT('',#10977);
#3308=VERTEX_POINT('',#10981);
#3309=VERTEX_POINT('',#10985);
#3310=VERTEX_POINT('',#10987);
#3311=VERTEX_POINT('',#10991);
#3312=VERTEX_POINT('',#10995);
#3313=VERTEX_POINT('',#10997);
#3314=VERTEX_POINT('',#11001);
#3315=VERTEX_POINT('',#11005);
#3316=VERTEX_POINT('',#11009);
#3317=VERTEX_POINT('',#11013);
#3318=VERTEX_POINT('',#11015);
#3319=VERTEX_POINT('',#11017);
#3320=VERTEX_POINT('',#11019);
#3321=VERTEX_POINT('',#11021);
#3322=VERTEX_POINT('',#11023);
#3323=VERTEX_POINT('',#11025);
#3324=VERTEX_POINT('',#11027);
#3325=VERTEX_POINT('',#11029);
#3326=VERTEX_POINT('',#11031);
#3327=VERTEX_POINT('',#11033);
#3328=VERTEX_POINT('',#11035);
#3329=VERTEX_POINT('',#11037);
#3330=VERTEX_POINT('',#11039);
#3331=VERTEX_POINT('',#11041);
#3332=VERTEX_POINT('',#11043);
#3333=VERTEX_POINT('',#11045);
#3334=VERTEX_POINT('',#11047);
#3335=VERTEX_POINT('',#11049);
#3336=VERTEX_POINT('',#11051);
#3337=VERTEX_POINT('',#11053);
#3338=VERTEX_POINT('',#11055);
#3339=VERTEX_POINT('',#11057);
#3340=VERTEX_POINT('',#11059);
#3341=VERTEX_POINT('',#11061);
#3342=VERTEX_POINT('',#11063);
#3343=VERTEX_POINT('',#11065);
#3344=VERTEX_POINT('',#11069);
#3345=VERTEX_POINT('',#11073);
#3346=VERTEX_POINT('',#11075);
#3347=VERTEX_POINT('',#11079);
#3348=VERTEX_POINT('',#11083);
#3349=VERTEX_POINT('',#11087);
#3350=VERTEX_POINT('',#11091);
#3351=VERTEX_POINT('',#11093);
#3352=VERTEX_POINT('',#11097);
#3353=VERTEX_POINT('',#11101);
#3354=VERTEX_POINT('',#11103);
#3355=VERTEX_POINT('',#11109);
#3356=VERTEX_POINT('',#11110);
#3357=VERTEX_POINT('',#11112);
#3358=VERTEX_POINT('',#11114);
#3359=VERTEX_POINT('',#11118);
#3360=VERTEX_POINT('',#11120);
#3361=VERTEX_POINT('',#11124);
#3362=VERTEX_POINT('',#11125);
#3363=VERTEX_POINT('',#11127);
#3364=VERTEX_POINT('',#11129);
#3365=VERTEX_POINT('',#11136);
#3366=VERTEX_POINT('',#11138);
#3367=VERTEX_POINT('',#11142);
#3368=VERTEX_POINT('',#11143);
#3369=VERTEX_POINT('',#11145);
#3370=VERTEX_POINT('',#11147);
#3371=VERTEX_POINT('',#11151);
#3372=VERTEX_POINT('',#11153);
#3373=VERTEX_POINT('',#11157);
#3374=VERTEX_POINT('',#11158);
#3375=VERTEX_POINT('',#11160);
#3376=VERTEX_POINT('',#11162);
#3377=VERTEX_POINT('',#11166);
#3378=VERTEX_POINT('',#11168);
#3379=VERTEX_POINT('',#11172);
#3380=VERTEX_POINT('',#11173);
#3381=VERTEX_POINT('',#11175);
#3382=VERTEX_POINT('',#11177);
#3383=VERTEX_POINT('',#11181);
#3384=VERTEX_POINT('',#11183);
#3385=VERTEX_POINT('',#11187);
#3386=VERTEX_POINT('',#11188);
#3387=VERTEX_POINT('',#11190);
#3388=VERTEX_POINT('',#11192);
#3389=VERTEX_POINT('',#11196);
#3390=VERTEX_POINT('',#11198);
#3391=VERTEX_POINT('',#11202);
#3392=VERTEX_POINT('',#11203);
#3393=VERTEX_POINT('',#11205);
#3394=VERTEX_POINT('',#11207);
#3395=VERTEX_POINT('',#11211);
#3396=VERTEX_POINT('',#11213);
#3397=VERTEX_POINT('',#11217);
#3398=VERTEX_POINT('',#11219);
#3399=VERTEX_POINT('',#11223);
#3400=VERTEX_POINT('',#11225);
#3401=VERTEX_POINT('',#11229);
#3402=VERTEX_POINT('',#11230);
#3403=VERTEX_POINT('',#11235);
#3404=VERTEX_POINT('',#11239);
#3405=VERTEX_POINT('',#11240);
#3406=VERTEX_POINT('',#11245);
#3407=VERTEX_POINT('',#11249);
#3408=VERTEX_POINT('',#11253);
#3409=VERTEX_POINT('',#11257);
#3410=VERTEX_POINT('',#11261);
#3411=VERTEX_POINT('',#11262);
#3412=VERTEX_POINT('',#11269);
#3413=VERTEX_POINT('',#11270);
#3414=VERTEX_POINT('',#11275);
#3415=VERTEX_POINT('',#11279);
#3416=VERTEX_POINT('',#11280);
#3417=VERTEX_POINT('',#11287);
#3418=VERTEX_POINT('',#11288);
#3419=VERTEX_POINT('',#11293);
#3420=VERTEX_POINT('',#11297);
#3421=VERTEX_POINT('',#11298);
#3422=VERTEX_POINT('',#11303);
#3423=VERTEX_POINT('',#11304);
#3424=VERTEX_POINT('',#11309);
#3425=VERTEX_POINT('',#11313);
#3426=VERTEX_POINT('',#11314);
#3427=VERTEX_POINT('',#11319);
#3428=VERTEX_POINT('',#11321);
#3429=VERTEX_POINT('',#11323);
#3430=VERTEX_POINT('',#11325);
#3431=VERTEX_POINT('',#11327);
#3432=VERTEX_POINT('',#11329);
#3433=VERTEX_POINT('',#11331);
#3434=VERTEX_POINT('',#11333);
#3435=VERTEX_POINT('',#11335);
#3436=VERTEX_POINT('',#11353);
#3437=VERTEX_POINT('',#11357);
#3438=VERTEX_POINT('',#11359);
#3439=VERTEX_POINT('',#11361);
#3440=VERTEX_POINT('',#11363);
#3441=VERTEX_POINT('',#11365);
#3442=VERTEX_POINT('',#11367);
#3443=VERTEX_POINT('',#11369);
#3444=VERTEX_POINT('',#11378);
#3445=VERTEX_POINT('',#11380);
#3446=VERTEX_POINT('',#11384);
#3447=VERTEX_POINT('',#11388);
#3448=VERTEX_POINT('',#11392);
#3449=VERTEX_POINT('',#11396);
#3450=VERTEX_POINT('',#11400);
#3451=VERTEX_POINT('',#11402);
#3452=VERTEX_POINT('',#11406);
#3453=VERTEX_POINT('',#11410);
#3454=VERTEX_POINT('',#11419);
#3455=VERTEX_POINT('',#11424);
#3456=VERTEX_POINT('',#11426);
#3457=VERTEX_POINT('',#11431);
#3458=VERTEX_POINT('',#11432);
#3459=VERTEX_POINT('',#11434);
#3460=VERTEX_POINT('',#11436);
#3461=VERTEX_POINT('',#11440);
#3462=VERTEX_POINT('',#11442);
#3463=VERTEX_POINT('',#11446);
#3464=VERTEX_POINT('',#11448);
#3465=VERTEX_POINT('',#11452);
#3466=VERTEX_POINT('',#11454);
#3467=VERTEX_POINT('',#11458);
#3468=VERTEX_POINT('',#11460);
#3469=VERTEX_POINT('',#11464);
#3470=VERTEX_POINT('',#11466);
#3471=VERTEX_POINT('',#11470);
#3472=VERTEX_POINT('',#11472);
#3473=VERTEX_POINT('',#11476);
#3474=VERTEX_POINT('',#11478);
#3475=VERTEX_POINT('',#11482);
#3476=VERTEX_POINT('',#11484);
#3477=VERTEX_POINT('',#11488);
#3478=VERTEX_POINT('',#11490);
#3479=VERTEX_POINT('',#11494);
#3480=VERTEX_POINT('',#11496);
#3481=VERTEX_POINT('',#11503);
#3482=VERTEX_POINT('',#11505);
#3483=VERTEX_POINT('',#11509);
#3484=VERTEX_POINT('',#11511);
#3485=VERTEX_POINT('',#11515);
#3486=VERTEX_POINT('',#11517);
#3487=VERTEX_POINT('',#11524);
#3488=VERTEX_POINT('',#11525);
#3489=VERTEX_POINT('',#11527);
#3490=VERTEX_POINT('',#11529);
#3491=VERTEX_POINT('',#11533);
#3492=VERTEX_POINT('',#11535);
#3493=VERTEX_POINT('',#11539);
#3494=VERTEX_POINT('',#11541);
#3495=VERTEX_POINT('',#11545);
#3496=VERTEX_POINT('',#11547);
#3497=VERTEX_POINT('',#11551);
#3498=VERTEX_POINT('',#11553);
#3499=VERTEX_POINT('',#11557);
#3500=VERTEX_POINT('',#11559);
#3501=VERTEX_POINT('',#11563);
#3502=VERTEX_POINT('',#11565);
#3503=VERTEX_POINT('',#11569);
#3504=VERTEX_POINT('',#11571);
#3505=VERTEX_POINT('',#11575);
#3506=VERTEX_POINT('',#11577);
#3507=VERTEX_POINT('',#11584);
#3508=VERTEX_POINT('',#11586);
#3509=VERTEX_POINT('',#11590);
#3510=VERTEX_POINT('',#11592);
#3511=VERTEX_POINT('',#11596);
#3512=VERTEX_POINT('',#11598);
#3513=VERTEX_POINT('',#11605);
#3514=VERTEX_POINT('',#11607);
#3515=VERTEX_POINT('',#11611);
#3516=VERTEX_POINT('',#11613);
#3517=VERTEX_POINT('',#11617);
#3518=VERTEX_POINT('',#11619);
#3519=VERTEX_POINT('',#11623);
#3520=VERTEX_POINT('',#11625);
#3521=VERTEX_POINT('',#11629);
#3522=VERTEX_POINT('',#11631);
#3523=VERTEX_POINT('',#11635);
#3524=VERTEX_POINT('',#11637);
#3525=VERTEX_POINT('',#11641);
#3526=VERTEX_POINT('',#11643);
#3527=VERTEX_POINT('',#11650);
#3528=VERTEX_POINT('',#11652);
#3529=VERTEX_POINT('',#11662);
#3530=VERTEX_POINT('',#11663);
#3531=VERTEX_POINT('',#11665);
#3532=VERTEX_POINT('',#11667);
#3533=VERTEX_POINT('',#11671);
#3534=VERTEX_POINT('',#11673);
#3535=VERTEX_POINT('',#11677);
#3536=VERTEX_POINT('',#11679);
#3537=VERTEX_POINT('',#11683);
#3538=VERTEX_POINT('',#11685);
#3539=VERTEX_POINT('',#11689);
#3540=VERTEX_POINT('',#11691);
#3541=VERTEX_POINT('',#11695);
#3542=VERTEX_POINT('',#11697);
#3543=VERTEX_POINT('',#11701);
#3544=VERTEX_POINT('',#11703);
#3545=VERTEX_POINT('',#11707);
#3546=VERTEX_POINT('',#11709);
#3547=VERTEX_POINT('',#11713);
#3548=VERTEX_POINT('',#11715);
#3549=VERTEX_POINT('',#11719);
#3550=VERTEX_POINT('',#11721);
#3551=VERTEX_POINT('',#11725);
#3552=VERTEX_POINT('',#11727);
#3553=VERTEX_POINT('',#11731);
#3554=VERTEX_POINT('',#11733);
#3555=VERTEX_POINT('',#11740);
#3556=VERTEX_POINT('',#11742);
#3557=VERTEX_POINT('',#11746);
#3558=VERTEX_POINT('',#11748);
#3559=VERTEX_POINT('',#11752);
#3560=VERTEX_POINT('',#11754);
#3561=VERTEX_POINT('',#11761);
#3562=VERTEX_POINT('',#11765);
#3563=VERTEX_POINT('',#11769);
#3564=VERTEX_POINT('',#11773);
#3565=VERTEX_POINT('',#11777);
#3566=VERTEX_POINT('',#11781);
#3567=VERTEX_POINT('',#11785);
#3568=VERTEX_POINT('',#11791);
#3569=VERTEX_POINT('',#11795);
#3570=VERTEX_POINT('',#11799);
#3571=VERTEX_POINT('',#11803);
#3572=VERTEX_POINT('',#11807);
#3573=VERTEX_POINT('',#11811);
#3574=VERTEX_POINT('',#11815);
#3575=VERTEX_POINT('',#11819);
#3576=VERTEX_POINT('',#11823);
#3577=VERTEX_POINT('',#11831);
#3578=VERTEX_POINT('',#11835);
#3579=VERTEX_POINT('',#11839);
#3580=VERTEX_POINT('',#11843);
#3581=VERTEX_POINT('',#11847);
#3582=VERTEX_POINT('',#11851);
#3583=VERTEX_POINT('',#11855);
#3584=VERTEX_POINT('',#11859);
#3585=VERTEX_POINT('',#11863);
#3586=VERTEX_POINT('',#11867);
#3587=VERTEX_POINT('',#11871);
#3588=VERTEX_POINT('',#11875);
#3589=VERTEX_POINT('',#11879);
#3590=VERTEX_POINT('',#11883);
#3591=VERTEX_POINT('',#11887);
#3592=VERTEX_POINT('',#11891);
#3593=VERTEX_POINT('',#11895);
#3594=VERTEX_POINT('',#11903);
#3595=VERTEX_POINT('',#11907);
#3596=VERTEX_POINT('',#11911);
#3597=VERTEX_POINT('',#11915);
#3598=VERTEX_POINT('',#11919);
#3599=VERTEX_POINT('',#11923);
#3600=VERTEX_POINT('',#11927);
#3601=VERTEX_POINT('',#11931);
#3602=VERTEX_POINT('',#11935);
#3603=VERTEX_POINT('',#11939);
#3604=VERTEX_POINT('',#11943);
#3605=VERTEX_POINT('',#11947);
#3606=VERTEX_POINT('',#11951);
#3607=VERTEX_POINT('',#11955);
#3608=VERTEX_POINT('',#11959);
#3609=VERTEX_POINT('',#11963);
#3610=VERTEX_POINT('',#11967);
#3611=VERTEX_POINT('',#11971);
#3612=VERTEX_POINT('',#11975);
#3613=VERTEX_POINT('',#11979);
#3614=VERTEX_POINT('',#11985);
#3615=VERTEX_POINT('',#11989);
#3616=VERTEX_POINT('',#11993);
#3617=VERTEX_POINT('',#11997);
#3618=VERTEX_POINT('',#12001);
#3619=VERTEX_POINT('',#12005);
#3620=VERTEX_POINT('',#12009);
#3621=VERTEX_POINT('',#12013);
#3622=VERTEX_POINT('',#12017);
#3623=VERTEX_POINT('',#12021);
#3624=VERTEX_POINT('',#12025);
#3625=VERTEX_POINT('',#12029);
#3626=VERTEX_POINT('',#12033);
#3627=VERTEX_POINT('',#12037);
#3628=VERTEX_POINT('',#12041);
#3629=VERTEX_POINT('',#12045);
#3630=VERTEX_POINT('',#12049);
#3631=VERTEX_POINT('',#12053);
#3632=VERTEX_POINT('',#12057);
#3633=VERTEX_POINT('',#12061);
#3634=VERTEX_POINT('',#12065);
#3635=VERTEX_POINT('',#12069);
#3636=VERTEX_POINT('',#12073);
#3637=VERTEX_POINT('',#12077);
#3638=VERTEX_POINT('',#12081);
#3639=VERTEX_POINT('',#12085);
#3640=VERTEX_POINT('',#12089);
#3641=VERTEX_POINT('',#12093);
#3642=VERTEX_POINT('',#12097);
#3643=VERTEX_POINT('',#12101);
#3644=VERTEX_POINT('',#12105);
#3645=VERTEX_POINT('',#12109);
#3646=VERTEX_POINT('',#12113);
#3647=VERTEX_POINT('',#12117);
#3648=VERTEX_POINT('',#12121);
#3649=VERTEX_POINT('',#12125);
#3650=VERTEX_POINT('',#12129);
#3651=VERTEX_POINT('',#12133);
#3652=VERTEX_POINT('',#12137);
#3653=VERTEX_POINT('',#12141);
#3654=VERTEX_POINT('',#12145);
#3655=VERTEX_POINT('',#12149);
#3656=VERTEX_POINT('',#12153);
#3657=VERTEX_POINT('',#12157);
#3658=VERTEX_POINT('',#12161);
#3659=VERTEX_POINT('',#12165);
#3660=VERTEX_POINT('',#12169);
#3661=VERTEX_POINT('',#12173);
#3662=VERTEX_POINT('',#12177);
#3663=VERTEX_POINT('',#12181);
#3664=VERTEX_POINT('',#12185);
#3665=VERTEX_POINT('',#12189);
#3666=VERTEX_POINT('',#12193);
#3667=VERTEX_POINT('',#12197);
#3668=VERTEX_POINT('',#12201);
#3669=VERTEX_POINT('',#12205);
#3670=VERTEX_POINT('',#12209);
#3671=VERTEX_POINT('',#12213);
#3672=VERTEX_POINT('',#12217);
#3673=VERTEX_POINT('',#12221);
#3674=VERTEX_POINT('',#12225);
#3675=VERTEX_POINT('',#12229);
#3676=VERTEX_POINT('',#12233);
#3677=VERTEX_POINT('',#12237);
#3678=VERTEX_POINT('',#12241);
#3679=VERTEX_POINT('',#12245);
#3680=VERTEX_POINT('',#12249);
#3681=VERTEX_POINT('',#12253);
#3682=VERTEX_POINT('',#12257);
#3683=VERTEX_POINT('',#12261);
#3684=VERTEX_POINT('',#12265);
#3685=VERTEX_POINT('',#12269);
#3686=VERTEX_POINT('',#12273);
#3687=VERTEX_POINT('',#12277);
#3688=VERTEX_POINT('',#12281);
#3689=VERTEX_POINT('',#12285);
#3690=VERTEX_POINT('',#12289);
#3691=VERTEX_POINT('',#12293);
#3692=VERTEX_POINT('',#12297);
#3693=VERTEX_POINT('',#12301);
#3694=VERTEX_POINT('',#12305);
#3695=VERTEX_POINT('',#12309);
#3696=VERTEX_POINT('',#12313);
#3697=VERTEX_POINT('',#12317);
#3698=VERTEX_POINT('',#12321);
#3699=VERTEX_POINT('',#12325);
#3700=VERTEX_POINT('',#12329);
#3701=VERTEX_POINT('',#12333);
#3702=VERTEX_POINT('',#12337);
#3703=VERTEX_POINT('',#12341);
#3704=VERTEX_POINT('',#12345);
#3705=VERTEX_POINT('',#12349);
#3706=VERTEX_POINT('',#12353);
#3707=VERTEX_POINT('',#12357);
#3708=VERTEX_POINT('',#12361);
#3709=VERTEX_POINT('',#12365);
#3710=VERTEX_POINT('',#12369);
#3711=VERTEX_POINT('',#12373);
#3712=VERTEX_POINT('',#12377);
#3713=VERTEX_POINT('',#12383);
#3714=VERTEX_POINT('',#12387);
#3715=VERTEX_POINT('',#12391);
#3716=VERTEX_POINT('',#12395);
#3717=EDGE_CURVE('',#3015,#3015,#2703,.T.);
#3718=EDGE_CURVE('',#3015,#3016,#2704,.T.);
#3719=EDGE_CURVE('',#3016,#3016,#2705,.T.);
#3720=EDGE_CURVE('',#3017,#3018,#267,.T.);
#3721=EDGE_CURVE('',#3019,#3017,#268,.T.);
#3722=EDGE_CURVE('',#3020,#3019,#269,.T.);
#3723=EDGE_CURVE('',#3018,#3020,#270,.T.);
#3724=EDGE_CURVE('',#3021,#3021,#2706,.T.);
#3725=EDGE_CURVE('',#3022,#3022,#2707,.T.);
#3726=EDGE_CURVE('',#3023,#3023,#2708,.T.);
#3727=EDGE_CURVE('',#3024,#3024,#2709,.T.);
#3728=EDGE_CURVE('',#3025,#3025,#2710,.T.);
#3729=EDGE_CURVE('',#3026,#3026,#2711,.T.);
#3730=EDGE_CURVE('',#3027,#3027,#2712,.T.);
#3731=EDGE_CURVE('',#3028,#3028,#2713,.T.);
#3732=EDGE_CURVE('',#3029,#3029,#2714,.T.);
#3733=EDGE_CURVE('',#3030,#3030,#2715,.T.);
#3734=EDGE_CURVE('',#3031,#3031,#2716,.T.);
#3735=EDGE_CURVE('',#3032,#3032,#2717,.T.);
#3736=EDGE_CURVE('',#3033,#3033,#2718,.T.);
#3737=EDGE_CURVE('',#3034,#3034,#2719,.T.);
#3738=EDGE_CURVE('',#3035,#3035,#2720,.T.);
#3739=EDGE_CURVE('',#3036,#3036,#2721,.T.);
#3740=EDGE_CURVE('',#3037,#3037,#2722,.T.);
#3741=EDGE_CURVE('',#3038,#3038,#2723,.T.);
#3742=EDGE_CURVE('',#3039,#3039,#2724,.T.);
#3743=EDGE_CURVE('',#3040,#3040,#2725,.T.);
#3744=EDGE_CURVE('',#3041,#3041,#2726,.T.);
#3745=EDGE_CURVE('',#3042,#3042,#2727,.T.);
#3746=EDGE_CURVE('',#3016,#3043,#271,.T.);
#3747=EDGE_CURVE('',#3043,#3043,#2728,.T.);
#3748=EDGE_CURVE('',#3021,#3044,#2729,.T.);
#3749=EDGE_CURVE('',#3044,#3044,#2730,.T.);
#3750=EDGE_CURVE('',#3044,#3045,#272,.T.);
#3751=EDGE_CURVE('',#3045,#3045,#2731,.T.);
#3752=EDGE_CURVE('',#3042,#3046,#2732,.T.);
#3753=EDGE_CURVE('',#3046,#3046,#2733,.T.);
#3754=EDGE_CURVE('',#3046,#3047,#273,.T.);
#3755=EDGE_CURVE('',#3047,#3047,#2734,.T.);
#3756=EDGE_CURVE('',#3022,#3048,#2735,.T.);
#3757=EDGE_CURVE('',#3048,#3048,#2736,.T.);
#3758=EDGE_CURVE('',#3048,#3049,#274,.T.);
#3759=EDGE_CURVE('',#3049,#3049,#2737,.T.);
#3760=EDGE_CURVE('',#3041,#3050,#2738,.T.);
#3761=EDGE_CURVE('',#3050,#3050,#2739,.T.);
#3762=EDGE_CURVE('',#3050,#3051,#275,.T.);
#3763=EDGE_CURVE('',#3051,#3051,#2740,.T.);
#3764=EDGE_CURVE('',#3023,#3052,#2741,.T.);
#3765=EDGE_CURVE('',#3052,#3052,#2742,.T.);
#3766=EDGE_CURVE('',#3052,#3053,#276,.T.);
#3767=EDGE_CURVE('',#3053,#3053,#2743,.T.);
#3768=EDGE_CURVE('',#3040,#3054,#2744,.T.);
#3769=EDGE_CURVE('',#3054,#3054,#2745,.T.);
#3770=EDGE_CURVE('',#3054,#3055,#277,.T.);
#3771=EDGE_CURVE('',#3055,#3055,#2746,.T.);
#3772=EDGE_CURVE('',#3024,#3056,#2747,.T.);
#3773=EDGE_CURVE('',#3056,#3056,#2748,.T.);
#3774=EDGE_CURVE('',#3056,#3057,#278,.T.);
#3775=EDGE_CURVE('',#3057,#3057,#2749,.T.);
#3776=EDGE_CURVE('',#3039,#3058,#2750,.T.);
#3777=EDGE_CURVE('',#3058,#3058,#2751,.T.);
#3778=EDGE_CURVE('',#3058,#3059,#279,.T.);
#3779=EDGE_CURVE('',#3059,#3059,#2752,.T.);
#3780=EDGE_CURVE('',#3025,#3060,#2753,.T.);
#3781=EDGE_CURVE('',#3060,#3060,#2754,.T.);
#3782=EDGE_CURVE('',#3060,#3061,#280,.T.);
#3783=EDGE_CURVE('',#3061,#3061,#2755,.T.);
#3784=EDGE_CURVE('',#3038,#3062,#2756,.T.);
#3785=EDGE_CURVE('',#3062,#3062,#2757,.T.);
#3786=EDGE_CURVE('',#3062,#3063,#281,.T.);
#3787=EDGE_CURVE('',#3063,#3063,#2758,.T.);
#3788=EDGE_CURVE('',#3026,#3064,#2759,.T.);
#3789=EDGE_CURVE('',#3064,#3064,#2760,.T.);
#3790=EDGE_CURVE('',#3064,#3065,#282,.T.);
#3791=EDGE_CURVE('',#3065,#3065,#2761,.T.);
#3792=EDGE_CURVE('',#3037,#3066,#2762,.T.);
#3793=EDGE_CURVE('',#3066,#3066,#2763,.T.);
#3794=EDGE_CURVE('',#3066,#3067,#283,.T.);
#3795=EDGE_CURVE('',#3067,#3067,#2764,.T.);
#3796=EDGE_CURVE('',#3027,#3068,#2765,.T.);
#3797=EDGE_CURVE('',#3068,#3068,#2766,.T.);
#3798=EDGE_CURVE('',#3068,#3069,#284,.T.);
#3799=EDGE_CURVE('',#3069,#3069,#2767,.T.);
#3800=EDGE_CURVE('',#3036,#3070,#2768,.T.);
#3801=EDGE_CURVE('',#3070,#3070,#2769,.T.);
#3802=EDGE_CURVE('',#3070,#3071,#285,.T.);
#3803=EDGE_CURVE('',#3071,#3071,#2770,.T.);
#3804=EDGE_CURVE('',#3028,#3072,#2771,.T.);
#3805=EDGE_CURVE('',#3072,#3072,#2772,.T.);
#3806=EDGE_CURVE('',#3072,#3073,#286,.T.);
#3807=EDGE_CURVE('',#3073,#3073,#2773,.T.);
#3808=EDGE_CURVE('',#3035,#3074,#2774,.T.);
#3809=EDGE_CURVE('',#3074,#3074,#2775,.T.);
#3810=EDGE_CURVE('',#3074,#3075,#287,.T.);
#3811=EDGE_CURVE('',#3075,#3075,#2776,.T.);
#3812=EDGE_CURVE('',#3029,#3076,#2777,.T.);
#3813=EDGE_CURVE('',#3076,#3076,#2778,.T.);
#3814=EDGE_CURVE('',#3076,#3077,#288,.T.);
#3815=EDGE_CURVE('',#3077,#3077,#2779,.T.);
#3816=EDGE_CURVE('',#3034,#3078,#2780,.T.);
#3817=EDGE_CURVE('',#3078,#3078,#2781,.T.);
#3818=EDGE_CURVE('',#3078,#3079,#289,.T.);
#3819=EDGE_CURVE('',#3079,#3079,#2782,.T.);
#3820=EDGE_CURVE('',#3030,#3080,#2783,.T.);
#3821=EDGE_CURVE('',#3080,#3080,#2784,.T.);
#3822=EDGE_CURVE('',#3080,#3081,#290,.T.);
#3823=EDGE_CURVE('',#3081,#3081,#2785,.T.);
#3824=EDGE_CURVE('',#3033,#3082,#2786,.T.);
#3825=EDGE_CURVE('',#3082,#3082,#2787,.T.);
#3826=EDGE_CURVE('',#3082,#3083,#291,.T.);
#3827=EDGE_CURVE('',#3083,#3083,#2788,.T.);
#3828=EDGE_CURVE('',#3031,#3084,#2789,.T.);
#3829=EDGE_CURVE('',#3084,#3084,#2790,.T.);
#3830=EDGE_CURVE('',#3084,#3085,#292,.T.);
#3831=EDGE_CURVE('',#3085,#3085,#2791,.T.);
#3832=EDGE_CURVE('',#3032,#3086,#2792,.T.);
#3833=EDGE_CURVE('',#3086,#3086,#2793,.T.);
#3834=EDGE_CURVE('',#3086,#3087,#293,.T.);
#3835=EDGE_CURVE('',#3087,#3087,#2794,.T.);
#3836=EDGE_CURVE('',#3088,#3089,#17,.T.);
#3837=EDGE_CURVE('',#3089,#3090,#294,.T.);
#3838=EDGE_CURVE('',#3090,#3091,#18,.T.);
#3839=EDGE_CURVE('',#3088,#3091,#295,.T.);
#3840=EDGE_CURVE('',#3092,#3089,#296,.T.);
#3841=EDGE_CURVE('',#3093,#3092,#297,.T.);
#3842=EDGE_CURVE('',#3090,#3093,#298,.T.);
#3843=EDGE_CURVE('',#3088,#3094,#15,.T.);
#3844=EDGE_CURVE('',#3094,#3095,#19,.T.);
#3845=EDGE_CURVE('',#3095,#3096,#299,.T.);
#3846=EDGE_CURVE('',#3096,#3097,#20,.T.);
#3847=EDGE_CURVE('',#3092,#3097,#21,.T.);
#3848=EDGE_CURVE('',#3097,#3098,#22,.T.);
#3849=EDGE_CURVE('',#3098,#3099,#300,.T.);
#3850=EDGE_CURVE('',#3099,#3100,#23,.T.);
#3851=EDGE_CURVE('',#3100,#3093,#24,.T.);
#3852=EDGE_CURVE('',#3101,#3098,#301,.T.);
#3853=EDGE_CURVE('',#3102,#3101,#302,.T.);
#3854=EDGE_CURVE('',#3099,#3102,#303,.T.);
#3855=EDGE_CURVE('',#3096,#3103,#304,.T.);
#3856=EDGE_CURVE('',#3104,#3103,#25,.T.);
#3857=EDGE_CURVE('',#3101,#3104,#26,.T.);
#3858=EDGE_CURVE('',#3104,#3105,#27,.T.);
#3859=EDGE_CURVE('',#3105,#3106,#305,.T.);
#3860=EDGE_CURVE('',#3106,#3107,#28,.T.);
#3861=EDGE_CURVE('',#3107,#3102,#29,.T.);
#3862=EDGE_CURVE('',#3018,#3107,#30,.T.);
#3863=EDGE_CURVE('',#3100,#3020,#31,.T.);
#3864=EDGE_CURVE('',#3103,#3108,#306,.T.);
#3865=EDGE_CURVE('',#3108,#3109,#32,.T.);
#3866=EDGE_CURVE('',#3109,#3105,#307,.T.);
#3867=EDGE_CURVE('',#3110,#3095,#308,.T.);
#3868=EDGE_CURVE('',#3111,#3110,#309,.T.);
#3869=EDGE_CURVE('',#3111,#3112,#310,.T.);
#3870=EDGE_CURVE('',#3112,#3113,#311,.T.);
#3871=EDGE_CURVE('',#3113,#3114,#2795,.F.);
#3872=EDGE_CURVE('',#3114,#3115,#312,.T.);
#3873=EDGE_CURVE('',#3115,#3116,#2796,.T.);
#3874=EDGE_CURVE('',#3116,#3117,#313,.T.);
#3875=EDGE_CURVE('',#3117,#3118,#314,.T.);
#3876=EDGE_CURVE('',#3118,#3119,#315,.T.);
#3877=EDGE_CURVE('',#3119,#3120,#316,.T.);
#3878=EDGE_CURVE('',#3120,#3121,#2797,.T.);
#3879=EDGE_CURVE('',#3121,#3122,#317,.T.);
#3880=EDGE_CURVE('',#3122,#3123,#2798,.T.);
#3881=EDGE_CURVE('',#3123,#3124,#2799,.T.);
#3882=EDGE_CURVE('',#3124,#3125,#2800,.T.);
#3883=EDGE_CURVE('',#3125,#3126,#318,.T.);
#3884=EDGE_CURVE('',#3126,#3127,#2801,.T.);
#3885=EDGE_CURVE('',#3127,#3128,#319,.T.);
#3886=EDGE_CURVE('',#3128,#3129,#320,.T.);
#3887=EDGE_CURVE('',#3129,#3130,#2802,.T.);
#3888=EDGE_CURVE('',#3130,#3131,#321,.T.);
#3889=EDGE_CURVE('',#3131,#3132,#322,.T.);
#3890=EDGE_CURVE('',#3132,#3133,#323,.T.);
#3891=EDGE_CURVE('',#3133,#3134,#324,.T.);
#3892=EDGE_CURVE('',#3134,#3135,#2803,.T.);
#3893=EDGE_CURVE('',#3135,#3136,#2804,.F.);
#3894=EDGE_CURVE('',#3136,#3137,#2805,.T.);
#3895=EDGE_CURVE('',#3138,#3137,#2806,.T.);
#3896=EDGE_CURVE('',#3138,#3139,#2807,.T.);
#3897=EDGE_CURVE('',#3139,#3140,#325,.T.);
#3898=EDGE_CURVE('',#3141,#3140,#2808,.T.);
#3899=EDGE_CURVE('',#3141,#3142,#2809,.T.);
#3900=EDGE_CURVE('',#3143,#3142,#2810,.T.);
#3901=EDGE_CURVE('',#3143,#3144,#326,.T.);
#3902=EDGE_CURVE('',#3144,#3145,#327,.T.);
#3903=EDGE_CURVE('',#3145,#3146,#328,.T.);
#3904=EDGE_CURVE('',#3146,#3147,#329,.T.);
#3905=EDGE_CURVE('',#3147,#3148,#330,.T.);
#3906=EDGE_CURVE('',#3148,#3149,#2811,.T.);
#3907=EDGE_CURVE('',#3149,#3150,#331,.T.);
#3908=EDGE_CURVE('',#3150,#3151,#332,.T.);
#3909=EDGE_CURVE('',#3151,#3152,#333,.T.);
#3910=EDGE_CURVE('',#3152,#3153,#334,.T.);
#3911=EDGE_CURVE('',#3154,#3153,#2812,.T.);
#3912=EDGE_CURVE('',#3154,#3155,#335,.T.);
#3913=EDGE_CURVE('',#3155,#3156,#336,.T.);
#3914=EDGE_CURVE('',#3156,#3157,#337,.T.);
#3915=EDGE_CURVE('',#3157,#3158,#338,.T.);
#3916=EDGE_CURVE('',#3158,#3159,#339,.T.);
#3917=EDGE_CURVE('',#3159,#3160,#2813,.T.);
#3918=EDGE_CURVE('',#3160,#3161,#340,.T.);
#3919=EDGE_CURVE('',#3161,#3162,#341,.T.);
#3920=EDGE_CURVE('',#3162,#3163,#2814,.T.);
#3921=EDGE_CURVE('',#3163,#3164,#342,.T.);
#3922=EDGE_CURVE('',#3165,#3164,#2815,.T.);
#3923=EDGE_CURVE('',#3165,#3166,#2816,.T.);
#3924=EDGE_CURVE('',#3167,#3166,#2817,.T.);
#3925=EDGE_CURVE('',#3167,#3168,#343,.T.);
#3926=EDGE_CURVE('',#3168,#3169,#2818,.T.);
#3927=EDGE_CURVE('',#3169,#3170,#344,.T.);
#3928=EDGE_CURVE('',#3170,#3171,#2819,.T.);
#3929=EDGE_CURVE('',#3171,#3172,#345,.T.);
#3930=EDGE_CURVE('',#3172,#3173,#346,.T.);
#3931=EDGE_CURVE('',#3174,#3173,#2820,.T.);
#3932=EDGE_CURVE('',#3174,#3175,#2821,.T.);
#3933=EDGE_CURVE('',#3175,#3176,#347,.T.);
#3934=EDGE_CURVE('',#3176,#3177,#2822,.T.);
#3935=EDGE_CURVE('',#3177,#3178,#348,.T.);
#3936=EDGE_CURVE('',#3178,#3179,#2823,.T.);
#3937=EDGE_CURVE('',#3179,#3180,#349,.T.);
#3938=EDGE_CURVE('',#3180,#3181,#2824,.T.);
#3939=EDGE_CURVE('',#3181,#3182,#350,.T.);
#3940=EDGE_CURVE('',#3182,#3183,#2825,.T.);
#3941=EDGE_CURVE('',#3183,#3184,#351,.T.);
#3942=EDGE_CURVE('',#3184,#3185,#2826,.T.);
#3943=EDGE_CURVE('',#3185,#3186,#352,.T.);
#3944=EDGE_CURVE('',#3186,#3187,#2827,.T.);
#3945=EDGE_CURVE('',#3187,#3188,#2828,.T.);
#3946=EDGE_CURVE('',#3188,#3189,#2829,.T.);
#3947=EDGE_CURVE('',#3189,#3190,#353,.T.);
#3948=EDGE_CURVE('',#3190,#3191,#2830,.T.);
#3949=EDGE_CURVE('',#3191,#3192,#354,.T.);
#3950=EDGE_CURVE('',#3192,#3193,#2831,.T.);
#3951=EDGE_CURVE('',#3193,#3194,#355,.T.);
#3952=EDGE_CURVE('',#3194,#3195,#2832,.T.);
#3953=EDGE_CURVE('',#3195,#3196,#356,.T.);
#3954=EDGE_CURVE('',#3196,#3197,#357,.T.);
#3955=EDGE_CURVE('',#3197,#3198,#2833,.T.);
#3956=EDGE_CURVE('',#3198,#3199,#358,.T.);
#3957=EDGE_CURVE('',#3199,#3200,#359,.T.);
#3958=EDGE_CURVE('',#3200,#3201,#2834,.T.);
#3959=EDGE_CURVE('',#3201,#3202,#360,.T.);
#3960=EDGE_CURVE('',#3202,#3203,#2835,.T.);
#3961=EDGE_CURVE('',#3203,#3204,#361,.T.);
#3962=EDGE_CURVE('',#3204,#3205,#362,.T.);
#3963=EDGE_CURVE('',#3205,#3206,#2836,.T.);
#3964=EDGE_CURVE('',#3206,#3207,#363,.T.);
#3965=EDGE_CURVE('',#3207,#3208,#364,.T.);
#3966=EDGE_CURVE('',#3208,#3209,#365,.T.);
#3967=EDGE_CURVE('',#3209,#3210,#2837,.T.);
#3968=EDGE_CURVE('',#3210,#3211,#2838,.T.);
#3969=EDGE_CURVE('',#3211,#3212,#366,.T.);
#3970=EDGE_CURVE('',#3212,#3213,#367,.T.);
#3971=EDGE_CURVE('',#3213,#3214,#368,.T.);
#3972=EDGE_CURVE('',#3214,#3215,#369,.T.);
#3973=EDGE_CURVE('',#3215,#3216,#370,.T.);
#3974=EDGE_CURVE('',#3216,#3217,#371,.T.);
#3975=EDGE_CURVE('',#3217,#3218,#372,.T.);
#3976=EDGE_CURVE('',#3218,#3219,#2839,.T.);
#3977=EDGE_CURVE('',#3219,#3220,#373,.T.);
#3978=EDGE_CURVE('',#3220,#3221,#2840,.T.);
#3979=EDGE_CURVE('',#3221,#3222,#374,.T.);
#3980=EDGE_CURVE('',#3222,#3223,#2841,.T.);
#3981=EDGE_CURVE('',#3223,#3224,#375,.T.);
#3982=EDGE_CURVE('',#3224,#3225,#2842,.T.);
#3983=EDGE_CURVE('',#3225,#3226,#376,.T.);
#3984=EDGE_CURVE('',#3226,#3227,#2843,.T.);
#3985=EDGE_CURVE('',#3227,#3228,#377,.T.);
#3986=EDGE_CURVE('',#3228,#3229,#378,.T.);
#3987=EDGE_CURVE('',#3229,#3230,#379,.T.);
#3988=EDGE_CURVE('',#3230,#3231,#380,.T.);
#3989=EDGE_CURVE('',#3231,#3232,#2844,.T.);
#3990=EDGE_CURVE('',#3232,#3233,#381,.T.);
#3991=EDGE_CURVE('',#3233,#3234,#382,.T.);
#3992=EDGE_CURVE('',#3234,#3235,#383,.T.);
#3993=EDGE_CURVE('',#3235,#3236,#384,.T.);
#3994=EDGE_CURVE('',#3236,#3237,#385,.T.);
#3995=EDGE_CURVE('',#3237,#3238,#386,.T.);
#3996=EDGE_CURVE('',#3238,#3239,#387,.T.);
#3997=EDGE_CURVE('',#3239,#3240,#388,.T.);
#3998=EDGE_CURVE('',#3240,#3241,#2845,.T.);
#3999=EDGE_CURVE('',#3241,#3242,#2846,.T.);
#4000=EDGE_CURVE('',#3242,#3243,#2847,.T.);
#4001=EDGE_CURVE('',#3243,#3244,#389,.T.);
#4002=EDGE_CURVE('',#3244,#3245,#2848,.T.);
#4003=EDGE_CURVE('',#3245,#3246,#390,.T.);
#4004=EDGE_CURVE('',#3246,#3247,#391,.T.);
#4005=EDGE_CURVE('',#3247,#3248,#392,.T.);
#4006=EDGE_CURVE('',#3248,#3249,#393,.T.);
#4007=EDGE_CURVE('',#3249,#3250,#394,.T.);
#4008=EDGE_CURVE('',#3250,#3251,#395,.T.);
#4009=EDGE_CURVE('',#3251,#3252,#2849,.T.);
#4010=EDGE_CURVE('',#3252,#3253,#396,.T.);
#4011=EDGE_CURVE('',#3253,#3254,#2850,.T.);
#4012=EDGE_CURVE('',#3254,#3255,#397,.T.);
#4013=EDGE_CURVE('',#3255,#3256,#2851,.T.);
#4014=EDGE_CURVE('',#3256,#3257,#398,.T.);
#4015=EDGE_CURVE('',#3257,#3258,#399,.T.);
#4016=EDGE_CURVE('',#3258,#3259,#400,.T.);
#4017=EDGE_CURVE('',#3259,#3260,#401,.T.);
#4018=EDGE_CURVE('',#3260,#3261,#402,.T.);
#4019=EDGE_CURVE('',#3261,#3262,#403,.T.);
#4020=EDGE_CURVE('',#3262,#3263,#404,.T.);
#4021=EDGE_CURVE('',#3263,#3264,#405,.T.);
#4022=EDGE_CURVE('',#3264,#3265,#2852,.T.);
#4023=EDGE_CURVE('',#3265,#3266,#406,.T.);
#4024=EDGE_CURVE('',#3266,#3267,#407,.T.);
#4025=EDGE_CURVE('',#3267,#3268,#408,.T.);
#4026=EDGE_CURVE('',#3268,#3269,#409,.T.);
#4027=EDGE_CURVE('',#3269,#3270,#2853,.T.);
#4028=EDGE_CURVE('',#3270,#3271,#410,.T.);
#4029=EDGE_CURVE('',#3271,#3272,#411,.T.);
#4030=EDGE_CURVE('',#3272,#3273,#412,.T.);
#4031=EDGE_CURVE('',#3273,#3274,#413,.T.);
#4032=EDGE_CURVE('',#3274,#3275,#2854,.T.);
#4033=EDGE_CURVE('',#3275,#3276,#414,.T.);
#4034=EDGE_CURVE('',#3277,#3276,#2855,.T.);
#4035=EDGE_CURVE('',#3277,#3108,#415,.T.);
#4036=EDGE_CURVE('',#3106,#3278,#416,.T.);
#4037=EDGE_CURVE('',#3279,#3278,#33,.T.);
#4038=EDGE_CURVE('',#3279,#3017,#34,.T.);
#4039=EDGE_CURVE('',#3280,#3281,#35,.T.);
#4040=EDGE_CURVE('',#3281,#3282,#417,.T.);
#4041=EDGE_CURVE('',#3282,#3279,#36,.T.);
#4042=EDGE_CURVE('',#3278,#3283,#418,.T.);
#4043=EDGE_CURVE('',#3283,#3280,#37,.T.);
#4044=EDGE_CURVE('',#3283,#3284,#419,.T.);
#4045=EDGE_CURVE('',#3111,#3284,#38,.T.);
#4046=EDGE_CURVE('',#3110,#3280,#39,.T.);
#4047=EDGE_CURVE('',#3285,#3109,#420,.T.);
#4048=EDGE_CURVE('',#3286,#3285,#421,.T.);
#4049=EDGE_CURVE('',#3287,#3286,#422,.T.);
#4050=EDGE_CURVE('',#3288,#3287,#423,.T.);
#4051=EDGE_CURVE('',#3289,#3288,#424,.T.);
#4052=EDGE_CURVE('',#3290,#3289,#425,.T.);
#4053=EDGE_CURVE('',#3291,#3290,#426,.T.);
#4054=EDGE_CURVE('',#3292,#3291,#427,.T.);
#4055=EDGE_CURVE('',#3293,#3292,#428,.T.);
#4056=EDGE_CURVE('',#3294,#3293,#429,.T.);
#4057=EDGE_CURVE('',#3295,#3294,#430,.T.);
#4058=EDGE_CURVE('',#3296,#3295,#431,.T.);
#4059=EDGE_CURVE('',#3297,#3296,#432,.T.);
#4060=EDGE_CURVE('',#3298,#3297,#433,.T.);
#4061=EDGE_CURVE('',#3284,#3298,#434,.T.);
#4062=EDGE_CURVE('',#3282,#3299,#435,.T.);
#4063=EDGE_CURVE('',#3299,#3300,#40,.T.);
#4064=EDGE_CURVE('',#3300,#3019,#41,.T.);
#4065=EDGE_CURVE('',#3301,#3281,#436,.T.);
#4066=EDGE_CURVE('',#3299,#3301,#437,.T.);
#4067=EDGE_CURVE('',#3301,#3094,#42,.T.);
#4068=EDGE_CURVE('',#3091,#3300,#16,.T.);
#4069=EDGE_CURVE('',#3108,#3302,#438,.T.);
#4070=EDGE_CURVE('',#3302,#3285,#43,.F.);
#4071=EDGE_CURVE('',#3302,#3303,#439,.T.);
#4072=EDGE_CURVE('',#3303,#3286,#44,.F.);
#4073=EDGE_CURVE('',#3304,#3302,#440,.T.);
#4074=EDGE_CURVE('',#3304,#3305,#441,.T.);
#4075=EDGE_CURVE('',#3303,#3305,#442,.T.);
#4076=EDGE_CURVE('',#3306,#3287,#45,.T.);
#4077=EDGE_CURVE('',#3303,#3306,#443,.T.);
#4078=EDGE_CURVE('',#3306,#3307,#444,.T.);
#4079=EDGE_CURVE('',#3307,#3288,#46,.T.);
#4080=EDGE_CURVE('',#3307,#3308,#445,.T.);
#4081=EDGE_CURVE('',#3308,#3289,#47,.F.);
#4082=EDGE_CURVE('',#3306,#3309,#446,.T.);
#4083=EDGE_CURVE('',#3309,#3310,#447,.T.);
#4084=EDGE_CURVE('',#3310,#3307,#448,.F.);
#4085=EDGE_CURVE('',#3308,#3311,#449,.T.);
#4086=EDGE_CURVE('',#3311,#3290,#48,.F.);
#4087=EDGE_CURVE('',#3312,#3308,#450,.T.);
#4088=EDGE_CURVE('',#3312,#3313,#451,.T.);
#4089=EDGE_CURVE('',#3311,#3313,#452,.T.);
#4090=EDGE_CURVE('',#3314,#3291,#49,.T.);
#4091=EDGE_CURVE('',#3311,#3314,#453,.T.);
#4092=EDGE_CURVE('',#3314,#3315,#454,.T.);
#4093=EDGE_CURVE('',#3315,#3292,#50,.T.);
#4094=EDGE_CURVE('',#3315,#3316,#455,.T.);
#4095=EDGE_CURVE('',#3316,#3293,#51,.F.);
#4096=EDGE_CURVE('',#3314,#3317,#456,.T.);
#4097=EDGE_CURVE('',#3317,#3318,#457,.T.);
#4098=EDGE_CURVE('',#3319,#3318,#2856,.T.);
#4099=EDGE_CURVE('',#3319,#3320,#458,.T.);
#4100=EDGE_CURVE('',#3320,#3321,#2857,.T.);
#4101=EDGE_CURVE('',#3321,#3322,#459,.T.);
#4102=EDGE_CURVE('',#3322,#3323,#460,.T.);
#4103=EDGE_CURVE('',#3323,#3324,#461,.T.);
#4104=EDGE_CURVE('',#3324,#3325,#2858,.T.);
#4105=EDGE_CURVE('',#3325,#3326,#462,.T.);
#4106=EDGE_CURVE('',#3326,#3327,#463,.T.);
#4107=EDGE_CURVE('',#3327,#3328,#464,.T.);
#4108=EDGE_CURVE('',#3328,#3329,#465,.T.);
#4109=EDGE_CURVE('',#3329,#3330,#2859,.T.);
#4110=EDGE_CURVE('',#3330,#3331,#466,.T.);
#4111=EDGE_CURVE('',#3331,#3332,#467,.T.);
#4112=EDGE_CURVE('',#3332,#3333,#468,.T.);
#4113=EDGE_CURVE('',#3333,#3334,#2860,.T.);
#4114=EDGE_CURVE('',#3334,#3335,#2861,.T.);
#4115=EDGE_CURVE('',#3335,#3336,#2862,.T.);
#4116=EDGE_CURVE('',#3336,#3337,#469,.T.);
#4117=EDGE_CURVE('',#3337,#3338,#470,.T.);
#4118=EDGE_CURVE('',#3338,#3339,#471,.T.);
#4119=EDGE_CURVE('',#3339,#3340,#2863,.T.);
#4120=EDGE_CURVE('',#3340,#3341,#472,.T.);
#4121=EDGE_CURVE('',#3342,#3341,#2864,.T.);
#4122=EDGE_CURVE('',#3342,#3343,#473,.T.);
#4123=EDGE_CURVE('',#3343,#3315,#474,.T.);
#4124=EDGE_CURVE('',#3316,#3344,#475,.T.);
#4125=EDGE_CURVE('',#3344,#3294,#52,.F.);
#4126=EDGE_CURVE('',#3316,#3345,#476,.T.);
#4127=EDGE_CURVE('',#3345,#3346,#477,.T.);
#4128=EDGE_CURVE('',#3346,#3344,#478,.T.);
#4129=EDGE_CURVE('',#3347,#3295,#53,.T.);
#4130=EDGE_CURVE('',#3344,#3347,#479,.T.);
#4131=EDGE_CURVE('',#3347,#3348,#480,.T.);
#4132=EDGE_CURVE('',#3348,#3296,#54,.T.);
#4133=EDGE_CURVE('',#3348,#3349,#481,.T.);
#4134=EDGE_CURVE('',#3349,#3297,#55,.F.);
#4135=EDGE_CURVE('',#3347,#3350,#482,.T.);
#4136=EDGE_CURVE('',#3350,#3351,#483,.T.);
#4137=EDGE_CURVE('',#3351,#3348,#484,.T.);
#4138=EDGE_CURVE('',#3349,#3352,#485,.T.);
#4139=EDGE_CURVE('',#3352,#3298,#56,.F.);
#4140=EDGE_CURVE('',#3349,#3353,#486,.T.);
#4141=EDGE_CURVE('',#3353,#3354,#487,.T.);
#4142=EDGE_CURVE('',#3354,#3352,#488,.T.);
#4143=EDGE_CURVE('',#3352,#3111,#489,.T.);
#4144=EDGE_CURVE('',#3355,#3356,#2865,.T.);
#4145=EDGE_CURVE('',#3355,#3357,#490,.T.);
#4146=EDGE_CURVE('',#3358,#3357,#2866,.F.);
#4147=EDGE_CURVE('',#3358,#3356,#491,.T.);
#4148=EDGE_CURVE('',#3359,#3358,#492,.T.);
#4149=EDGE_CURVE('',#3359,#3360,#493,.T.);
#4150=EDGE_CURVE('',#3360,#3356,#494,.T.);
#4151=EDGE_CURVE('',#3361,#3362,#2867,.T.);
#4152=EDGE_CURVE('',#3361,#3363,#495,.T.);
#4153=EDGE_CURVE('',#3363,#3364,#2868,.T.);
#4154=EDGE_CURVE('',#3364,#3362,#496,.T.);
#4155=EDGE_CURVE('',#3355,#3362,#2869,.T.);
#4156=EDGE_CURVE('',#3357,#3364,#2870,.T.);
#4157=EDGE_CURVE('',#3135,#3365,#497,.T.);
#4158=EDGE_CURVE('',#3366,#3365,#2871,.T.);
#4159=EDGE_CURVE('',#3366,#3136,#498,.T.);
#4160=EDGE_CURVE('',#3367,#3368,#2872,.T.);
#4161=EDGE_CURVE('',#3367,#3369,#499,.T.);
#4162=EDGE_CURVE('',#3369,#3370,#2873,.T.);
#4163=EDGE_CURVE('',#3370,#3368,#500,.T.);
#4164=EDGE_CURVE('',#3371,#3370,#501,.T.);
#4165=EDGE_CURVE('',#3371,#3372,#502,.T.);
#4166=EDGE_CURVE('',#3372,#3368,#503,.T.);
#4167=EDGE_CURVE('',#3373,#3374,#2874,.T.);
#4168=EDGE_CURVE('',#3373,#3375,#504,.T.);
#4169=EDGE_CURVE('',#3375,#3376,#2875,.T.);
#4170=EDGE_CURVE('',#3376,#3374,#505,.T.);
#4171=EDGE_CURVE('',#3377,#3376,#506,.T.);
#4172=EDGE_CURVE('',#3377,#3378,#507,.T.);
#4173=EDGE_CURVE('',#3378,#3374,#508,.T.);
#4174=EDGE_CURVE('',#3379,#3380,#2876,.T.);
#4175=EDGE_CURVE('',#3379,#3381,#509,.T.);
#4176=EDGE_CURVE('',#3381,#3382,#2877,.T.);
#4177=EDGE_CURVE('',#3382,#3380,#510,.T.);
#4178=EDGE_CURVE('',#3383,#3382,#2878,.T.);
#4179=EDGE_CURVE('',#3383,#3384,#511,.T.);
#4180=EDGE_CURVE('',#3384,#3380,#2879,.T.);
#4181=EDGE_CURVE('',#3385,#3386,#2880,.F.);
#4182=EDGE_CURVE('',#3385,#3387,#512,.T.);
#4183=EDGE_CURVE('',#3388,#3387,#2881,.T.);
#4184=EDGE_CURVE('',#3388,#3386,#513,.T.);
#4185=EDGE_CURVE('',#3389,#3385,#2882,.T.);
#4186=EDGE_CURVE('',#3389,#3390,#514,.T.);
#4187=EDGE_CURVE('',#3390,#3387,#2883,.T.);
#4188=EDGE_CURVE('',#3391,#3392,#2884,.T.);
#4189=EDGE_CURVE('',#3391,#3393,#515,.T.);
#4190=EDGE_CURVE('',#3393,#3394,#2885,.T.);
#4191=EDGE_CURVE('',#3394,#3392,#516,.T.);
#4192=EDGE_CURVE('',#3395,#3394,#2886,.T.);
#4193=EDGE_CURVE('',#3396,#3395,#517,.T.);
#4194=EDGE_CURVE('',#3396,#3392,#2887,.T.);
#4195=EDGE_CURVE('',#3396,#3397,#2888,.T.);
#4196=EDGE_CURVE('',#3395,#3398,#2889,.T.);
#4197=EDGE_CURVE('',#3398,#3397,#518,.T.);
#4198=EDGE_CURVE('',#3399,#3398,#519,.T.);
#4199=EDGE_CURVE('',#3399,#3400,#520,.T.);
#4200=EDGE_CURVE('',#3400,#3397,#521,.T.);
#4201=EDGE_CURVE('',#3401,#3402,#2890,.T.);
#4202=EDGE_CURVE('',#3401,#3174,#522,.T.);
#4203=EDGE_CURVE('',#3173,#3402,#523,.T.);
#4204=EDGE_CURVE('',#3172,#3403,#524,.T.);
#4205=EDGE_CURVE('',#3403,#3402,#525,.T.);
#4206=EDGE_CURVE('',#3404,#3405,#2891,.T.);
#4207=EDGE_CURVE('',#3404,#3167,#526,.T.);
#4208=EDGE_CURVE('',#3166,#3405,#527,.T.);
#4209=EDGE_CURVE('',#3406,#3165,#528,.T.);
#4210=EDGE_CURVE('',#3406,#3405,#2892,.T.);
#4211=EDGE_CURVE('',#3406,#3407,#2893,.T.);
#4212=EDGE_CURVE('',#3164,#3407,#529,.T.);
#4213=EDGE_CURVE('',#3163,#3408,#530,.T.);
#4214=EDGE_CURVE('',#3408,#3407,#531,.T.);
#4215=EDGE_CURVE('',#3134,#3409,#532,.T.);
#4216=EDGE_CURVE('',#3409,#3365,#2894,.T.);
#4217=EDGE_CURVE('',#3410,#3411,#2895,.T.);
#4218=EDGE_CURVE('',#3410,#3138,#533,.T.);
#4219=EDGE_CURVE('',#3137,#3411,#534,.T.);
#4220=EDGE_CURVE('',#3366,#3411,#2896,.T.);
#4221=EDGE_CURVE('',#3412,#3413,#2897,.T.);
#4222=EDGE_CURVE('',#3412,#3141,#535,.T.);
#4223=EDGE_CURVE('',#3140,#3413,#536,.T.);
#4224=EDGE_CURVE('',#3139,#3414,#537,.T.);
#4225=EDGE_CURVE('',#3414,#3413,#538,.T.);
#4226=EDGE_CURVE('',#3415,#3416,#2898,.T.);
#4227=EDGE_CURVE('',#3415,#3143,#539,.T.);
#4228=EDGE_CURVE('',#3142,#3416,#540,.T.);
#4229=EDGE_CURVE('',#3412,#3416,#2899,.T.);
#4230=EDGE_CURVE('',#3417,#3418,#2900,.T.);
#4231=EDGE_CURVE('',#3417,#3154,#541,.T.);
#4232=EDGE_CURVE('',#3418,#3153,#542,.T.);
#4233=EDGE_CURVE('',#3417,#3419,#543,.T.);
#4234=EDGE_CURVE('',#3155,#3419,#544,.T.);
#4235=EDGE_CURVE('',#3420,#3421,#2901,.T.);
#4236=EDGE_CURVE('',#3420,#3114,#545,.T.);
#4237=EDGE_CURVE('',#3113,#3421,#546,.T.);
#4238=EDGE_CURVE('',#3422,#3423,#2902,.T.);
#4239=EDGE_CURVE('',#3422,#3342,#547,.T.);
#4240=EDGE_CURVE('',#3341,#3423,#548,.T.);
#4241=EDGE_CURVE('',#3424,#3340,#549,.T.);
#4242=EDGE_CURVE('',#3424,#3423,#550,.T.);
#4243=EDGE_CURVE('',#3425,#3426,#2903,.T.);
#4244=EDGE_CURVE('',#3425,#3319,#551,.T.);
#4245=EDGE_CURVE('',#3318,#3426,#552,.T.);
#4246=EDGE_CURVE('',#3427,#3426,#553,.T.);
#4247=EDGE_CURVE('',#3427,#3428,#2904,.T.);
#4248=EDGE_CURVE('',#3429,#3428,#554,.T.);
#4249=EDGE_CURVE('',#3430,#3429,#2905,.T.);
#4250=EDGE_CURVE('',#3431,#3430,#555,.T.);
#4251=EDGE_CURVE('',#3432,#3431,#556,.T.);
#4252=EDGE_CURVE('',#3433,#3432,#557,.T.);
#4253=EDGE_CURVE('',#3434,#3433,#558,.T.);
#4254=EDGE_CURVE('',#3435,#3434,#2906,.T.);
#4255=EDGE_CURVE('',#3425,#3435,#559,.T.);
#4256=EDGE_CURVE('',#3313,#3317,#560,.T.);
#4257=EDGE_CURVE('',#3310,#3312,#561,.T.);
#4258=EDGE_CURVE('',#3305,#3309,#562,.T.);
#4259=EDGE_CURVE('',#3427,#3304,#563,.T.);
#4260=EDGE_CURVE('',#3277,#3304,#564,.T.);
#4261=EDGE_CURVE('',#3276,#3428,#565,.T.);
#4262=EDGE_CURVE('',#3422,#3421,#566,.T.);
#4263=EDGE_CURVE('',#3354,#3112,#567,.T.);
#4264=EDGE_CURVE('',#3351,#3353,#568,.T.);
#4265=EDGE_CURVE('',#3346,#3350,#569,.T.);
#4266=EDGE_CURVE('',#3343,#3345,#570,.T.);
#4267=EDGE_CURVE('',#3420,#3436,#571,.T.);
#4268=EDGE_CURVE('',#3115,#3436,#572,.T.);
#4269=EDGE_CURVE('',#3437,#3424,#2907,.T.);
#4270=EDGE_CURVE('',#3438,#3437,#573,.T.);
#4271=EDGE_CURVE('',#3439,#3438,#574,.T.);
#4272=EDGE_CURVE('',#3440,#3439,#575,.T.);
#4273=EDGE_CURVE('',#3441,#3440,#576,.T.);
#4274=EDGE_CURVE('',#3442,#3441,#577,.T.);
#4275=EDGE_CURVE('',#3443,#3442,#578,.T.);
#4276=EDGE_CURVE('',#3436,#3443,#2908,.T.);
#4277=EDGE_CURVE('',#3429,#3275,#579,.T.);
#4278=EDGE_CURVE('',#3320,#3435,#580,.T.);
#4279=EDGE_CURVE('',#3443,#3444,#581,.T.);
#4280=EDGE_CURVE('',#3444,#3445,#2909,.T.);
#4281=EDGE_CURVE('',#3116,#3445,#582,.T.);
#4282=EDGE_CURVE('',#3442,#3446,#583,.T.);
#4283=EDGE_CURVE('',#3446,#3444,#584,.T.);
#4284=EDGE_CURVE('',#3441,#3447,#585,.T.);
#4285=EDGE_CURVE('',#3447,#3446,#586,.T.);
#4286=EDGE_CURVE('',#3440,#3448,#587,.T.);
#4287=EDGE_CURVE('',#3448,#3447,#588,.T.);
#4288=EDGE_CURVE('',#3439,#3449,#589,.T.);
#4289=EDGE_CURVE('',#3449,#3448,#590,.T.);
#4290=EDGE_CURVE('',#3431,#3450,#591,.T.);
#4291=EDGE_CURVE('',#3450,#3451,#592,.T.);
#4292=EDGE_CURVE('',#3432,#3451,#593,.T.);
#4293=EDGE_CURVE('',#3430,#3452,#594,.T.);
#4294=EDGE_CURVE('',#3452,#3450,#595,.T.);
#4295=EDGE_CURVE('',#3274,#3453,#596,.T.);
#4296=EDGE_CURVE('',#3453,#3452,#2910,.T.);
#4297=EDGE_CURVE('',#3438,#3454,#597,.T.);
#4298=EDGE_CURVE('',#3454,#3449,#598,.T.);
#4299=EDGE_CURVE('',#3339,#3455,#599,.T.);
#4300=EDGE_CURVE('',#3455,#3456,#2911,.T.);
#4301=EDGE_CURVE('',#3437,#3456,#600,.T.);
#4302=EDGE_CURVE('',#3457,#3458,#2912,.T.);
#4303=EDGE_CURVE('',#3457,#3459,#601,.T.);
#4304=EDGE_CURVE('',#3459,#3460,#2913,.T.);
#4305=EDGE_CURVE('',#3458,#3460,#602,.T.);
#4306=EDGE_CURVE('',#3461,#3457,#603,.T.);
#4307=EDGE_CURVE('',#3461,#3462,#604,.T.);
#4308=EDGE_CURVE('',#3462,#3459,#605,.T.);
#4309=EDGE_CURVE('',#3463,#3461,#2914,.T.);
#4310=EDGE_CURVE('',#3463,#3464,#606,.T.);
#4311=EDGE_CURVE('',#3464,#3462,#2915,.T.);
#4312=EDGE_CURVE('',#3465,#3463,#2916,.T.);
#4313=EDGE_CURVE('',#3465,#3466,#607,.T.);
#4314=EDGE_CURVE('',#3466,#3464,#2917,.T.);
#4315=EDGE_CURVE('',#3467,#3465,#2918,.T.);
#4316=EDGE_CURVE('',#3467,#3468,#608,.T.);
#4317=EDGE_CURVE('',#3468,#3466,#2919,.T.);
#4318=EDGE_CURVE('',#3469,#3467,#609,.T.);
#4319=EDGE_CURVE('',#3469,#3470,#610,.T.);
#4320=EDGE_CURVE('',#3470,#3468,#611,.T.);
#4321=EDGE_CURVE('',#3471,#3469,#2920,.T.);
#4322=EDGE_CURVE('',#3471,#3472,#612,.T.);
#4323=EDGE_CURVE('',#3472,#3470,#2921,.T.);
#4324=EDGE_CURVE('',#3473,#3471,#613,.T.);
#4325=EDGE_CURVE('',#3473,#3474,#614,.T.);
#4326=EDGE_CURVE('',#3474,#3472,#615,.T.);
#4327=EDGE_CURVE('',#3475,#3473,#2922,.T.);
#4328=EDGE_CURVE('',#3475,#3476,#616,.T.);
#4329=EDGE_CURVE('',#3476,#3474,#2923,.T.);
#4330=EDGE_CURVE('',#3477,#3475,#617,.T.);
#4331=EDGE_CURVE('',#3477,#3478,#618,.T.);
#4332=EDGE_CURVE('',#3478,#3476,#619,.T.);
#4333=EDGE_CURVE('',#3479,#3477,#2924,.T.);
#4334=EDGE_CURVE('',#3479,#3480,#620,.T.);
#4335=EDGE_CURVE('',#3480,#3478,#2925,.T.);
#4336=EDGE_CURVE('',#3458,#3479,#621,.T.);
#4337=EDGE_CURVE('',#3460,#3480,#622,.T.);
#4338=EDGE_CURVE('',#3481,#3399,#2926,.T.);
#4339=EDGE_CURVE('',#3481,#3482,#623,.T.);
#4340=EDGE_CURVE('',#3482,#3400,#2927,.T.);
#4341=EDGE_CURVE('',#3483,#3481,#624,.T.);
#4342=EDGE_CURVE('',#3483,#3484,#625,.T.);
#4343=EDGE_CURVE('',#3484,#3482,#626,.T.);
#4344=EDGE_CURVE('',#3485,#3483,#2928,.T.);
#4345=EDGE_CURVE('',#3485,#3486,#627,.T.);
#4346=EDGE_CURVE('',#3486,#3484,#2929,.T.);
#4347=EDGE_CURVE('',#3391,#3486,#628,.T.);
#4348=EDGE_CURVE('',#3393,#3485,#629,.T.);
#4349=EDGE_CURVE('',#3487,#3488,#2930,.T.);
#4350=EDGE_CURVE('',#3487,#3489,#630,.T.);
#4351=EDGE_CURVE('',#3489,#3490,#2931,.T.);
#4352=EDGE_CURVE('',#3488,#3490,#631,.T.);
#4353=EDGE_CURVE('',#3491,#3487,#632,.T.);
#4354=EDGE_CURVE('',#3491,#3492,#633,.T.);
#4355=EDGE_CURVE('',#3492,#3489,#634,.T.);
#4356=EDGE_CURVE('',#3493,#3491,#2932,.T.);
#4357=EDGE_CURVE('',#3493,#3494,#635,.T.);
#4358=EDGE_CURVE('',#3494,#3492,#2933,.T.);
#4359=EDGE_CURVE('',#3495,#3493,#636,.T.);
#4360=EDGE_CURVE('',#3495,#3496,#637,.T.);
#4361=EDGE_CURVE('',#3496,#3494,#638,.T.);
#4362=EDGE_CURVE('',#3497,#3495,#2934,.T.);
#4363=EDGE_CURVE('',#3497,#3498,#639,.T.);
#4364=EDGE_CURVE('',#3498,#3496,#2935,.T.);
#4365=EDGE_CURVE('',#3499,#3497,#640,.T.);
#4366=EDGE_CURVE('',#3499,#3500,#641,.T.);
#4367=EDGE_CURVE('',#3500,#3498,#642,.T.);
#4368=EDGE_CURVE('',#3501,#3499,#2936,.T.);
#4369=EDGE_CURVE('',#3501,#3502,#643,.T.);
#4370=EDGE_CURVE('',#3502,#3500,#2937,.T.);
#4371=EDGE_CURVE('',#3503,#3501,#644,.T.);
#4372=EDGE_CURVE('',#3503,#3504,#645,.T.);
#4373=EDGE_CURVE('',#3504,#3502,#646,.T.);
#4374=EDGE_CURVE('',#3505,#3503,#2938,.T.);
#4375=EDGE_CURVE('',#3505,#3506,#647,.T.);
#4376=EDGE_CURVE('',#3506,#3504,#2939,.T.);
#4377=EDGE_CURVE('',#3373,#3506,#648,.T.);
#4378=EDGE_CURVE('',#3375,#3505,#649,.T.);
#4379=EDGE_CURVE('',#3507,#3377,#650,.T.);
#4380=EDGE_CURVE('',#3507,#3508,#651,.T.);
#4381=EDGE_CURVE('',#3508,#3378,#652,.T.);
#4382=EDGE_CURVE('',#3509,#3507,#653,.T.);
#4383=EDGE_CURVE('',#3509,#3510,#654,.T.);
#4384=EDGE_CURVE('',#3510,#3508,#655,.T.);
#4385=EDGE_CURVE('',#3511,#3509,#656,.T.);
#4386=EDGE_CURVE('',#3511,#3512,#657,.T.);
#4387=EDGE_CURVE('',#3512,#3510,#658,.T.);
#4388=EDGE_CURVE('',#3367,#3512,#2940,.T.);
#4389=EDGE_CURVE('',#3369,#3511,#2941,.T.);
#4390=EDGE_CURVE('',#3513,#3371,#2942,.T.);
#4391=EDGE_CURVE('',#3513,#3514,#659,.T.);
#4392=EDGE_CURVE('',#3514,#3372,#2943,.T.);
#4393=EDGE_CURVE('',#3515,#3513,#660,.T.);
#4394=EDGE_CURVE('',#3515,#3516,#661,.T.);
#4395=EDGE_CURVE('',#3516,#3514,#662,.T.);
#4396=EDGE_CURVE('',#3517,#3515,#2944,.T.);
#4397=EDGE_CURVE('',#3517,#3518,#663,.T.);
#4398=EDGE_CURVE('',#3518,#3516,#2945,.T.);
#4399=EDGE_CURVE('',#3519,#3517,#664,.T.);
#4400=EDGE_CURVE('',#3519,#3520,#665,.T.);
#4401=EDGE_CURVE('',#3520,#3518,#666,.T.);
#4402=EDGE_CURVE('',#3521,#3519,#2946,.T.);
#4403=EDGE_CURVE('',#3521,#3522,#667,.T.);
#4404=EDGE_CURVE('',#3522,#3520,#2947,.T.);
#4405=EDGE_CURVE('',#3523,#3521,#668,.T.);
#4406=EDGE_CURVE('',#3523,#3524,#669,.T.);
#4407=EDGE_CURVE('',#3524,#3522,#670,.T.);
#4408=EDGE_CURVE('',#3525,#3523,#2948,.T.);
#4409=EDGE_CURVE('',#3525,#3526,#671,.T.);
#4410=EDGE_CURVE('',#3526,#3524,#2949,.T.);
#4411=EDGE_CURVE('',#3388,#3526,#672,.T.);
#4412=EDGE_CURVE('',#3386,#3525,#673,.T.);
#4413=EDGE_CURVE('',#3527,#3389,#2950,.T.);
#4414=EDGE_CURVE('',#3527,#3528,#674,.T.);
#4415=EDGE_CURVE('',#3528,#3390,#2951,.T.);
#4416=EDGE_CURVE('',#3379,#3528,#2952,.T.);
#4417=EDGE_CURVE('',#3381,#3527,#2953,.T.);
#4418=EDGE_CURVE('',#3488,#3383,#675,.T.);
#4419=EDGE_CURVE('',#3490,#3384,#676,.T.);
#4420=EDGE_CURVE('',#3529,#3530,#2954,.T.);
#4421=EDGE_CURVE('',#3529,#3531,#677,.T.);
#4422=EDGE_CURVE('',#3531,#3532,#2955,.T.);
#4423=EDGE_CURVE('',#3530,#3532,#678,.T.);
#4424=EDGE_CURVE('',#3533,#3529,#679,.T.);
#4425=EDGE_CURVE('',#3533,#3534,#680,.T.);
#4426=EDGE_CURVE('',#3534,#3531,#681,.T.);
#4427=EDGE_CURVE('',#3535,#3533,#2956,.T.);
#4428=EDGE_CURVE('',#3535,#3536,#682,.T.);
#4429=EDGE_CURVE('',#3536,#3534,#2957,.T.);
#4430=EDGE_CURVE('',#3537,#3535,#683,.T.);
#4431=EDGE_CURVE('',#3537,#3538,#684,.T.);
#4432=EDGE_CURVE('',#3538,#3536,#685,.T.);
#4433=EDGE_CURVE('',#3539,#3537,#2958,.T.);
#4434=EDGE_CURVE('',#3539,#3540,#686,.T.);
#4435=EDGE_CURVE('',#3540,#3538,#2959,.T.);
#4436=EDGE_CURVE('',#3541,#3539,#687,.T.);
#4437=EDGE_CURVE('',#3541,#3542,#688,.T.);
#4438=EDGE_CURVE('',#3542,#3540,#689,.T.);
#4439=EDGE_CURVE('',#3543,#3541,#690,.T.);
#4440=EDGE_CURVE('',#3543,#3544,#691,.T.);
#4441=EDGE_CURVE('',#3544,#3542,#692,.T.);
#4442=EDGE_CURVE('',#3545,#3543,#693,.T.);
#4443=EDGE_CURVE('',#3545,#3546,#694,.T.);
#4444=EDGE_CURVE('',#3546,#3544,#695,.T.);
#4445=EDGE_CURVE('',#3547,#3545,#696,.T.);
#4446=EDGE_CURVE('',#3547,#3548,#697,.T.);
#4447=EDGE_CURVE('',#3548,#3546,#698,.T.);
#4448=EDGE_CURVE('',#3549,#3547,#2960,.T.);
#4449=EDGE_CURVE('',#3549,#3550,#699,.T.);
#4450=EDGE_CURVE('',#3550,#3548,#2961,.T.);
#4451=EDGE_CURVE('',#3551,#3549,#700,.T.);
#4452=EDGE_CURVE('',#3551,#3552,#701,.T.);
#4453=EDGE_CURVE('',#3552,#3550,#702,.T.);
#4454=EDGE_CURVE('',#3553,#3551,#703,.T.);
#4455=EDGE_CURVE('',#3553,#3554,#704,.T.);
#4456=EDGE_CURVE('',#3554,#3552,#705,.T.);
#4457=EDGE_CURVE('',#3361,#3554,#2962,.T.);
#4458=EDGE_CURVE('',#3363,#3553,#2963,.T.);
#4459=EDGE_CURVE('',#3555,#3359,#706,.T.);
#4460=EDGE_CURVE('',#3555,#3556,#707,.T.);
#4461=EDGE_CURVE('',#3556,#3360,#708,.T.);
#4462=EDGE_CURVE('',#3557,#3555,#709,.T.);
#4463=EDGE_CURVE('',#3557,#3558,#710,.T.);
#4464=EDGE_CURVE('',#3558,#3556,#711,.T.);
#4465=EDGE_CURVE('',#3559,#3557,#712,.T.);
#4466=EDGE_CURVE('',#3559,#3560,#713,.T.);
#4467=EDGE_CURVE('',#3560,#3558,#714,.T.);
#4468=EDGE_CURVE('',#3530,#3559,#715,.T.);
#4469=EDGE_CURVE('',#3532,#3560,#716,.T.);
#4470=EDGE_CURVE('',#3162,#3561,#717,.T.);
#4471=EDGE_CURVE('',#3561,#3408,#2964,.T.);
#4472=EDGE_CURVE('',#3161,#3562,#718,.T.);
#4473=EDGE_CURVE('',#3562,#3561,#719,.T.);
#4474=EDGE_CURVE('',#3160,#3563,#720,.T.);
#4475=EDGE_CURVE('',#3563,#3562,#721,.T.);
#4476=EDGE_CURVE('',#3159,#3564,#722,.T.);
#4477=EDGE_CURVE('',#3564,#3563,#2965,.T.);
#4478=EDGE_CURVE('',#3158,#3565,#723,.T.);
#4479=EDGE_CURVE('',#3565,#3564,#724,.T.);
#4480=EDGE_CURVE('',#3157,#3566,#725,.T.);
#4481=EDGE_CURVE('',#3566,#3565,#726,.T.);
#4482=EDGE_CURVE('',#3156,#3567,#727,.T.);
#4483=EDGE_CURVE('',#3567,#3566,#728,.T.);
#4484=EDGE_CURVE('',#3419,#3567,#729,.T.);
#4485=EDGE_CURVE('',#3152,#3568,#730,.T.);
#4486=EDGE_CURVE('',#3568,#3418,#731,.T.);
#4487=EDGE_CURVE('',#3151,#3569,#732,.T.);
#4488=EDGE_CURVE('',#3569,#3568,#733,.T.);
#4489=EDGE_CURVE('',#3150,#3570,#734,.T.);
#4490=EDGE_CURVE('',#3570,#3569,#735,.T.);
#4491=EDGE_CURVE('',#3149,#3571,#736,.T.);
#4492=EDGE_CURVE('',#3571,#3570,#737,.T.);
#4493=EDGE_CURVE('',#3148,#3572,#738,.T.);
#4494=EDGE_CURVE('',#3572,#3571,#2966,.T.);
#4495=EDGE_CURVE('',#3147,#3573,#739,.T.);
#4496=EDGE_CURVE('',#3573,#3572,#740,.T.);
#4497=EDGE_CURVE('',#3146,#3574,#741,.T.);
#4498=EDGE_CURVE('',#3574,#3573,#742,.T.);
#4499=EDGE_CURVE('',#3145,#3575,#743,.T.);
#4500=EDGE_CURVE('',#3575,#3574,#744,.T.);
#4501=EDGE_CURVE('',#3144,#3576,#745,.T.);
#4502=EDGE_CURVE('',#3576,#3575,#746,.T.);
#4503=EDGE_CURVE('',#3415,#3576,#747,.T.);
#4504=EDGE_CURVE('',#3410,#3414,#2967,.T.);
#4505=EDGE_CURVE('',#3133,#3577,#748,.T.);
#4506=EDGE_CURVE('',#3577,#3409,#749,.T.);
#4507=EDGE_CURVE('',#3132,#3578,#750,.T.);
#4508=EDGE_CURVE('',#3578,#3577,#751,.T.);
#4509=EDGE_CURVE('',#3131,#3579,#752,.T.);
#4510=EDGE_CURVE('',#3579,#3578,#753,.T.);
#4511=EDGE_CURVE('',#3130,#3580,#754,.T.);
#4512=EDGE_CURVE('',#3580,#3579,#755,.T.);
#4513=EDGE_CURVE('',#3129,#3581,#756,.T.);
#4514=EDGE_CURVE('',#3581,#3580,#2968,.T.);
#4515=EDGE_CURVE('',#3128,#3582,#757,.T.);
#4516=EDGE_CURVE('',#3582,#3581,#758,.T.);
#4517=EDGE_CURVE('',#3127,#3583,#759,.T.);
#4518=EDGE_CURVE('',#3583,#3582,#760,.T.);
#4519=EDGE_CURVE('',#3126,#3584,#761,.T.);
#4520=EDGE_CURVE('',#3584,#3583,#2969,.T.);
#4521=EDGE_CURVE('',#3125,#3585,#762,.T.);
#4522=EDGE_CURVE('',#3585,#3584,#763,.T.);
#4523=EDGE_CURVE('',#3124,#3586,#764,.T.);
#4524=EDGE_CURVE('',#3586,#3585,#2970,.T.);
#4525=EDGE_CURVE('',#3123,#3587,#765,.T.);
#4526=EDGE_CURVE('',#3587,#3586,#2971,.T.);
#4527=EDGE_CURVE('',#3122,#3588,#766,.T.);
#4528=EDGE_CURVE('',#3588,#3587,#2972,.T.);
#4529=EDGE_CURVE('',#3121,#3589,#767,.T.);
#4530=EDGE_CURVE('',#3589,#3588,#768,.T.);
#4531=EDGE_CURVE('',#3120,#3590,#769,.T.);
#4532=EDGE_CURVE('',#3590,#3589,#2973,.T.);
#4533=EDGE_CURVE('',#3119,#3591,#770,.T.);
#4534=EDGE_CURVE('',#3591,#3590,#771,.T.);
#4535=EDGE_CURVE('',#3118,#3592,#772,.T.);
#4536=EDGE_CURVE('',#3592,#3591,#773,.T.);
#4537=EDGE_CURVE('',#3117,#3593,#774,.T.);
#4538=EDGE_CURVE('',#3593,#3592,#775,.T.);
#4539=EDGE_CURVE('',#3445,#3593,#776,.T.);
#4540=EDGE_CURVE('',#3456,#3454,#777,.T.);
#4541=EDGE_CURVE('',#3338,#3594,#778,.T.);
#4542=EDGE_CURVE('',#3594,#3455,#779,.T.);
#4543=EDGE_CURVE('',#3337,#3595,#780,.T.);
#4544=EDGE_CURVE('',#3595,#3594,#781,.T.);
#4545=EDGE_CURVE('',#3336,#3596,#782,.T.);
#4546=EDGE_CURVE('',#3596,#3595,#783,.T.);
#4547=EDGE_CURVE('',#3335,#3597,#784,.T.);
#4548=EDGE_CURVE('',#3597,#3596,#2974,.T.);
#4549=EDGE_CURVE('',#3334,#3598,#785,.T.);
#4550=EDGE_CURVE('',#3598,#3597,#2975,.T.);
#4551=EDGE_CURVE('',#3333,#3599,#786,.T.);
#4552=EDGE_CURVE('',#3599,#3598,#2976,.T.);
#4553=EDGE_CURVE('',#3332,#3600,#787,.T.);
#4554=EDGE_CURVE('',#3600,#3599,#788,.T.);
#4555=EDGE_CURVE('',#3331,#3601,#789,.T.);
#4556=EDGE_CURVE('',#3601,#3600,#790,.T.);
#4557=EDGE_CURVE('',#3330,#3602,#791,.T.);
#4558=EDGE_CURVE('',#3602,#3601,#792,.T.);
#4559=EDGE_CURVE('',#3329,#3603,#793,.T.);
#4560=EDGE_CURVE('',#3603,#3602,#2977,.T.);
#4561=EDGE_CURVE('',#3328,#3604,#794,.T.);
#4562=EDGE_CURVE('',#3604,#3603,#795,.T.);
#4563=EDGE_CURVE('',#3327,#3605,#796,.T.);
#4564=EDGE_CURVE('',#3605,#3604,#797,.T.);
#4565=EDGE_CURVE('',#3326,#3606,#798,.T.);
#4566=EDGE_CURVE('',#3606,#3605,#799,.T.);
#4567=EDGE_CURVE('',#3325,#3607,#800,.T.);
#4568=EDGE_CURVE('',#3607,#3606,#801,.T.);
#4569=EDGE_CURVE('',#3324,#3608,#802,.T.);
#4570=EDGE_CURVE('',#3608,#3607,#2978,.T.);
#4571=EDGE_CURVE('',#3323,#3609,#803,.T.);
#4572=EDGE_CURVE('',#3609,#3608,#804,.T.);
#4573=EDGE_CURVE('',#3322,#3610,#805,.T.);
#4574=EDGE_CURVE('',#3610,#3609,#806,.T.);
#4575=EDGE_CURVE('',#3321,#3611,#807,.T.);
#4576=EDGE_CURVE('',#3611,#3610,#808,.T.);
#4577=EDGE_CURVE('',#3434,#3612,#809,.T.);
#4578=EDGE_CURVE('',#3612,#3611,#2979,.T.);
#4579=EDGE_CURVE('',#3433,#3613,#810,.T.);
#4580=EDGE_CURVE('',#3613,#3612,#811,.T.);
#4581=EDGE_CURVE('',#3451,#3613,#812,.T.);
#4582=EDGE_CURVE('',#3273,#3614,#813,.T.);
#4583=EDGE_CURVE('',#3614,#3453,#814,.T.);
#4584=EDGE_CURVE('',#3272,#3615,#815,.T.);
#4585=EDGE_CURVE('',#3615,#3614,#816,.T.);
#4586=EDGE_CURVE('',#3271,#3616,#817,.T.);
#4587=EDGE_CURVE('',#3616,#3615,#818,.T.);
#4588=EDGE_CURVE('',#3270,#3617,#819,.T.);
#4589=EDGE_CURVE('',#3617,#3616,#820,.T.);
#4590=EDGE_CURVE('',#3269,#3618,#821,.T.);
#4591=EDGE_CURVE('',#3618,#3617,#2980,.T.);
#4592=EDGE_CURVE('',#3268,#3619,#822,.T.);
#4593=EDGE_CURVE('',#3619,#3618,#823,.T.);
#4594=EDGE_CURVE('',#3267,#3620,#824,.T.);
#4595=EDGE_CURVE('',#3620,#3619,#825,.T.);
#4596=EDGE_CURVE('',#3266,#3621,#826,.T.);
#4597=EDGE_CURVE('',#3621,#3620,#827,.T.);
#4598=EDGE_CURVE('',#3265,#3622,#828,.T.);
#4599=EDGE_CURVE('',#3622,#3621,#829,.T.);
#4600=EDGE_CURVE('',#3264,#3623,#830,.T.);
#4601=EDGE_CURVE('',#3623,#3622,#2981,.T.);
#4602=EDGE_CURVE('',#3263,#3624,#831,.T.);
#4603=EDGE_CURVE('',#3624,#3623,#832,.T.);
#4604=EDGE_CURVE('',#3262,#3625,#833,.T.);
#4605=EDGE_CURVE('',#3625,#3624,#834,.T.);
#4606=EDGE_CURVE('',#3261,#3626,#835,.T.);
#4607=EDGE_CURVE('',#3626,#3625,#836,.T.);
#4608=EDGE_CURVE('',#3260,#3627,#837,.T.);
#4609=EDGE_CURVE('',#3627,#3626,#838,.T.);
#4610=EDGE_CURVE('',#3259,#3628,#839,.T.);
#4611=EDGE_CURVE('',#3628,#3627,#840,.T.);
#4612=EDGE_CURVE('',#3258,#3629,#841,.T.);
#4613=EDGE_CURVE('',#3629,#3628,#842,.T.);
#4614=EDGE_CURVE('',#3257,#3630,#843,.T.);
#4615=EDGE_CURVE('',#3630,#3629,#844,.T.);
#4616=EDGE_CURVE('',#3256,#3631,#845,.T.);
#4617=EDGE_CURVE('',#3631,#3630,#846,.T.);
#4618=EDGE_CURVE('',#3255,#3632,#847,.T.);
#4619=EDGE_CURVE('',#3632,#3631,#2982,.T.);
#4620=EDGE_CURVE('',#3254,#3633,#848,.T.);
#4621=EDGE_CURVE('',#3633,#3632,#849,.T.);
#4622=EDGE_CURVE('',#3253,#3634,#850,.T.);
#4623=EDGE_CURVE('',#3634,#3633,#2983,.T.);
#4624=EDGE_CURVE('',#3252,#3635,#851,.T.);
#4625=EDGE_CURVE('',#3635,#3634,#852,.T.);
#4626=EDGE_CURVE('',#3251,#3636,#853,.T.);
#4627=EDGE_CURVE('',#3636,#3635,#2984,.T.);
#4628=EDGE_CURVE('',#3250,#3637,#854,.T.);
#4629=EDGE_CURVE('',#3637,#3636,#855,.T.);
#4630=EDGE_CURVE('',#3249,#3638,#856,.T.);
#4631=EDGE_CURVE('',#3638,#3637,#857,.T.);
#4632=EDGE_CURVE('',#3248,#3639,#858,.T.);
#4633=EDGE_CURVE('',#3639,#3638,#859,.T.);
#4634=EDGE_CURVE('',#3247,#3640,#860,.T.);
#4635=EDGE_CURVE('',#3640,#3639,#861,.T.);
#4636=EDGE_CURVE('',#3246,#3641,#862,.T.);
#4637=EDGE_CURVE('',#3641,#3640,#863,.T.);
#4638=EDGE_CURVE('',#3245,#3642,#864,.T.);
#4639=EDGE_CURVE('',#3642,#3641,#865,.T.);
#4640=EDGE_CURVE('',#3244,#3643,#866,.T.);
#4641=EDGE_CURVE('',#3643,#3642,#2985,.T.);
#4642=EDGE_CURVE('',#3243,#3644,#867,.T.);
#4643=EDGE_CURVE('',#3644,#3643,#868,.T.);
#4644=EDGE_CURVE('',#3242,#3645,#869,.T.);
#4645=EDGE_CURVE('',#3645,#3644,#2986,.T.);
#4646=EDGE_CURVE('',#3241,#3646,#870,.T.);
#4647=EDGE_CURVE('',#3646,#3645,#2987,.T.);
#4648=EDGE_CURVE('',#3240,#3647,#871,.T.);
#4649=EDGE_CURVE('',#3647,#3646,#2988,.T.);
#4650=EDGE_CURVE('',#3239,#3648,#872,.T.);
#4651=EDGE_CURVE('',#3648,#3647,#873,.T.);
#4652=EDGE_CURVE('',#3238,#3649,#874,.T.);
#4653=EDGE_CURVE('',#3649,#3648,#875,.T.);
#4654=EDGE_CURVE('',#3237,#3650,#876,.T.);
#4655=EDGE_CURVE('',#3650,#3649,#877,.T.);
#4656=EDGE_CURVE('',#3236,#3651,#878,.T.);
#4657=EDGE_CURVE('',#3651,#3650,#879,.T.);
#4658=EDGE_CURVE('',#3235,#3652,#880,.T.);
#4659=EDGE_CURVE('',#3652,#3651,#881,.T.);
#4660=EDGE_CURVE('',#3234,#3653,#882,.T.);
#4661=EDGE_CURVE('',#3653,#3652,#883,.T.);
#4662=EDGE_CURVE('',#3233,#3654,#884,.T.);
#4663=EDGE_CURVE('',#3654,#3653,#885,.T.);
#4664=EDGE_CURVE('',#3232,#3655,#886,.T.);
#4665=EDGE_CURVE('',#3655,#3654,#887,.T.);
#4666=EDGE_CURVE('',#3231,#3656,#888,.T.);
#4667=EDGE_CURVE('',#3656,#3655,#2989,.T.);
#4668=EDGE_CURVE('',#3230,#3657,#889,.T.);
#4669=EDGE_CURVE('',#3657,#3656,#890,.T.);
#4670=EDGE_CURVE('',#3229,#3658,#891,.T.);
#4671=EDGE_CURVE('',#3658,#3657,#892,.T.);
#4672=EDGE_CURVE('',#3228,#3659,#893,.T.);
#4673=EDGE_CURVE('',#3659,#3658,#894,.T.);
#4674=EDGE_CURVE('',#3227,#3660,#895,.T.);
#4675=EDGE_CURVE('',#3660,#3659,#896,.T.);
#4676=EDGE_CURVE('',#3226,#3661,#897,.T.);
#4677=EDGE_CURVE('',#3661,#3660,#2990,.T.);
#4678=EDGE_CURVE('',#3225,#3662,#898,.T.);
#4679=EDGE_CURVE('',#3662,#3661,#899,.T.);
#4680=EDGE_CURVE('',#3224,#3663,#900,.T.);
#4681=EDGE_CURVE('',#3663,#3662,#2991,.T.);
#4682=EDGE_CURVE('',#3223,#3664,#901,.T.);
#4683=EDGE_CURVE('',#3664,#3663,#902,.T.);
#4684=EDGE_CURVE('',#3222,#3665,#903,.T.);
#4685=EDGE_CURVE('',#3665,#3664,#2992,.T.);
#4686=EDGE_CURVE('',#3221,#3666,#904,.T.);
#4687=EDGE_CURVE('',#3666,#3665,#905,.T.);
#4688=EDGE_CURVE('',#3220,#3667,#906,.T.);
#4689=EDGE_CURVE('',#3667,#3666,#2993,.T.);
#4690=EDGE_CURVE('',#3219,#3668,#907,.T.);
#4691=EDGE_CURVE('',#3668,#3667,#908,.T.);
#4692=EDGE_CURVE('',#3218,#3669,#909,.T.);
#4693=EDGE_CURVE('',#3669,#3668,#2994,.T.);
#4694=EDGE_CURVE('',#3217,#3670,#910,.T.);
#4695=EDGE_CURVE('',#3670,#3669,#911,.T.);
#4696=EDGE_CURVE('',#3216,#3671,#912,.T.);
#4697=EDGE_CURVE('',#3671,#3670,#913,.T.);
#4698=EDGE_CURVE('',#3215,#3672,#914,.T.);
#4699=EDGE_CURVE('',#3672,#3671,#915,.T.);
#4700=EDGE_CURVE('',#3214,#3673,#916,.T.);
#4701=EDGE_CURVE('',#3673,#3672,#917,.T.);
#4702=EDGE_CURVE('',#3213,#3674,#918,.T.);
#4703=EDGE_CURVE('',#3674,#3673,#919,.T.);
#4704=EDGE_CURVE('',#3212,#3675,#920,.T.);
#4705=EDGE_CURVE('',#3675,#3674,#921,.T.);
#4706=EDGE_CURVE('',#3211,#3676,#922,.T.);
#4707=EDGE_CURVE('',#3676,#3675,#923,.T.);
#4708=EDGE_CURVE('',#3210,#3677,#924,.T.);
#4709=EDGE_CURVE('',#3677,#3676,#2995,.T.);
#4710=EDGE_CURVE('',#3209,#3678,#925,.T.);
#4711=EDGE_CURVE('',#3678,#3677,#2996,.T.);
#4712=EDGE_CURVE('',#3208,#3679,#926,.T.);
#4713=EDGE_CURVE('',#3679,#3678,#927,.T.);
#4714=EDGE_CURVE('',#3207,#3680,#928,.T.);
#4715=EDGE_CURVE('',#3680,#3679,#929,.T.);
#4716=EDGE_CURVE('',#3206,#3681,#930,.T.);
#4717=EDGE_CURVE('',#3681,#3680,#931,.T.);
#4718=EDGE_CURVE('',#3205,#3682,#932,.T.);
#4719=EDGE_CURVE('',#3682,#3681,#2997,.T.);
#4720=EDGE_CURVE('',#3204,#3683,#933,.T.);
#4721=EDGE_CURVE('',#3683,#3682,#934,.T.);
#4722=EDGE_CURVE('',#3203,#3684,#935,.T.);
#4723=EDGE_CURVE('',#3684,#3683,#936,.T.);
#4724=EDGE_CURVE('',#3202,#3685,#937,.T.);
#4725=EDGE_CURVE('',#3685,#3684,#2998,.T.);
#4726=EDGE_CURVE('',#3201,#3686,#938,.T.);
#4727=EDGE_CURVE('',#3686,#3685,#939,.T.);
#4728=EDGE_CURVE('',#3200,#3687,#940,.T.);
#4729=EDGE_CURVE('',#3687,#3686,#2999,.T.);
#4730=EDGE_CURVE('',#3199,#3688,#941,.T.);
#4731=EDGE_CURVE('',#3688,#3687,#942,.T.);
#4732=EDGE_CURVE('',#3198,#3689,#943,.T.);
#4733=EDGE_CURVE('',#3689,#3688,#944,.T.);
#4734=EDGE_CURVE('',#3197,#3690,#945,.T.);
#4735=EDGE_CURVE('',#3690,#3689,#3000,.T.);
#4736=EDGE_CURVE('',#3196,#3691,#946,.T.);
#4737=EDGE_CURVE('',#3691,#3690,#947,.T.);
#4738=EDGE_CURVE('',#3195,#3692,#948,.T.);
#4739=EDGE_CURVE('',#3692,#3691,#949,.T.);
#4740=EDGE_CURVE('',#3194,#3693,#950,.T.);
#4741=EDGE_CURVE('',#3693,#3692,#3001,.T.);
#4742=EDGE_CURVE('',#3193,#3694,#951,.T.);
#4743=EDGE_CURVE('',#3694,#3693,#952,.T.);
#4744=EDGE_CURVE('',#3192,#3695,#953,.T.);
#4745=EDGE_CURVE('',#3695,#3694,#3002,.T.);
#4746=EDGE_CURVE('',#3191,#3696,#954,.T.);
#4747=EDGE_CURVE('',#3696,#3695,#955,.T.);
#4748=EDGE_CURVE('',#3190,#3697,#956,.T.);
#4749=EDGE_CURVE('',#3697,#3696,#3003,.T.);
#4750=EDGE_CURVE('',#3189,#3698,#957,.T.);
#4751=EDGE_CURVE('',#3698,#3697,#958,.T.);
#4752=EDGE_CURVE('',#3188,#3699,#959,.T.);
#4753=EDGE_CURVE('',#3699,#3698,#3004,.T.);
#4754=EDGE_CURVE('',#3187,#3700,#960,.T.);
#4755=EDGE_CURVE('',#3700,#3699,#3005,.T.);
#4756=EDGE_CURVE('',#3186,#3701,#961,.T.);
#4757=EDGE_CURVE('',#3701,#3700,#3006,.T.);
#4758=EDGE_CURVE('',#3185,#3702,#962,.T.);
#4759=EDGE_CURVE('',#3702,#3701,#963,.T.);
#4760=EDGE_CURVE('',#3184,#3703,#964,.T.);
#4761=EDGE_CURVE('',#3703,#3702,#3007,.T.);
#4762=EDGE_CURVE('',#3183,#3704,#965,.T.);
#4763=EDGE_CURVE('',#3704,#3703,#966,.T.);
#4764=EDGE_CURVE('',#3182,#3705,#967,.T.);
#4765=EDGE_CURVE('',#3705,#3704,#3008,.T.);
#4766=EDGE_CURVE('',#3181,#3706,#968,.T.);
#4767=EDGE_CURVE('',#3706,#3705,#969,.T.);
#4768=EDGE_CURVE('',#3180,#3707,#970,.T.);
#4769=EDGE_CURVE('',#3707,#3706,#3009,.T.);
#4770=EDGE_CURVE('',#3179,#3708,#971,.T.);
#4771=EDGE_CURVE('',#3708,#3707,#972,.T.);
#4772=EDGE_CURVE('',#3178,#3709,#973,.T.);
#4773=EDGE_CURVE('',#3709,#3708,#3010,.T.);
#4774=EDGE_CURVE('',#3177,#3710,#974,.T.);
#4775=EDGE_CURVE('',#3710,#3709,#975,.T.);
#4776=EDGE_CURVE('',#3176,#3711,#976,.T.);
#4777=EDGE_CURVE('',#3711,#3710,#3011,.T.);
#4778=EDGE_CURVE('',#3175,#3712,#977,.T.);
#4779=EDGE_CURVE('',#3712,#3711,#978,.T.);
#4780=EDGE_CURVE('',#3401,#3712,#3012,.T.);
#4781=EDGE_CURVE('',#3171,#3713,#979,.T.);
#4782=EDGE_CURVE('',#3713,#3403,#980,.T.);
#4783=EDGE_CURVE('',#3170,#3714,#981,.T.);
#4784=EDGE_CURVE('',#3714,#3713,#3013,.T.);
#4785=EDGE_CURVE('',#3169,#3715,#982,.T.);
#4786=EDGE_CURVE('',#3715,#3714,#983,.T.);
#4787=EDGE_CURVE('',#3168,#3716,#984,.T.);
#4788=EDGE_CURVE('',#3716,#3715,#3014,.T.);
#4789=EDGE_CURVE('',#3404,#3716,#985,.T.);
#4790=ORIENTED_EDGE('',*,*,#3717,.T.);
#4791=ORIENTED_EDGE('',*,*,#3718,.T.);
#4792=ORIENTED_EDGE('',*,*,#3719,.T.);
#4793=ORIENTED_EDGE('',*,*,#3718,.F.);
#4794=ORIENTED_EDGE('',*,*,#3720,.F.);
#4795=ORIENTED_EDGE('',*,*,#3721,.F.);
#4796=ORIENTED_EDGE('',*,*,#3722,.F.);
#4797=ORIENTED_EDGE('',*,*,#3723,.F.);
#4798=ORIENTED_EDGE('',*,*,#3724,.F.);
#4799=ORIENTED_EDGE('',*,*,#3725,.F.);
#4800=ORIENTED_EDGE('',*,*,#3726,.F.);
#4801=ORIENTED_EDGE('',*,*,#3727,.F.);
#4802=ORIENTED_EDGE('',*,*,#3728,.F.);
#4803=ORIENTED_EDGE('',*,*,#3729,.F.);
#4804=ORIENTED_EDGE('',*,*,#3730,.F.);
#4805=ORIENTED_EDGE('',*,*,#3731,.F.);
#4806=ORIENTED_EDGE('',*,*,#3732,.F.);
#4807=ORIENTED_EDGE('',*,*,#3733,.F.);
#4808=ORIENTED_EDGE('',*,*,#3734,.F.);
#4809=ORIENTED_EDGE('',*,*,#3735,.F.);
#4810=ORIENTED_EDGE('',*,*,#3736,.F.);
#4811=ORIENTED_EDGE('',*,*,#3737,.F.);
#4812=ORIENTED_EDGE('',*,*,#3738,.F.);
#4813=ORIENTED_EDGE('',*,*,#3739,.F.);
#4814=ORIENTED_EDGE('',*,*,#3740,.F.);
#4815=ORIENTED_EDGE('',*,*,#3741,.F.);
#4816=ORIENTED_EDGE('',*,*,#3742,.F.);
#4817=ORIENTED_EDGE('',*,*,#3743,.F.);
#4818=ORIENTED_EDGE('',*,*,#3744,.F.);
#4819=ORIENTED_EDGE('',*,*,#3745,.F.);
#4820=ORIENTED_EDGE('',*,*,#3717,.F.);
#4821=ORIENTED_EDGE('',*,*,#3719,.F.);
#4822=ORIENTED_EDGE('',*,*,#3746,.T.);
#4823=ORIENTED_EDGE('',*,*,#3747,.F.);
#4824=ORIENTED_EDGE('',*,*,#3746,.F.);
#4825=ORIENTED_EDGE('',*,*,#3724,.T.);
#4826=ORIENTED_EDGE('',*,*,#3748,.T.);
#4827=ORIENTED_EDGE('',*,*,#3749,.T.);
#4828=ORIENTED_EDGE('',*,*,#3748,.F.);
#4829=ORIENTED_EDGE('',*,*,#3749,.F.);
#4830=ORIENTED_EDGE('',*,*,#3750,.T.);
#4831=ORIENTED_EDGE('',*,*,#3751,.F.);
#4832=ORIENTED_EDGE('',*,*,#3750,.F.);
#4833=ORIENTED_EDGE('',*,*,#3745,.T.);
#4834=ORIENTED_EDGE('',*,*,#3752,.T.);
#4835=ORIENTED_EDGE('',*,*,#3753,.T.);
#4836=ORIENTED_EDGE('',*,*,#3752,.F.);
#4837=ORIENTED_EDGE('',*,*,#3753,.F.);
#4838=ORIENTED_EDGE('',*,*,#3754,.T.);
#4839=ORIENTED_EDGE('',*,*,#3755,.F.);
#4840=ORIENTED_EDGE('',*,*,#3754,.F.);
#4841=ORIENTED_EDGE('',*,*,#3725,.T.);
#4842=ORIENTED_EDGE('',*,*,#3756,.T.);
#4843=ORIENTED_EDGE('',*,*,#3757,.T.);
#4844=ORIENTED_EDGE('',*,*,#3756,.F.);
#4845=ORIENTED_EDGE('',*,*,#3757,.F.);
#4846=ORIENTED_EDGE('',*,*,#3758,.T.);
#4847=ORIENTED_EDGE('',*,*,#3759,.F.);
#4848=ORIENTED_EDGE('',*,*,#3758,.F.);
#4849=ORIENTED_EDGE('',*,*,#3744,.T.);
#4850=ORIENTED_EDGE('',*,*,#3760,.T.);
#4851=ORIENTED_EDGE('',*,*,#3761,.T.);
#4852=ORIENTED_EDGE('',*,*,#3760,.F.);
#4853=ORIENTED_EDGE('',*,*,#3761,.F.);
#4854=ORIENTED_EDGE('',*,*,#3762,.T.);
#4855=ORIENTED_EDGE('',*,*,#3763,.F.);
#4856=ORIENTED_EDGE('',*,*,#3762,.F.);
#4857=ORIENTED_EDGE('',*,*,#3726,.T.);
#4858=ORIENTED_EDGE('',*,*,#3764,.T.);
#4859=ORIENTED_EDGE('',*,*,#3765,.T.);
#4860=ORIENTED_EDGE('',*,*,#3764,.F.);
#4861=ORIENTED_EDGE('',*,*,#3765,.F.);
#4862=ORIENTED_EDGE('',*,*,#3766,.T.);
#4863=ORIENTED_EDGE('',*,*,#3767,.F.);
#4864=ORIENTED_EDGE('',*,*,#3766,.F.);
#4865=ORIENTED_EDGE('',*,*,#3743,.T.);
#4866=ORIENTED_EDGE('',*,*,#3768,.T.);
#4867=ORIENTED_EDGE('',*,*,#3769,.T.);
#4868=ORIENTED_EDGE('',*,*,#3768,.F.);
#4869=ORIENTED_EDGE('',*,*,#3769,.F.);
#4870=ORIENTED_EDGE('',*,*,#3770,.T.);
#4871=ORIENTED_EDGE('',*,*,#3771,.F.);
#4872=ORIENTED_EDGE('',*,*,#3770,.F.);
#4873=ORIENTED_EDGE('',*,*,#3727,.T.);
#4874=ORIENTED_EDGE('',*,*,#3772,.T.);
#4875=ORIENTED_EDGE('',*,*,#3773,.T.);
#4876=ORIENTED_EDGE('',*,*,#3772,.F.);
#4877=ORIENTED_EDGE('',*,*,#3773,.F.);
#4878=ORIENTED_EDGE('',*,*,#3774,.T.);
#4879=ORIENTED_EDGE('',*,*,#3775,.F.);
#4880=ORIENTED_EDGE('',*,*,#3774,.F.);
#4881=ORIENTED_EDGE('',*,*,#3742,.T.);
#4882=ORIENTED_EDGE('',*,*,#3776,.T.);
#4883=ORIENTED_EDGE('',*,*,#3777,.T.);
#4884=ORIENTED_EDGE('',*,*,#3776,.F.);
#4885=ORIENTED_EDGE('',*,*,#3777,.F.);
#4886=ORIENTED_EDGE('',*,*,#3778,.T.);
#4887=ORIENTED_EDGE('',*,*,#3779,.F.);
#4888=ORIENTED_EDGE('',*,*,#3778,.F.);
#4889=ORIENTED_EDGE('',*,*,#3728,.T.);
#4890=ORIENTED_EDGE('',*,*,#3780,.T.);
#4891=ORIENTED_EDGE('',*,*,#3781,.T.);
#4892=ORIENTED_EDGE('',*,*,#3780,.F.);
#4893=ORIENTED_EDGE('',*,*,#3781,.F.);
#4894=ORIENTED_EDGE('',*,*,#3782,.T.);
#4895=ORIENTED_EDGE('',*,*,#3783,.F.);
#4896=ORIENTED_EDGE('',*,*,#3782,.F.);
#4897=ORIENTED_EDGE('',*,*,#3741,.T.);
#4898=ORIENTED_EDGE('',*,*,#3784,.T.);
#4899=ORIENTED_EDGE('',*,*,#3785,.T.);
#4900=ORIENTED_EDGE('',*,*,#3784,.F.);
#4901=ORIENTED_EDGE('',*,*,#3785,.F.);
#4902=ORIENTED_EDGE('',*,*,#3786,.T.);
#4903=ORIENTED_EDGE('',*,*,#3787,.F.);
#4904=ORIENTED_EDGE('',*,*,#3786,.F.);
#4905=ORIENTED_EDGE('',*,*,#3729,.T.);
#4906=ORIENTED_EDGE('',*,*,#3788,.T.);
#4907=ORIENTED_EDGE('',*,*,#3789,.T.);
#4908=ORIENTED_EDGE('',*,*,#3788,.F.);
#4909=ORIENTED_EDGE('',*,*,#3789,.F.);
#4910=ORIENTED_EDGE('',*,*,#3790,.T.);
#4911=ORIENTED_EDGE('',*,*,#3791,.F.);
#4912=ORIENTED_EDGE('',*,*,#3790,.F.);
#4913=ORIENTED_EDGE('',*,*,#3740,.T.);
#4914=ORIENTED_EDGE('',*,*,#3792,.T.);
#4915=ORIENTED_EDGE('',*,*,#3793,.T.);
#4916=ORIENTED_EDGE('',*,*,#3792,.F.);
#4917=ORIENTED_EDGE('',*,*,#3793,.F.);
#4918=ORIENTED_EDGE('',*,*,#3794,.T.);
#4919=ORIENTED_EDGE('',*,*,#3795,.F.);
#4920=ORIENTED_EDGE('',*,*,#3794,.F.);
#4921=ORIENTED_EDGE('',*,*,#3730,.T.);
#4922=ORIENTED_EDGE('',*,*,#3796,.T.);
#4923=ORIENTED_EDGE('',*,*,#3797,.T.);
#4924=ORIENTED_EDGE('',*,*,#3796,.F.);
#4925=ORIENTED_EDGE('',*,*,#3797,.F.);
#4926=ORIENTED_EDGE('',*,*,#3798,.T.);
#4927=ORIENTED_EDGE('',*,*,#3799,.F.);
#4928=ORIENTED_EDGE('',*,*,#3798,.F.);
#4929=ORIENTED_EDGE('',*,*,#3739,.T.);
#4930=ORIENTED_EDGE('',*,*,#3800,.T.);
#4931=ORIENTED_EDGE('',*,*,#3801,.T.);
#4932=ORIENTED_EDGE('',*,*,#3800,.F.);
#4933=ORIENTED_EDGE('',*,*,#3801,.F.);
#4934=ORIENTED_EDGE('',*,*,#3802,.T.);
#4935=ORIENTED_EDGE('',*,*,#3803,.F.);
#4936=ORIENTED_EDGE('',*,*,#3802,.F.);
#4937=ORIENTED_EDGE('',*,*,#3731,.T.);
#4938=ORIENTED_EDGE('',*,*,#3804,.T.);
#4939=ORIENTED_EDGE('',*,*,#3805,.T.);
#4940=ORIENTED_EDGE('',*,*,#3804,.F.);
#4941=ORIENTED_EDGE('',*,*,#3805,.F.);
#4942=ORIENTED_EDGE('',*,*,#3806,.T.);
#4943=ORIENTED_EDGE('',*,*,#3807,.F.);
#4944=ORIENTED_EDGE('',*,*,#3806,.F.);
#4945=ORIENTED_EDGE('',*,*,#3738,.T.);
#4946=ORIENTED_EDGE('',*,*,#3808,.T.);
#4947=ORIENTED_EDGE('',*,*,#3809,.T.);
#4948=ORIENTED_EDGE('',*,*,#3808,.F.);
#4949=ORIENTED_EDGE('',*,*,#3809,.F.);
#4950=ORIENTED_EDGE('',*,*,#3810,.T.);
#4951=ORIENTED_EDGE('',*,*,#3811,.F.);
#4952=ORIENTED_EDGE('',*,*,#3810,.F.);
#4953=ORIENTED_EDGE('',*,*,#3732,.T.);
#4954=ORIENTED_EDGE('',*,*,#3812,.T.);
#4955=ORIENTED_EDGE('',*,*,#3813,.T.);
#4956=ORIENTED_EDGE('',*,*,#3812,.F.);
#4957=ORIENTED_EDGE('',*,*,#3813,.F.);
#4958=ORIENTED_EDGE('',*,*,#3814,.T.);
#4959=ORIENTED_EDGE('',*,*,#3815,.F.);
#4960=ORIENTED_EDGE('',*,*,#3814,.F.);
#4961=ORIENTED_EDGE('',*,*,#3737,.T.);
#4962=ORIENTED_EDGE('',*,*,#3816,.T.);
#4963=ORIENTED_EDGE('',*,*,#3817,.T.);
#4964=ORIENTED_EDGE('',*,*,#3816,.F.);
#4965=ORIENTED_EDGE('',*,*,#3817,.F.);
#4966=ORIENTED_EDGE('',*,*,#3818,.T.);
#4967=ORIENTED_EDGE('',*,*,#3819,.F.);
#4968=ORIENTED_EDGE('',*,*,#3818,.F.);
#4969=ORIENTED_EDGE('',*,*,#3733,.T.);
#4970=ORIENTED_EDGE('',*,*,#3820,.T.);
#4971=ORIENTED_EDGE('',*,*,#3821,.T.);
#4972=ORIENTED_EDGE('',*,*,#3820,.F.);
#4973=ORIENTED_EDGE('',*,*,#3821,.F.);
#4974=ORIENTED_EDGE('',*,*,#3822,.T.);
#4975=ORIENTED_EDGE('',*,*,#3823,.F.);
#4976=ORIENTED_EDGE('',*,*,#3822,.F.);
#4977=ORIENTED_EDGE('',*,*,#3736,.T.);
#4978=ORIENTED_EDGE('',*,*,#3824,.T.);
#4979=ORIENTED_EDGE('',*,*,#3825,.T.);
#4980=ORIENTED_EDGE('',*,*,#3824,.F.);
#4981=ORIENTED_EDGE('',*,*,#3825,.F.);
#4982=ORIENTED_EDGE('',*,*,#3826,.T.);
#4983=ORIENTED_EDGE('',*,*,#3827,.F.);
#4984=ORIENTED_EDGE('',*,*,#3826,.F.);
#4985=ORIENTED_EDGE('',*,*,#3734,.T.);
#4986=ORIENTED_EDGE('',*,*,#3828,.T.);
#4987=ORIENTED_EDGE('',*,*,#3829,.T.);
#4988=ORIENTED_EDGE('',*,*,#3828,.F.);
#4989=ORIENTED_EDGE('',*,*,#3829,.F.);
#4990=ORIENTED_EDGE('',*,*,#3830,.T.);
#4991=ORIENTED_EDGE('',*,*,#3831,.F.);
#4992=ORIENTED_EDGE('',*,*,#3830,.F.);
#4993=ORIENTED_EDGE('',*,*,#3735,.T.);
#4994=ORIENTED_EDGE('',*,*,#3832,.T.);
#4995=ORIENTED_EDGE('',*,*,#3833,.T.);
#4996=ORIENTED_EDGE('',*,*,#3832,.F.);
#4997=ORIENTED_EDGE('',*,*,#3833,.F.);
#4998=ORIENTED_EDGE('',*,*,#3834,.T.);
#4999=ORIENTED_EDGE('',*,*,#3835,.F.);
#5000=ORIENTED_EDGE('',*,*,#3834,.F.);
#5001=ORIENTED_EDGE('',*,*,#3836,.T.);
#5002=ORIENTED_EDGE('',*,*,#3837,.T.);
#5003=ORIENTED_EDGE('',*,*,#3838,.T.);
#5004=ORIENTED_EDGE('',*,*,#3839,.F.);
#5005=ORIENTED_EDGE('',*,*,#3837,.F.);
#5006=ORIENTED_EDGE('',*,*,#3840,.F.);
#5007=ORIENTED_EDGE('',*,*,#3841,.F.);
#5008=ORIENTED_EDGE('',*,*,#3842,.F.);
#5009=ORIENTED_EDGE('',*,*,#3836,.F.);
#5010=ORIENTED_EDGE('',*,*,#3843,.T.);
#5011=ORIENTED_EDGE('',*,*,#3844,.T.);
#5012=ORIENTED_EDGE('',*,*,#3845,.T.);
#5013=ORIENTED_EDGE('',*,*,#3846,.T.);
#5014=ORIENTED_EDGE('',*,*,#3847,.F.);
#5015=ORIENTED_EDGE('',*,*,#3840,.T.);
#5016=ORIENTED_EDGE('',*,*,#3848,.T.);
#5017=ORIENTED_EDGE('',*,*,#3849,.T.);
#5018=ORIENTED_EDGE('',*,*,#3850,.T.);
#5019=ORIENTED_EDGE('',*,*,#3851,.T.);
#5020=ORIENTED_EDGE('',*,*,#3841,.T.);
#5021=ORIENTED_EDGE('',*,*,#3847,.T.);
#5022=ORIENTED_EDGE('',*,*,#3849,.F.);
#5023=ORIENTED_EDGE('',*,*,#3852,.F.);
#5024=ORIENTED_EDGE('',*,*,#3853,.F.);
#5025=ORIENTED_EDGE('',*,*,#3854,.F.);
#5026=ORIENTED_EDGE('',*,*,#3848,.F.);
#5027=ORIENTED_EDGE('',*,*,#3846,.F.);
#5028=ORIENTED_EDGE('',*,*,#3855,.T.);
#5029=ORIENTED_EDGE('',*,*,#3856,.F.);
#5030=ORIENTED_EDGE('',*,*,#3857,.F.);
#5031=ORIENTED_EDGE('',*,*,#3852,.T.);
#5032=ORIENTED_EDGE('',*,*,#3858,.T.);
#5033=ORIENTED_EDGE('',*,*,#3859,.T.);
#5034=ORIENTED_EDGE('',*,*,#3860,.T.);
#5035=ORIENTED_EDGE('',*,*,#3861,.T.);
#5036=ORIENTED_EDGE('',*,*,#3853,.T.);
#5037=ORIENTED_EDGE('',*,*,#3857,.T.);
#5038=ORIENTED_EDGE('',*,*,#3850,.F.);
#5039=ORIENTED_EDGE('',*,*,#3854,.T.);
#5040=ORIENTED_EDGE('',*,*,#3861,.F.);
#5041=ORIENTED_EDGE('',*,*,#3862,.F.);
#5042=ORIENTED_EDGE('',*,*,#3723,.T.);
#5043=ORIENTED_EDGE('',*,*,#3863,.F.);
#5044=ORIENTED_EDGE('',*,*,#3858,.F.);
#5045=ORIENTED_EDGE('',*,*,#3856,.T.);
#5046=ORIENTED_EDGE('',*,*,#3864,.T.);
#5047=ORIENTED_EDGE('',*,*,#3865,.T.);
#5048=ORIENTED_EDGE('',*,*,#3866,.T.);
#5049=ORIENTED_EDGE('',*,*,#3845,.F.);
#5050=ORIENTED_EDGE('',*,*,#3867,.F.);
#5051=ORIENTED_EDGE('',*,*,#3868,.F.);
#5052=ORIENTED_EDGE('',*,*,#3869,.T.);
#5053=ORIENTED_EDGE('',*,*,#3870,.T.);
#5054=ORIENTED_EDGE('',*,*,#3871,.T.);
#5055=ORIENTED_EDGE('',*,*,#3872,.T.);
#5056=ORIENTED_EDGE('',*,*,#3873,.T.);
#5057=ORIENTED_EDGE('',*,*,#3874,.T.);
#5058=ORIENTED_EDGE('',*,*,#3875,.T.);
#5059=ORIENTED_EDGE('',*,*,#3876,.T.);
#5060=ORIENTED_EDGE('',*,*,#3877,.T.);
#5061=ORIENTED_EDGE('',*,*,#3878,.T.);
#5062=ORIENTED_EDGE('',*,*,#3879,.T.);
#5063=ORIENTED_EDGE('',*,*,#3880,.T.);
#5064=ORIENTED_EDGE('',*,*,#3881,.T.);
#5065=ORIENTED_EDGE('',*,*,#3882,.T.);
#5066=ORIENTED_EDGE('',*,*,#3883,.T.);
#5067=ORIENTED_EDGE('',*,*,#3884,.T.);
#5068=ORIENTED_EDGE('',*,*,#3885,.T.);
#5069=ORIENTED_EDGE('',*,*,#3886,.T.);
#5070=ORIENTED_EDGE('',*,*,#3887,.T.);
#5071=ORIENTED_EDGE('',*,*,#3888,.T.);
#5072=ORIENTED_EDGE('',*,*,#3889,.T.);
#5073=ORIENTED_EDGE('',*,*,#3890,.T.);
#5074=ORIENTED_EDGE('',*,*,#3891,.T.);
#5075=ORIENTED_EDGE('',*,*,#3892,.T.);
#5076=ORIENTED_EDGE('',*,*,#3893,.T.);
#5077=ORIENTED_EDGE('',*,*,#3894,.T.);
#5078=ORIENTED_EDGE('',*,*,#3895,.F.);
#5079=ORIENTED_EDGE('',*,*,#3896,.T.);
#5080=ORIENTED_EDGE('',*,*,#3897,.T.);
#5081=ORIENTED_EDGE('',*,*,#3898,.F.);
#5082=ORIENTED_EDGE('',*,*,#3899,.T.);
#5083=ORIENTED_EDGE('',*,*,#3900,.F.);
#5084=ORIENTED_EDGE('',*,*,#3901,.T.);
#5085=ORIENTED_EDGE('',*,*,#3902,.T.);
#5086=ORIENTED_EDGE('',*,*,#3903,.T.);
#5087=ORIENTED_EDGE('',*,*,#3904,.T.);
#5088=ORIENTED_EDGE('',*,*,#3905,.T.);
#5089=ORIENTED_EDGE('',*,*,#3906,.T.);
#5090=ORIENTED_EDGE('',*,*,#3907,.T.);
#5091=ORIENTED_EDGE('',*,*,#3908,.T.);
#5092=ORIENTED_EDGE('',*,*,#3909,.T.);
#5093=ORIENTED_EDGE('',*,*,#3910,.T.);
#5094=ORIENTED_EDGE('',*,*,#3911,.F.);
#5095=ORIENTED_EDGE('',*,*,#3912,.T.);
#5096=ORIENTED_EDGE('',*,*,#3913,.T.);
#5097=ORIENTED_EDGE('',*,*,#3914,.T.);
#5098=ORIENTED_EDGE('',*,*,#3915,.T.);
#5099=ORIENTED_EDGE('',*,*,#3916,.T.);
#5100=ORIENTED_EDGE('',*,*,#3917,.T.);
#5101=ORIENTED_EDGE('',*,*,#3918,.T.);
#5102=ORIENTED_EDGE('',*,*,#3919,.T.);
#5103=ORIENTED_EDGE('',*,*,#3920,.T.);
#5104=ORIENTED_EDGE('',*,*,#3921,.T.);
#5105=ORIENTED_EDGE('',*,*,#3922,.F.);
#5106=ORIENTED_EDGE('',*,*,#3923,.T.);
#5107=ORIENTED_EDGE('',*,*,#3924,.F.);
#5108=ORIENTED_EDGE('',*,*,#3925,.T.);
#5109=ORIENTED_EDGE('',*,*,#3926,.T.);
#5110=ORIENTED_EDGE('',*,*,#3927,.T.);
#5111=ORIENTED_EDGE('',*,*,#3928,.T.);
#5112=ORIENTED_EDGE('',*,*,#3929,.T.);
#5113=ORIENTED_EDGE('',*,*,#3930,.T.);
#5114=ORIENTED_EDGE('',*,*,#3931,.F.);
#5115=ORIENTED_EDGE('',*,*,#3932,.T.);
#5116=ORIENTED_EDGE('',*,*,#3933,.T.);
#5117=ORIENTED_EDGE('',*,*,#3934,.T.);
#5118=ORIENTED_EDGE('',*,*,#3935,.T.);
#5119=ORIENTED_EDGE('',*,*,#3936,.T.);
#5120=ORIENTED_EDGE('',*,*,#3937,.T.);
#5121=ORIENTED_EDGE('',*,*,#3938,.T.);
#5122=ORIENTED_EDGE('',*,*,#3939,.T.);
#5123=ORIENTED_EDGE('',*,*,#3940,.T.);
#5124=ORIENTED_EDGE('',*,*,#3941,.T.);
#5125=ORIENTED_EDGE('',*,*,#3942,.T.);
#5126=ORIENTED_EDGE('',*,*,#3943,.T.);
#5127=ORIENTED_EDGE('',*,*,#3944,.T.);
#5128=ORIENTED_EDGE('',*,*,#3945,.T.);
#5129=ORIENTED_EDGE('',*,*,#3946,.T.);
#5130=ORIENTED_EDGE('',*,*,#3947,.T.);
#5131=ORIENTED_EDGE('',*,*,#3948,.T.);
#5132=ORIENTED_EDGE('',*,*,#3949,.T.);
#5133=ORIENTED_EDGE('',*,*,#3950,.T.);
#5134=ORIENTED_EDGE('',*,*,#3951,.T.);
#5135=ORIENTED_EDGE('',*,*,#3952,.T.);
#5136=ORIENTED_EDGE('',*,*,#3953,.T.);
#5137=ORIENTED_EDGE('',*,*,#3954,.T.);
#5138=ORIENTED_EDGE('',*,*,#3955,.T.);
#5139=ORIENTED_EDGE('',*,*,#3956,.T.);
#5140=ORIENTED_EDGE('',*,*,#3957,.T.);
#5141=ORIENTED_EDGE('',*,*,#3958,.T.);
#5142=ORIENTED_EDGE('',*,*,#3959,.T.);
#5143=ORIENTED_EDGE('',*,*,#3960,.T.);
#5144=ORIENTED_EDGE('',*,*,#3961,.T.);
#5145=ORIENTED_EDGE('',*,*,#3962,.T.);
#5146=ORIENTED_EDGE('',*,*,#3963,.T.);
#5147=ORIENTED_EDGE('',*,*,#3964,.T.);
#5148=ORIENTED_EDGE('',*,*,#3965,.T.);
#5149=ORIENTED_EDGE('',*,*,#3966,.T.);
#5150=ORIENTED_EDGE('',*,*,#3967,.T.);
#5151=ORIENTED_EDGE('',*,*,#3968,.T.);
#5152=ORIENTED_EDGE('',*,*,#3969,.T.);
#5153=ORIENTED_EDGE('',*,*,#3970,.T.);
#5154=ORIENTED_EDGE('',*,*,#3971,.T.);
#5155=ORIENTED_EDGE('',*,*,#3972,.T.);
#5156=ORIENTED_EDGE('',*,*,#3973,.T.);
#5157=ORIENTED_EDGE('',*,*,#3974,.T.);
#5158=ORIENTED_EDGE('',*,*,#3975,.T.);
#5159=ORIENTED_EDGE('',*,*,#3976,.T.);
#5160=ORIENTED_EDGE('',*,*,#3977,.T.);
#5161=ORIENTED_EDGE('',*,*,#3978,.T.);
#5162=ORIENTED_EDGE('',*,*,#3979,.T.);
#5163=ORIENTED_EDGE('',*,*,#3980,.T.);
#5164=ORIENTED_EDGE('',*,*,#3981,.T.);
#5165=ORIENTED_EDGE('',*,*,#3982,.T.);
#5166=ORIENTED_EDGE('',*,*,#3983,.T.);
#5167=ORIENTED_EDGE('',*,*,#3984,.T.);
#5168=ORIENTED_EDGE('',*,*,#3985,.T.);
#5169=ORIENTED_EDGE('',*,*,#3986,.T.);
#5170=ORIENTED_EDGE('',*,*,#3987,.T.);
#5171=ORIENTED_EDGE('',*,*,#3988,.T.);
#5172=ORIENTED_EDGE('',*,*,#3989,.T.);
#5173=ORIENTED_EDGE('',*,*,#3990,.T.);
#5174=ORIENTED_EDGE('',*,*,#3991,.T.);
#5175=ORIENTED_EDGE('',*,*,#3992,.T.);
#5176=ORIENTED_EDGE('',*,*,#3993,.T.);
#5177=ORIENTED_EDGE('',*,*,#3994,.T.);
#5178=ORIENTED_EDGE('',*,*,#3995,.T.);
#5179=ORIENTED_EDGE('',*,*,#3996,.T.);
#5180=ORIENTED_EDGE('',*,*,#3997,.T.);
#5181=ORIENTED_EDGE('',*,*,#3998,.T.);
#5182=ORIENTED_EDGE('',*,*,#3999,.T.);
#5183=ORIENTED_EDGE('',*,*,#4000,.T.);
#5184=ORIENTED_EDGE('',*,*,#4001,.T.);
#5185=ORIENTED_EDGE('',*,*,#4002,.T.);
#5186=ORIENTED_EDGE('',*,*,#4003,.T.);
#5187=ORIENTED_EDGE('',*,*,#4004,.T.);
#5188=ORIENTED_EDGE('',*,*,#4005,.T.);
#5189=ORIENTED_EDGE('',*,*,#4006,.T.);
#5190=ORIENTED_EDGE('',*,*,#4007,.T.);
#5191=ORIENTED_EDGE('',*,*,#4008,.T.);
#5192=ORIENTED_EDGE('',*,*,#4009,.T.);
#5193=ORIENTED_EDGE('',*,*,#4010,.T.);
#5194=ORIENTED_EDGE('',*,*,#4011,.T.);
#5195=ORIENTED_EDGE('',*,*,#4012,.T.);
#5196=ORIENTED_EDGE('',*,*,#4013,.T.);
#5197=ORIENTED_EDGE('',*,*,#4014,.T.);
#5198=ORIENTED_EDGE('',*,*,#4015,.T.);
#5199=ORIENTED_EDGE('',*,*,#4016,.T.);
#5200=ORIENTED_EDGE('',*,*,#4017,.T.);
#5201=ORIENTED_EDGE('',*,*,#4018,.T.);
#5202=ORIENTED_EDGE('',*,*,#4019,.T.);
#5203=ORIENTED_EDGE('',*,*,#4020,.T.);
#5204=ORIENTED_EDGE('',*,*,#4021,.T.);
#5205=ORIENTED_EDGE('',*,*,#4022,.T.);
#5206=ORIENTED_EDGE('',*,*,#4023,.T.);
#5207=ORIENTED_EDGE('',*,*,#4024,.T.);
#5208=ORIENTED_EDGE('',*,*,#4025,.T.);
#5209=ORIENTED_EDGE('',*,*,#4026,.T.);
#5210=ORIENTED_EDGE('',*,*,#4027,.T.);
#5211=ORIENTED_EDGE('',*,*,#4028,.T.);
#5212=ORIENTED_EDGE('',*,*,#4029,.T.);
#5213=ORIENTED_EDGE('',*,*,#4030,.T.);
#5214=ORIENTED_EDGE('',*,*,#4031,.T.);
#5215=ORIENTED_EDGE('',*,*,#4032,.T.);
#5216=ORIENTED_EDGE('',*,*,#4033,.T.);
#5217=ORIENTED_EDGE('',*,*,#4034,.F.);
#5218=ORIENTED_EDGE('',*,*,#4035,.T.);
#5219=ORIENTED_EDGE('',*,*,#3864,.F.);
#5220=ORIENTED_EDGE('',*,*,#3855,.F.);
#5221=ORIENTED_EDGE('',*,*,#3747,.T.);
#5222=ORIENTED_EDGE('',*,*,#3751,.T.);
#5223=ORIENTED_EDGE('',*,*,#3755,.T.);
#5224=ORIENTED_EDGE('',*,*,#3763,.T.);
#5225=ORIENTED_EDGE('',*,*,#3767,.T.);
#5226=ORIENTED_EDGE('',*,*,#3771,.T.);
#5227=ORIENTED_EDGE('',*,*,#3775,.T.);
#5228=ORIENTED_EDGE('',*,*,#3787,.T.);
#5229=ORIENTED_EDGE('',*,*,#3799,.T.);
#5230=ORIENTED_EDGE('',*,*,#3803,.T.);
#5231=ORIENTED_EDGE('',*,*,#3807,.T.);
#5232=ORIENTED_EDGE('',*,*,#3811,.T.);
#5233=ORIENTED_EDGE('',*,*,#3815,.T.);
#5234=ORIENTED_EDGE('',*,*,#3819,.T.);
#5235=ORIENTED_EDGE('',*,*,#3823,.T.);
#5236=ORIENTED_EDGE('',*,*,#3860,.F.);
#5237=ORIENTED_EDGE('',*,*,#4036,.T.);
#5238=ORIENTED_EDGE('',*,*,#4037,.F.);
#5239=ORIENTED_EDGE('',*,*,#4038,.T.);
#5240=ORIENTED_EDGE('',*,*,#3720,.T.);
#5241=ORIENTED_EDGE('',*,*,#3862,.T.);
#5242=ORIENTED_EDGE('',*,*,#4039,.T.);
#5243=ORIENTED_EDGE('',*,*,#4040,.T.);
#5244=ORIENTED_EDGE('',*,*,#4041,.T.);
#5245=ORIENTED_EDGE('',*,*,#4037,.T.);
#5246=ORIENTED_EDGE('',*,*,#4042,.T.);
#5247=ORIENTED_EDGE('',*,*,#4043,.T.);
#5248=ORIENTED_EDGE('',*,*,#4043,.F.);
#5249=ORIENTED_EDGE('',*,*,#4044,.T.);
#5250=ORIENTED_EDGE('',*,*,#4045,.F.);
#5251=ORIENTED_EDGE('',*,*,#3868,.T.);
#5252=ORIENTED_EDGE('',*,*,#4046,.T.);
#5253=ORIENTED_EDGE('',*,*,#3859,.F.);
#5254=ORIENTED_EDGE('',*,*,#3866,.F.);
#5255=ORIENTED_EDGE('',*,*,#4047,.F.);
#5256=ORIENTED_EDGE('',*,*,#4048,.F.);
#5257=ORIENTED_EDGE('',*,*,#4049,.F.);
#5258=ORIENTED_EDGE('',*,*,#4050,.F.);
#5259=ORIENTED_EDGE('',*,*,#4051,.F.);
#5260=ORIENTED_EDGE('',*,*,#4052,.F.);
#5261=ORIENTED_EDGE('',*,*,#4053,.F.);
#5262=ORIENTED_EDGE('',*,*,#4054,.F.);
#5263=ORIENTED_EDGE('',*,*,#4055,.F.);
#5264=ORIENTED_EDGE('',*,*,#4056,.F.);
#5265=ORIENTED_EDGE('',*,*,#4057,.F.);
#5266=ORIENTED_EDGE('',*,*,#4058,.F.);
#5267=ORIENTED_EDGE('',*,*,#4059,.F.);
#5268=ORIENTED_EDGE('',*,*,#4060,.F.);
#5269=ORIENTED_EDGE('',*,*,#4061,.F.);
#5270=ORIENTED_EDGE('',*,*,#4044,.F.);
#5271=ORIENTED_EDGE('',*,*,#4042,.F.);
#5272=ORIENTED_EDGE('',*,*,#4036,.F.);
#5273=ORIENTED_EDGE('',*,*,#4041,.F.);
#5274=ORIENTED_EDGE('',*,*,#4062,.T.);
#5275=ORIENTED_EDGE('',*,*,#4063,.T.);
#5276=ORIENTED_EDGE('',*,*,#4064,.T.);
#5277=ORIENTED_EDGE('',*,*,#3721,.T.);
#5278=ORIENTED_EDGE('',*,*,#4038,.F.);
#5279=ORIENTED_EDGE('',*,*,#4040,.F.);
#5280=ORIENTED_EDGE('',*,*,#4065,.F.);
#5281=ORIENTED_EDGE('',*,*,#4066,.F.);
#5282=ORIENTED_EDGE('',*,*,#4062,.F.);
#5283=ORIENTED_EDGE('',*,*,#3844,.F.);
#5284=ORIENTED_EDGE('',*,*,#4067,.F.);
#5285=ORIENTED_EDGE('',*,*,#4065,.T.);
#5286=ORIENTED_EDGE('',*,*,#4039,.F.);
#5287=ORIENTED_EDGE('',*,*,#4046,.F.);
#5288=ORIENTED_EDGE('',*,*,#3867,.T.);
#5289=ORIENTED_EDGE('',*,*,#3838,.F.);
#5290=ORIENTED_EDGE('',*,*,#3842,.T.);
#5291=ORIENTED_EDGE('',*,*,#3851,.F.);
#5292=ORIENTED_EDGE('',*,*,#3863,.T.);
#5293=ORIENTED_EDGE('',*,*,#3722,.T.);
#5294=ORIENTED_EDGE('',*,*,#4064,.F.);
#5295=ORIENTED_EDGE('',*,*,#4068,.F.);
#5296=ORIENTED_EDGE('',*,*,#3843,.F.);
#5297=ORIENTED_EDGE('',*,*,#3839,.T.);
#5298=ORIENTED_EDGE('',*,*,#4068,.T.);
#5299=ORIENTED_EDGE('',*,*,#4063,.F.);
#5300=ORIENTED_EDGE('',*,*,#4066,.T.);
#5301=ORIENTED_EDGE('',*,*,#4067,.T.);
#5302=ORIENTED_EDGE('',*,*,#3865,.F.);
#5303=ORIENTED_EDGE('',*,*,#4069,.T.);
#5304=ORIENTED_EDGE('',*,*,#4070,.T.);
#5305=ORIENTED_EDGE('',*,*,#4047,.T.);
#5306=ORIENTED_EDGE('',*,*,#4071,.T.);
#5307=ORIENTED_EDGE('',*,*,#4072,.T.);
#5308=ORIENTED_EDGE('',*,*,#4048,.T.);
#5309=ORIENTED_EDGE('',*,*,#4070,.F.);
#5310=ORIENTED_EDGE('',*,*,#4071,.F.);
#5311=ORIENTED_EDGE('',*,*,#4073,.F.);
#5312=ORIENTED_EDGE('',*,*,#4074,.T.);
#5313=ORIENTED_EDGE('',*,*,#4075,.F.);
#5314=ORIENTED_EDGE('',*,*,#4076,.T.);
#5315=ORIENTED_EDGE('',*,*,#4049,.T.);
#5316=ORIENTED_EDGE('',*,*,#4072,.F.);
#5317=ORIENTED_EDGE('',*,*,#4077,.T.);
#5318=ORIENTED_EDGE('',*,*,#4076,.F.);
#5319=ORIENTED_EDGE('',*,*,#4078,.T.);
#5320=ORIENTED_EDGE('',*,*,#4079,.T.);
#5321=ORIENTED_EDGE('',*,*,#4050,.T.);
#5322=ORIENTED_EDGE('',*,*,#4079,.F.);
#5323=ORIENTED_EDGE('',*,*,#4080,.T.);
#5324=ORIENTED_EDGE('',*,*,#4081,.T.);
#5325=ORIENTED_EDGE('',*,*,#4051,.T.);
#5326=ORIENTED_EDGE('',*,*,#4078,.F.);
#5327=ORIENTED_EDGE('',*,*,#4082,.T.);
#5328=ORIENTED_EDGE('',*,*,#4083,.T.);
#5329=ORIENTED_EDGE('',*,*,#4084,.T.);
#5330=ORIENTED_EDGE('',*,*,#4085,.T.);
#5331=ORIENTED_EDGE('',*,*,#4086,.T.);
#5332=ORIENTED_EDGE('',*,*,#4052,.T.);
#5333=ORIENTED_EDGE('',*,*,#4081,.F.);
#5334=ORIENTED_EDGE('',*,*,#4085,.F.);
#5335=ORIENTED_EDGE('',*,*,#4087,.F.);
#5336=ORIENTED_EDGE('',*,*,#4088,.T.);
#5337=ORIENTED_EDGE('',*,*,#4089,.F.);
#5338=ORIENTED_EDGE('',*,*,#4090,.T.);
#5339=ORIENTED_EDGE('',*,*,#4053,.T.);
#5340=ORIENTED_EDGE('',*,*,#4086,.F.);
#5341=ORIENTED_EDGE('',*,*,#4091,.T.);
#5342=ORIENTED_EDGE('',*,*,#4090,.F.);
#5343=ORIENTED_EDGE('',*,*,#4092,.T.);
#5344=ORIENTED_EDGE('',*,*,#4093,.T.);
#5345=ORIENTED_EDGE('',*,*,#4054,.T.);
#5346=ORIENTED_EDGE('',*,*,#4093,.F.);
#5347=ORIENTED_EDGE('',*,*,#4094,.T.);
#5348=ORIENTED_EDGE('',*,*,#4095,.T.);
#5349=ORIENTED_EDGE('',*,*,#4055,.T.);
#5350=ORIENTED_EDGE('',*,*,#4092,.F.);
#5351=ORIENTED_EDGE('',*,*,#4096,.T.);
#5352=ORIENTED_EDGE('',*,*,#4097,.T.);
#5353=ORIENTED_EDGE('',*,*,#4098,.F.);
#5354=ORIENTED_EDGE('',*,*,#4099,.T.);
#5355=ORIENTED_EDGE('',*,*,#4100,.T.);
#5356=ORIENTED_EDGE('',*,*,#4101,.T.);
#5357=ORIENTED_EDGE('',*,*,#4102,.T.);
#5358=ORIENTED_EDGE('',*,*,#4103,.T.);
#5359=ORIENTED_EDGE('',*,*,#4104,.T.);
#5360=ORIENTED_EDGE('',*,*,#4105,.T.);
#5361=ORIENTED_EDGE('',*,*,#4106,.T.);
#5362=ORIENTED_EDGE('',*,*,#4107,.T.);
#5363=ORIENTED_EDGE('',*,*,#4108,.T.);
#5364=ORIENTED_EDGE('',*,*,#4109,.T.);
#5365=ORIENTED_EDGE('',*,*,#4110,.T.);
#5366=ORIENTED_EDGE('',*,*,#4111,.T.);
#5367=ORIENTED_EDGE('',*,*,#4112,.T.);
#5368=ORIENTED_EDGE('',*,*,#4113,.T.);
#5369=ORIENTED_EDGE('',*,*,#4114,.T.);
#5370=ORIENTED_EDGE('',*,*,#4115,.T.);
#5371=ORIENTED_EDGE('',*,*,#4116,.T.);
#5372=ORIENTED_EDGE('',*,*,#4117,.T.);
#5373=ORIENTED_EDGE('',*,*,#4118,.T.);
#5374=ORIENTED_EDGE('',*,*,#4119,.T.);
#5375=ORIENTED_EDGE('',*,*,#4120,.T.);
#5376=ORIENTED_EDGE('',*,*,#4121,.F.);
#5377=ORIENTED_EDGE('',*,*,#4122,.T.);
#5378=ORIENTED_EDGE('',*,*,#4123,.T.);
#5379=ORIENTED_EDGE('',*,*,#3783,.T.);
#5380=ORIENTED_EDGE('',*,*,#3827,.T.);
#5381=ORIENTED_EDGE('',*,*,#4124,.T.);
#5382=ORIENTED_EDGE('',*,*,#4125,.T.);
#5383=ORIENTED_EDGE('',*,*,#4056,.T.);
#5384=ORIENTED_EDGE('',*,*,#4095,.F.);
#5385=ORIENTED_EDGE('',*,*,#4124,.F.);
#5386=ORIENTED_EDGE('',*,*,#4126,.T.);
#5387=ORIENTED_EDGE('',*,*,#4127,.T.);
#5388=ORIENTED_EDGE('',*,*,#4128,.T.);
#5389=ORIENTED_EDGE('',*,*,#4129,.T.);
#5390=ORIENTED_EDGE('',*,*,#4057,.T.);
#5391=ORIENTED_EDGE('',*,*,#4125,.F.);
#5392=ORIENTED_EDGE('',*,*,#4130,.T.);
#5393=ORIENTED_EDGE('',*,*,#4129,.F.);
#5394=ORIENTED_EDGE('',*,*,#4131,.T.);
#5395=ORIENTED_EDGE('',*,*,#4132,.T.);
#5396=ORIENTED_EDGE('',*,*,#4058,.T.);
#5397=ORIENTED_EDGE('',*,*,#4132,.F.);
#5398=ORIENTED_EDGE('',*,*,#4133,.T.);
#5399=ORIENTED_EDGE('',*,*,#4134,.T.);
#5400=ORIENTED_EDGE('',*,*,#4059,.T.);
#5401=ORIENTED_EDGE('',*,*,#4131,.F.);
#5402=ORIENTED_EDGE('',*,*,#4135,.T.);
#5403=ORIENTED_EDGE('',*,*,#4136,.T.);
#5404=ORIENTED_EDGE('',*,*,#4137,.T.);
#5405=ORIENTED_EDGE('',*,*,#4138,.T.);
#5406=ORIENTED_EDGE('',*,*,#4139,.T.);
#5407=ORIENTED_EDGE('',*,*,#4060,.T.);
#5408=ORIENTED_EDGE('',*,*,#4134,.F.);
#5409=ORIENTED_EDGE('',*,*,#4138,.F.);
#5410=ORIENTED_EDGE('',*,*,#4140,.T.);
#5411=ORIENTED_EDGE('',*,*,#4141,.T.);
#5412=ORIENTED_EDGE('',*,*,#4142,.T.);
#5413=ORIENTED_EDGE('',*,*,#4045,.T.);
#5414=ORIENTED_EDGE('',*,*,#4061,.T.);
#5415=ORIENTED_EDGE('',*,*,#4139,.F.);
#5416=ORIENTED_EDGE('',*,*,#4143,.T.);
#5417=ORIENTED_EDGE('',*,*,#4144,.F.);
#5418=ORIENTED_EDGE('',*,*,#4145,.T.);
#5419=ORIENTED_EDGE('',*,*,#4146,.F.);
#5420=ORIENTED_EDGE('',*,*,#4147,.T.);
#5421=ORIENTED_EDGE('',*,*,#4147,.F.);
#5422=ORIENTED_EDGE('',*,*,#4148,.F.);
#5423=ORIENTED_EDGE('',*,*,#4149,.T.);
#5424=ORIENTED_EDGE('',*,*,#4150,.T.);
#5425=ORIENTED_EDGE('',*,*,#4151,.F.);
#5426=ORIENTED_EDGE('',*,*,#4152,.T.);
#5427=ORIENTED_EDGE('',*,*,#4153,.T.);
#5428=ORIENTED_EDGE('',*,*,#4154,.T.);
#5429=ORIENTED_EDGE('',*,*,#4145,.F.);
#5430=ORIENTED_EDGE('',*,*,#4155,.T.);
#5431=ORIENTED_EDGE('',*,*,#4154,.F.);
#5432=ORIENTED_EDGE('',*,*,#4156,.F.);
#5433=ORIENTED_EDGE('',*,*,#3893,.F.);
#5434=ORIENTED_EDGE('',*,*,#4157,.T.);
#5435=ORIENTED_EDGE('',*,*,#4158,.F.);
#5436=ORIENTED_EDGE('',*,*,#4159,.T.);
#5437=ORIENTED_EDGE('',*,*,#4160,.F.);
#5438=ORIENTED_EDGE('',*,*,#4161,.T.);
#5439=ORIENTED_EDGE('',*,*,#4162,.T.);
#5440=ORIENTED_EDGE('',*,*,#4163,.T.);
#5441=ORIENTED_EDGE('',*,*,#4163,.F.);
#5442=ORIENTED_EDGE('',*,*,#4164,.F.);
#5443=ORIENTED_EDGE('',*,*,#4165,.T.);
#5444=ORIENTED_EDGE('',*,*,#4166,.T.);
#5445=ORIENTED_EDGE('',*,*,#4167,.F.);
#5446=ORIENTED_EDGE('',*,*,#4168,.T.);
#5447=ORIENTED_EDGE('',*,*,#4169,.T.);
#5448=ORIENTED_EDGE('',*,*,#4170,.T.);
#5449=ORIENTED_EDGE('',*,*,#4170,.F.);
#5450=ORIENTED_EDGE('',*,*,#4171,.F.);
#5451=ORIENTED_EDGE('',*,*,#4172,.T.);
#5452=ORIENTED_EDGE('',*,*,#4173,.T.);
#5453=ORIENTED_EDGE('',*,*,#4174,.F.);
#5454=ORIENTED_EDGE('',*,*,#4175,.T.);
#5455=ORIENTED_EDGE('',*,*,#4176,.T.);
#5456=ORIENTED_EDGE('',*,*,#4177,.T.);
#5457=ORIENTED_EDGE('',*,*,#4177,.F.);
#5458=ORIENTED_EDGE('',*,*,#4178,.F.);
#5459=ORIENTED_EDGE('',*,*,#4179,.T.);
#5460=ORIENTED_EDGE('',*,*,#4180,.T.);
#5461=ORIENTED_EDGE('',*,*,#4181,.F.);
#5462=ORIENTED_EDGE('',*,*,#4182,.T.);
#5463=ORIENTED_EDGE('',*,*,#4183,.F.);
#5464=ORIENTED_EDGE('',*,*,#4184,.T.);
#5465=ORIENTED_EDGE('',*,*,#4182,.F.);
#5466=ORIENTED_EDGE('',*,*,#4185,.F.);
#5467=ORIENTED_EDGE('',*,*,#4186,.T.);
#5468=ORIENTED_EDGE('',*,*,#4187,.T.);
#5469=ORIENTED_EDGE('',*,*,#4188,.F.);
#5470=ORIENTED_EDGE('',*,*,#4189,.T.);
#5471=ORIENTED_EDGE('',*,*,#4190,.T.);
#5472=ORIENTED_EDGE('',*,*,#4191,.T.);
#5473=ORIENTED_EDGE('',*,*,#4191,.F.);
#5474=ORIENTED_EDGE('',*,*,#4192,.F.);
#5475=ORIENTED_EDGE('',*,*,#4193,.F.);
#5476=ORIENTED_EDGE('',*,*,#4194,.T.);
#5477=ORIENTED_EDGE('',*,*,#4195,.F.);
#5478=ORIENTED_EDGE('',*,*,#4193,.T.);
#5479=ORIENTED_EDGE('',*,*,#4196,.T.);
#5480=ORIENTED_EDGE('',*,*,#4197,.T.);
#5481=ORIENTED_EDGE('',*,*,#4197,.F.);
#5482=ORIENTED_EDGE('',*,*,#4198,.F.);
#5483=ORIENTED_EDGE('',*,*,#4199,.T.);
#5484=ORIENTED_EDGE('',*,*,#4200,.T.);
#5485=ORIENTED_EDGE('',*,*,#4201,.F.);
#5486=ORIENTED_EDGE('',*,*,#4202,.T.);
#5487=ORIENTED_EDGE('',*,*,#3931,.T.);
#5488=ORIENTED_EDGE('',*,*,#4203,.T.);
#5489=ORIENTED_EDGE('',*,*,#4203,.F.);
#5490=ORIENTED_EDGE('',*,*,#3930,.F.);
#5491=ORIENTED_EDGE('',*,*,#4204,.T.);
#5492=ORIENTED_EDGE('',*,*,#4205,.T.);
#5493=ORIENTED_EDGE('',*,*,#4206,.F.);
#5494=ORIENTED_EDGE('',*,*,#4207,.T.);
#5495=ORIENTED_EDGE('',*,*,#3924,.T.);
#5496=ORIENTED_EDGE('',*,*,#4208,.T.);
#5497=ORIENTED_EDGE('',*,*,#4208,.F.);
#5498=ORIENTED_EDGE('',*,*,#3923,.F.);
#5499=ORIENTED_EDGE('',*,*,#4209,.F.);
#5500=ORIENTED_EDGE('',*,*,#4210,.T.);
#5501=ORIENTED_EDGE('',*,*,#4211,.F.);
#5502=ORIENTED_EDGE('',*,*,#4209,.T.);
#5503=ORIENTED_EDGE('',*,*,#3922,.T.);
#5504=ORIENTED_EDGE('',*,*,#4212,.T.);
#5505=ORIENTED_EDGE('',*,*,#4212,.F.);
#5506=ORIENTED_EDGE('',*,*,#3921,.F.);
#5507=ORIENTED_EDGE('',*,*,#4213,.T.);
#5508=ORIENTED_EDGE('',*,*,#4214,.T.);
#5509=ORIENTED_EDGE('',*,*,#4157,.F.);
#5510=ORIENTED_EDGE('',*,*,#3892,.F.);
#5511=ORIENTED_EDGE('',*,*,#4215,.T.);
#5512=ORIENTED_EDGE('',*,*,#4216,.T.);
#5513=ORIENTED_EDGE('',*,*,#4217,.F.);
#5514=ORIENTED_EDGE('',*,*,#4218,.T.);
#5515=ORIENTED_EDGE('',*,*,#3895,.T.);
#5516=ORIENTED_EDGE('',*,*,#4219,.T.);
#5517=ORIENTED_EDGE('',*,*,#4159,.F.);
#5518=ORIENTED_EDGE('',*,*,#4220,.T.);
#5519=ORIENTED_EDGE('',*,*,#4219,.F.);
#5520=ORIENTED_EDGE('',*,*,#3894,.F.);
#5521=ORIENTED_EDGE('',*,*,#4221,.F.);
#5522=ORIENTED_EDGE('',*,*,#4222,.T.);
#5523=ORIENTED_EDGE('',*,*,#3898,.T.);
#5524=ORIENTED_EDGE('',*,*,#4223,.T.);
#5525=ORIENTED_EDGE('',*,*,#4223,.F.);
#5526=ORIENTED_EDGE('',*,*,#3897,.F.);
#5527=ORIENTED_EDGE('',*,*,#4224,.T.);
#5528=ORIENTED_EDGE('',*,*,#4225,.T.);
#5529=ORIENTED_EDGE('',*,*,#4226,.F.);
#5530=ORIENTED_EDGE('',*,*,#4227,.T.);
#5531=ORIENTED_EDGE('',*,*,#3900,.T.);
#5532=ORIENTED_EDGE('',*,*,#4228,.T.);
#5533=ORIENTED_EDGE('',*,*,#4222,.F.);
#5534=ORIENTED_EDGE('',*,*,#4229,.T.);
#5535=ORIENTED_EDGE('',*,*,#4228,.F.);
#5536=ORIENTED_EDGE('',*,*,#3899,.F.);
#5537=ORIENTED_EDGE('',*,*,#4230,.F.);
#5538=ORIENTED_EDGE('',*,*,#4231,.T.);
#5539=ORIENTED_EDGE('',*,*,#3911,.T.);
#5540=ORIENTED_EDGE('',*,*,#4232,.F.);
#5541=ORIENTED_EDGE('',*,*,#4231,.F.);
#5542=ORIENTED_EDGE('',*,*,#4233,.T.);
#5543=ORIENTED_EDGE('',*,*,#4234,.F.);
#5544=ORIENTED_EDGE('',*,*,#3912,.F.);
#5545=ORIENTED_EDGE('',*,*,#4235,.F.);
#5546=ORIENTED_EDGE('',*,*,#4236,.T.);
#5547=ORIENTED_EDGE('',*,*,#3871,.F.);
#5548=ORIENTED_EDGE('',*,*,#4237,.T.);
#5549=ORIENTED_EDGE('',*,*,#4238,.F.);
#5550=ORIENTED_EDGE('',*,*,#4239,.T.);
#5551=ORIENTED_EDGE('',*,*,#4121,.T.);
#5552=ORIENTED_EDGE('',*,*,#4240,.T.);
#5553=ORIENTED_EDGE('',*,*,#4240,.F.);
#5554=ORIENTED_EDGE('',*,*,#4120,.F.);
#5555=ORIENTED_EDGE('',*,*,#4241,.F.);
#5556=ORIENTED_EDGE('',*,*,#4242,.T.);
#5557=ORIENTED_EDGE('',*,*,#4243,.F.);
#5558=ORIENTED_EDGE('',*,*,#4244,.T.);
#5559=ORIENTED_EDGE('',*,*,#4098,.T.);
#5560=ORIENTED_EDGE('',*,*,#4245,.T.);
#5561=ORIENTED_EDGE('',*,*,#4243,.T.);
#5562=ORIENTED_EDGE('',*,*,#4246,.F.);
#5563=ORIENTED_EDGE('',*,*,#4247,.T.);
#5564=ORIENTED_EDGE('',*,*,#4248,.F.);
#5565=ORIENTED_EDGE('',*,*,#4249,.F.);
#5566=ORIENTED_EDGE('',*,*,#4250,.F.);
#5567=ORIENTED_EDGE('',*,*,#4251,.F.);
#5568=ORIENTED_EDGE('',*,*,#4252,.F.);
#5569=ORIENTED_EDGE('',*,*,#4253,.F.);
#5570=ORIENTED_EDGE('',*,*,#4254,.F.);
#5571=ORIENTED_EDGE('',*,*,#4255,.F.);
#5572=ORIENTED_EDGE('',*,*,#4245,.F.);
#5573=ORIENTED_EDGE('',*,*,#4097,.F.);
#5574=ORIENTED_EDGE('',*,*,#4256,.F.);
#5575=ORIENTED_EDGE('',*,*,#4088,.F.);
#5576=ORIENTED_EDGE('',*,*,#4257,.F.);
#5577=ORIENTED_EDGE('',*,*,#4083,.F.);
#5578=ORIENTED_EDGE('',*,*,#4258,.F.);
#5579=ORIENTED_EDGE('',*,*,#4074,.F.);
#5580=ORIENTED_EDGE('',*,*,#4259,.F.);
#5581=ORIENTED_EDGE('',*,*,#4246,.T.);
#5582=ORIENTED_EDGE('',*,*,#4247,.F.);
#5583=ORIENTED_EDGE('',*,*,#4259,.T.);
#5584=ORIENTED_EDGE('',*,*,#4260,.F.);
#5585=ORIENTED_EDGE('',*,*,#4034,.T.);
#5586=ORIENTED_EDGE('',*,*,#4261,.T.);
#5587=ORIENTED_EDGE('',*,*,#4239,.F.);
#5588=ORIENTED_EDGE('',*,*,#4262,.T.);
#5589=ORIENTED_EDGE('',*,*,#4237,.F.);
#5590=ORIENTED_EDGE('',*,*,#3870,.F.);
#5591=ORIENTED_EDGE('',*,*,#4263,.F.);
#5592=ORIENTED_EDGE('',*,*,#4141,.F.);
#5593=ORIENTED_EDGE('',*,*,#4264,.F.);
#5594=ORIENTED_EDGE('',*,*,#4136,.F.);
#5595=ORIENTED_EDGE('',*,*,#4265,.F.);
#5596=ORIENTED_EDGE('',*,*,#4127,.F.);
#5597=ORIENTED_EDGE('',*,*,#4266,.F.);
#5598=ORIENTED_EDGE('',*,*,#4122,.F.);
#5599=ORIENTED_EDGE('',*,*,#4236,.F.);
#5600=ORIENTED_EDGE('',*,*,#4267,.T.);
#5601=ORIENTED_EDGE('',*,*,#4268,.F.);
#5602=ORIENTED_EDGE('',*,*,#3872,.F.);
#5603=ORIENTED_EDGE('',*,*,#4235,.T.);
#5604=ORIENTED_EDGE('',*,*,#4262,.F.);
#5605=ORIENTED_EDGE('',*,*,#4238,.T.);
#5606=ORIENTED_EDGE('',*,*,#4242,.F.);
#5607=ORIENTED_EDGE('',*,*,#4269,.F.);
#5608=ORIENTED_EDGE('',*,*,#4270,.F.);
#5609=ORIENTED_EDGE('',*,*,#4271,.F.);
#5610=ORIENTED_EDGE('',*,*,#4272,.F.);
#5611=ORIENTED_EDGE('',*,*,#4273,.F.);
#5612=ORIENTED_EDGE('',*,*,#4274,.F.);
#5613=ORIENTED_EDGE('',*,*,#4275,.F.);
#5614=ORIENTED_EDGE('',*,*,#4276,.F.);
#5615=ORIENTED_EDGE('',*,*,#4267,.F.);
#5616=ORIENTED_EDGE('',*,*,#4261,.F.);
#5617=ORIENTED_EDGE('',*,*,#4033,.F.);
#5618=ORIENTED_EDGE('',*,*,#4277,.F.);
#5619=ORIENTED_EDGE('',*,*,#4248,.T.);
#5620=ORIENTED_EDGE('',*,*,#4244,.F.);
#5621=ORIENTED_EDGE('',*,*,#4255,.T.);
#5622=ORIENTED_EDGE('',*,*,#4278,.F.);
#5623=ORIENTED_EDGE('',*,*,#4099,.F.);
#5624=ORIENTED_EDGE('',*,*,#4143,.F.);
#5625=ORIENTED_EDGE('',*,*,#4142,.F.);
#5626=ORIENTED_EDGE('',*,*,#4263,.T.);
#5627=ORIENTED_EDGE('',*,*,#3869,.F.);
#5628=ORIENTED_EDGE('',*,*,#4268,.T.);
#5629=ORIENTED_EDGE('',*,*,#4276,.T.);
#5630=ORIENTED_EDGE('',*,*,#4279,.T.);
#5631=ORIENTED_EDGE('',*,*,#4280,.T.);
#5632=ORIENTED_EDGE('',*,*,#4281,.F.);
#5633=ORIENTED_EDGE('',*,*,#3873,.F.);
#5634=ORIENTED_EDGE('',*,*,#4275,.T.);
#5635=ORIENTED_EDGE('',*,*,#4282,.T.);
#5636=ORIENTED_EDGE('',*,*,#4283,.T.);
#5637=ORIENTED_EDGE('',*,*,#4279,.F.);
#5638=ORIENTED_EDGE('',*,*,#4274,.T.);
#5639=ORIENTED_EDGE('',*,*,#4284,.T.);
#5640=ORIENTED_EDGE('',*,*,#4285,.T.);
#5641=ORIENTED_EDGE('',*,*,#4282,.F.);
#5642=ORIENTED_EDGE('',*,*,#4273,.T.);
#5643=ORIENTED_EDGE('',*,*,#4286,.T.);
#5644=ORIENTED_EDGE('',*,*,#4287,.T.);
#5645=ORIENTED_EDGE('',*,*,#4284,.F.);
#5646=ORIENTED_EDGE('',*,*,#4272,.T.);
#5647=ORIENTED_EDGE('',*,*,#4288,.T.);
#5648=ORIENTED_EDGE('',*,*,#4289,.T.);
#5649=ORIENTED_EDGE('',*,*,#4286,.F.);
#5650=ORIENTED_EDGE('',*,*,#4251,.T.);
#5651=ORIENTED_EDGE('',*,*,#4290,.T.);
#5652=ORIENTED_EDGE('',*,*,#4291,.T.);
#5653=ORIENTED_EDGE('',*,*,#4292,.F.);
#5654=ORIENTED_EDGE('',*,*,#4250,.T.);
#5655=ORIENTED_EDGE('',*,*,#4293,.T.);
#5656=ORIENTED_EDGE('',*,*,#4294,.T.);
#5657=ORIENTED_EDGE('',*,*,#4290,.F.);
#5658=ORIENTED_EDGE('',*,*,#4249,.T.);
#5659=ORIENTED_EDGE('',*,*,#4277,.T.);
#5660=ORIENTED_EDGE('',*,*,#4032,.F.);
#5661=ORIENTED_EDGE('',*,*,#4295,.T.);
#5662=ORIENTED_EDGE('',*,*,#4296,.T.);
#5663=ORIENTED_EDGE('',*,*,#4293,.F.);
#5664=ORIENTED_EDGE('',*,*,#4069,.F.);
#5665=ORIENTED_EDGE('',*,*,#4035,.F.);
#5666=ORIENTED_EDGE('',*,*,#4260,.T.);
#5667=ORIENTED_EDGE('',*,*,#4073,.T.);
#5668=ORIENTED_EDGE('',*,*,#4077,.F.);
#5669=ORIENTED_EDGE('',*,*,#4075,.T.);
#5670=ORIENTED_EDGE('',*,*,#4258,.T.);
#5671=ORIENTED_EDGE('',*,*,#4082,.F.);
#5672=ORIENTED_EDGE('',*,*,#4094,.F.);
#5673=ORIENTED_EDGE('',*,*,#4123,.F.);
#5674=ORIENTED_EDGE('',*,*,#4266,.T.);
#5675=ORIENTED_EDGE('',*,*,#4126,.F.);
#5676=ORIENTED_EDGE('',*,*,#4130,.F.);
#5677=ORIENTED_EDGE('',*,*,#4128,.F.);
#5678=ORIENTED_EDGE('',*,*,#4265,.T.);
#5679=ORIENTED_EDGE('',*,*,#4135,.F.);
#5680=ORIENTED_EDGE('',*,*,#4133,.F.);
#5681=ORIENTED_EDGE('',*,*,#4137,.F.);
#5682=ORIENTED_EDGE('',*,*,#4264,.T.);
#5683=ORIENTED_EDGE('',*,*,#4140,.F.);
#5684=ORIENTED_EDGE('',*,*,#4271,.T.);
#5685=ORIENTED_EDGE('',*,*,#4297,.T.);
#5686=ORIENTED_EDGE('',*,*,#4298,.T.);
#5687=ORIENTED_EDGE('',*,*,#4288,.F.);
#5688=ORIENTED_EDGE('',*,*,#4091,.F.);
#5689=ORIENTED_EDGE('',*,*,#4089,.T.);
#5690=ORIENTED_EDGE('',*,*,#4256,.T.);
#5691=ORIENTED_EDGE('',*,*,#4096,.F.);
#5692=ORIENTED_EDGE('',*,*,#4241,.T.);
#5693=ORIENTED_EDGE('',*,*,#4119,.F.);
#5694=ORIENTED_EDGE('',*,*,#4299,.T.);
#5695=ORIENTED_EDGE('',*,*,#4300,.T.);
#5696=ORIENTED_EDGE('',*,*,#4301,.F.);
#5697=ORIENTED_EDGE('',*,*,#4269,.T.);
#5698=ORIENTED_EDGE('',*,*,#4080,.F.);
#5699=ORIENTED_EDGE('',*,*,#4084,.F.);
#5700=ORIENTED_EDGE('',*,*,#4257,.T.);
#5701=ORIENTED_EDGE('',*,*,#4087,.T.);
#5702=ORIENTED_EDGE('',*,*,#4302,.F.);
#5703=ORIENTED_EDGE('',*,*,#4303,.T.);
#5704=ORIENTED_EDGE('',*,*,#4304,.T.);
#5705=ORIENTED_EDGE('',*,*,#4305,.F.);
#5706=ORIENTED_EDGE('',*,*,#4306,.F.);
#5707=ORIENTED_EDGE('',*,*,#4307,.T.);
#5708=ORIENTED_EDGE('',*,*,#4308,.T.);
#5709=ORIENTED_EDGE('',*,*,#4303,.F.);
#5710=ORIENTED_EDGE('',*,*,#4309,.F.);
#5711=ORIENTED_EDGE('',*,*,#4310,.T.);
#5712=ORIENTED_EDGE('',*,*,#4311,.T.);
#5713=ORIENTED_EDGE('',*,*,#4307,.F.);
#5714=ORIENTED_EDGE('',*,*,#4312,.F.);
#5715=ORIENTED_EDGE('',*,*,#4313,.T.);
#5716=ORIENTED_EDGE('',*,*,#4314,.T.);
#5717=ORIENTED_EDGE('',*,*,#4310,.F.);
#5718=ORIENTED_EDGE('',*,*,#4315,.F.);
#5719=ORIENTED_EDGE('',*,*,#4316,.T.);
#5720=ORIENTED_EDGE('',*,*,#4317,.T.);
#5721=ORIENTED_EDGE('',*,*,#4313,.F.);
#5722=ORIENTED_EDGE('',*,*,#4318,.F.);
#5723=ORIENTED_EDGE('',*,*,#4319,.T.);
#5724=ORIENTED_EDGE('',*,*,#4320,.T.);
#5725=ORIENTED_EDGE('',*,*,#4316,.F.);
#5726=ORIENTED_EDGE('',*,*,#4321,.F.);
#5727=ORIENTED_EDGE('',*,*,#4322,.T.);
#5728=ORIENTED_EDGE('',*,*,#4323,.T.);
#5729=ORIENTED_EDGE('',*,*,#4319,.F.);
#5730=ORIENTED_EDGE('',*,*,#4324,.F.);
#5731=ORIENTED_EDGE('',*,*,#4325,.T.);
#5732=ORIENTED_EDGE('',*,*,#4326,.T.);
#5733=ORIENTED_EDGE('',*,*,#4322,.F.);
#5734=ORIENTED_EDGE('',*,*,#4327,.F.);
#5735=ORIENTED_EDGE('',*,*,#4328,.T.);
#5736=ORIENTED_EDGE('',*,*,#4329,.T.);
#5737=ORIENTED_EDGE('',*,*,#4325,.F.);
#5738=ORIENTED_EDGE('',*,*,#4330,.F.);
#5739=ORIENTED_EDGE('',*,*,#4331,.T.);
#5740=ORIENTED_EDGE('',*,*,#4332,.T.);
#5741=ORIENTED_EDGE('',*,*,#4328,.F.);
#5742=ORIENTED_EDGE('',*,*,#4333,.F.);
#5743=ORIENTED_EDGE('',*,*,#4334,.T.);
#5744=ORIENTED_EDGE('',*,*,#4335,.T.);
#5745=ORIENTED_EDGE('',*,*,#4331,.F.);
#5746=ORIENTED_EDGE('',*,*,#4336,.F.);
#5747=ORIENTED_EDGE('',*,*,#4305,.T.);
#5748=ORIENTED_EDGE('',*,*,#4337,.T.);
#5749=ORIENTED_EDGE('',*,*,#4334,.F.);
#5750=ORIENTED_EDGE('',*,*,#4338,.F.);
#5751=ORIENTED_EDGE('',*,*,#4339,.T.);
#5752=ORIENTED_EDGE('',*,*,#4340,.T.);
#5753=ORIENTED_EDGE('',*,*,#4199,.F.);
#5754=ORIENTED_EDGE('',*,*,#4341,.F.);
#5755=ORIENTED_EDGE('',*,*,#4342,.T.);
#5756=ORIENTED_EDGE('',*,*,#4343,.T.);
#5757=ORIENTED_EDGE('',*,*,#4339,.F.);
#5758=ORIENTED_EDGE('',*,*,#4344,.F.);
#5759=ORIENTED_EDGE('',*,*,#4345,.T.);
#5760=ORIENTED_EDGE('',*,*,#4346,.T.);
#5761=ORIENTED_EDGE('',*,*,#4342,.F.);
#5762=ORIENTED_EDGE('',*,*,#4189,.F.);
#5763=ORIENTED_EDGE('',*,*,#4347,.T.);
#5764=ORIENTED_EDGE('',*,*,#4345,.F.);
#5765=ORIENTED_EDGE('',*,*,#4348,.F.);
#5766=ORIENTED_EDGE('',*,*,#4349,.F.);
#5767=ORIENTED_EDGE('',*,*,#4350,.T.);
#5768=ORIENTED_EDGE('',*,*,#4351,.T.);
#5769=ORIENTED_EDGE('',*,*,#4352,.F.);
#5770=ORIENTED_EDGE('',*,*,#4353,.F.);
#5771=ORIENTED_EDGE('',*,*,#4354,.T.);
#5772=ORIENTED_EDGE('',*,*,#4355,.T.);
#5773=ORIENTED_EDGE('',*,*,#4350,.F.);
#5774=ORIENTED_EDGE('',*,*,#4356,.F.);
#5775=ORIENTED_EDGE('',*,*,#4357,.T.);
#5776=ORIENTED_EDGE('',*,*,#4358,.T.);
#5777=ORIENTED_EDGE('',*,*,#4354,.F.);
#5778=ORIENTED_EDGE('',*,*,#4359,.F.);
#5779=ORIENTED_EDGE('',*,*,#4360,.T.);
#5780=ORIENTED_EDGE('',*,*,#4361,.T.);
#5781=ORIENTED_EDGE('',*,*,#4357,.F.);
#5782=ORIENTED_EDGE('',*,*,#4362,.F.);
#5783=ORIENTED_EDGE('',*,*,#4363,.T.);
#5784=ORIENTED_EDGE('',*,*,#4364,.T.);
#5785=ORIENTED_EDGE('',*,*,#4360,.F.);
#5786=ORIENTED_EDGE('',*,*,#4365,.F.);
#5787=ORIENTED_EDGE('',*,*,#4366,.T.);
#5788=ORIENTED_EDGE('',*,*,#4367,.T.);
#5789=ORIENTED_EDGE('',*,*,#4363,.F.);
#5790=ORIENTED_EDGE('',*,*,#4368,.F.);
#5791=ORIENTED_EDGE('',*,*,#4369,.T.);
#5792=ORIENTED_EDGE('',*,*,#4370,.T.);
#5793=ORIENTED_EDGE('',*,*,#4366,.F.);
#5794=ORIENTED_EDGE('',*,*,#4371,.F.);
#5795=ORIENTED_EDGE('',*,*,#4372,.T.);
#5796=ORIENTED_EDGE('',*,*,#4373,.T.);
#5797=ORIENTED_EDGE('',*,*,#4369,.F.);
#5798=ORIENTED_EDGE('',*,*,#4374,.F.);
#5799=ORIENTED_EDGE('',*,*,#4375,.T.);
#5800=ORIENTED_EDGE('',*,*,#4376,.T.);
#5801=ORIENTED_EDGE('',*,*,#4372,.F.);
#5802=ORIENTED_EDGE('',*,*,#4168,.F.);
#5803=ORIENTED_EDGE('',*,*,#4377,.T.);
#5804=ORIENTED_EDGE('',*,*,#4375,.F.);
#5805=ORIENTED_EDGE('',*,*,#4378,.F.);
#5806=ORIENTED_EDGE('',*,*,#4379,.F.);
#5807=ORIENTED_EDGE('',*,*,#4380,.T.);
#5808=ORIENTED_EDGE('',*,*,#4381,.T.);
#5809=ORIENTED_EDGE('',*,*,#4172,.F.);
#5810=ORIENTED_EDGE('',*,*,#4382,.F.);
#5811=ORIENTED_EDGE('',*,*,#4383,.T.);
#5812=ORIENTED_EDGE('',*,*,#4384,.T.);
#5813=ORIENTED_EDGE('',*,*,#4380,.F.);
#5814=ORIENTED_EDGE('',*,*,#4385,.F.);
#5815=ORIENTED_EDGE('',*,*,#4386,.T.);
#5816=ORIENTED_EDGE('',*,*,#4387,.T.);
#5817=ORIENTED_EDGE('',*,*,#4383,.F.);
#5818=ORIENTED_EDGE('',*,*,#4161,.F.);
#5819=ORIENTED_EDGE('',*,*,#4388,.T.);
#5820=ORIENTED_EDGE('',*,*,#4386,.F.);
#5821=ORIENTED_EDGE('',*,*,#4389,.F.);
#5822=ORIENTED_EDGE('',*,*,#4390,.F.);
#5823=ORIENTED_EDGE('',*,*,#4391,.T.);
#5824=ORIENTED_EDGE('',*,*,#4392,.T.);
#5825=ORIENTED_EDGE('',*,*,#4165,.F.);
#5826=ORIENTED_EDGE('',*,*,#4393,.F.);
#5827=ORIENTED_EDGE('',*,*,#4394,.T.);
#5828=ORIENTED_EDGE('',*,*,#4395,.T.);
#5829=ORIENTED_EDGE('',*,*,#4391,.F.);
#5830=ORIENTED_EDGE('',*,*,#4396,.F.);
#5831=ORIENTED_EDGE('',*,*,#4397,.T.);
#5832=ORIENTED_EDGE('',*,*,#4398,.T.);
#5833=ORIENTED_EDGE('',*,*,#4394,.F.);
#5834=ORIENTED_EDGE('',*,*,#4399,.F.);
#5835=ORIENTED_EDGE('',*,*,#4400,.T.);
#5836=ORIENTED_EDGE('',*,*,#4401,.T.);
#5837=ORIENTED_EDGE('',*,*,#4397,.F.);
#5838=ORIENTED_EDGE('',*,*,#4402,.F.);
#5839=ORIENTED_EDGE('',*,*,#4403,.T.);
#5840=ORIENTED_EDGE('',*,*,#4404,.T.);
#5841=ORIENTED_EDGE('',*,*,#4400,.F.);
#5842=ORIENTED_EDGE('',*,*,#4405,.F.);
#5843=ORIENTED_EDGE('',*,*,#4406,.T.);
#5844=ORIENTED_EDGE('',*,*,#4407,.T.);
#5845=ORIENTED_EDGE('',*,*,#4403,.F.);
#5846=ORIENTED_EDGE('',*,*,#4408,.F.);
#5847=ORIENTED_EDGE('',*,*,#4409,.T.);
#5848=ORIENTED_EDGE('',*,*,#4410,.T.);
#5849=ORIENTED_EDGE('',*,*,#4406,.F.);
#5850=ORIENTED_EDGE('',*,*,#4184,.F.);
#5851=ORIENTED_EDGE('',*,*,#4411,.T.);
#5852=ORIENTED_EDGE('',*,*,#4409,.F.);
#5853=ORIENTED_EDGE('',*,*,#4412,.F.);
#5854=ORIENTED_EDGE('',*,*,#4413,.F.);
#5855=ORIENTED_EDGE('',*,*,#4414,.T.);
#5856=ORIENTED_EDGE('',*,*,#4415,.T.);
#5857=ORIENTED_EDGE('',*,*,#4186,.F.);
#5858=ORIENTED_EDGE('',*,*,#4175,.F.);
#5859=ORIENTED_EDGE('',*,*,#4416,.T.);
#5860=ORIENTED_EDGE('',*,*,#4414,.F.);
#5861=ORIENTED_EDGE('',*,*,#4417,.F.);
#5862=ORIENTED_EDGE('',*,*,#4418,.F.);
#5863=ORIENTED_EDGE('',*,*,#4352,.T.);
#5864=ORIENTED_EDGE('',*,*,#4419,.T.);
#5865=ORIENTED_EDGE('',*,*,#4179,.F.);
#5866=ORIENTED_EDGE('',*,*,#4420,.F.);
#5867=ORIENTED_EDGE('',*,*,#4421,.T.);
#5868=ORIENTED_EDGE('',*,*,#4422,.T.);
#5869=ORIENTED_EDGE('',*,*,#4423,.F.);
#5870=ORIENTED_EDGE('',*,*,#4424,.F.);
#5871=ORIENTED_EDGE('',*,*,#4425,.T.);
#5872=ORIENTED_EDGE('',*,*,#4426,.T.);
#5873=ORIENTED_EDGE('',*,*,#4421,.F.);
#5874=ORIENTED_EDGE('',*,*,#4427,.F.);
#5875=ORIENTED_EDGE('',*,*,#4428,.T.);
#5876=ORIENTED_EDGE('',*,*,#4429,.T.);
#5877=ORIENTED_EDGE('',*,*,#4425,.F.);
#5878=ORIENTED_EDGE('',*,*,#4430,.F.);
#5879=ORIENTED_EDGE('',*,*,#4431,.T.);
#5880=ORIENTED_EDGE('',*,*,#4432,.T.);
#5881=ORIENTED_EDGE('',*,*,#4428,.F.);
#5882=ORIENTED_EDGE('',*,*,#4433,.F.);
#5883=ORIENTED_EDGE('',*,*,#4434,.T.);
#5884=ORIENTED_EDGE('',*,*,#4435,.T.);
#5885=ORIENTED_EDGE('',*,*,#4431,.F.);
#5886=ORIENTED_EDGE('',*,*,#4436,.F.);
#5887=ORIENTED_EDGE('',*,*,#4437,.T.);
#5888=ORIENTED_EDGE('',*,*,#4438,.T.);
#5889=ORIENTED_EDGE('',*,*,#4434,.F.);
#5890=ORIENTED_EDGE('',*,*,#4439,.F.);
#5891=ORIENTED_EDGE('',*,*,#4440,.T.);
#5892=ORIENTED_EDGE('',*,*,#4441,.T.);
#5893=ORIENTED_EDGE('',*,*,#4437,.F.);
#5894=ORIENTED_EDGE('',*,*,#4442,.F.);
#5895=ORIENTED_EDGE('',*,*,#4443,.T.);
#5896=ORIENTED_EDGE('',*,*,#4444,.T.);
#5897=ORIENTED_EDGE('',*,*,#4440,.F.);
#5898=ORIENTED_EDGE('',*,*,#4445,.F.);
#5899=ORIENTED_EDGE('',*,*,#4446,.T.);
#5900=ORIENTED_EDGE('',*,*,#4447,.T.);
#5901=ORIENTED_EDGE('',*,*,#4443,.F.);
#5902=ORIENTED_EDGE('',*,*,#4448,.F.);
#5903=ORIENTED_EDGE('',*,*,#4449,.T.);
#5904=ORIENTED_EDGE('',*,*,#4450,.T.);
#5905=ORIENTED_EDGE('',*,*,#4446,.F.);
#5906=ORIENTED_EDGE('',*,*,#4451,.F.);
#5907=ORIENTED_EDGE('',*,*,#4452,.T.);
#5908=ORIENTED_EDGE('',*,*,#4453,.T.);
#5909=ORIENTED_EDGE('',*,*,#4449,.F.);
#5910=ORIENTED_EDGE('',*,*,#4454,.F.);
#5911=ORIENTED_EDGE('',*,*,#4455,.T.);
#5912=ORIENTED_EDGE('',*,*,#4456,.T.);
#5913=ORIENTED_EDGE('',*,*,#4452,.F.);
#5914=ORIENTED_EDGE('',*,*,#4152,.F.);
#5915=ORIENTED_EDGE('',*,*,#4457,.T.);
#5916=ORIENTED_EDGE('',*,*,#4455,.F.);
#5917=ORIENTED_EDGE('',*,*,#4458,.F.);
#5918=ORIENTED_EDGE('',*,*,#4459,.F.);
#5919=ORIENTED_EDGE('',*,*,#4460,.T.);
#5920=ORIENTED_EDGE('',*,*,#4461,.T.);
#5921=ORIENTED_EDGE('',*,*,#4149,.F.);
#5922=ORIENTED_EDGE('',*,*,#4462,.F.);
#5923=ORIENTED_EDGE('',*,*,#4463,.T.);
#5924=ORIENTED_EDGE('',*,*,#4464,.T.);
#5925=ORIENTED_EDGE('',*,*,#4460,.F.);
#5926=ORIENTED_EDGE('',*,*,#4465,.F.);
#5927=ORIENTED_EDGE('',*,*,#4466,.T.);
#5928=ORIENTED_EDGE('',*,*,#4467,.T.);
#5929=ORIENTED_EDGE('',*,*,#4463,.F.);
#5930=ORIENTED_EDGE('',*,*,#4468,.F.);
#5931=ORIENTED_EDGE('',*,*,#4423,.T.);
#5932=ORIENTED_EDGE('',*,*,#4469,.T.);
#5933=ORIENTED_EDGE('',*,*,#4466,.F.);
#5934=ORIENTED_EDGE('',*,*,#3920,.F.);
#5935=ORIENTED_EDGE('',*,*,#4470,.T.);
#5936=ORIENTED_EDGE('',*,*,#4471,.T.);
#5937=ORIENTED_EDGE('',*,*,#4213,.F.);
#5938=ORIENTED_EDGE('',*,*,#3919,.F.);
#5939=ORIENTED_EDGE('',*,*,#4472,.T.);
#5940=ORIENTED_EDGE('',*,*,#4473,.T.);
#5941=ORIENTED_EDGE('',*,*,#4470,.F.);
#5942=ORIENTED_EDGE('',*,*,#3918,.F.);
#5943=ORIENTED_EDGE('',*,*,#4474,.T.);
#5944=ORIENTED_EDGE('',*,*,#4475,.T.);
#5945=ORIENTED_EDGE('',*,*,#4472,.F.);
#5946=ORIENTED_EDGE('',*,*,#3917,.F.);
#5947=ORIENTED_EDGE('',*,*,#4476,.T.);
#5948=ORIENTED_EDGE('',*,*,#4477,.T.);
#5949=ORIENTED_EDGE('',*,*,#4474,.F.);
#5950=ORIENTED_EDGE('',*,*,#3916,.F.);
#5951=ORIENTED_EDGE('',*,*,#4478,.T.);
#5952=ORIENTED_EDGE('',*,*,#4479,.T.);
#5953=ORIENTED_EDGE('',*,*,#4476,.F.);
#5954=ORIENTED_EDGE('',*,*,#3915,.F.);
#5955=ORIENTED_EDGE('',*,*,#4480,.T.);
#5956=ORIENTED_EDGE('',*,*,#4481,.T.);
#5957=ORIENTED_EDGE('',*,*,#4478,.F.);
#5958=ORIENTED_EDGE('',*,*,#3914,.F.);
#5959=ORIENTED_EDGE('',*,*,#4482,.T.);
#5960=ORIENTED_EDGE('',*,*,#4483,.T.);
#5961=ORIENTED_EDGE('',*,*,#4480,.F.);
#5962=ORIENTED_EDGE('',*,*,#3913,.F.);
#5963=ORIENTED_EDGE('',*,*,#4234,.T.);
#5964=ORIENTED_EDGE('',*,*,#4484,.T.);
#5965=ORIENTED_EDGE('',*,*,#4482,.F.);
#5966=ORIENTED_EDGE('',*,*,#4232,.T.);
#5967=ORIENTED_EDGE('',*,*,#3910,.F.);
#5968=ORIENTED_EDGE('',*,*,#4485,.T.);
#5969=ORIENTED_EDGE('',*,*,#4486,.T.);
#5970=ORIENTED_EDGE('',*,*,#3909,.F.);
#5971=ORIENTED_EDGE('',*,*,#4487,.T.);
#5972=ORIENTED_EDGE('',*,*,#4488,.T.);
#5973=ORIENTED_EDGE('',*,*,#4485,.F.);
#5974=ORIENTED_EDGE('',*,*,#3908,.F.);
#5975=ORIENTED_EDGE('',*,*,#4489,.T.);
#5976=ORIENTED_EDGE('',*,*,#4490,.T.);
#5977=ORIENTED_EDGE('',*,*,#4487,.F.);
#5978=ORIENTED_EDGE('',*,*,#3907,.F.);
#5979=ORIENTED_EDGE('',*,*,#4491,.T.);
#5980=ORIENTED_EDGE('',*,*,#4492,.T.);
#5981=ORIENTED_EDGE('',*,*,#4489,.F.);
#5982=ORIENTED_EDGE('',*,*,#3906,.F.);
#5983=ORIENTED_EDGE('',*,*,#4493,.T.);
#5984=ORIENTED_EDGE('',*,*,#4494,.T.);
#5985=ORIENTED_EDGE('',*,*,#4491,.F.);
#5986=ORIENTED_EDGE('',*,*,#3905,.F.);
#5987=ORIENTED_EDGE('',*,*,#4495,.T.);
#5988=ORIENTED_EDGE('',*,*,#4496,.T.);
#5989=ORIENTED_EDGE('',*,*,#4493,.F.);
#5990=ORIENTED_EDGE('',*,*,#3904,.F.);
#5991=ORIENTED_EDGE('',*,*,#4497,.T.);
#5992=ORIENTED_EDGE('',*,*,#4498,.T.);
#5993=ORIENTED_EDGE('',*,*,#4495,.F.);
#5994=ORIENTED_EDGE('',*,*,#3903,.F.);
#5995=ORIENTED_EDGE('',*,*,#4499,.T.);
#5996=ORIENTED_EDGE('',*,*,#4500,.T.);
#5997=ORIENTED_EDGE('',*,*,#4497,.F.);
#5998=ORIENTED_EDGE('',*,*,#3902,.F.);
#5999=ORIENTED_EDGE('',*,*,#4501,.T.);
#6000=ORIENTED_EDGE('',*,*,#4502,.T.);
#6001=ORIENTED_EDGE('',*,*,#4499,.F.);
#6002=ORIENTED_EDGE('',*,*,#4227,.F.);
#6003=ORIENTED_EDGE('',*,*,#4503,.T.);
#6004=ORIENTED_EDGE('',*,*,#4501,.F.);
#6005=ORIENTED_EDGE('',*,*,#3901,.F.);
#6006=ORIENTED_EDGE('',*,*,#4218,.F.);
#6007=ORIENTED_EDGE('',*,*,#4504,.T.);
#6008=ORIENTED_EDGE('',*,*,#4224,.F.);
#6009=ORIENTED_EDGE('',*,*,#3896,.F.);
#6010=ORIENTED_EDGE('',*,*,#3891,.F.);
#6011=ORIENTED_EDGE('',*,*,#4505,.T.);
#6012=ORIENTED_EDGE('',*,*,#4506,.T.);
#6013=ORIENTED_EDGE('',*,*,#4215,.F.);
#6014=ORIENTED_EDGE('',*,*,#3890,.F.);
#6015=ORIENTED_EDGE('',*,*,#4507,.T.);
#6016=ORIENTED_EDGE('',*,*,#4508,.T.);
#6017=ORIENTED_EDGE('',*,*,#4505,.F.);
#6018=ORIENTED_EDGE('',*,*,#3889,.F.);
#6019=ORIENTED_EDGE('',*,*,#4509,.T.);
#6020=ORIENTED_EDGE('',*,*,#4510,.T.);
#6021=ORIENTED_EDGE('',*,*,#4507,.F.);
#6022=ORIENTED_EDGE('',*,*,#3888,.F.);
#6023=ORIENTED_EDGE('',*,*,#4511,.T.);
#6024=ORIENTED_EDGE('',*,*,#4512,.T.);
#6025=ORIENTED_EDGE('',*,*,#4509,.F.);
#6026=ORIENTED_EDGE('',*,*,#3887,.F.);
#6027=ORIENTED_EDGE('',*,*,#4513,.T.);
#6028=ORIENTED_EDGE('',*,*,#4514,.T.);
#6029=ORIENTED_EDGE('',*,*,#4511,.F.);
#6030=ORIENTED_EDGE('',*,*,#3886,.F.);
#6031=ORIENTED_EDGE('',*,*,#4515,.T.);
#6032=ORIENTED_EDGE('',*,*,#4516,.T.);
#6033=ORIENTED_EDGE('',*,*,#4513,.F.);
#6034=ORIENTED_EDGE('',*,*,#3885,.F.);
#6035=ORIENTED_EDGE('',*,*,#4517,.T.);
#6036=ORIENTED_EDGE('',*,*,#4518,.T.);
#6037=ORIENTED_EDGE('',*,*,#4515,.F.);
#6038=ORIENTED_EDGE('',*,*,#3884,.F.);
#6039=ORIENTED_EDGE('',*,*,#4519,.T.);
#6040=ORIENTED_EDGE('',*,*,#4520,.T.);
#6041=ORIENTED_EDGE('',*,*,#4517,.F.);
#6042=ORIENTED_EDGE('',*,*,#3883,.F.);
#6043=ORIENTED_EDGE('',*,*,#4521,.T.);
#6044=ORIENTED_EDGE('',*,*,#4522,.T.);
#6045=ORIENTED_EDGE('',*,*,#4519,.F.);
#6046=ORIENTED_EDGE('',*,*,#3882,.F.);
#6047=ORIENTED_EDGE('',*,*,#4523,.T.);
#6048=ORIENTED_EDGE('',*,*,#4524,.T.);
#6049=ORIENTED_EDGE('',*,*,#4521,.F.);
#6050=ORIENTED_EDGE('',*,*,#3881,.F.);
#6051=ORIENTED_EDGE('',*,*,#4525,.T.);
#6052=ORIENTED_EDGE('',*,*,#4526,.T.);
#6053=ORIENTED_EDGE('',*,*,#4523,.F.);
#6054=ORIENTED_EDGE('',*,*,#3880,.F.);
#6055=ORIENTED_EDGE('',*,*,#4527,.T.);
#6056=ORIENTED_EDGE('',*,*,#4528,.T.);
#6057=ORIENTED_EDGE('',*,*,#4525,.F.);
#6058=ORIENTED_EDGE('',*,*,#3879,.F.);
#6059=ORIENTED_EDGE('',*,*,#4529,.T.);
#6060=ORIENTED_EDGE('',*,*,#4530,.T.);
#6061=ORIENTED_EDGE('',*,*,#4527,.F.);
#6062=ORIENTED_EDGE('',*,*,#3878,.F.);
#6063=ORIENTED_EDGE('',*,*,#4531,.T.);
#6064=ORIENTED_EDGE('',*,*,#4532,.T.);
#6065=ORIENTED_EDGE('',*,*,#4529,.F.);
#6066=ORIENTED_EDGE('',*,*,#3877,.F.);
#6067=ORIENTED_EDGE('',*,*,#4533,.T.);
#6068=ORIENTED_EDGE('',*,*,#4534,.T.);
#6069=ORIENTED_EDGE('',*,*,#4531,.F.);
#6070=ORIENTED_EDGE('',*,*,#3876,.F.);
#6071=ORIENTED_EDGE('',*,*,#4535,.T.);
#6072=ORIENTED_EDGE('',*,*,#4536,.T.);
#6073=ORIENTED_EDGE('',*,*,#4533,.F.);
#6074=ORIENTED_EDGE('',*,*,#3875,.F.);
#6075=ORIENTED_EDGE('',*,*,#4537,.T.);
#6076=ORIENTED_EDGE('',*,*,#4538,.T.);
#6077=ORIENTED_EDGE('',*,*,#4535,.F.);
#6078=ORIENTED_EDGE('',*,*,#3874,.F.);
#6079=ORIENTED_EDGE('',*,*,#4281,.T.);
#6080=ORIENTED_EDGE('',*,*,#4539,.T.);
#6081=ORIENTED_EDGE('',*,*,#4537,.F.);
#6082=ORIENTED_EDGE('',*,*,#4270,.T.);
#6083=ORIENTED_EDGE('',*,*,#4301,.T.);
#6084=ORIENTED_EDGE('',*,*,#4540,.T.);
#6085=ORIENTED_EDGE('',*,*,#4297,.F.);
#6086=ORIENTED_EDGE('',*,*,#4118,.F.);
#6087=ORIENTED_EDGE('',*,*,#4541,.T.);
#6088=ORIENTED_EDGE('',*,*,#4542,.T.);
#6089=ORIENTED_EDGE('',*,*,#4299,.F.);
#6090=ORIENTED_EDGE('',*,*,#4117,.F.);
#6091=ORIENTED_EDGE('',*,*,#4543,.T.);
#6092=ORIENTED_EDGE('',*,*,#4544,.T.);
#6093=ORIENTED_EDGE('',*,*,#4541,.F.);
#6094=ORIENTED_EDGE('',*,*,#4116,.F.);
#6095=ORIENTED_EDGE('',*,*,#4545,.T.);
#6096=ORIENTED_EDGE('',*,*,#4546,.T.);
#6097=ORIENTED_EDGE('',*,*,#4543,.F.);
#6098=ORIENTED_EDGE('',*,*,#4115,.F.);
#6099=ORIENTED_EDGE('',*,*,#4547,.T.);
#6100=ORIENTED_EDGE('',*,*,#4548,.T.);
#6101=ORIENTED_EDGE('',*,*,#4545,.F.);
#6102=ORIENTED_EDGE('',*,*,#4114,.F.);
#6103=ORIENTED_EDGE('',*,*,#4549,.T.);
#6104=ORIENTED_EDGE('',*,*,#4550,.T.);
#6105=ORIENTED_EDGE('',*,*,#4547,.F.);
#6106=ORIENTED_EDGE('',*,*,#4113,.F.);
#6107=ORIENTED_EDGE('',*,*,#4551,.T.);
#6108=ORIENTED_EDGE('',*,*,#4552,.T.);
#6109=ORIENTED_EDGE('',*,*,#4549,.F.);
#6110=ORIENTED_EDGE('',*,*,#4112,.F.);
#6111=ORIENTED_EDGE('',*,*,#4553,.T.);
#6112=ORIENTED_EDGE('',*,*,#4554,.T.);
#6113=ORIENTED_EDGE('',*,*,#4551,.F.);
#6114=ORIENTED_EDGE('',*,*,#4111,.F.);
#6115=ORIENTED_EDGE('',*,*,#4555,.T.);
#6116=ORIENTED_EDGE('',*,*,#4556,.T.);
#6117=ORIENTED_EDGE('',*,*,#4553,.F.);
#6118=ORIENTED_EDGE('',*,*,#4110,.F.);
#6119=ORIENTED_EDGE('',*,*,#4557,.T.);
#6120=ORIENTED_EDGE('',*,*,#4558,.T.);
#6121=ORIENTED_EDGE('',*,*,#4555,.F.);
#6122=ORIENTED_EDGE('',*,*,#4109,.F.);
#6123=ORIENTED_EDGE('',*,*,#4559,.T.);
#6124=ORIENTED_EDGE('',*,*,#4560,.T.);
#6125=ORIENTED_EDGE('',*,*,#4557,.F.);
#6126=ORIENTED_EDGE('',*,*,#4108,.F.);
#6127=ORIENTED_EDGE('',*,*,#4561,.T.);
#6128=ORIENTED_EDGE('',*,*,#4562,.T.);
#6129=ORIENTED_EDGE('',*,*,#4559,.F.);
#6130=ORIENTED_EDGE('',*,*,#4107,.F.);
#6131=ORIENTED_EDGE('',*,*,#4563,.T.);
#6132=ORIENTED_EDGE('',*,*,#4564,.T.);
#6133=ORIENTED_EDGE('',*,*,#4561,.F.);
#6134=ORIENTED_EDGE('',*,*,#4106,.F.);
#6135=ORIENTED_EDGE('',*,*,#4565,.T.);
#6136=ORIENTED_EDGE('',*,*,#4566,.T.);
#6137=ORIENTED_EDGE('',*,*,#4563,.F.);
#6138=ORIENTED_EDGE('',*,*,#4105,.F.);
#6139=ORIENTED_EDGE('',*,*,#4567,.T.);
#6140=ORIENTED_EDGE('',*,*,#4568,.T.);
#6141=ORIENTED_EDGE('',*,*,#4565,.F.);
#6142=ORIENTED_EDGE('',*,*,#4104,.F.);
#6143=ORIENTED_EDGE('',*,*,#4569,.T.);
#6144=ORIENTED_EDGE('',*,*,#4570,.T.);
#6145=ORIENTED_EDGE('',*,*,#4567,.F.);
#6146=ORIENTED_EDGE('',*,*,#4103,.F.);
#6147=ORIENTED_EDGE('',*,*,#4571,.T.);
#6148=ORIENTED_EDGE('',*,*,#4572,.T.);
#6149=ORIENTED_EDGE('',*,*,#4569,.F.);
#6150=ORIENTED_EDGE('',*,*,#4102,.F.);
#6151=ORIENTED_EDGE('',*,*,#4573,.T.);
#6152=ORIENTED_EDGE('',*,*,#4574,.T.);
#6153=ORIENTED_EDGE('',*,*,#4571,.F.);
#6154=ORIENTED_EDGE('',*,*,#4101,.F.);
#6155=ORIENTED_EDGE('',*,*,#4575,.T.);
#6156=ORIENTED_EDGE('',*,*,#4576,.T.);
#6157=ORIENTED_EDGE('',*,*,#4573,.F.);
#6158=ORIENTED_EDGE('',*,*,#4254,.T.);
#6159=ORIENTED_EDGE('',*,*,#4577,.T.);
#6160=ORIENTED_EDGE('',*,*,#4578,.T.);
#6161=ORIENTED_EDGE('',*,*,#4575,.F.);
#6162=ORIENTED_EDGE('',*,*,#4100,.F.);
#6163=ORIENTED_EDGE('',*,*,#4278,.T.);
#6164=ORIENTED_EDGE('',*,*,#4253,.T.);
#6165=ORIENTED_EDGE('',*,*,#4579,.T.);
#6166=ORIENTED_EDGE('',*,*,#4580,.T.);
#6167=ORIENTED_EDGE('',*,*,#4577,.F.);
#6168=ORIENTED_EDGE('',*,*,#4252,.T.);
#6169=ORIENTED_EDGE('',*,*,#4292,.T.);
#6170=ORIENTED_EDGE('',*,*,#4581,.T.);
#6171=ORIENTED_EDGE('',*,*,#4579,.F.);
#6172=ORIENTED_EDGE('',*,*,#4031,.F.);
#6173=ORIENTED_EDGE('',*,*,#4582,.T.);
#6174=ORIENTED_EDGE('',*,*,#4583,.T.);
#6175=ORIENTED_EDGE('',*,*,#4295,.F.);
#6176=ORIENTED_EDGE('',*,*,#4030,.F.);
#6177=ORIENTED_EDGE('',*,*,#4584,.T.);
#6178=ORIENTED_EDGE('',*,*,#4585,.T.);
#6179=ORIENTED_EDGE('',*,*,#4582,.F.);
#6180=ORIENTED_EDGE('',*,*,#4029,.F.);
#6181=ORIENTED_EDGE('',*,*,#4586,.T.);
#6182=ORIENTED_EDGE('',*,*,#4587,.T.);
#6183=ORIENTED_EDGE('',*,*,#4584,.F.);
#6184=ORIENTED_EDGE('',*,*,#4028,.F.);
#6185=ORIENTED_EDGE('',*,*,#4588,.T.);
#6186=ORIENTED_EDGE('',*,*,#4589,.T.);
#6187=ORIENTED_EDGE('',*,*,#4586,.F.);
#6188=ORIENTED_EDGE('',*,*,#4027,.F.);
#6189=ORIENTED_EDGE('',*,*,#4590,.T.);
#6190=ORIENTED_EDGE('',*,*,#4591,.T.);
#6191=ORIENTED_EDGE('',*,*,#4588,.F.);
#6192=ORIENTED_EDGE('',*,*,#4026,.F.);
#6193=ORIENTED_EDGE('',*,*,#4592,.T.);
#6194=ORIENTED_EDGE('',*,*,#4593,.T.);
#6195=ORIENTED_EDGE('',*,*,#4590,.F.);
#6196=ORIENTED_EDGE('',*,*,#4025,.F.);
#6197=ORIENTED_EDGE('',*,*,#4594,.T.);
#6198=ORIENTED_EDGE('',*,*,#4595,.T.);
#6199=ORIENTED_EDGE('',*,*,#4592,.F.);
#6200=ORIENTED_EDGE('',*,*,#4024,.F.);
#6201=ORIENTED_EDGE('',*,*,#4596,.T.);
#6202=ORIENTED_EDGE('',*,*,#4597,.T.);
#6203=ORIENTED_EDGE('',*,*,#4594,.F.);
#6204=ORIENTED_EDGE('',*,*,#4023,.F.);
#6205=ORIENTED_EDGE('',*,*,#4598,.T.);
#6206=ORIENTED_EDGE('',*,*,#4599,.T.);
#6207=ORIENTED_EDGE('',*,*,#4596,.F.);
#6208=ORIENTED_EDGE('',*,*,#4022,.F.);
#6209=ORIENTED_EDGE('',*,*,#4600,.T.);
#6210=ORIENTED_EDGE('',*,*,#4601,.T.);
#6211=ORIENTED_EDGE('',*,*,#4598,.F.);
#6212=ORIENTED_EDGE('',*,*,#4021,.F.);
#6213=ORIENTED_EDGE('',*,*,#4602,.T.);
#6214=ORIENTED_EDGE('',*,*,#4603,.T.);
#6215=ORIENTED_EDGE('',*,*,#4600,.F.);
#6216=ORIENTED_EDGE('',*,*,#4020,.F.);
#6217=ORIENTED_EDGE('',*,*,#4604,.T.);
#6218=ORIENTED_EDGE('',*,*,#4605,.T.);
#6219=ORIENTED_EDGE('',*,*,#4602,.F.);
#6220=ORIENTED_EDGE('',*,*,#4019,.F.);
#6221=ORIENTED_EDGE('',*,*,#4606,.T.);
#6222=ORIENTED_EDGE('',*,*,#4607,.T.);
#6223=ORIENTED_EDGE('',*,*,#4604,.F.);
#6224=ORIENTED_EDGE('',*,*,#4018,.F.);
#6225=ORIENTED_EDGE('',*,*,#4608,.T.);
#6226=ORIENTED_EDGE('',*,*,#4609,.T.);
#6227=ORIENTED_EDGE('',*,*,#4606,.F.);
#6228=ORIENTED_EDGE('',*,*,#4017,.F.);
#6229=ORIENTED_EDGE('',*,*,#4610,.T.);
#6230=ORIENTED_EDGE('',*,*,#4611,.T.);
#6231=ORIENTED_EDGE('',*,*,#4608,.F.);
#6232=ORIENTED_EDGE('',*,*,#4016,.F.);
#6233=ORIENTED_EDGE('',*,*,#4612,.T.);
#6234=ORIENTED_EDGE('',*,*,#4613,.T.);
#6235=ORIENTED_EDGE('',*,*,#4610,.F.);
#6236=ORIENTED_EDGE('',*,*,#4015,.F.);
#6237=ORIENTED_EDGE('',*,*,#4614,.T.);
#6238=ORIENTED_EDGE('',*,*,#4615,.T.);
#6239=ORIENTED_EDGE('',*,*,#4612,.F.);
#6240=ORIENTED_EDGE('',*,*,#4014,.F.);
#6241=ORIENTED_EDGE('',*,*,#4616,.T.);
#6242=ORIENTED_EDGE('',*,*,#4617,.T.);
#6243=ORIENTED_EDGE('',*,*,#4614,.F.);
#6244=ORIENTED_EDGE('',*,*,#4013,.F.);
#6245=ORIENTED_EDGE('',*,*,#4618,.T.);
#6246=ORIENTED_EDGE('',*,*,#4619,.T.);
#6247=ORIENTED_EDGE('',*,*,#4616,.F.);
#6248=ORIENTED_EDGE('',*,*,#4012,.F.);
#6249=ORIENTED_EDGE('',*,*,#4620,.T.);
#6250=ORIENTED_EDGE('',*,*,#4621,.T.);
#6251=ORIENTED_EDGE('',*,*,#4618,.F.);
#6252=ORIENTED_EDGE('',*,*,#4011,.F.);
#6253=ORIENTED_EDGE('',*,*,#4622,.T.);
#6254=ORIENTED_EDGE('',*,*,#4623,.T.);
#6255=ORIENTED_EDGE('',*,*,#4620,.F.);
#6256=ORIENTED_EDGE('',*,*,#4010,.F.);
#6257=ORIENTED_EDGE('',*,*,#4624,.T.);
#6258=ORIENTED_EDGE('',*,*,#4625,.T.);
#6259=ORIENTED_EDGE('',*,*,#4622,.F.);
#6260=ORIENTED_EDGE('',*,*,#4009,.F.);
#6261=ORIENTED_EDGE('',*,*,#4626,.T.);
#6262=ORIENTED_EDGE('',*,*,#4627,.T.);
#6263=ORIENTED_EDGE('',*,*,#4624,.F.);
#6264=ORIENTED_EDGE('',*,*,#4008,.F.);
#6265=ORIENTED_EDGE('',*,*,#4628,.T.);
#6266=ORIENTED_EDGE('',*,*,#4629,.T.);
#6267=ORIENTED_EDGE('',*,*,#4626,.F.);
#6268=ORIENTED_EDGE('',*,*,#4007,.F.);
#6269=ORIENTED_EDGE('',*,*,#4630,.T.);
#6270=ORIENTED_EDGE('',*,*,#4631,.T.);
#6271=ORIENTED_EDGE('',*,*,#4628,.F.);
#6272=ORIENTED_EDGE('',*,*,#4006,.F.);
#6273=ORIENTED_EDGE('',*,*,#4632,.T.);
#6274=ORIENTED_EDGE('',*,*,#4633,.T.);
#6275=ORIENTED_EDGE('',*,*,#4630,.F.);
#6276=ORIENTED_EDGE('',*,*,#4005,.F.);
#6277=ORIENTED_EDGE('',*,*,#4634,.T.);
#6278=ORIENTED_EDGE('',*,*,#4635,.T.);
#6279=ORIENTED_EDGE('',*,*,#4632,.F.);
#6280=ORIENTED_EDGE('',*,*,#4004,.F.);
#6281=ORIENTED_EDGE('',*,*,#4636,.T.);
#6282=ORIENTED_EDGE('',*,*,#4637,.T.);
#6283=ORIENTED_EDGE('',*,*,#4634,.F.);
#6284=ORIENTED_EDGE('',*,*,#4003,.F.);
#6285=ORIENTED_EDGE('',*,*,#4638,.T.);
#6286=ORIENTED_EDGE('',*,*,#4639,.T.);
#6287=ORIENTED_EDGE('',*,*,#4636,.F.);
#6288=ORIENTED_EDGE('',*,*,#4002,.F.);
#6289=ORIENTED_EDGE('',*,*,#4640,.T.);
#6290=ORIENTED_EDGE('',*,*,#4641,.T.);
#6291=ORIENTED_EDGE('',*,*,#4638,.F.);
#6292=ORIENTED_EDGE('',*,*,#4001,.F.);
#6293=ORIENTED_EDGE('',*,*,#4642,.T.);
#6294=ORIENTED_EDGE('',*,*,#4643,.T.);
#6295=ORIENTED_EDGE('',*,*,#4640,.F.);
#6296=ORIENTED_EDGE('',*,*,#4000,.F.);
#6297=ORIENTED_EDGE('',*,*,#4644,.T.);
#6298=ORIENTED_EDGE('',*,*,#4645,.T.);
#6299=ORIENTED_EDGE('',*,*,#4642,.F.);
#6300=ORIENTED_EDGE('',*,*,#3999,.F.);
#6301=ORIENTED_EDGE('',*,*,#4646,.T.);
#6302=ORIENTED_EDGE('',*,*,#4647,.T.);
#6303=ORIENTED_EDGE('',*,*,#4644,.F.);
#6304=ORIENTED_EDGE('',*,*,#3998,.F.);
#6305=ORIENTED_EDGE('',*,*,#4648,.T.);
#6306=ORIENTED_EDGE('',*,*,#4649,.T.);
#6307=ORIENTED_EDGE('',*,*,#4646,.F.);
#6308=ORIENTED_EDGE('',*,*,#3997,.F.);
#6309=ORIENTED_EDGE('',*,*,#4650,.T.);
#6310=ORIENTED_EDGE('',*,*,#4651,.T.);
#6311=ORIENTED_EDGE('',*,*,#4648,.F.);
#6312=ORIENTED_EDGE('',*,*,#3996,.F.);
#6313=ORIENTED_EDGE('',*,*,#4652,.T.);
#6314=ORIENTED_EDGE('',*,*,#4653,.T.);
#6315=ORIENTED_EDGE('',*,*,#4650,.F.);
#6316=ORIENTED_EDGE('',*,*,#3995,.F.);
#6317=ORIENTED_EDGE('',*,*,#4654,.T.);
#6318=ORIENTED_EDGE('',*,*,#4655,.T.);
#6319=ORIENTED_EDGE('',*,*,#4652,.F.);
#6320=ORIENTED_EDGE('',*,*,#3994,.F.);
#6321=ORIENTED_EDGE('',*,*,#4656,.T.);
#6322=ORIENTED_EDGE('',*,*,#4657,.T.);
#6323=ORIENTED_EDGE('',*,*,#4654,.F.);
#6324=ORIENTED_EDGE('',*,*,#3993,.F.);
#6325=ORIENTED_EDGE('',*,*,#4658,.T.);
#6326=ORIENTED_EDGE('',*,*,#4659,.T.);
#6327=ORIENTED_EDGE('',*,*,#4656,.F.);
#6328=ORIENTED_EDGE('',*,*,#3992,.F.);
#6329=ORIENTED_EDGE('',*,*,#4660,.T.);
#6330=ORIENTED_EDGE('',*,*,#4661,.T.);
#6331=ORIENTED_EDGE('',*,*,#4658,.F.);
#6332=ORIENTED_EDGE('',*,*,#3991,.F.);
#6333=ORIENTED_EDGE('',*,*,#4662,.T.);
#6334=ORIENTED_EDGE('',*,*,#4663,.T.);
#6335=ORIENTED_EDGE('',*,*,#4660,.F.);
#6336=ORIENTED_EDGE('',*,*,#3990,.F.);
#6337=ORIENTED_EDGE('',*,*,#4664,.T.);
#6338=ORIENTED_EDGE('',*,*,#4665,.T.);
#6339=ORIENTED_EDGE('',*,*,#4662,.F.);
#6340=ORIENTED_EDGE('',*,*,#3989,.F.);
#6341=ORIENTED_EDGE('',*,*,#4666,.T.);
#6342=ORIENTED_EDGE('',*,*,#4667,.T.);
#6343=ORIENTED_EDGE('',*,*,#4664,.F.);
#6344=ORIENTED_EDGE('',*,*,#3988,.F.);
#6345=ORIENTED_EDGE('',*,*,#4668,.T.);
#6346=ORIENTED_EDGE('',*,*,#4669,.T.);
#6347=ORIENTED_EDGE('',*,*,#4666,.F.);
#6348=ORIENTED_EDGE('',*,*,#3987,.F.);
#6349=ORIENTED_EDGE('',*,*,#4670,.T.);
#6350=ORIENTED_EDGE('',*,*,#4671,.T.);
#6351=ORIENTED_EDGE('',*,*,#4668,.F.);
#6352=ORIENTED_EDGE('',*,*,#3986,.F.);
#6353=ORIENTED_EDGE('',*,*,#4672,.T.);
#6354=ORIENTED_EDGE('',*,*,#4673,.T.);
#6355=ORIENTED_EDGE('',*,*,#4670,.F.);
#6356=ORIENTED_EDGE('',*,*,#3985,.F.);
#6357=ORIENTED_EDGE('',*,*,#4674,.T.);
#6358=ORIENTED_EDGE('',*,*,#4675,.T.);
#6359=ORIENTED_EDGE('',*,*,#4672,.F.);
#6360=ORIENTED_EDGE('',*,*,#3984,.F.);
#6361=ORIENTED_EDGE('',*,*,#4676,.T.);
#6362=ORIENTED_EDGE('',*,*,#4677,.T.);
#6363=ORIENTED_EDGE('',*,*,#4674,.F.);
#6364=ORIENTED_EDGE('',*,*,#3983,.F.);
#6365=ORIENTED_EDGE('',*,*,#4678,.T.);
#6366=ORIENTED_EDGE('',*,*,#4679,.T.);
#6367=ORIENTED_EDGE('',*,*,#4676,.F.);
#6368=ORIENTED_EDGE('',*,*,#3982,.F.);
#6369=ORIENTED_EDGE('',*,*,#4680,.T.);
#6370=ORIENTED_EDGE('',*,*,#4681,.T.);
#6371=ORIENTED_EDGE('',*,*,#4678,.F.);
#6372=ORIENTED_EDGE('',*,*,#3981,.F.);
#6373=ORIENTED_EDGE('',*,*,#4682,.T.);
#6374=ORIENTED_EDGE('',*,*,#4683,.T.);
#6375=ORIENTED_EDGE('',*,*,#4680,.F.);
#6376=ORIENTED_EDGE('',*,*,#3980,.F.);
#6377=ORIENTED_EDGE('',*,*,#4684,.T.);
#6378=ORIENTED_EDGE('',*,*,#4685,.T.);
#6379=ORIENTED_EDGE('',*,*,#4682,.F.);
#6380=ORIENTED_EDGE('',*,*,#3979,.F.);
#6381=ORIENTED_EDGE('',*,*,#4686,.T.);
#6382=ORIENTED_EDGE('',*,*,#4687,.T.);
#6383=ORIENTED_EDGE('',*,*,#4684,.F.);
#6384=ORIENTED_EDGE('',*,*,#3978,.F.);
#6385=ORIENTED_EDGE('',*,*,#4688,.T.);
#6386=ORIENTED_EDGE('',*,*,#4689,.T.);
#6387=ORIENTED_EDGE('',*,*,#4686,.F.);
#6388=ORIENTED_EDGE('',*,*,#3977,.F.);
#6389=ORIENTED_EDGE('',*,*,#4690,.T.);
#6390=ORIENTED_EDGE('',*,*,#4691,.T.);
#6391=ORIENTED_EDGE('',*,*,#4688,.F.);
#6392=ORIENTED_EDGE('',*,*,#3976,.F.);
#6393=ORIENTED_EDGE('',*,*,#4692,.T.);
#6394=ORIENTED_EDGE('',*,*,#4693,.T.);
#6395=ORIENTED_EDGE('',*,*,#4690,.F.);
#6396=ORIENTED_EDGE('',*,*,#3975,.F.);
#6397=ORIENTED_EDGE('',*,*,#4694,.T.);
#6398=ORIENTED_EDGE('',*,*,#4695,.T.);
#6399=ORIENTED_EDGE('',*,*,#4692,.F.);
#6400=ORIENTED_EDGE('',*,*,#3974,.F.);
#6401=ORIENTED_EDGE('',*,*,#4696,.T.);
#6402=ORIENTED_EDGE('',*,*,#4697,.T.);
#6403=ORIENTED_EDGE('',*,*,#4694,.F.);
#6404=ORIENTED_EDGE('',*,*,#3973,.F.);
#6405=ORIENTED_EDGE('',*,*,#4698,.T.);
#6406=ORIENTED_EDGE('',*,*,#4699,.T.);
#6407=ORIENTED_EDGE('',*,*,#4696,.F.);
#6408=ORIENTED_EDGE('',*,*,#3972,.F.);
#6409=ORIENTED_EDGE('',*,*,#4700,.T.);
#6410=ORIENTED_EDGE('',*,*,#4701,.T.);
#6411=ORIENTED_EDGE('',*,*,#4698,.F.);
#6412=ORIENTED_EDGE('',*,*,#3971,.F.);
#6413=ORIENTED_EDGE('',*,*,#4702,.T.);
#6414=ORIENTED_EDGE('',*,*,#4703,.T.);
#6415=ORIENTED_EDGE('',*,*,#4700,.F.);
#6416=ORIENTED_EDGE('',*,*,#3970,.F.);
#6417=ORIENTED_EDGE('',*,*,#4704,.T.);
#6418=ORIENTED_EDGE('',*,*,#4705,.T.);
#6419=ORIENTED_EDGE('',*,*,#4702,.F.);
#6420=ORIENTED_EDGE('',*,*,#3969,.F.);
#6421=ORIENTED_EDGE('',*,*,#4706,.T.);
#6422=ORIENTED_EDGE('',*,*,#4707,.T.);
#6423=ORIENTED_EDGE('',*,*,#4704,.F.);
#6424=ORIENTED_EDGE('',*,*,#3968,.F.);
#6425=ORIENTED_EDGE('',*,*,#4708,.T.);
#6426=ORIENTED_EDGE('',*,*,#4709,.T.);
#6427=ORIENTED_EDGE('',*,*,#4706,.F.);
#6428=ORIENTED_EDGE('',*,*,#3967,.F.);
#6429=ORIENTED_EDGE('',*,*,#4710,.T.);
#6430=ORIENTED_EDGE('',*,*,#4711,.T.);
#6431=ORIENTED_EDGE('',*,*,#4708,.F.);
#6432=ORIENTED_EDGE('',*,*,#3966,.F.);
#6433=ORIENTED_EDGE('',*,*,#4712,.T.);
#6434=ORIENTED_EDGE('',*,*,#4713,.T.);
#6435=ORIENTED_EDGE('',*,*,#4710,.F.);
#6436=ORIENTED_EDGE('',*,*,#3965,.F.);
#6437=ORIENTED_EDGE('',*,*,#4714,.T.);
#6438=ORIENTED_EDGE('',*,*,#4715,.T.);
#6439=ORIENTED_EDGE('',*,*,#4712,.F.);
#6440=ORIENTED_EDGE('',*,*,#3964,.F.);
#6441=ORIENTED_EDGE('',*,*,#4716,.T.);
#6442=ORIENTED_EDGE('',*,*,#4717,.T.);
#6443=ORIENTED_EDGE('',*,*,#4714,.F.);
#6444=ORIENTED_EDGE('',*,*,#3963,.F.);
#6445=ORIENTED_EDGE('',*,*,#4718,.T.);
#6446=ORIENTED_EDGE('',*,*,#4719,.T.);
#6447=ORIENTED_EDGE('',*,*,#4716,.F.);
#6448=ORIENTED_EDGE('',*,*,#3962,.F.);
#6449=ORIENTED_EDGE('',*,*,#4720,.T.);
#6450=ORIENTED_EDGE('',*,*,#4721,.T.);
#6451=ORIENTED_EDGE('',*,*,#4718,.F.);
#6452=ORIENTED_EDGE('',*,*,#3961,.F.);
#6453=ORIENTED_EDGE('',*,*,#4722,.T.);
#6454=ORIENTED_EDGE('',*,*,#4723,.T.);
#6455=ORIENTED_EDGE('',*,*,#4720,.F.);
#6456=ORIENTED_EDGE('',*,*,#3960,.F.);
#6457=ORIENTED_EDGE('',*,*,#4724,.T.);
#6458=ORIENTED_EDGE('',*,*,#4725,.T.);
#6459=ORIENTED_EDGE('',*,*,#4722,.F.);
#6460=ORIENTED_EDGE('',*,*,#3959,.F.);
#6461=ORIENTED_EDGE('',*,*,#4726,.T.);
#6462=ORIENTED_EDGE('',*,*,#4727,.T.);
#6463=ORIENTED_EDGE('',*,*,#4724,.F.);
#6464=ORIENTED_EDGE('',*,*,#3958,.F.);
#6465=ORIENTED_EDGE('',*,*,#4728,.T.);
#6466=ORIENTED_EDGE('',*,*,#4729,.T.);
#6467=ORIENTED_EDGE('',*,*,#4726,.F.);
#6468=ORIENTED_EDGE('',*,*,#3957,.F.);
#6469=ORIENTED_EDGE('',*,*,#4730,.T.);
#6470=ORIENTED_EDGE('',*,*,#4731,.T.);
#6471=ORIENTED_EDGE('',*,*,#4728,.F.);
#6472=ORIENTED_EDGE('',*,*,#3956,.F.);
#6473=ORIENTED_EDGE('',*,*,#4732,.T.);
#6474=ORIENTED_EDGE('',*,*,#4733,.T.);
#6475=ORIENTED_EDGE('',*,*,#4730,.F.);
#6476=ORIENTED_EDGE('',*,*,#3955,.F.);
#6477=ORIENTED_EDGE('',*,*,#4734,.T.);
#6478=ORIENTED_EDGE('',*,*,#4735,.T.);
#6479=ORIENTED_EDGE('',*,*,#4732,.F.);
#6480=ORIENTED_EDGE('',*,*,#3954,.F.);
#6481=ORIENTED_EDGE('',*,*,#4736,.T.);
#6482=ORIENTED_EDGE('',*,*,#4737,.T.);
#6483=ORIENTED_EDGE('',*,*,#4734,.F.);
#6484=ORIENTED_EDGE('',*,*,#3953,.F.);
#6485=ORIENTED_EDGE('',*,*,#4738,.T.);
#6486=ORIENTED_EDGE('',*,*,#4739,.T.);
#6487=ORIENTED_EDGE('',*,*,#4736,.F.);
#6488=ORIENTED_EDGE('',*,*,#3952,.F.);
#6489=ORIENTED_EDGE('',*,*,#4740,.T.);
#6490=ORIENTED_EDGE('',*,*,#4741,.T.);
#6491=ORIENTED_EDGE('',*,*,#4738,.F.);
#6492=ORIENTED_EDGE('',*,*,#3951,.F.);
#6493=ORIENTED_EDGE('',*,*,#4742,.T.);
#6494=ORIENTED_EDGE('',*,*,#4743,.T.);
#6495=ORIENTED_EDGE('',*,*,#4740,.F.);
#6496=ORIENTED_EDGE('',*,*,#3950,.F.);
#6497=ORIENTED_EDGE('',*,*,#4744,.T.);
#6498=ORIENTED_EDGE('',*,*,#4745,.T.);
#6499=ORIENTED_EDGE('',*,*,#4742,.F.);
#6500=ORIENTED_EDGE('',*,*,#3949,.F.);
#6501=ORIENTED_EDGE('',*,*,#4746,.T.);
#6502=ORIENTED_EDGE('',*,*,#4747,.T.);
#6503=ORIENTED_EDGE('',*,*,#4744,.F.);
#6504=ORIENTED_EDGE('',*,*,#3948,.F.);
#6505=ORIENTED_EDGE('',*,*,#4748,.T.);
#6506=ORIENTED_EDGE('',*,*,#4749,.T.);
#6507=ORIENTED_EDGE('',*,*,#4746,.F.);
#6508=ORIENTED_EDGE('',*,*,#3947,.F.);
#6509=ORIENTED_EDGE('',*,*,#4750,.T.);
#6510=ORIENTED_EDGE('',*,*,#4751,.T.);
#6511=ORIENTED_EDGE('',*,*,#4748,.F.);
#6512=ORIENTED_EDGE('',*,*,#3946,.F.);
#6513=ORIENTED_EDGE('',*,*,#4752,.T.);
#6514=ORIENTED_EDGE('',*,*,#4753,.T.);
#6515=ORIENTED_EDGE('',*,*,#4750,.F.);
#6516=ORIENTED_EDGE('',*,*,#3945,.F.);
#6517=ORIENTED_EDGE('',*,*,#4754,.T.);
#6518=ORIENTED_EDGE('',*,*,#4755,.T.);
#6519=ORIENTED_EDGE('',*,*,#4752,.F.);
#6520=ORIENTED_EDGE('',*,*,#3944,.F.);
#6521=ORIENTED_EDGE('',*,*,#4756,.T.);
#6522=ORIENTED_EDGE('',*,*,#4757,.T.);
#6523=ORIENTED_EDGE('',*,*,#4754,.F.);
#6524=ORIENTED_EDGE('',*,*,#3943,.F.);
#6525=ORIENTED_EDGE('',*,*,#4758,.T.);
#6526=ORIENTED_EDGE('',*,*,#4759,.T.);
#6527=ORIENTED_EDGE('',*,*,#4756,.F.);
#6528=ORIENTED_EDGE('',*,*,#3942,.F.);
#6529=ORIENTED_EDGE('',*,*,#4760,.T.);
#6530=ORIENTED_EDGE('',*,*,#4761,.T.);
#6531=ORIENTED_EDGE('',*,*,#4758,.F.);
#6532=ORIENTED_EDGE('',*,*,#3941,.F.);
#6533=ORIENTED_EDGE('',*,*,#4762,.T.);
#6534=ORIENTED_EDGE('',*,*,#4763,.T.);
#6535=ORIENTED_EDGE('',*,*,#4760,.F.);
#6536=ORIENTED_EDGE('',*,*,#3940,.F.);
#6537=ORIENTED_EDGE('',*,*,#4764,.T.);
#6538=ORIENTED_EDGE('',*,*,#4765,.T.);
#6539=ORIENTED_EDGE('',*,*,#4762,.F.);
#6540=ORIENTED_EDGE('',*,*,#3939,.F.);
#6541=ORIENTED_EDGE('',*,*,#4766,.T.);
#6542=ORIENTED_EDGE('',*,*,#4767,.T.);
#6543=ORIENTED_EDGE('',*,*,#4764,.F.);
#6544=ORIENTED_EDGE('',*,*,#3938,.F.);
#6545=ORIENTED_EDGE('',*,*,#4768,.T.);
#6546=ORIENTED_EDGE('',*,*,#4769,.T.);
#6547=ORIENTED_EDGE('',*,*,#4766,.F.);
#6548=ORIENTED_EDGE('',*,*,#3937,.F.);
#6549=ORIENTED_EDGE('',*,*,#4770,.T.);
#6550=ORIENTED_EDGE('',*,*,#4771,.T.);
#6551=ORIENTED_EDGE('',*,*,#4768,.F.);
#6552=ORIENTED_EDGE('',*,*,#3936,.F.);
#6553=ORIENTED_EDGE('',*,*,#4772,.T.);
#6554=ORIENTED_EDGE('',*,*,#4773,.T.);
#6555=ORIENTED_EDGE('',*,*,#4770,.F.);
#6556=ORIENTED_EDGE('',*,*,#3935,.F.);
#6557=ORIENTED_EDGE('',*,*,#4774,.T.);
#6558=ORIENTED_EDGE('',*,*,#4775,.T.);
#6559=ORIENTED_EDGE('',*,*,#4772,.F.);
#6560=ORIENTED_EDGE('',*,*,#3934,.F.);
#6561=ORIENTED_EDGE('',*,*,#4776,.T.);
#6562=ORIENTED_EDGE('',*,*,#4777,.T.);
#6563=ORIENTED_EDGE('',*,*,#4774,.F.);
#6564=ORIENTED_EDGE('',*,*,#3933,.F.);
#6565=ORIENTED_EDGE('',*,*,#4778,.T.);
#6566=ORIENTED_EDGE('',*,*,#4779,.T.);
#6567=ORIENTED_EDGE('',*,*,#4776,.F.);
#6568=ORIENTED_EDGE('',*,*,#4202,.F.);
#6569=ORIENTED_EDGE('',*,*,#4780,.T.);
#6570=ORIENTED_EDGE('',*,*,#4778,.F.);
#6571=ORIENTED_EDGE('',*,*,#3932,.F.);
#6572=ORIENTED_EDGE('',*,*,#3929,.F.);
#6573=ORIENTED_EDGE('',*,*,#4781,.T.);
#6574=ORIENTED_EDGE('',*,*,#4782,.T.);
#6575=ORIENTED_EDGE('',*,*,#4204,.F.);
#6576=ORIENTED_EDGE('',*,*,#3928,.F.);
#6577=ORIENTED_EDGE('',*,*,#4783,.T.);
#6578=ORIENTED_EDGE('',*,*,#4784,.T.);
#6579=ORIENTED_EDGE('',*,*,#4781,.F.);
#6580=ORIENTED_EDGE('',*,*,#3927,.F.);
#6581=ORIENTED_EDGE('',*,*,#4785,.T.);
#6582=ORIENTED_EDGE('',*,*,#4786,.T.);
#6583=ORIENTED_EDGE('',*,*,#4783,.F.);
#6584=ORIENTED_EDGE('',*,*,#3926,.F.);
#6585=ORIENTED_EDGE('',*,*,#4787,.T.);
#6586=ORIENTED_EDGE('',*,*,#4788,.T.);
#6587=ORIENTED_EDGE('',*,*,#4785,.F.);
#6588=ORIENTED_EDGE('',*,*,#4207,.F.);
#6589=ORIENTED_EDGE('',*,*,#4789,.T.);
#6590=ORIENTED_EDGE('',*,*,#4787,.F.);
#6591=ORIENTED_EDGE('',*,*,#3925,.F.);
#6592=ORIENTED_EDGE('',*,*,#4158,.T.);
#6593=ORIENTED_EDGE('',*,*,#4216,.F.);
#6594=ORIENTED_EDGE('',*,*,#4506,.F.);
#6595=ORIENTED_EDGE('',*,*,#4508,.F.);
#6596=ORIENTED_EDGE('',*,*,#4510,.F.);
#6597=ORIENTED_EDGE('',*,*,#4512,.F.);
#6598=ORIENTED_EDGE('',*,*,#4514,.F.);
#6599=ORIENTED_EDGE('',*,*,#4516,.F.);
#6600=ORIENTED_EDGE('',*,*,#4518,.F.);
#6601=ORIENTED_EDGE('',*,*,#4520,.F.);
#6602=ORIENTED_EDGE('',*,*,#4522,.F.);
#6603=ORIENTED_EDGE('',*,*,#4524,.F.);
#6604=ORIENTED_EDGE('',*,*,#4526,.F.);
#6605=ORIENTED_EDGE('',*,*,#4528,.F.);
#6606=ORIENTED_EDGE('',*,*,#4530,.F.);
#6607=ORIENTED_EDGE('',*,*,#4532,.F.);
#6608=ORIENTED_EDGE('',*,*,#4534,.F.);
#6609=ORIENTED_EDGE('',*,*,#4536,.F.);
#6610=ORIENTED_EDGE('',*,*,#4538,.F.);
#6611=ORIENTED_EDGE('',*,*,#4539,.F.);
#6612=ORIENTED_EDGE('',*,*,#4280,.F.);
#6613=ORIENTED_EDGE('',*,*,#4283,.F.);
#6614=ORIENTED_EDGE('',*,*,#4285,.F.);
#6615=ORIENTED_EDGE('',*,*,#4287,.F.);
#6616=ORIENTED_EDGE('',*,*,#4289,.F.);
#6617=ORIENTED_EDGE('',*,*,#4298,.F.);
#6618=ORIENTED_EDGE('',*,*,#4540,.F.);
#6619=ORIENTED_EDGE('',*,*,#4300,.F.);
#6620=ORIENTED_EDGE('',*,*,#4542,.F.);
#6621=ORIENTED_EDGE('',*,*,#4544,.F.);
#6622=ORIENTED_EDGE('',*,*,#4546,.F.);
#6623=ORIENTED_EDGE('',*,*,#4548,.F.);
#6624=ORIENTED_EDGE('',*,*,#4550,.F.);
#6625=ORIENTED_EDGE('',*,*,#4552,.F.);
#6626=ORIENTED_EDGE('',*,*,#4554,.F.);
#6627=ORIENTED_EDGE('',*,*,#4556,.F.);
#6628=ORIENTED_EDGE('',*,*,#4558,.F.);
#6629=ORIENTED_EDGE('',*,*,#4560,.F.);
#6630=ORIENTED_EDGE('',*,*,#4562,.F.);
#6631=ORIENTED_EDGE('',*,*,#4564,.F.);
#6632=ORIENTED_EDGE('',*,*,#4566,.F.);
#6633=ORIENTED_EDGE('',*,*,#4568,.F.);
#6634=ORIENTED_EDGE('',*,*,#4570,.F.);
#6635=ORIENTED_EDGE('',*,*,#4572,.F.);
#6636=ORIENTED_EDGE('',*,*,#4574,.F.);
#6637=ORIENTED_EDGE('',*,*,#4576,.F.);
#6638=ORIENTED_EDGE('',*,*,#4578,.F.);
#6639=ORIENTED_EDGE('',*,*,#4580,.F.);
#6640=ORIENTED_EDGE('',*,*,#4581,.F.);
#6641=ORIENTED_EDGE('',*,*,#4291,.F.);
#6642=ORIENTED_EDGE('',*,*,#4294,.F.);
#6643=ORIENTED_EDGE('',*,*,#4296,.F.);
#6644=ORIENTED_EDGE('',*,*,#4583,.F.);
#6645=ORIENTED_EDGE('',*,*,#4585,.F.);
#6646=ORIENTED_EDGE('',*,*,#4587,.F.);
#6647=ORIENTED_EDGE('',*,*,#4589,.F.);
#6648=ORIENTED_EDGE('',*,*,#4591,.F.);
#6649=ORIENTED_EDGE('',*,*,#4593,.F.);
#6650=ORIENTED_EDGE('',*,*,#4595,.F.);
#6651=ORIENTED_EDGE('',*,*,#4597,.F.);
#6652=ORIENTED_EDGE('',*,*,#4599,.F.);
#6653=ORIENTED_EDGE('',*,*,#4601,.F.);
#6654=ORIENTED_EDGE('',*,*,#4603,.F.);
#6655=ORIENTED_EDGE('',*,*,#4605,.F.);
#6656=ORIENTED_EDGE('',*,*,#4607,.F.);
#6657=ORIENTED_EDGE('',*,*,#4609,.F.);
#6658=ORIENTED_EDGE('',*,*,#4611,.F.);
#6659=ORIENTED_EDGE('',*,*,#4613,.F.);
#6660=ORIENTED_EDGE('',*,*,#4615,.F.);
#6661=ORIENTED_EDGE('',*,*,#4617,.F.);
#6662=ORIENTED_EDGE('',*,*,#4619,.F.);
#6663=ORIENTED_EDGE('',*,*,#4621,.F.);
#6664=ORIENTED_EDGE('',*,*,#4623,.F.);
#6665=ORIENTED_EDGE('',*,*,#4625,.F.);
#6666=ORIENTED_EDGE('',*,*,#4627,.F.);
#6667=ORIENTED_EDGE('',*,*,#4629,.F.);
#6668=ORIENTED_EDGE('',*,*,#4631,.F.);
#6669=ORIENTED_EDGE('',*,*,#4633,.F.);
#6670=ORIENTED_EDGE('',*,*,#4635,.F.);
#6671=ORIENTED_EDGE('',*,*,#4637,.F.);
#6672=ORIENTED_EDGE('',*,*,#4639,.F.);
#6673=ORIENTED_EDGE('',*,*,#4641,.F.);
#6674=ORIENTED_EDGE('',*,*,#4643,.F.);
#6675=ORIENTED_EDGE('',*,*,#4645,.F.);
#6676=ORIENTED_EDGE('',*,*,#4647,.F.);
#6677=ORIENTED_EDGE('',*,*,#4649,.F.);
#6678=ORIENTED_EDGE('',*,*,#4651,.F.);
#6679=ORIENTED_EDGE('',*,*,#4653,.F.);
#6680=ORIENTED_EDGE('',*,*,#4655,.F.);
#6681=ORIENTED_EDGE('',*,*,#4657,.F.);
#6682=ORIENTED_EDGE('',*,*,#4659,.F.);
#6683=ORIENTED_EDGE('',*,*,#4661,.F.);
#6684=ORIENTED_EDGE('',*,*,#4663,.F.);
#6685=ORIENTED_EDGE('',*,*,#4665,.F.);
#6686=ORIENTED_EDGE('',*,*,#4667,.F.);
#6687=ORIENTED_EDGE('',*,*,#4669,.F.);
#6688=ORIENTED_EDGE('',*,*,#4671,.F.);
#6689=ORIENTED_EDGE('',*,*,#4673,.F.);
#6690=ORIENTED_EDGE('',*,*,#4675,.F.);
#6691=ORIENTED_EDGE('',*,*,#4677,.F.);
#6692=ORIENTED_EDGE('',*,*,#4679,.F.);
#6693=ORIENTED_EDGE('',*,*,#4681,.F.);
#6694=ORIENTED_EDGE('',*,*,#4683,.F.);
#6695=ORIENTED_EDGE('',*,*,#4685,.F.);
#6696=ORIENTED_EDGE('',*,*,#4687,.F.);
#6697=ORIENTED_EDGE('',*,*,#4689,.F.);
#6698=ORIENTED_EDGE('',*,*,#4691,.F.);
#6699=ORIENTED_EDGE('',*,*,#4693,.F.);
#6700=ORIENTED_EDGE('',*,*,#4695,.F.);
#6701=ORIENTED_EDGE('',*,*,#4697,.F.);
#6702=ORIENTED_EDGE('',*,*,#4699,.F.);
#6703=ORIENTED_EDGE('',*,*,#4701,.F.);
#6704=ORIENTED_EDGE('',*,*,#4703,.F.);
#6705=ORIENTED_EDGE('',*,*,#4705,.F.);
#6706=ORIENTED_EDGE('',*,*,#4707,.F.);
#6707=ORIENTED_EDGE('',*,*,#4709,.F.);
#6708=ORIENTED_EDGE('',*,*,#4711,.F.);
#6709=ORIENTED_EDGE('',*,*,#4713,.F.);
#6710=ORIENTED_EDGE('',*,*,#4715,.F.);
#6711=ORIENTED_EDGE('',*,*,#4717,.F.);
#6712=ORIENTED_EDGE('',*,*,#4719,.F.);
#6713=ORIENTED_EDGE('',*,*,#4721,.F.);
#6714=ORIENTED_EDGE('',*,*,#4723,.F.);
#6715=ORIENTED_EDGE('',*,*,#4725,.F.);
#6716=ORIENTED_EDGE('',*,*,#4727,.F.);
#6717=ORIENTED_EDGE('',*,*,#4729,.F.);
#6718=ORIENTED_EDGE('',*,*,#4731,.F.);
#6719=ORIENTED_EDGE('',*,*,#4733,.F.);
#6720=ORIENTED_EDGE('',*,*,#4735,.F.);
#6721=ORIENTED_EDGE('',*,*,#4737,.F.);
#6722=ORIENTED_EDGE('',*,*,#4739,.F.);
#6723=ORIENTED_EDGE('',*,*,#4741,.F.);
#6724=ORIENTED_EDGE('',*,*,#4743,.F.);
#6725=ORIENTED_EDGE('',*,*,#4745,.F.);
#6726=ORIENTED_EDGE('',*,*,#4747,.F.);
#6727=ORIENTED_EDGE('',*,*,#4749,.F.);
#6728=ORIENTED_EDGE('',*,*,#4751,.F.);
#6729=ORIENTED_EDGE('',*,*,#4753,.F.);
#6730=ORIENTED_EDGE('',*,*,#4755,.F.);
#6731=ORIENTED_EDGE('',*,*,#4757,.F.);
#6732=ORIENTED_EDGE('',*,*,#4759,.F.);
#6733=ORIENTED_EDGE('',*,*,#4761,.F.);
#6734=ORIENTED_EDGE('',*,*,#4763,.F.);
#6735=ORIENTED_EDGE('',*,*,#4765,.F.);
#6736=ORIENTED_EDGE('',*,*,#4767,.F.);
#6737=ORIENTED_EDGE('',*,*,#4769,.F.);
#6738=ORIENTED_EDGE('',*,*,#4771,.F.);
#6739=ORIENTED_EDGE('',*,*,#4773,.F.);
#6740=ORIENTED_EDGE('',*,*,#4775,.F.);
#6741=ORIENTED_EDGE('',*,*,#4777,.F.);
#6742=ORIENTED_EDGE('',*,*,#4779,.F.);
#6743=ORIENTED_EDGE('',*,*,#4780,.F.);
#6744=ORIENTED_EDGE('',*,*,#4201,.T.);
#6745=ORIENTED_EDGE('',*,*,#4205,.F.);
#6746=ORIENTED_EDGE('',*,*,#4782,.F.);
#6747=ORIENTED_EDGE('',*,*,#4784,.F.);
#6748=ORIENTED_EDGE('',*,*,#4786,.F.);
#6749=ORIENTED_EDGE('',*,*,#4788,.F.);
#6750=ORIENTED_EDGE('',*,*,#4789,.F.);
#6751=ORIENTED_EDGE('',*,*,#4206,.T.);
#6752=ORIENTED_EDGE('',*,*,#4210,.F.);
#6753=ORIENTED_EDGE('',*,*,#4211,.T.);
#6754=ORIENTED_EDGE('',*,*,#4214,.F.);
#6755=ORIENTED_EDGE('',*,*,#4471,.F.);
#6756=ORIENTED_EDGE('',*,*,#4473,.F.);
#6757=ORIENTED_EDGE('',*,*,#4475,.F.);
#6758=ORIENTED_EDGE('',*,*,#4477,.F.);
#6759=ORIENTED_EDGE('',*,*,#4479,.F.);
#6760=ORIENTED_EDGE('',*,*,#4481,.F.);
#6761=ORIENTED_EDGE('',*,*,#4483,.F.);
#6762=ORIENTED_EDGE('',*,*,#4484,.F.);
#6763=ORIENTED_EDGE('',*,*,#4233,.F.);
#6764=ORIENTED_EDGE('',*,*,#4230,.T.);
#6765=ORIENTED_EDGE('',*,*,#4486,.F.);
#6766=ORIENTED_EDGE('',*,*,#4488,.F.);
#6767=ORIENTED_EDGE('',*,*,#4490,.F.);
#6768=ORIENTED_EDGE('',*,*,#4492,.F.);
#6769=ORIENTED_EDGE('',*,*,#4494,.F.);
#6770=ORIENTED_EDGE('',*,*,#4496,.F.);
#6771=ORIENTED_EDGE('',*,*,#4498,.F.);
#6772=ORIENTED_EDGE('',*,*,#4500,.F.);
#6773=ORIENTED_EDGE('',*,*,#4502,.F.);
#6774=ORIENTED_EDGE('',*,*,#4503,.F.);
#6775=ORIENTED_EDGE('',*,*,#4226,.T.);
#6776=ORIENTED_EDGE('',*,*,#4229,.F.);
#6777=ORIENTED_EDGE('',*,*,#4221,.T.);
#6778=ORIENTED_EDGE('',*,*,#4225,.F.);
#6779=ORIENTED_EDGE('',*,*,#4504,.F.);
#6780=ORIENTED_EDGE('',*,*,#4217,.T.);
#6781=ORIENTED_EDGE('',*,*,#4220,.F.);
#6782=ORIENTED_EDGE('',*,*,#4144,.T.);
#6783=ORIENTED_EDGE('',*,*,#4150,.F.);
#6784=ORIENTED_EDGE('',*,*,#4461,.F.);
#6785=ORIENTED_EDGE('',*,*,#4464,.F.);
#6786=ORIENTED_EDGE('',*,*,#4467,.F.);
#6787=ORIENTED_EDGE('',*,*,#4469,.F.);
#6788=ORIENTED_EDGE('',*,*,#4422,.F.);
#6789=ORIENTED_EDGE('',*,*,#4426,.F.);
#6790=ORIENTED_EDGE('',*,*,#4429,.F.);
#6791=ORIENTED_EDGE('',*,*,#4432,.F.);
#6792=ORIENTED_EDGE('',*,*,#4435,.F.);
#6793=ORIENTED_EDGE('',*,*,#4438,.F.);
#6794=ORIENTED_EDGE('',*,*,#4441,.F.);
#6795=ORIENTED_EDGE('',*,*,#4444,.F.);
#6796=ORIENTED_EDGE('',*,*,#4447,.F.);
#6797=ORIENTED_EDGE('',*,*,#4450,.F.);
#6798=ORIENTED_EDGE('',*,*,#4453,.F.);
#6799=ORIENTED_EDGE('',*,*,#4456,.F.);
#6800=ORIENTED_EDGE('',*,*,#4457,.F.);
#6801=ORIENTED_EDGE('',*,*,#4151,.T.);
#6802=ORIENTED_EDGE('',*,*,#4155,.F.);
#6803=ORIENTED_EDGE('',*,*,#4160,.T.);
#6804=ORIENTED_EDGE('',*,*,#4166,.F.);
#6805=ORIENTED_EDGE('',*,*,#4392,.F.);
#6806=ORIENTED_EDGE('',*,*,#4395,.F.);
#6807=ORIENTED_EDGE('',*,*,#4398,.F.);
#6808=ORIENTED_EDGE('',*,*,#4401,.F.);
#6809=ORIENTED_EDGE('',*,*,#4404,.F.);
#6810=ORIENTED_EDGE('',*,*,#4407,.F.);
#6811=ORIENTED_EDGE('',*,*,#4410,.F.);
#6812=ORIENTED_EDGE('',*,*,#4411,.F.);
#6813=ORIENTED_EDGE('',*,*,#4183,.T.);
#6814=ORIENTED_EDGE('',*,*,#4187,.F.);
#6815=ORIENTED_EDGE('',*,*,#4415,.F.);
#6816=ORIENTED_EDGE('',*,*,#4416,.F.);
#6817=ORIENTED_EDGE('',*,*,#4174,.T.);
#6818=ORIENTED_EDGE('',*,*,#4180,.F.);
#6819=ORIENTED_EDGE('',*,*,#4419,.F.);
#6820=ORIENTED_EDGE('',*,*,#4351,.F.);
#6821=ORIENTED_EDGE('',*,*,#4355,.F.);
#6822=ORIENTED_EDGE('',*,*,#4358,.F.);
#6823=ORIENTED_EDGE('',*,*,#4361,.F.);
#6824=ORIENTED_EDGE('',*,*,#4364,.F.);
#6825=ORIENTED_EDGE('',*,*,#4367,.F.);
#6826=ORIENTED_EDGE('',*,*,#4370,.F.);
#6827=ORIENTED_EDGE('',*,*,#4373,.F.);
#6828=ORIENTED_EDGE('',*,*,#4376,.F.);
#6829=ORIENTED_EDGE('',*,*,#4377,.F.);
#6830=ORIENTED_EDGE('',*,*,#4167,.T.);
#6831=ORIENTED_EDGE('',*,*,#4173,.F.);
#6832=ORIENTED_EDGE('',*,*,#4381,.F.);
#6833=ORIENTED_EDGE('',*,*,#4384,.F.);
#6834=ORIENTED_EDGE('',*,*,#4387,.F.);
#6835=ORIENTED_EDGE('',*,*,#4388,.F.);
#6836=ORIENTED_EDGE('',*,*,#4188,.T.);
#6837=ORIENTED_EDGE('',*,*,#4194,.F.);
#6838=ORIENTED_EDGE('',*,*,#4195,.T.);
#6839=ORIENTED_EDGE('',*,*,#4200,.F.);
#6840=ORIENTED_EDGE('',*,*,#4340,.F.);
#6841=ORIENTED_EDGE('',*,*,#4343,.F.);
#6842=ORIENTED_EDGE('',*,*,#4346,.F.);
#6843=ORIENTED_EDGE('',*,*,#4347,.F.);
#6844=ORIENTED_EDGE('',*,*,#4337,.F.);
#6845=ORIENTED_EDGE('',*,*,#4304,.F.);
#6846=ORIENTED_EDGE('',*,*,#4308,.F.);
#6847=ORIENTED_EDGE('',*,*,#4311,.F.);
#6848=ORIENTED_EDGE('',*,*,#4314,.F.);
#6849=ORIENTED_EDGE('',*,*,#4317,.F.);
#6850=ORIENTED_EDGE('',*,*,#4320,.F.);
#6851=ORIENTED_EDGE('',*,*,#4323,.F.);
#6852=ORIENTED_EDGE('',*,*,#4326,.F.);
#6853=ORIENTED_EDGE('',*,*,#4329,.F.);
#6854=ORIENTED_EDGE('',*,*,#4332,.F.);
#6855=ORIENTED_EDGE('',*,*,#4335,.F.);
#6856=ORIENTED_EDGE('',*,*,#4420,.T.);
#6857=ORIENTED_EDGE('',*,*,#4468,.T.);
#6858=ORIENTED_EDGE('',*,*,#4465,.T.);
#6859=ORIENTED_EDGE('',*,*,#4462,.T.);
#6860=ORIENTED_EDGE('',*,*,#4459,.T.);
#6861=ORIENTED_EDGE('',*,*,#4148,.T.);
#6862=ORIENTED_EDGE('',*,*,#4146,.T.);
#6863=ORIENTED_EDGE('',*,*,#4156,.T.);
#6864=ORIENTED_EDGE('',*,*,#4153,.F.);
#6865=ORIENTED_EDGE('',*,*,#4458,.T.);
#6866=ORIENTED_EDGE('',*,*,#4454,.T.);
#6867=ORIENTED_EDGE('',*,*,#4451,.T.);
#6868=ORIENTED_EDGE('',*,*,#4448,.T.);
#6869=ORIENTED_EDGE('',*,*,#4445,.T.);
#6870=ORIENTED_EDGE('',*,*,#4442,.T.);
#6871=ORIENTED_EDGE('',*,*,#4439,.T.);
#6872=ORIENTED_EDGE('',*,*,#4436,.T.);
#6873=ORIENTED_EDGE('',*,*,#4433,.T.);
#6874=ORIENTED_EDGE('',*,*,#4430,.T.);
#6875=ORIENTED_EDGE('',*,*,#4427,.T.);
#6876=ORIENTED_EDGE('',*,*,#4424,.T.);
#6877=ORIENTED_EDGE('',*,*,#3759,.T.);
#6878=ORIENTED_EDGE('',*,*,#4349,.T.);
#6879=ORIENTED_EDGE('',*,*,#4418,.T.);
#6880=ORIENTED_EDGE('',*,*,#4178,.T.);
#6881=ORIENTED_EDGE('',*,*,#4176,.F.);
#6882=ORIENTED_EDGE('',*,*,#4417,.T.);
#6883=ORIENTED_EDGE('',*,*,#4413,.T.);
#6884=ORIENTED_EDGE('',*,*,#4185,.T.);
#6885=ORIENTED_EDGE('',*,*,#4181,.T.);
#6886=ORIENTED_EDGE('',*,*,#4412,.T.);
#6887=ORIENTED_EDGE('',*,*,#4408,.T.);
#6888=ORIENTED_EDGE('',*,*,#4405,.T.);
#6889=ORIENTED_EDGE('',*,*,#4402,.T.);
#6890=ORIENTED_EDGE('',*,*,#4399,.T.);
#6891=ORIENTED_EDGE('',*,*,#4396,.T.);
#6892=ORIENTED_EDGE('',*,*,#4393,.T.);
#6893=ORIENTED_EDGE('',*,*,#4390,.T.);
#6894=ORIENTED_EDGE('',*,*,#4164,.T.);
#6895=ORIENTED_EDGE('',*,*,#4162,.F.);
#6896=ORIENTED_EDGE('',*,*,#4389,.T.);
#6897=ORIENTED_EDGE('',*,*,#4385,.T.);
#6898=ORIENTED_EDGE('',*,*,#4382,.T.);
#6899=ORIENTED_EDGE('',*,*,#4379,.T.);
#6900=ORIENTED_EDGE('',*,*,#4171,.T.);
#6901=ORIENTED_EDGE('',*,*,#4169,.F.);
#6902=ORIENTED_EDGE('',*,*,#4378,.T.);
#6903=ORIENTED_EDGE('',*,*,#4374,.T.);
#6904=ORIENTED_EDGE('',*,*,#4371,.T.);
#6905=ORIENTED_EDGE('',*,*,#4368,.T.);
#6906=ORIENTED_EDGE('',*,*,#4365,.T.);
#6907=ORIENTED_EDGE('',*,*,#4362,.T.);
#6908=ORIENTED_EDGE('',*,*,#4359,.T.);
#6909=ORIENTED_EDGE('',*,*,#4356,.T.);
#6910=ORIENTED_EDGE('',*,*,#4353,.T.);
#6911=ORIENTED_EDGE('',*,*,#3835,.T.);
#6912=ORIENTED_EDGE('',*,*,#3831,.T.);
#6913=ORIENTED_EDGE('',*,*,#3795,.T.);
#6914=ORIENTED_EDGE('',*,*,#4338,.T.);
#6915=ORIENTED_EDGE('',*,*,#4198,.T.);
#6916=ORIENTED_EDGE('',*,*,#4196,.F.);
#6917=ORIENTED_EDGE('',*,*,#4192,.T.);
#6918=ORIENTED_EDGE('',*,*,#4190,.F.);
#6919=ORIENTED_EDGE('',*,*,#4348,.T.);
#6920=ORIENTED_EDGE('',*,*,#4344,.T.);
#6921=ORIENTED_EDGE('',*,*,#4341,.T.);
#6922=ORIENTED_EDGE('',*,*,#3779,.T.);
#6923=ORIENTED_EDGE('',*,*,#4302,.T.);
#6924=ORIENTED_EDGE('',*,*,#4336,.T.);
#6925=ORIENTED_EDGE('',*,*,#4333,.T.);
#6926=ORIENTED_EDGE('',*,*,#4330,.T.);
#6927=ORIENTED_EDGE('',*,*,#4327,.T.);
#6928=ORIENTED_EDGE('',*,*,#4324,.T.);
#6929=ORIENTED_EDGE('',*,*,#4321,.T.);
#6930=ORIENTED_EDGE('',*,*,#4318,.T.);
#6931=ORIENTED_EDGE('',*,*,#4315,.T.);
#6932=ORIENTED_EDGE('',*,*,#4312,.T.);
#6933=ORIENTED_EDGE('',*,*,#4309,.T.);
#6934=ORIENTED_EDGE('',*,*,#4306,.T.);
#6935=ORIENTED_EDGE('',*,*,#3791,.T.);
#6936=TOROIDAL_SURFACE('',#7338,1.,0.2);
#6937=TOROIDAL_SURFACE('',#7367,1.,0.2);
#6938=TOROIDAL_SURFACE('',#7372,1.,0.2);
#6939=TOROIDAL_SURFACE('',#7377,1.,0.2);
#6940=TOROIDAL_SURFACE('',#7382,1.00000000000001,0.2);
#6941=TOROIDAL_SURFACE('',#7387,1.00000000000001,0.2);
#6942=TOROIDAL_SURFACE('',#7392,1.00000000000001,0.2);
#6943=TOROIDAL_SURFACE('',#7397,1.00000000000001,0.2);
#6944=TOROIDAL_SURFACE('',#7402,1.00000000000001,0.2);
#6945=TOROIDAL_SURFACE('',#7407,1.,0.2);
#6946=TOROIDAL_SURFACE('',#7412,1.,0.2);
#6947=TOROIDAL_SURFACE('',#7417,1.,0.2);
#6948=TOROIDAL_SURFACE('',#7422,1.,0.2);
#6949=TOROIDAL_SURFACE('',#7427,1.,0.2);
#6950=TOROIDAL_SURFACE('',#7432,1.00000000000001,0.2);
#6951=TOROIDAL_SURFACE('',#7437,1.00000000000001,0.2);
#6952=TOROIDAL_SURFACE('',#7442,1.00000000000001,0.2);
#6953=TOROIDAL_SURFACE('',#7447,1.,0.2);
#6954=TOROIDAL_SURFACE('',#7452,1.00000000000001,0.2);
#6955=TOROIDAL_SURFACE('',#7457,1.00000000000001,0.2);
#6956=TOROIDAL_SURFACE('',#7462,1.,0.2);
#6957=TOROIDAL_SURFACE('',#7467,1.,0.2);
#6958=TOROIDAL_SURFACE('',#7472,1.,0.2);
#6959=ADVANCED_FACE('',(#1899),#6936,.T.);
#6960=ADVANCED_FACE('',(#1900,#217,#218,#219,#220,#221,#222,#223,#224,#225,
#226,#227,#228,#229,#230,#231,#232,#233,#234,#235,#236,#237,#238,#239),
#1705,.T.);
#6961=ADVANCED_FACE('',(#1901),#57,.F.);
#6962=ADVANCED_FACE('',(#1902),#6937,.T.);
#6963=ADVANCED_FACE('',(#1903),#58,.F.);
#6964=ADVANCED_FACE('',(#1904),#6938,.T.);
#6965=ADVANCED_FACE('',(#1905),#59,.F.);
#6966=ADVANCED_FACE('',(#1906),#6939,.T.);
#6967=ADVANCED_FACE('',(#1907),#60,.F.);
#6968=ADVANCED_FACE('',(#1908),#6940,.T.);
#6969=ADVANCED_FACE('',(#1909),#61,.F.);
#6970=ADVANCED_FACE('',(#1910),#6941,.T.);
#6971=ADVANCED_FACE('',(#1911),#62,.F.);
#6972=ADVANCED_FACE('',(#1912),#6942,.T.);
#6973=ADVANCED_FACE('',(#1913),#63,.F.);
#6974=ADVANCED_FACE('',(#1914),#6943,.T.);
#6975=ADVANCED_FACE('',(#1915),#64,.F.);
#6976=ADVANCED_FACE('',(#1916),#6944,.T.);
#6977=ADVANCED_FACE('',(#1917),#65,.F.);
#6978=ADVANCED_FACE('',(#1918),#6945,.T.);
#6979=ADVANCED_FACE('',(#1919),#66,.F.);
#6980=ADVANCED_FACE('',(#1920),#6946,.T.);
#6981=ADVANCED_FACE('',(#1921),#67,.F.);
#6982=ADVANCED_FACE('',(#1922),#6947,.T.);
#6983=ADVANCED_FACE('',(#1923),#68,.F.);
#6984=ADVANCED_FACE('',(#1924),#6948,.T.);
#6985=ADVANCED_FACE('',(#1925),#69,.F.);
#6986=ADVANCED_FACE('',(#1926),#6949,.T.);
#6987=ADVANCED_FACE('',(#1927),#70,.F.);
#6988=ADVANCED_FACE('',(#1928),#6950,.T.);
#6989=ADVANCED_FACE('',(#1929),#71,.F.);
#6990=ADVANCED_FACE('',(#1930),#6951,.T.);
#6991=ADVANCED_FACE('',(#1931),#72,.F.);
#6992=ADVANCED_FACE('',(#1932),#6952,.T.);
#6993=ADVANCED_FACE('',(#1933),#73,.F.);
#6994=ADVANCED_FACE('',(#1934),#6953,.T.);
#6995=ADVANCED_FACE('',(#1935),#74,.F.);
#6996=ADVANCED_FACE('',(#1936),#6954,.T.);
#6997=ADVANCED_FACE('',(#1937),#75,.F.);
#6998=ADVANCED_FACE('',(#1938),#6955,.T.);
#6999=ADVANCED_FACE('',(#1939),#76,.F.);
#7000=ADVANCED_FACE('',(#1940),#6956,.T.);
#7001=ADVANCED_FACE('',(#1941),#77,.F.);
#7002=ADVANCED_FACE('',(#1942),#6957,.T.);
#7003=ADVANCED_FACE('',(#1943),#78,.F.);
#7004=ADVANCED_FACE('',(#1944),#6958,.T.);
#7005=ADVANCED_FACE('',(#1945),#79,.F.);
#7006=ADVANCED_FACE('',(#1946),#80,.T.);
#7007=ADVANCED_FACE('',(#1947),#1706,.T.);
#7008=ADVANCED_FACE('',(#1948),#81,.T.);
#7009=ADVANCED_FACE('',(#1949),#82,.T.);
#7010=ADVANCED_FACE('',(#1950),#1707,.F.);
#7011=ADVANCED_FACE('',(#1951),#83,.T.);
#7012=ADVANCED_FACE('',(#1952),#84,.T.);
#7013=ADVANCED_FACE('',(#1953),#85,.T.);
#7014=ADVANCED_FACE('',(#1954),#86,.T.);
#7015=ADVANCED_FACE('',(#1955,#240,#241,#242,#243,#244,#245,#246,#247,#248,
#249,#250,#251,#252,#253,#254),#1708,.T.);
#7016=ADVANCED_FACE('',(#1956),#87,.T.);
#7017=ADVANCED_FACE('',(#1957),#88,.T.);
#7018=ADVANCED_FACE('',(#1958),#89,.T.);
#7019=ADVANCED_FACE('',(#1959),#1709,.T.);
#7020=ADVANCED_FACE('',(#1960),#90,.T.);
#7021=ADVANCED_FACE('',(#1961),#1710,.T.);
#7022=ADVANCED_FACE('',(#1962),#91,.T.);
#7023=ADVANCED_FACE('',(#1963),#92,.T.);
#7024=ADVANCED_FACE('',(#1964),#93,.T.);
#7025=ADVANCED_FACE('',(#1965),#94,.T.);
#7026=ADVANCED_FACE('',(#1966),#95,.T.);
#7027=ADVANCED_FACE('',(#1967),#1711,.F.);
#7028=ADVANCED_FACE('',(#1968),#96,.T.);
#7029=ADVANCED_FACE('',(#1969),#97,.T.);
#7030=ADVANCED_FACE('',(#1970),#98,.T.);
#7031=ADVANCED_FACE('',(#1971),#1712,.T.);
#7032=ADVANCED_FACE('',(#1972),#99,.T.);
#7033=ADVANCED_FACE('',(#1973),#1713,.F.);
#7034=ADVANCED_FACE('',(#1974),#100,.T.);
#7035=ADVANCED_FACE('',(#1975),#101,.T.);
#7036=ADVANCED_FACE('',(#1976),#102,.T.);
#7037=ADVANCED_FACE('',(#1977,#255,#256),#1714,.T.);
#7038=ADVANCED_FACE('',(#1978),#103,.T.);
#7039=ADVANCED_FACE('',(#1979),#1715,.F.);
#7040=ADVANCED_FACE('',(#1980),#104,.T.);
#7041=ADVANCED_FACE('',(#1981),#105,.T.);
#7042=ADVANCED_FACE('',(#1982),#106,.T.);
#7043=ADVANCED_FACE('',(#1983),#1716,.T.);
#7044=ADVANCED_FACE('',(#1984),#107,.T.);
#7045=ADVANCED_FACE('',(#1985),#1717,.F.);
#7046=ADVANCED_FACE('',(#1986),#108,.T.);
#7047=ADVANCED_FACE('',(#1987),#109,.F.);
#7048=ADVANCED_FACE('',(#1988),#1718,.F.);
#7049=ADVANCED_FACE('',(#1989),#110,.F.);
#7050=ADVANCED_FACE('',(#1990),#111,.T.);
#7051=ADVANCED_FACE('',(#1991),#112,.F.);
#7052=ADVANCED_FACE('',(#1992),#113,.F.);
#7053=ADVANCED_FACE('',(#1993),#1719,.F.);
#7054=ADVANCED_FACE('',(#1994),#114,.F.);
#7055=ADVANCED_FACE('',(#1995),#1720,.F.);
#7056=ADVANCED_FACE('',(#1996),#115,.F.);
#7057=ADVANCED_FACE('',(#1997),#116,.T.);
#7058=ADVANCED_FACE('',(#1998),#117,.F.);
#7059=ADVANCED_FACE('',(#1999),#118,.T.);
#7060=ADVANCED_FACE('',(#2000),#119,.F.);
#7061=ADVANCED_FACE('',(#2001),#120,.T.);
#7062=ADVANCED_FACE('',(#2002),#121,.F.);
#7063=ADVANCED_FACE('',(#2003),#1721,.F.);
#7064=ADVANCED_FACE('',(#2004),#122,.F.);
#7065=ADVANCED_FACE('',(#2005),#1722,.F.);
#7066=ADVANCED_FACE('',(#2006),#123,.F.);
#7067=ADVANCED_FACE('',(#2007),#124,.T.);
#7068=ADVANCED_FACE('',(#2008),#125,.F.);
#7069=ADVANCED_FACE('',(#2009),#1723,.F.);
#7070=ADVANCED_FACE('',(#2010),#126,.T.);
#7071=ADVANCED_FACE('',(#2011),#127,.F.);
#7072=ADVANCED_FACE('',(#2012),#128,.T.);
#7073=ADVANCED_FACE('',(#2013),#129,.F.);
#7074=ADVANCED_FACE('',(#2014),#1724,.F.);
#7075=ADVANCED_FACE('',(#2015),#130,.F.);
#7076=ADVANCED_FACE('',(#2016),#131,.T.);
#7077=ADVANCED_FACE('',(#2017),#132,.F.);
#7078=ADVANCED_FACE('',(#2018),#1725,.F.);
#7079=ADVANCED_FACE('',(#2019),#133,.F.);
#7080=ADVANCED_FACE('',(#2020),#134,.F.);
#7081=ADVANCED_FACE('',(#2021),#1726,.F.);
#7082=ADVANCED_FACE('',(#2022),#135,.F.);
#7083=ADVANCED_FACE('',(#2023),#1727,.F.);
#7084=ADVANCED_FACE('',(#2024),#1728,.F.);
#7085=ADVANCED_FACE('',(#2025),#136,.F.);
#7086=ADVANCED_FACE('',(#2026),#1729,.F.);
#7087=ADVANCED_FACE('',(#2027),#1730,.F.);
#7088=ADVANCED_FACE('',(#2028),#1731,.F.);
#7089=ADVANCED_FACE('',(#2029),#1732,.F.);
#7090=ADVANCED_FACE('',(#2030),#1733,.F.);
#7091=ADVANCED_FACE('',(#2031),#1734,.F.);
#7092=ADVANCED_FACE('',(#2032),#137,.F.);
#7093=ADVANCED_FACE('',(#2033),#1735,.F.);
#7094=ADVANCED_FACE('',(#2034),#1736,.F.);
#7095=ADVANCED_FACE('',(#2035),#1737,.F.);
#7096=ADVANCED_FACE('',(#2036),#1738,.F.);
#7097=ADVANCED_FACE('',(#2037),#1739,.F.);
#7098=ADVANCED_FACE('',(#2038),#1740,.F.);
#7099=ADVANCED_FACE('',(#2039),#138,.F.);
#7100=ADVANCED_FACE('',(#2040),#1741,.F.);
#7101=ADVANCED_FACE('',(#2041),#1742,.F.);
#7102=ADVANCED_FACE('',(#2042),#1743,.F.);
#7103=ADVANCED_FACE('',(#2043),#1744,.F.);
#7104=ADVANCED_FACE('',(#2044),#1745,.F.);
#7105=ADVANCED_FACE('',(#2045),#1746,.F.);
#7106=ADVANCED_FACE('',(#2046),#1747,.F.);
#7107=ADVANCED_FACE('',(#2047),#139,.F.);
#7108=ADVANCED_FACE('',(#2048),#1748,.T.);
#7109=ADVANCED_FACE('',(#2049),#140,.F.);
#7110=ADVANCED_FACE('',(#2050),#1749,.F.);
#7111=ADVANCED_FACE('',(#2051),#141,.T.);
#7112=ADVANCED_FACE('',(#2052),#142,.T.);
#7113=ADVANCED_FACE('',(#2053),#143,.F.);
#7114=ADVANCED_FACE('',(#2054),#1750,.F.);
#7115=ADVANCED_FACE('',(#2055),#144,.T.);
#7116=ADVANCED_FACE('',(#2056),#1751,.F.);
#7117=ADVANCED_FACE('',(#2057),#145,.T.);
#7118=ADVANCED_FACE('',(#2058),#1752,.F.);
#7119=ADVANCED_FACE('',(#2059),#146,.T.);
#7120=ADVANCED_FACE('',(#2060),#1753,.F.);
#7121=ADVANCED_FACE('',(#2061),#147,.T.);
#7122=ADVANCED_FACE('',(#2062),#1754,.F.);
#7123=ADVANCED_FACE('',(#2063),#148,.T.);
#7124=ADVANCED_FACE('',(#2064),#1755,.F.);
#7125=ADVANCED_FACE('',(#2065),#149,.F.);
#7126=ADVANCED_FACE('',(#2066),#1756,.F.);
#7127=ADVANCED_FACE('',(#2067),#150,.F.);
#7128=ADVANCED_FACE('',(#2068),#1757,.F.);
#7129=ADVANCED_FACE('',(#2069),#151,.F.);
#7130=ADVANCED_FACE('',(#2070),#1758,.F.);
#7131=ADVANCED_FACE('',(#2071),#152,.F.);
#7132=ADVANCED_FACE('',(#2072),#1759,.F.);
#7133=ADVANCED_FACE('',(#2073),#153,.T.);
#7134=ADVANCED_FACE('',(#2074),#1760,.F.);
#7135=ADVANCED_FACE('',(#2075),#1761,.F.);
#7136=ADVANCED_FACE('',(#2076),#1762,.F.);
#7137=ADVANCED_FACE('',(#2077),#1763,.F.);
#7138=ADVANCED_FACE('',(#2078),#154,.T.);
#7139=ADVANCED_FACE('',(#2079),#155,.F.);
#7140=ADVANCED_FACE('',(#2080),#1764,.F.);
#7141=ADVANCED_FACE('',(#2081),#156,.T.);
#7142=ADVANCED_FACE('',(#2082),#1765,.F.);
#7143=ADVANCED_FACE('',(#2083),#157,.T.);
#7144=ADVANCED_FACE('',(#2084),#1766,.F.);
#7145=ADVANCED_FACE('',(#2085),#158,.T.);
#7146=ADVANCED_FACE('',(#2086),#1767,.F.);
#7147=ADVANCED_FACE('',(#2087),#159,.T.);
#7148=ADVANCED_FACE('',(#2088),#160,.T.);
#7149=ADVANCED_FACE('',(#2089),#1768,.F.);
#7150=ADVANCED_FACE('',(#2090),#161,.F.);
#7151=ADVANCED_FACE('',(#2091),#1769,.F.);
#7152=ADVANCED_FACE('',(#2092),#162,.T.);
#7153=ADVANCED_FACE('',(#2093),#1770,.F.);
#7154=ADVANCED_FACE('',(#2094),#163,.T.);
#7155=ADVANCED_FACE('',(#2095),#1771,.F.);
#7156=ADVANCED_FACE('',(#2096),#1772,.F.);
#7157=ADVANCED_FACE('',(#2097),#1773,.F.);
#7158=ADVANCED_FACE('',(#2098),#1774,.F.);
#7159=ADVANCED_FACE('',(#2099),#164,.T.);
#7160=ADVANCED_FACE('',(#2100),#1775,.F.);
#7161=ADVANCED_FACE('',(#2101),#1776,.F.);
#7162=ADVANCED_FACE('',(#2102),#165,.T.);
#7163=ADVANCED_FACE('',(#2103),#1777,.F.);
#7164=ADVANCED_FACE('',(#2104),#1778,.F.);
#7165=ADVANCED_FACE('',(#2105),#1779,.F.);
#7166=ADVANCED_FACE('',(#2106),#1780,.F.);
#7167=ADVANCED_FACE('',(#2107),#166,.F.);
#7168=ADVANCED_FACE('',(#2108),#1781,.F.);
#7169=ADVANCED_FACE('',(#2109),#1782,.F.);
#7170=ADVANCED_FACE('',(#2110),#167,.F.);
#7171=ADVANCED_FACE('',(#2111),#1783,.F.);
#7172=ADVANCED_FACE('',(#2112),#1784,.F.);
#7173=ADVANCED_FACE('',(#2113),#1785,.F.);
#7174=ADVANCED_FACE('',(#2114),#1786,.F.);
#7175=ADVANCED_FACE('',(#2115),#1787,.F.);
#7176=ADVANCED_FACE('',(#2116),#1788,.F.);
#7177=ADVANCED_FACE('',(#2117),#1789,.F.);
#7178=ADVANCED_FACE('',(#2118),#1790,.F.);
#7179=ADVANCED_FACE('',(#2119),#168,.T.);
#7180=ADVANCED_FACE('',(#2120),#1791,.F.);
#7181=ADVANCED_FACE('',(#2121),#1792,.F.);
#7182=ADVANCED_FACE('',(#2122),#1793,.F.);
#7183=ADVANCED_FACE('',(#2123),#1794,.F.);
#7184=ADVANCED_FACE('',(#2124),#1795,.F.);
#7185=ADVANCED_FACE('',(#2125),#169,.T.);
#7186=ADVANCED_FACE('',(#2126),#1796,.F.);
#7187=ADVANCED_FACE('',(#2127),#1797,.F.);
#7188=ADVANCED_FACE('',(#2128),#1798,.F.);
#7189=ADVANCED_FACE('',(#2129),#1799,.F.);
#7190=ADVANCED_FACE('',(#2130),#170,.T.);
#7191=ADVANCED_FACE('',(#2131),#1800,.F.);
#7192=ADVANCED_FACE('',(#2132),#1801,.F.);
#7193=ADVANCED_FACE('',(#2133),#171,.F.);
#7194=ADVANCED_FACE('',(#2134),#1802,.F.);
#7195=ADVANCED_FACE('',(#2135),#172,.F.);
#7196=ADVANCED_FACE('',(#2136),#173,.T.);
#7197=ADVANCED_FACE('',(#2137),#174,.T.);
#7198=ADVANCED_FACE('',(#2138),#1803,.F.);
#7199=ADVANCED_FACE('',(#2139),#175,.F.);
#7200=ADVANCED_FACE('',(#2140),#1804,.F.);
#7201=ADVANCED_FACE('',(#2141),#1805,.F.);
#7202=ADVANCED_FACE('',(#2142),#1806,.F.);
#7203=ADVANCED_FACE('',(#2143),#1807,.F.);
#7204=ADVANCED_FACE('',(#2144),#1808,.F.);
#7205=ADVANCED_FACE('',(#2145),#1809,.F.);
#7206=ADVANCED_FACE('',(#2146),#1810,.F.);
#7207=ADVANCED_FACE('',(#2147),#1811,.F.);
#7208=ADVANCED_FACE('',(#2148),#176,.T.);
#7209=ADVANCED_FACE('',(#2149),#177,.T.);
#7210=ADVANCED_FACE('',(#2150),#178,.F.);
#7211=ADVANCED_FACE('',(#2151),#1812,.F.);
#7212=ADVANCED_FACE('',(#2152),#1813,.F.);
#7213=ADVANCED_FACE('',(#2153),#1814,.F.);
#7214=ADVANCED_FACE('',(#2154),#179,.F.);
#7215=ADVANCED_FACE('',(#2155),#1815,.F.);
#7216=ADVANCED_FACE('',(#2156),#1816,.F.);
#7217=ADVANCED_FACE('',(#2157),#1817,.F.);
#7218=ADVANCED_FACE('',(#2158),#1818,.F.);
#7219=ADVANCED_FACE('',(#2159),#180,.T.);
#7220=ADVANCED_FACE('',(#2160),#1819,.F.);
#7221=ADVANCED_FACE('',(#2161),#1820,.F.);
#7222=ADVANCED_FACE('',(#2162),#1821,.F.);
#7223=ADVANCED_FACE('',(#2163),#181,.F.);
#7224=ADVANCED_FACE('',(#2164),#1822,.F.);
#7225=ADVANCED_FACE('',(#2165),#1823,.F.);
#7226=ADVANCED_FACE('',(#2166),#1824,.F.);
#7227=ADVANCED_FACE('',(#2167),#1825,.F.);
#7228=ADVANCED_FACE('',(#2168),#1826,.F.);
#7229=ADVANCED_FACE('',(#2169),#1827,.F.);
#7230=ADVANCED_FACE('',(#2170),#182,.F.);
#7231=ADVANCED_FACE('',(#2171),#1828,.F.);
#7232=ADVANCED_FACE('',(#2172),#1829,.F.);
#7233=ADVANCED_FACE('',(#2173),#1830,.F.);
#7234=ADVANCED_FACE('',(#2174),#1831,.F.);
#7235=ADVANCED_FACE('',(#2175),#183,.T.);
#7236=ADVANCED_FACE('',(#2176),#1832,.F.);
#7237=ADVANCED_FACE('',(#2177),#1833,.F.);
#7238=ADVANCED_FACE('',(#2178),#1834,.F.);
#7239=ADVANCED_FACE('',(#2179),#1835,.F.);
#7240=ADVANCED_FACE('',(#2180),#1836,.F.);
#7241=ADVANCED_FACE('',(#2181),#1837,.F.);
#7242=ADVANCED_FACE('',(#2182),#1838,.F.);
#7243=ADVANCED_FACE('',(#2183),#1839,.F.);
#7244=ADVANCED_FACE('',(#2184),#184,.T.);
#7245=ADVANCED_FACE('',(#2185),#1840,.F.);
#7246=ADVANCED_FACE('',(#2186),#185,.F.);
#7247=ADVANCED_FACE('',(#2187),#1841,.F.);
#7248=ADVANCED_FACE('',(#2188),#186,.T.);
#7249=ADVANCED_FACE('',(#2189),#1842,.F.);
#7250=ADVANCED_FACE('',(#2190),#1843,.F.);
#7251=ADVANCED_FACE('',(#2191),#1844,.F.);
#7252=ADVANCED_FACE('',(#2192),#1845,.F.);
#7253=ADVANCED_FACE('',(#2193),#1846,.F.);
#7254=ADVANCED_FACE('',(#2194),#1847,.F.);
#7255=ADVANCED_FACE('',(#2195),#187,.T.);
#7256=ADVANCED_FACE('',(#2196),#1848,.F.);
#7257=ADVANCED_FACE('',(#2197),#188,.T.);
#7258=ADVANCED_FACE('',(#2198),#189,.T.);
#7259=ADVANCED_FACE('',(#2199),#190,.F.);
#7260=ADVANCED_FACE('',(#2200),#1849,.F.);
#7261=ADVANCED_FACE('',(#2201),#1850,.F.);
#7262=ADVANCED_FACE('',(#2202),#1851,.F.);
#7263=ADVANCED_FACE('',(#2203),#1852,.F.);
#7264=ADVANCED_FACE('',(#2204),#1853,.F.);
#7265=ADVANCED_FACE('',(#2205),#1854,.F.);
#7266=ADVANCED_FACE('',(#2206),#1855,.F.);
#7267=ADVANCED_FACE('',(#2207),#1856,.F.);
#7268=ADVANCED_FACE('',(#2208),#191,.F.);
#7269=ADVANCED_FACE('',(#2209),#1857,.F.);
#7270=ADVANCED_FACE('',(#2210),#1858,.F.);
#7271=ADVANCED_FACE('',(#2211),#1859,.F.);
#7272=ADVANCED_FACE('',(#2212),#1860,.F.);
#7273=ADVANCED_FACE('',(#2213),#192,.T.);
#7274=ADVANCED_FACE('',(#2214),#1861,.F.);
#7275=ADVANCED_FACE('',(#2215),#193,.F.);
#7276=ADVANCED_FACE('',(#2216),#1862,.F.);
#7277=ADVANCED_FACE('',(#2217),#194,.T.);
#7278=ADVANCED_FACE('',(#2218),#1863,.F.);
#7279=ADVANCED_FACE('',(#2219),#195,.F.);
#7280=ADVANCED_FACE('',(#2220),#1864,.F.);
#7281=ADVANCED_FACE('',(#2221),#196,.F.);
#7282=ADVANCED_FACE('',(#2222),#1865,.F.);
#7283=ADVANCED_FACE('',(#2223),#1866,.F.);
#7284=ADVANCED_FACE('',(#2224),#1867,.F.);
#7285=ADVANCED_FACE('',(#2225),#1868,.F.);
#7286=ADVANCED_FACE('',(#2226),#1869,.F.);
#7287=ADVANCED_FACE('',(#2227),#1870,.F.);
#7288=ADVANCED_FACE('',(#2228),#1871,.F.);
#7289=ADVANCED_FACE('',(#2229),#197,.F.);
#7290=ADVANCED_FACE('',(#2230),#198,.F.);
#7291=ADVANCED_FACE('',(#2231),#1872,.F.);
#7292=ADVANCED_FACE('',(#2232),#1873,.F.);
#7293=ADVANCED_FACE('',(#2233),#1874,.F.);
#7294=ADVANCED_FACE('',(#2234),#199,.F.);
#7295=ADVANCED_FACE('',(#2235),#1875,.F.);
#7296=ADVANCED_FACE('',(#2236),#1876,.F.);
#7297=ADVANCED_FACE('',(#2237),#200,.T.);
#7298=ADVANCED_FACE('',(#2238),#1877,.F.);
#7299=ADVANCED_FACE('',(#2239),#201,.F.);
#7300=ADVANCED_FACE('',(#2240),#1878,.F.);
#7301=ADVANCED_FACE('',(#2241),#1879,.F.);
#7302=ADVANCED_FACE('',(#2242),#202,.F.);
#7303=ADVANCED_FACE('',(#2243),#1880,.F.);
#7304=ADVANCED_FACE('',(#2244),#1881,.F.);
#7305=ADVANCED_FACE('',(#2245),#203,.F.);
#7306=ADVANCED_FACE('',(#2246),#1882,.F.);
#7307=ADVANCED_FACE('',(#2247),#204,.T.);
#7308=ADVANCED_FACE('',(#2248),#1883,.F.);
#7309=ADVANCED_FACE('',(#2249),#205,.F.);
#7310=ADVANCED_FACE('',(#2250),#1884,.F.);
#7311=ADVANCED_FACE('',(#2251),#206,.T.);
#7312=ADVANCED_FACE('',(#2252),#207,.F.);
#7313=ADVANCED_FACE('',(#2253),#208,.F.);
#7314=ADVANCED_FACE('',(#2254),#1885,.F.);
#7315=ADVANCED_FACE('',(#2255),#209,.F.);
#7316=ADVANCED_FACE('',(#2256),#1886,.F.);
#7317=ADVANCED_FACE('',(#2257),#210,.T.);
#7318=ADVANCED_FACE('',(#2258),#1887,.F.);
#7319=ADVANCED_FACE('',(#2259),#211,.T.);
#7320=ADVANCED_FACE('',(#2260),#1888,.F.);
#7321=ADVANCED_FACE('',(#2261),#212,.F.);
#7322=ADVANCED_FACE('',(#2262),#1889,.F.);
#7323=ADVANCED_FACE('',(#2263),#213,.T.);
#7324=ADVANCED_FACE('',(#2264),#1890,.F.);
#7325=ADVANCED_FACE('',(#2265),#214,.T.);
#7326=ADVANCED_FACE('',(#2266),#1891,.F.);
#7327=ADVANCED_FACE('',(#2267),#215,.F.);
#7328=ADVANCED_FACE('',(#2268),#1892,.F.);
#7329=ADVANCED_FACE('',(#2269),#216,.F.);
#7330=ADVANCED_FACE('',(#2270),#1893,.F.);
#7331=ADVANCED_FACE('',(#2271,#257,#258,#259,#260),#1894,.T.);
#7332=ADVANCED_FACE('',(#2272,#261),#1895,.T.);
#7333=ADVANCED_FACE('',(#2273,#262,#263,#264),#1896,.T.);
#7334=ADVANCED_FACE('',(#2274,#265),#1897,.T.);
#7335=ADVANCED_FACE('',(#2275,#266),#1898,.T.);
#7336=CLOSED_SHELL('',(#6959,#6960,#6961,#6962,#6963,#6964,#6965,#6966,
#6967,#6968,#6969,#6970,#6971,#6972,#6973,#6974,#6975,#6976,#6977,#6978,
#6979,#6980,#6981,#6982,#6983,#6984,#6985,#6986,#6987,#6988,#6989,#6990,
#6991,#6992,#6993,#6994,#6995,#6996,#6997,#6998,#6999,#7000,#7001,#7002,
#7003,#7004,#7005,#7006,#7007,#7008,#7009,#7010,#7011,#7012,#7013,#7014,
#7015,#7016,#7017,#7018,#7019,#7020,#7021,#7022,#7023,#7024,#7025,#7026,
#7027,#7028,#7029,#7030,#7031,#7032,#7033,#7034,#7035,#7036,#7037,#7038,
#7039,#7040,#7041,#7042,#7043,#7044,#7045,#7046,#7047,#7048,#7049,#7050,
#7051,#7052,#7053,#7054,#7055,#7056,#7057,#7058,#7059,#7060,#7061,#7062,
#7063,#7064,#7065,#7066,#7067,#7068,#7069,#7070,#7071,#7072,#7073,#7074,
#7075,#7076,#7077,#7078,#7079,#7080,#7081,#7082,#7083,#7084,#7085,#7086,
#7087,#7088,#7089,#7090,#7091,#7092,#7093,#7094,#7095,#7096,#7097,#7098,
#7099,#7100,#7101,#7102,#7103,#7104,#7105,#7106,#7107,#7108,#7109,#7110,
#7111,#7112,#7113,#7114,#7115,#7116,#7117,#7118,#7119,#7120,#7121,#7122,
#7123,#7124,#7125,#7126,#7127,#7128,#7129,#7130,#7131,#7132,#7133,#7134,
#7135,#7136,#7137,#7138,#7139,#7140,#7141,#7142,#7143,#7144,#7145,#7146,
#7147,#7148,#7149,#7150,#7151,#7152,#7153,#7154,#7155,#7156,#7157,#7158,
#7159,#7160,#7161,#7162,#7163,#7164,#7165,#7166,#7167,#7168,#7169,#7170,
#7171,#7172,#7173,#7174,#7175,#7176,#7177,#7178,#7179,#7180,#7181,#7182,
#7183,#7184,#7185,#7186,#7187,#7188,#7189,#7190,#7191,#7192,#7193,#7194,
#7195,#7196,#7197,#7198,#7199,#7200,#7201,#7202,#7203,#7204,#7205,#7206,
#7207,#7208,#7209,#7210,#7211,#7212,#7213,#7214,#7215,#7216,#7217,#7218,
#7219,#7220,#7221,#7222,#7223,#7224,#7225,#7226,#7227,#7228,#7229,#7230,
#7231,#7232,#7233,#7234,#7235,#7236,#7237,#7238,#7239,#7240,#7241,#7242,
#7243,#7244,#7245,#7246,#7247,#7248,#7249,#7250,#7251,#7252,#7253,#7254,
#7255,#7256,#7257,#7258,#7259,#7260,#7261,#7262,#7263,#7264,#7265,#7266,
#7267,#7268,#7269,#7270,#7271,#7272,#7273,#7274,#7275,#7276,#7277,#7278,
#7279,#7280,#7281,#7282,#7283,#7284,#7285,#7286,#7287,#7288,#7289,#7290,
#7291,#7292,#7293,#7294,#7295,#7296,#7297,#7298,#7299,#7300,#7301,#7302,
#7303,#7304,#7305,#7306,#7307,#7308,#7309,#7310,#7311,#7312,#7313,#7314,
#7315,#7316,#7317,#7318,#7319,#7320,#7321,#7322,#7323,#7324,#7325,#7326,
#7327,#7328,#7329,#7330,#7331,#7332,#7333,#7334,#7335));
#7337=AXIS2_PLACEMENT_3D('',#10246,#8067,#8068);
#7338=AXIS2_PLACEMENT_3D('',#10247,#8069,#8070);
#7339=AXIS2_PLACEMENT_3D('',#10249,#8071,#8072);
#7340=AXIS2_PLACEMENT_3D('',#10251,#8073,#8074);
#7341=AXIS2_PLACEMENT_3D('',#10252,#8075,#8076);
#7342=AXIS2_PLACEMENT_3D('',#10253,#8077,#8078);
#7343=AXIS2_PLACEMENT_3D('',#10263,#8083,#8084);
#7344=AXIS2_PLACEMENT_3D('',#10265,#8085,#8086);
#7345=AXIS2_PLACEMENT_3D('',#10267,#8087,#8088);
#7346=AXIS2_PLACEMENT_3D('',#10269,#8089,#8090);
#7347=AXIS2_PLACEMENT_3D('',#10271,#8091,#8092);
#7348=AXIS2_PLACEMENT_3D('',#10273,#8093,#8094);
#7349=AXIS2_PLACEMENT_3D('',#10275,#8095,#8096);
#7350=AXIS2_PLACEMENT_3D('',#10277,#8097,#8098);
#7351=AXIS2_PLACEMENT_3D('',#10279,#8099,#8100);
#7352=AXIS2_PLACEMENT_3D('',#10281,#8101,#8102);
#7353=AXIS2_PLACEMENT_3D('',#10283,#8103,#8104);
#7354=AXIS2_PLACEMENT_3D('',#10285,#8105,#8106);
#7355=AXIS2_PLACEMENT_3D('',#10287,#8107,#8108);
#7356=AXIS2_PLACEMENT_3D('',#10289,#8109,#8110);
#7357=AXIS2_PLACEMENT_3D('',#10291,#8111,#8112);
#7358=AXIS2_PLACEMENT_3D('',#10293,#8113,#8114);
#7359=AXIS2_PLACEMENT_3D('',#10295,#8115,#8116);
#7360=AXIS2_PLACEMENT_3D('',#10297,#8117,#8118);
#7361=AXIS2_PLACEMENT_3D('',#10299,#8119,#8120);
#7362=AXIS2_PLACEMENT_3D('',#10301,#8121,#8122);
#7363=AXIS2_PLACEMENT_3D('',#10303,#8123,#8124);
#7364=AXIS2_PLACEMENT_3D('',#10305,#8125,#8126);
#7365=AXIS2_PLACEMENT_3D('',#10306,#8127,#8128);
#7366=AXIS2_PLACEMENT_3D('',#10309,#8130,#8131);
#7367=AXIS2_PLACEMENT_3D('',#10310,#8132,#8133);
#7368=AXIS2_PLACEMENT_3D('',#10312,#8134,#8135);
#7369=AXIS2_PLACEMENT_3D('',#10313,#8136,#8137);
#7370=AXIS2_PLACEMENT_3D('',#10314,#8138,#8139);
#7371=AXIS2_PLACEMENT_3D('',#10317,#8141,#8142);
#7372=AXIS2_PLACEMENT_3D('',#10318,#8143,#8144);
#7373=AXIS2_PLACEMENT_3D('',#10320,#8145,#8146);
#7374=AXIS2_PLACEMENT_3D('',#10321,#8147,#8148);
#7375=AXIS2_PLACEMENT_3D('',#10322,#8149,#8150);
#7376=AXIS2_PLACEMENT_3D('',#10325,#8152,#8153);
#7377=AXIS2_PLACEMENT_3D('',#10326,#8154,#8155);
#7378=AXIS2_PLACEMENT_3D('',#10328,#8156,#8157);
#7379=AXIS2_PLACEMENT_3D('',#10329,#8158,#8159);
#7380=AXIS2_PLACEMENT_3D('',#10330,#8160,#8161);
#7381=AXIS2_PLACEMENT_3D('',#10333,#8163,#8164);
#7382=AXIS2_PLACEMENT_3D('',#10334,#8165,#8166);
#7383=AXIS2_PLACEMENT_3D('',#10336,#8167,#8168);
#7384=AXIS2_PLACEMENT_3D('',#10337,#8169,#8170);
#7385=AXIS2_PLACEMENT_3D('',#10338,#8171,#8172);
#7386=AXIS2_PLACEMENT_3D('',#10341,#8174,#8175);
#7387=AXIS2_PLACEMENT_3D('',#10342,#8176,#8177);
#7388=AXIS2_PLACEMENT_3D('',#10344,#8178,#8179);
#7389=AXIS2_PLACEMENT_3D('',#10345,#8180,#8181);
#7390=AXIS2_PLACEMENT_3D('',#10346,#8182,#8183);
#7391=AXIS2_PLACEMENT_3D('',#10349,#8185,#8186);
#7392=AXIS2_PLACEMENT_3D('',#10350,#8187,#8188);
#7393=AXIS2_PLACEMENT_3D('',#10352,#8189,#8190);
#7394=AXIS2_PLACEMENT_3D('',#10353,#8191,#8192);
#7395=AXIS2_PLACEMENT_3D('',#10354,#8193,#8194);
#7396=AXIS2_PLACEMENT_3D('',#10357,#8196,#8197);
#7397=AXIS2_PLACEMENT_3D('',#10358,#8198,#8199);
#7398=AXIS2_PLACEMENT_3D('',#10360,#8200,#8201);
#7399=AXIS2_PLACEMENT_3D('',#10361,#8202,#8203);
#7400=AXIS2_PLACEMENT_3D('',#10362,#8204,#8205);
#7401=AXIS2_PLACEMENT_3D('',#10365,#8207,#8208);
#7402=AXIS2_PLACEMENT_3D('',#10366,#8209,#8210);
#7403=AXIS2_PLACEMENT_3D('',#10368,#8211,#8212);
#7404=AXIS2_PLACEMENT_3D('',#10369,#8213,#8214);
#7405=AXIS2_PLACEMENT_3D('',#10370,#8215,#8216);
#7406=AXIS2_PLACEMENT_3D('',#10373,#8218,#8219);
#7407=AXIS2_PLACEMENT_3D('',#10374,#8220,#8221);
#7408=AXIS2_PLACEMENT_3D('',#10376,#8222,#8223);
#7409=AXIS2_PLACEMENT_3D('',#10377,#8224,#8225);
#7410=AXIS2_PLACEMENT_3D('',#10378,#8226,#8227);
#7411=AXIS2_PLACEMENT_3D('',#10381,#8229,#8230);
#7412=AXIS2_PLACEMENT_3D('',#10382,#8231,#8232);
#7413=AXIS2_PLACEMENT_3D('',#10384,#8233,#8234);
#7414=AXIS2_PLACEMENT_3D('',#10385,#8235,#8236);
#7415=AXIS2_PLACEMENT_3D('',#10386,#8237,#8238);
#7416=AXIS2_PLACEMENT_3D('',#10389,#8240,#8241);
#7417=AXIS2_PLACEMENT_3D('',#10390,#8242,#8243);
#7418=AXIS2_PLACEMENT_3D('',#10392,#8244,#8245);
#7419=AXIS2_PLACEMENT_3D('',#10393,#8246,#8247);
#7420=AXIS2_PLACEMENT_3D('',#10394,#8248,#8249);
#7421=AXIS2_PLACEMENT_3D('',#10397,#8251,#8252);
#7422=AXIS2_PLACEMENT_3D('',#10398,#8253,#8254);
#7423=AXIS2_PLACEMENT_3D('',#10400,#8255,#8256);
#7424=AXIS2_PLACEMENT_3D('',#10401,#8257,#8258);
#7425=AXIS2_PLACEMENT_3D('',#10402,#8259,#8260);
#7426=AXIS2_PLACEMENT_3D('',#10405,#8262,#8263);
#7427=AXIS2_PLACEMENT_3D('',#10406,#8264,#8265);
#7428=AXIS2_PLACEMENT_3D('',#10408,#8266,#8267);
#7429=AXIS2_PLACEMENT_3D('',#10409,#8268,#8269);
#7430=AXIS2_PLACEMENT_3D('',#10410,#8270,#8271);
#7431=AXIS2_PLACEMENT_3D('',#10413,#8273,#8274);
#7432=AXIS2_PLACEMENT_3D('',#10414,#8275,#8276);
#7433=AXIS2_PLACEMENT_3D('',#10416,#8277,#8278);
#7434=AXIS2_PLACEMENT_3D('',#10417,#8279,#8280);
#7435=AXIS2_PLACEMENT_3D('',#10418,#8281,#8282);
#7436=AXIS2_PLACEMENT_3D('',#10421,#8284,#8285);
#7437=AXIS2_PLACEMENT_3D('',#10422,#8286,#8287);
#7438=AXIS2_PLACEMENT_3D('',#10424,#8288,#8289);
#7439=AXIS2_PLACEMENT_3D('',#10425,#8290,#8291);
#7440=AXIS2_PLACEMENT_3D('',#10426,#8292,#8293);
#7441=AXIS2_PLACEMENT_3D('',#10429,#8295,#8296);
#7442=AXIS2_PLACEMENT_3D('',#10430,#8297,#8298);
#7443=AXIS2_PLACEMENT_3D('',#10432,#8299,#8300);
#7444=AXIS2_PLACEMENT_3D('',#10433,#8301,#8302);
#7445=AXIS2_PLACEMENT_3D('',#10434,#8303,#8304);
#7446=AXIS2_PLACEMENT_3D('',#10437,#8306,#8307);
#7447=AXIS2_PLACEMENT_3D('',#10438,#8308,#8309);
#7448=AXIS2_PLACEMENT_3D('',#10440,#8310,#8311);
#7449=AXIS2_PLACEMENT_3D('',#10441,#8312,#8313);
#7450=AXIS2_PLACEMENT_3D('',#10442,#8314,#8315);
#7451=AXIS2_PLACEMENT_3D('',#10445,#8317,#8318);
#7452=AXIS2_PLACEMENT_3D('',#10446,#8319,#8320);
#7453=AXIS2_PLACEMENT_3D('',#10448,#8321,#8322);
#7454=AXIS2_PLACEMENT_3D('',#10449,#8323,#8324);
#7455=AXIS2_PLACEMENT_3D('',#10450,#8325,#8326);
#7456=AXIS2_PLACEMENT_3D('',#10453,#8328,#8329);
#7457=AXIS2_PLACEMENT_3D('',#10454,#8330,#8331);
#7458=AXIS2_PLACEMENT_3D('',#10456,#8332,#8333);
#7459=AXIS2_PLACEMENT_3D('',#10457,#8334,#8335);
#7460=AXIS2_PLACEMENT_3D('',#10458,#8336,#8337);
#7461=AXIS2_PLACEMENT_3D('',#10461,#8339,#8340);
#7462=AXIS2_PLACEMENT_3D('',#10462,#8341,#8342);
#7463=AXIS2_PLACEMENT_3D('',#10464,#8343,#8344);
#7464=AXIS2_PLACEMENT_3D('',#10465,#8345,#8346);
#7465=AXIS2_PLACEMENT_3D('',#10466,#8347,#8348);
#7466=AXIS2_PLACEMENT_3D('',#10469,#8350,#8351);
#7467=AXIS2_PLACEMENT_3D('',#10470,#8352,#8353);
#7468=AXIS2_PLACEMENT_3D('',#10472,#8354,#8355);
#7469=AXIS2_PLACEMENT_3D('',#10473,#8356,#8357);
#7470=AXIS2_PLACEMENT_3D('',#10474,#8358,#8359);
#7471=AXIS2_PLACEMENT_3D('',#10477,#8361,#8362);
#7472=AXIS2_PLACEMENT_3D('',#10478,#8363,#8364);
#7473=AXIS2_PLACEMENT_3D('',#10480,#8365,#8366);
#7474=AXIS2_PLACEMENT_3D('',#10481,#8367,#8368);
#7475=AXIS2_PLACEMENT_3D('',#10482,#8369,#8370);
#7476=AXIS2_PLACEMENT_3D('',#10485,#8372,#8373);
#7477=AXIS2_PLACEMENT_3D('',#10486,#8374,#8375);
#7478=AXIS2_PLACEMENT_3D('',#10489,#8376,#8377);
#7479=AXIS2_PLACEMENT_3D('',#10493,#8379,#8380);
#7480=AXIS2_PLACEMENT_3D('',#10495,#8382,#8383);
#7481=AXIS2_PLACEMENT_3D('',#10501,#8387,#8388);
#7482=AXIS2_PLACEMENT_3D('',#10508,#8389,#8390);
#7483=AXIS2_PLACEMENT_3D('',#10512,#8392,#8393);
#7484=AXIS2_PLACEMENT_3D('',#10513,#8394,#8395);
#7485=AXIS2_PLACEMENT_3D('',#10514,#8396,#8397);
#7486=AXIS2_PLACEMENT_3D('',#10516,#8398,#8399);
#7487=AXIS2_PLACEMENT_3D('',#10520,#8401,#8402);
#7488=AXIS2_PLACEMENT_3D('',#10521,#8403,#8404);
#7489=AXIS2_PLACEMENT_3D('',#10522,#8405,#8406);
#7490=AXIS2_PLACEMENT_3D('',#10528,#8410,#8411);
#7491=AXIS2_PLACEMENT_3D('',#10532,#8413,#8414);
#7492=AXIS2_PLACEMENT_3D('',#10533,#8415,#8416);
#7493=AXIS2_PLACEMENT_3D('',#10534,#8417,#8418);
#7494=AXIS2_PLACEMENT_3D('',#10536,#8419,#8420);
#7495=AXIS2_PLACEMENT_3D('',#10540,#8422,#8423);
#7496=AXIS2_PLACEMENT_3D('',#10541,#8424,#8425);
#7497=AXIS2_PLACEMENT_3D('',#10542,#8426,#8427);
#7498=AXIS2_PLACEMENT_3D('',#10543,#8428,#8429);
#7499=AXIS2_PLACEMENT_3D('',#10544,#8430,#8431);
#7500=AXIS2_PLACEMENT_3D('',#10545,#8432,#8433);
#7501=AXIS2_PLACEMENT_3D('',#10549,#8435,#8436);
#7502=AXIS2_PLACEMENT_3D('',#10551,#8438,#8439);
#7503=AXIS2_PLACEMENT_3D('',#10561,#8444,#8445);
#7504=AXIS2_PLACEMENT_3D('',#10565,#8447,#8448);
#7505=AXIS2_PLACEMENT_3D('',#10575,#8453,#8454);
#7506=AXIS2_PLACEMENT_3D('',#10579,#8456,#8457);
#7507=AXIS2_PLACEMENT_3D('',#10581,#8458,#8459);
#7508=AXIS2_PLACEMENT_3D('',#10583,#8460,#8461);
#7509=AXIS2_PLACEMENT_3D('',#10587,#8463,#8464);
#7510=AXIS2_PLACEMENT_3D('',#10593,#8467,#8468);
#7511=AXIS2_PLACEMENT_3D('',#10603,#8473,#8474);
#7512=AXIS2_PLACEMENT_3D('',#10605,#8475,#8476);
#7513=AXIS2_PLACEMENT_3D('',#10607,#8477,#8478);
#7514=AXIS2_PLACEMENT_3D('',#10609,#8479,#8480);
#7515=AXIS2_PLACEMENT_3D('',#10611,#8481,#8482);
#7516=AXIS2_PLACEMENT_3D('',#10615,#8484,#8485);
#7517=AXIS2_PLACEMENT_3D('',#10617,#8486,#8487);
#7518=AXIS2_PLACEMENT_3D('',#10619,#8488,#8489);
#7519=AXIS2_PLACEMENT_3D('',#10631,#8495,#8496);
#7520=AXIS2_PLACEMENT_3D('',#10641,#8501,#8502);
#7521=AXIS2_PLACEMENT_3D('',#10653,#8508,#8509);
#7522=AXIS2_PLACEMENT_3D('',#10659,#8512,#8513);
#7523=AXIS2_PLACEMENT_3D('',#10663,#8515,#8516);
#7524=AXIS2_PLACEMENT_3D('',#10665,#8517,#8518);
#7525=AXIS2_PLACEMENT_3D('',#10667,#8519,#8520);
#7526=AXIS2_PLACEMENT_3D('',#10671,#8522,#8523);
#7527=AXIS2_PLACEMENT_3D('',#10675,#8525,#8526);
#7528=AXIS2_PLACEMENT_3D('',#10681,#8529,#8530);
#7529=AXIS2_PLACEMENT_3D('',#10683,#8531,#8532);
#7530=AXIS2_PLACEMENT_3D('',#10687,#8534,#8535);
#7531=AXIS2_PLACEMENT_3D('',#10691,#8537,#8538);
#7532=AXIS2_PLACEMENT_3D('',#10695,#8540,#8541);
#7533=AXIS2_PLACEMENT_3D('',#10699,#8543,#8544);
#7534=AXIS2_PLACEMENT_3D('',#10703,#8546,#8547);
#7535=AXIS2_PLACEMENT_3D('',#10707,#8549,#8550);
#7536=AXIS2_PLACEMENT_3D('',#10709,#8551,#8552);
#7537=AXIS2_PLACEMENT_3D('',#10711,#8553,#8554);
#7538=AXIS2_PLACEMENT_3D('',#10715,#8556,#8557);
#7539=AXIS2_PLACEMENT_3D('',#10719,#8559,#8560);
#7540=AXIS2_PLACEMENT_3D('',#10723,#8562,#8563);
#7541=AXIS2_PLACEMENT_3D('',#10729,#8566,#8567);
#7542=AXIS2_PLACEMENT_3D('',#10735,#8570,#8571);
#7543=AXIS2_PLACEMENT_3D('',#10739,#8573,#8574);
#7544=AXIS2_PLACEMENT_3D('',#10745,#8577,#8578);
#7545=AXIS2_PLACEMENT_3D('',#10753,#8582,#8583);
#7546=AXIS2_PLACEMENT_3D('',#10755,#8584,#8585);
#7547=AXIS2_PLACEMENT_3D('',#10771,#8593,#8594);
#7548=AXIS2_PLACEMENT_3D('',#10775,#8596,#8597);
#7549=AXIS2_PLACEMENT_3D('',#10779,#8599,#8600);
#7550=AXIS2_PLACEMENT_3D('',#10783,#8602,#8603);
#7551=AXIS2_PLACEMENT_3D('',#10787,#8605,#8606);
#7552=AXIS2_PLACEMENT_3D('',#10797,#8611,#8612);
#7553=AXIS2_PLACEMENT_3D('',#10815,#8621,#8622);
#7554=AXIS2_PLACEMENT_3D('',#10817,#8623,#8624);
#7555=AXIS2_PLACEMENT_3D('',#10819,#8625,#8626);
#7556=AXIS2_PLACEMENT_3D('',#10823,#8628,#8629);
#7557=AXIS2_PLACEMENT_3D('',#10837,#8636,#8637);
#7558=AXIS2_PLACEMENT_3D('',#10841,#8639,#8640);
#7559=AXIS2_PLACEMENT_3D('',#10845,#8642,#8643);
#7560=AXIS2_PLACEMENT_3D('',#10863,#8652,#8653);
#7561=AXIS2_PLACEMENT_3D('',#10873,#8658,#8659);
#7562=AXIS2_PLACEMENT_3D('',#10883,#8664,#8665);
#7563=AXIS2_PLACEMENT_3D('',#10887,#8667,#8668);
#7564=AXIS2_PLACEMENT_3D('',#10889,#8670,#8671);
#7565=AXIS2_PLACEMENT_3D('',#10893,#8673,#8674);
#7566=AXIS2_PLACEMENT_3D('',#10894,#8675,#8676);
#7567=AXIS2_PLACEMENT_3D('',#10895,#8677,#8678);
#7568=AXIS2_PLACEMENT_3D('',#10898,#8679,#8680);
#7569=AXIS2_PLACEMENT_3D('',#10901,#8682,#8683);
#7570=AXIS2_PLACEMENT_3D('',#10904,#8685,#8686);
#7571=AXIS2_PLACEMENT_3D('',#10905,#8687,#8688);
#7572=AXIS2_PLACEMENT_3D('',#10908,#8690,#8691);
#7573=AXIS2_PLACEMENT_3D('',#10909,#8692,#8693);
#7574=AXIS2_PLACEMENT_3D('',#10910,#8694,#8695);
#7575=AXIS2_PLACEMENT_3D('',#10940,#8711,#8712);
#7576=AXIS2_PLACEMENT_3D('',#10944,#8714,#8715);
#7577=AXIS2_PLACEMENT_3D('',#10945,#8716,#8717);
#7578=AXIS2_PLACEMENT_3D('',#10946,#8718,#8719);
#7579=AXIS2_PLACEMENT_3D('',#10950,#8722,#8723);
#7580=AXIS2_PLACEMENT_3D('',#10951,#8724,#8725);
#7581=AXIS2_PLACEMENT_3D('',#10952,#8726,#8727);
#7582=AXIS2_PLACEMENT_3D('',#10957,#8728,#8729);
#7583=AXIS2_PLACEMENT_3D('',#10958,#8730,#8731);
#7584=AXIS2_PLACEMENT_3D('',#10961,#8733,#8734);
#7585=AXIS2_PLACEMENT_3D('',#10962,#8735,#8736);
#7586=AXIS2_PLACEMENT_3D('',#10965,#8738,#8739);
#7587=AXIS2_PLACEMENT_3D('',#10966,#8740,#8741);
#7588=AXIS2_PLACEMENT_3D('',#10972,#8745,#8746);
#7589=AXIS2_PLACEMENT_3D('',#10974,#8747,#8748);
#7590=AXIS2_PLACEMENT_3D('',#10976,#8750,#8751);
#7591=AXIS2_PLACEMENT_3D('',#10979,#8753,#8754);
#7592=AXIS2_PLACEMENT_3D('',#10980,#8755,#8756);
#7593=AXIS2_PLACEMENT_3D('',#10983,#8758,#8759);
#7594=AXIS2_PLACEMENT_3D('',#10984,#8760,#8761);
#7595=AXIS2_PLACEMENT_3D('',#10990,#8765,#8766);
#7596=AXIS2_PLACEMENT_3D('',#10993,#8768,#8769);
#7597=AXIS2_PLACEMENT_3D('',#10994,#8770,#8771);
#7598=AXIS2_PLACEMENT_3D('',#11000,#8775,#8776);
#7599=AXIS2_PLACEMENT_3D('',#11002,#8777,#8778);
#7600=AXIS2_PLACEMENT_3D('',#11004,#8780,#8781);
#7601=AXIS2_PLACEMENT_3D('',#11007,#8783,#8784);
#7602=AXIS2_PLACEMENT_3D('',#11008,#8785,#8786);
#7603=AXIS2_PLACEMENT_3D('',#11011,#8788,#8789);
#7604=AXIS2_PLACEMENT_3D('',#11012,#8790,#8791);
#7605=AXIS2_PLACEMENT_3D('',#11018,#8794,#8795);
#7606=AXIS2_PLACEMENT_3D('',#11022,#8797,#8798);
#7607=AXIS2_PLACEMENT_3D('',#11030,#8802,#8803);
#7608=AXIS2_PLACEMENT_3D('',#11040,#8808,#8809);
#7609=AXIS2_PLACEMENT_3D('',#11048,#8813,#8814);
#7610=AXIS2_PLACEMENT_3D('',#11050,#8815,#8816);
#7611=AXIS2_PLACEMENT_3D('',#11052,#8817,#8818);
#7612=AXIS2_PLACEMENT_3D('',#11060,#8822,#8823);
#7613=AXIS2_PLACEMENT_3D('',#11064,#8825,#8826);
#7614=AXIS2_PLACEMENT_3D('',#11068,#8829,#8830);
#7615=AXIS2_PLACEMENT_3D('',#11071,#8832,#8833);
#7616=AXIS2_PLACEMENT_3D('',#11072,#8834,#8835);
#7617=AXIS2_PLACEMENT_3D('',#11078,#8839,#8840);
#7618=AXIS2_PLACEMENT_3D('',#11080,#8841,#8842);
#7619=AXIS2_PLACEMENT_3D('',#11082,#8844,#8845);
#7620=AXIS2_PLACEMENT_3D('',#11085,#8847,#8848);
#7621=AXIS2_PLACEMENT_3D('',#11086,#8849,#8850);
#7622=AXIS2_PLACEMENT_3D('',#11089,#8852,#8853);
#7623=AXIS2_PLACEMENT_3D('',#11090,#8854,#8855);
#7624=AXIS2_PLACEMENT_3D('',#11096,#8859,#8860);
#7625=AXIS2_PLACEMENT_3D('',#11099,#8862,#8863);
#7626=AXIS2_PLACEMENT_3D('',#11100,#8864,#8865);
#7627=AXIS2_PLACEMENT_3D('',#11106,#8869,#8870);
#7628=AXIS2_PLACEMENT_3D('',#11108,#8872,#8873);
#7629=AXIS2_PLACEMENT_3D('',#11111,#8874,#8875);
#7630=AXIS2_PLACEMENT_3D('',#11115,#8877,#8878);
#7631=AXIS2_PLACEMENT_3D('',#11117,#8880,#8881);
#7632=AXIS2_PLACEMENT_3D('',#11123,#8885,#8886);
#7633=AXIS2_PLACEMENT_3D('',#11126,#8887,#8888);
#7634=AXIS2_PLACEMENT_3D('',#11130,#8890,#8891);
#7635=AXIS2_PLACEMENT_3D('',#11132,#8893,#8894);
#7636=AXIS2_PLACEMENT_3D('',#11133,#8895,#8896);
#7637=AXIS2_PLACEMENT_3D('',#11134,#8897,#8898);
#7638=AXIS2_PLACEMENT_3D('',#11135,#8899,#8900);
#7639=AXIS2_PLACEMENT_3D('',#11139,#8902,#8903);
#7640=AXIS2_PLACEMENT_3D('',#11141,#8905,#8906);
#7641=AXIS2_PLACEMENT_3D('',#11144,#8907,#8908);
#7642=AXIS2_PLACEMENT_3D('',#11148,#8910,#8911);
#7643=AXIS2_PLACEMENT_3D('',#11150,#8913,#8914);
#7644=AXIS2_PLACEMENT_3D('',#11156,#8918,#8919);
#7645=AXIS2_PLACEMENT_3D('',#11159,#8920,#8921);
#7646=AXIS2_PLACEMENT_3D('',#11163,#8923,#8924);
#7647=AXIS2_PLACEMENT_3D('',#11165,#8926,#8927);
#7648=AXIS2_PLACEMENT_3D('',#11171,#8931,#8932);
#7649=AXIS2_PLACEMENT_3D('',#11174,#8933,#8934);
#7650=AXIS2_PLACEMENT_3D('',#11178,#8936,#8937);
#7651=AXIS2_PLACEMENT_3D('',#11180,#8939,#8940);
#7652=AXIS2_PLACEMENT_3D('',#11182,#8941,#8942);
#7653=AXIS2_PLACEMENT_3D('',#11185,#8944,#8945);
#7654=AXIS2_PLACEMENT_3D('',#11186,#8946,#8947);
#7655=AXIS2_PLACEMENT_3D('',#11189,#8948,#8949);
#7656=AXIS2_PLACEMENT_3D('',#11193,#8951,#8952);
#7657=AXIS2_PLACEMENT_3D('',#11195,#8954,#8955);
#7658=AXIS2_PLACEMENT_3D('',#11197,#8956,#8957);
#7659=AXIS2_PLACEMENT_3D('',#11200,#8959,#8960);
#7660=AXIS2_PLACEMENT_3D('',#11201,#8961,#8962);
#7661=AXIS2_PLACEMENT_3D('',#11204,#8963,#8964);
#7662=AXIS2_PLACEMENT_3D('',#11208,#8966,#8967);
#7663=AXIS2_PLACEMENT_3D('',#11210,#8969,#8970);
#7664=AXIS2_PLACEMENT_3D('',#11212,#8971,#8972);
#7665=AXIS2_PLACEMENT_3D('',#11215,#8974,#8975);
#7666=AXIS2_PLACEMENT_3D('',#11216,#8976,#8977);
#7667=AXIS2_PLACEMENT_3D('',#11218,#8978,#8979);
#7668=AXIS2_PLACEMENT_3D('',#11220,#8980,#8981);
#7669=AXIS2_PLACEMENT_3D('',#11222,#8983,#8984);
#7670=AXIS2_PLACEMENT_3D('',#11228,#8988,#8989);
#7671=AXIS2_PLACEMENT_3D('',#11231,#8990,#8991);
#7672=AXIS2_PLACEMENT_3D('',#11234,#8994,#8995);
#7673=AXIS2_PLACEMENT_3D('',#11238,#8998,#8999);
#7674=AXIS2_PLACEMENT_3D('',#11241,#9000,#9001);
#7675=AXIS2_PLACEMENT_3D('',#11244,#9004,#9005);
#7676=AXIS2_PLACEMENT_3D('',#11247,#9007,#9008);
#7677=AXIS2_PLACEMENT_3D('',#11248,#9009,#9010);
#7678=AXIS2_PLACEMENT_3D('',#11250,#9011,#9012);
#7679=AXIS2_PLACEMENT_3D('',#11252,#9014,#9015);
#7680=AXIS2_PLACEMENT_3D('',#11256,#9018,#9019);
#7681=AXIS2_PLACEMENT_3D('',#11259,#9021,#9022);
#7682=AXIS2_PLACEMENT_3D('',#11260,#9023,#9024);
#7683=AXIS2_PLACEMENT_3D('',#11263,#9025,#9026);
#7684=AXIS2_PLACEMENT_3D('',#11266,#9029,#9030);
#7685=AXIS2_PLACEMENT_3D('',#11267,#9031,#9032);
#7686=AXIS2_PLACEMENT_3D('',#11268,#9033,#9034);
#7687=AXIS2_PLACEMENT_3D('',#11271,#9035,#9036);
#7688=AXIS2_PLACEMENT_3D('',#11274,#9039,#9040);
#7689=AXIS2_PLACEMENT_3D('',#11278,#9043,#9044);
#7690=AXIS2_PLACEMENT_3D('',#11281,#9045,#9046);
#7691=AXIS2_PLACEMENT_3D('',#11284,#9049,#9050);
#7692=AXIS2_PLACEMENT_3D('',#11285,#9051,#9052);
#7693=AXIS2_PLACEMENT_3D('',#11286,#9053,#9054);
#7694=AXIS2_PLACEMENT_3D('',#11289,#9055,#9056);
#7695=AXIS2_PLACEMENT_3D('',#11292,#9059,#9060);
#7696=AXIS2_PLACEMENT_3D('',#11296,#9063,#9064);
#7697=AXIS2_PLACEMENT_3D('',#11299,#9065,#9066);
#7698=AXIS2_PLACEMENT_3D('',#11302,#9069,#9070);
#7699=AXIS2_PLACEMENT_3D('',#11305,#9071,#9072);
#7700=AXIS2_PLACEMENT_3D('',#11308,#9075,#9076);
#7701=AXIS2_PLACEMENT_3D('',#11312,#9079,#9080);
#7702=AXIS2_PLACEMENT_3D('',#11315,#9081,#9082);
#7703=AXIS2_PLACEMENT_3D('',#11318,#9085,#9086);
#7704=AXIS2_PLACEMENT_3D('',#11322,#9088,#9089);
#7705=AXIS2_PLACEMENT_3D('',#11326,#9091,#9092);
#7706=AXIS2_PLACEMENT_3D('',#11336,#9097,#9098);
#7707=AXIS2_PLACEMENT_3D('',#11338,#9100,#9101);
#7708=AXIS2_PLACEMENT_3D('',#11343,#9106,#9107);
#7709=AXIS2_PLACEMENT_3D('',#11346,#9110,#9111);
#7710=AXIS2_PLACEMENT_3D('',#11352,#9117,#9118);
#7711=AXIS2_PLACEMENT_3D('',#11356,#9121,#9122);
#7712=AXIS2_PLACEMENT_3D('',#11358,#9123,#9124);
#7713=AXIS2_PLACEMENT_3D('',#11371,#9131,#9132);
#7714=AXIS2_PLACEMENT_3D('',#11372,#9133,#9134);
#7715=AXIS2_PLACEMENT_3D('',#11374,#9136,#9137);
#7716=AXIS2_PLACEMENT_3D('',#11376,#9139,#9140);
#7717=AXIS2_PLACEMENT_3D('',#11377,#9141,#9142);
#7718=AXIS2_PLACEMENT_3D('',#11381,#9144,#9145);
#7719=AXIS2_PLACEMENT_3D('',#11383,#9147,#9148);
#7720=AXIS2_PLACEMENT_3D('',#11387,#9151,#9152);
#7721=AXIS2_PLACEMENT_3D('',#11391,#9155,#9156);
#7722=AXIS2_PLACEMENT_3D('',#11395,#9159,#9160);
#7723=AXIS2_PLACEMENT_3D('',#11399,#9163,#9164);
#7724=AXIS2_PLACEMENT_3D('',#11405,#9168,#9169);
#7725=AXIS2_PLACEMENT_3D('',#11409,#9172,#9173);
#7726=AXIS2_PLACEMENT_3D('',#11412,#9175,#9176);
#7727=AXIS2_PLACEMENT_3D('',#11413,#9177,#9178);
#7728=AXIS2_PLACEMENT_3D('',#11414,#9179,#9180);
#7729=AXIS2_PLACEMENT_3D('',#11415,#9181,#9182);
#7730=AXIS2_PLACEMENT_3D('',#11416,#9183,#9184);
#7731=AXIS2_PLACEMENT_3D('',#11417,#9185,#9186);
#7732=AXIS2_PLACEMENT_3D('',#11418,#9187,#9188);
#7733=AXIS2_PLACEMENT_3D('',#11422,#9191,#9192);
#7734=AXIS2_PLACEMENT_3D('',#11423,#9193,#9194);
#7735=AXIS2_PLACEMENT_3D('',#11427,#9196,#9197);
#7736=AXIS2_PLACEMENT_3D('',#11429,#9199,#9200);
#7737=AXIS2_PLACEMENT_3D('',#11430,#9201,#9202);
#7738=AXIS2_PLACEMENT_3D('',#11433,#9203,#9204);
#7739=AXIS2_PLACEMENT_3D('',#11437,#9206,#9207);
#7740=AXIS2_PLACEMENT_3D('',#11439,#9209,#9210);
#7741=AXIS2_PLACEMENT_3D('',#11445,#9214,#9215);
#7742=AXIS2_PLACEMENT_3D('',#11447,#9216,#9217);
#7743=AXIS2_PLACEMENT_3D('',#11450,#9219,#9220);
#7744=AXIS2_PLACEMENT_3D('',#11451,#9221,#9222);
#7745=AXIS2_PLACEMENT_3D('',#11453,#9223,#9224);
#7746=AXIS2_PLACEMENT_3D('',#11456,#9226,#9227);
#7747=AXIS2_PLACEMENT_3D('',#11457,#9228,#9229);
#7748=AXIS2_PLACEMENT_3D('',#11459,#9230,#9231);
#7749=AXIS2_PLACEMENT_3D('',#11462,#9233,#9234);
#7750=AXIS2_PLACEMENT_3D('',#11463,#9235,#9236);
#7751=AXIS2_PLACEMENT_3D('',#11469,#9240,#9241);
#7752=AXIS2_PLACEMENT_3D('',#11471,#9242,#9243);
#7753=AXIS2_PLACEMENT_3D('',#11474,#9245,#9246);
#7754=AXIS2_PLACEMENT_3D('',#11475,#9247,#9248);
#7755=AXIS2_PLACEMENT_3D('',#11481,#9252,#9253);
#7756=AXIS2_PLACEMENT_3D('',#11483,#9254,#9255);
#7757=AXIS2_PLACEMENT_3D('',#11486,#9257,#9258);
#7758=AXIS2_PLACEMENT_3D('',#11487,#9259,#9260);
#7759=AXIS2_PLACEMENT_3D('',#11493,#9264,#9265);
#7760=AXIS2_PLACEMENT_3D('',#11495,#9266,#9267);
#7761=AXIS2_PLACEMENT_3D('',#11498,#9269,#9270);
#7762=AXIS2_PLACEMENT_3D('',#11499,#9271,#9272);
#7763=AXIS2_PLACEMENT_3D('',#11502,#9275,#9276);
#7764=AXIS2_PLACEMENT_3D('',#11504,#9277,#9278);
#7765=AXIS2_PLACEMENT_3D('',#11507,#9280,#9281);
#7766=AXIS2_PLACEMENT_3D('',#11508,#9282,#9283);
#7767=AXIS2_PLACEMENT_3D('',#11514,#9287,#9288);
#7768=AXIS2_PLACEMENT_3D('',#11516,#9289,#9290);
#7769=AXIS2_PLACEMENT_3D('',#11519,#9292,#9293);
#7770=AXIS2_PLACEMENT_3D('',#11520,#9294,#9295);
#7771=AXIS2_PLACEMENT_3D('',#11523,#9298,#9299);
#7772=AXIS2_PLACEMENT_3D('',#11526,#9300,#9301);
#7773=AXIS2_PLACEMENT_3D('',#11530,#9303,#9304);
#7774=AXIS2_PLACEMENT_3D('',#11532,#9306,#9307);
#7775=AXIS2_PLACEMENT_3D('',#11538,#9311,#9312);
#7776=AXIS2_PLACEMENT_3D('',#11540,#9313,#9314);
#7777=AXIS2_PLACEMENT_3D('',#11543,#9316,#9317);
#7778=AXIS2_PLACEMENT_3D('',#11544,#9318,#9319);
#7779=AXIS2_PLACEMENT_3D('',#11550,#9323,#9324);
#7780=AXIS2_PLACEMENT_3D('',#11552,#9325,#9326);
#7781=AXIS2_PLACEMENT_3D('',#11555,#9328,#9329);
#7782=AXIS2_PLACEMENT_3D('',#11556,#9330,#9331);
#7783=AXIS2_PLACEMENT_3D('',#11562,#9335,#9336);
#7784=AXIS2_PLACEMENT_3D('',#11564,#9337,#9338);
#7785=AXIS2_PLACEMENT_3D('',#11567,#9340,#9341);
#7786=AXIS2_PLACEMENT_3D('',#11568,#9342,#9343);
#7787=AXIS2_PLACEMENT_3D('',#11574,#9347,#9348);
#7788=AXIS2_PLACEMENT_3D('',#11576,#9349,#9350);
#7789=AXIS2_PLACEMENT_3D('',#11579,#9352,#9353);
#7790=AXIS2_PLACEMENT_3D('',#11580,#9354,#9355);
#7791=AXIS2_PLACEMENT_3D('',#11583,#9358,#9359);
#7792=AXIS2_PLACEMENT_3D('',#11589,#9363,#9364);
#7793=AXIS2_PLACEMENT_3D('',#11595,#9368,#9369);
#7794=AXIS2_PLACEMENT_3D('',#11601,#9373,#9374);
#7795=AXIS2_PLACEMENT_3D('',#11602,#9375,#9376);
#7796=AXIS2_PLACEMENT_3D('',#11603,#9377,#9378);
#7797=AXIS2_PLACEMENT_3D('',#11604,#9379,#9380);
#7798=AXIS2_PLACEMENT_3D('',#11606,#9381,#9382);
#7799=AXIS2_PLACEMENT_3D('',#11609,#9384,#9385);
#7800=AXIS2_PLACEMENT_3D('',#11610,#9386,#9387);
#7801=AXIS2_PLACEMENT_3D('',#11616,#9391,#9392);
#7802=AXIS2_PLACEMENT_3D('',#11618,#9393,#9394);
#7803=AXIS2_PLACEMENT_3D('',#11621,#9396,#9397);
#7804=AXIS2_PLACEMENT_3D('',#11622,#9398,#9399);
#7805=AXIS2_PLACEMENT_3D('',#11628,#9403,#9404);
#7806=AXIS2_PLACEMENT_3D('',#11630,#9405,#9406);
#7807=AXIS2_PLACEMENT_3D('',#11633,#9408,#9409);
#7808=AXIS2_PLACEMENT_3D('',#11634,#9410,#9411);
#7809=AXIS2_PLACEMENT_3D('',#11640,#9415,#9416);
#7810=AXIS2_PLACEMENT_3D('',#11642,#9417,#9418);
#7811=AXIS2_PLACEMENT_3D('',#11645,#9420,#9421);
#7812=AXIS2_PLACEMENT_3D('',#11646,#9422,#9423);
#7813=AXIS2_PLACEMENT_3D('',#11649,#9426,#9427);
#7814=AXIS2_PLACEMENT_3D('',#11651,#9428,#9429);
#7815=AXIS2_PLACEMENT_3D('',#11654,#9431,#9432);
#7816=AXIS2_PLACEMENT_3D('',#11655,#9433,#9434);
#7817=AXIS2_PLACEMENT_3D('',#11656,#9435,#9436);
#7818=AXIS2_PLACEMENT_3D('',#11657,#9437,#9438);
#7819=AXIS2_PLACEMENT_3D('',#11658,#9439,#9440);
#7820=AXIS2_PLACEMENT_3D('',#11661,#9443,#9444);
#7821=AXIS2_PLACEMENT_3D('',#11664,#9445,#9446);
#7822=AXIS2_PLACEMENT_3D('',#11668,#9448,#9449);
#7823=AXIS2_PLACEMENT_3D('',#11670,#9451,#9452);
#7824=AXIS2_PLACEMENT_3D('',#11676,#9456,#9457);
#7825=AXIS2_PLACEMENT_3D('',#11678,#9458,#9459);
#7826=AXIS2_PLACEMENT_3D('',#11681,#9461,#9462);
#7827=AXIS2_PLACEMENT_3D('',#11682,#9463,#9464);
#7828=AXIS2_PLACEMENT_3D('',#11688,#9468,#9469);
#7829=AXIS2_PLACEMENT_3D('',#11690,#9470,#9471);
#7830=AXIS2_PLACEMENT_3D('',#11693,#9473,#9474);
#7831=AXIS2_PLACEMENT_3D('',#11694,#9475,#9476);
#7832=AXIS2_PLACEMENT_3D('',#11700,#9480,#9481);
#7833=AXIS2_PLACEMENT_3D('',#11706,#9485,#9486);
#7834=AXIS2_PLACEMENT_3D('',#11712,#9490,#9491);
#7835=AXIS2_PLACEMENT_3D('',#11718,#9495,#9496);
#7836=AXIS2_PLACEMENT_3D('',#11720,#9497,#9498);
#7837=AXIS2_PLACEMENT_3D('',#11723,#9500,#9501);
#7838=AXIS2_PLACEMENT_3D('',#11724,#9502,#9503);
#7839=AXIS2_PLACEMENT_3D('',#11730,#9507,#9508);
#7840=AXIS2_PLACEMENT_3D('',#11736,#9512,#9513);
#7841=AXIS2_PLACEMENT_3D('',#11737,#9514,#9515);
#7842=AXIS2_PLACEMENT_3D('',#11738,#9516,#9517);
#7843=AXIS2_PLACEMENT_3D('',#11739,#9518,#9519);
#7844=AXIS2_PLACEMENT_3D('',#11745,#9523,#9524);
#7845=AXIS2_PLACEMENT_3D('',#11751,#9528,#9529);
#7846=AXIS2_PLACEMENT_3D('',#11757,#9533,#9534);
#7847=AXIS2_PLACEMENT_3D('',#11760,#9537,#9538);
#7848=AXIS2_PLACEMENT_3D('',#11763,#9540,#9541);
#7849=AXIS2_PLACEMENT_3D('',#11764,#9542,#9543);
#7850=AXIS2_PLACEMENT_3D('',#11768,#9546,#9547);
#7851=AXIS2_PLACEMENT_3D('',#11772,#9550,#9551);
#7852=AXIS2_PLACEMENT_3D('',#11775,#9553,#9554);
#7853=AXIS2_PLACEMENT_3D('',#11776,#9555,#9556);
#7854=AXIS2_PLACEMENT_3D('',#11780,#9559,#9560);
#7855=AXIS2_PLACEMENT_3D('',#11784,#9563,#9564);
#7856=AXIS2_PLACEMENT_3D('',#11788,#9567,#9568);
#7857=AXIS2_PLACEMENT_3D('',#11790,#9570,#9571);
#7858=AXIS2_PLACEMENT_3D('',#11794,#9574,#9575);
#7859=AXIS2_PLACEMENT_3D('',#11798,#9578,#9579);
#7860=AXIS2_PLACEMENT_3D('',#11802,#9582,#9583);
#7861=AXIS2_PLACEMENT_3D('',#11806,#9586,#9587);
#7862=AXIS2_PLACEMENT_3D('',#11809,#9589,#9590);
#7863=AXIS2_PLACEMENT_3D('',#11810,#9591,#9592);
#7864=AXIS2_PLACEMENT_3D('',#11814,#9595,#9596);
#7865=AXIS2_PLACEMENT_3D('',#11818,#9599,#9600);
#7866=AXIS2_PLACEMENT_3D('',#11822,#9603,#9604);
#7867=AXIS2_PLACEMENT_3D('',#11826,#9607,#9608);
#7868=AXIS2_PLACEMENT_3D('',#11828,#9610,#9611);
#7869=AXIS2_PLACEMENT_3D('',#11829,#9612,#9613);
#7870=AXIS2_PLACEMENT_3D('',#11830,#9614,#9615);
#7871=AXIS2_PLACEMENT_3D('',#11834,#9618,#9619);
#7872=AXIS2_PLACEMENT_3D('',#11838,#9622,#9623);
#7873=AXIS2_PLACEMENT_3D('',#11842,#9626,#9627);
#7874=AXIS2_PLACEMENT_3D('',#11846,#9630,#9631);
#7875=AXIS2_PLACEMENT_3D('',#11849,#9633,#9634);
#7876=AXIS2_PLACEMENT_3D('',#11850,#9635,#9636);
#7877=AXIS2_PLACEMENT_3D('',#11854,#9639,#9640);
#7878=AXIS2_PLACEMENT_3D('',#11858,#9643,#9644);
#7879=AXIS2_PLACEMENT_3D('',#11861,#9646,#9647);
#7880=AXIS2_PLACEMENT_3D('',#11862,#9648,#9649);
#7881=AXIS2_PLACEMENT_3D('',#11866,#9652,#9653);
#7882=AXIS2_PLACEMENT_3D('',#11869,#9655,#9656);
#7883=AXIS2_PLACEMENT_3D('',#11870,#9657,#9658);
#7884=AXIS2_PLACEMENT_3D('',#11873,#9660,#9661);
#7885=AXIS2_PLACEMENT_3D('',#11874,#9662,#9663);
#7886=AXIS2_PLACEMENT_3D('',#11877,#9665,#9666);
#7887=AXIS2_PLACEMENT_3D('',#11878,#9667,#9668);
#7888=AXIS2_PLACEMENT_3D('',#11882,#9671,#9672);
#7889=AXIS2_PLACEMENT_3D('',#11885,#9674,#9675);
#7890=AXIS2_PLACEMENT_3D('',#11886,#9676,#9677);
#7891=AXIS2_PLACEMENT_3D('',#11890,#9680,#9681);
#7892=AXIS2_PLACEMENT_3D('',#11894,#9684,#9685);
#7893=AXIS2_PLACEMENT_3D('',#11898,#9688,#9689);
#7894=AXIS2_PLACEMENT_3D('',#11900,#9691,#9692);
#7895=AXIS2_PLACEMENT_3D('',#11902,#9694,#9695);
#7896=AXIS2_PLACEMENT_3D('',#11906,#9698,#9699);
#7897=AXIS2_PLACEMENT_3D('',#11910,#9702,#9703);
#7898=AXIS2_PLACEMENT_3D('',#11914,#9706,#9707);
#7899=AXIS2_PLACEMENT_3D('',#11917,#9709,#9710);
#7900=AXIS2_PLACEMENT_3D('',#11918,#9711,#9712);
#7901=AXIS2_PLACEMENT_3D('',#11921,#9714,#9715);
#7902=AXIS2_PLACEMENT_3D('',#11922,#9716,#9717);
#7903=AXIS2_PLACEMENT_3D('',#11925,#9719,#9720);
#7904=AXIS2_PLACEMENT_3D('',#11926,#9721,#9722);
#7905=AXIS2_PLACEMENT_3D('',#11930,#9725,#9726);
#7906=AXIS2_PLACEMENT_3D('',#11934,#9729,#9730);
#7907=AXIS2_PLACEMENT_3D('',#11938,#9733,#9734);
#7908=AXIS2_PLACEMENT_3D('',#11941,#9736,#9737);
#7909=AXIS2_PLACEMENT_3D('',#11942,#9738,#9739);
#7910=AXIS2_PLACEMENT_3D('',#11946,#9742,#9743);
#7911=AXIS2_PLACEMENT_3D('',#11950,#9746,#9747);
#7912=AXIS2_PLACEMENT_3D('',#11954,#9750,#9751);
#7913=AXIS2_PLACEMENT_3D('',#11958,#9754,#9755);
#7914=AXIS2_PLACEMENT_3D('',#11961,#9757,#9758);
#7915=AXIS2_PLACEMENT_3D('',#11962,#9759,#9760);
#7916=AXIS2_PLACEMENT_3D('',#11966,#9763,#9764);
#7917=AXIS2_PLACEMENT_3D('',#11970,#9767,#9768);
#7918=AXIS2_PLACEMENT_3D('',#11974,#9771,#9772);
#7919=AXIS2_PLACEMENT_3D('',#11977,#9774,#9775);
#7920=AXIS2_PLACEMENT_3D('',#11978,#9776,#9777);
#7921=AXIS2_PLACEMENT_3D('',#11982,#9780,#9781);
#7922=AXIS2_PLACEMENT_3D('',#11984,#9783,#9784);
#7923=AXIS2_PLACEMENT_3D('',#11988,#9787,#9788);
#7924=AXIS2_PLACEMENT_3D('',#11992,#9791,#9792);
#7925=AXIS2_PLACEMENT_3D('',#11996,#9795,#9796);
#7926=AXIS2_PLACEMENT_3D('',#12000,#9799,#9800);
#7927=AXIS2_PLACEMENT_3D('',#12003,#9802,#9803);
#7928=AXIS2_PLACEMENT_3D('',#12004,#9804,#9805);
#7929=AXIS2_PLACEMENT_3D('',#12008,#9808,#9809);
#7930=AXIS2_PLACEMENT_3D('',#12012,#9812,#9813);
#7931=AXIS2_PLACEMENT_3D('',#12016,#9816,#9817);
#7932=AXIS2_PLACEMENT_3D('',#12020,#9820,#9821);
#7933=AXIS2_PLACEMENT_3D('',#12023,#9823,#9824);
#7934=AXIS2_PLACEMENT_3D('',#12024,#9825,#9826);
#7935=AXIS2_PLACEMENT_3D('',#12028,#9829,#9830);
#7936=AXIS2_PLACEMENT_3D('',#12032,#9833,#9834);
#7937=AXIS2_PLACEMENT_3D('',#12036,#9837,#9838);
#7938=AXIS2_PLACEMENT_3D('',#12040,#9841,#9842);
#7939=AXIS2_PLACEMENT_3D('',#12044,#9845,#9846);
#7940=AXIS2_PLACEMENT_3D('',#12048,#9849,#9850);
#7941=AXIS2_PLACEMENT_3D('',#12052,#9853,#9854);
#7942=AXIS2_PLACEMENT_3D('',#12056,#9857,#9858);
#7943=AXIS2_PLACEMENT_3D('',#12059,#9860,#9861);
#7944=AXIS2_PLACEMENT_3D('',#12060,#9862,#9863);
#7945=AXIS2_PLACEMENT_3D('',#12064,#9866,#9867);
#7946=AXIS2_PLACEMENT_3D('',#12067,#9869,#9870);
#7947=AXIS2_PLACEMENT_3D('',#12068,#9871,#9872);
#7948=AXIS2_PLACEMENT_3D('',#12072,#9875,#9876);
#7949=AXIS2_PLACEMENT_3D('',#12075,#9878,#9879);
#7950=AXIS2_PLACEMENT_3D('',#12076,#9880,#9881);
#7951=AXIS2_PLACEMENT_3D('',#12080,#9884,#9885);
#7952=AXIS2_PLACEMENT_3D('',#12084,#9888,#9889);
#7953=AXIS2_PLACEMENT_3D('',#12088,#9892,#9893);
#7954=AXIS2_PLACEMENT_3D('',#12092,#9896,#9897);
#7955=AXIS2_PLACEMENT_3D('',#12096,#9900,#9901);
#7956=AXIS2_PLACEMENT_3D('',#12100,#9904,#9905);
#7957=AXIS2_PLACEMENT_3D('',#12103,#9907,#9908);
#7958=AXIS2_PLACEMENT_3D('',#12104,#9909,#9910);
#7959=AXIS2_PLACEMENT_3D('',#12108,#9913,#9914);
#7960=AXIS2_PLACEMENT_3D('',#12111,#9916,#9917);
#7961=AXIS2_PLACEMENT_3D('',#12112,#9918,#9919);
#7962=AXIS2_PLACEMENT_3D('',#12115,#9921,#9922);
#7963=AXIS2_PLACEMENT_3D('',#12116,#9923,#9924);
#7964=AXIS2_PLACEMENT_3D('',#12119,#9926,#9927);
#7965=AXIS2_PLACEMENT_3D('',#12120,#9928,#9929);
#7966=AXIS2_PLACEMENT_3D('',#12124,#9932,#9933);
#7967=AXIS2_PLACEMENT_3D('',#12128,#9936,#9937);
#7968=AXIS2_PLACEMENT_3D('',#12132,#9940,#9941);
#7969=AXIS2_PLACEMENT_3D('',#12136,#9944,#9945);
#7970=AXIS2_PLACEMENT_3D('',#12140,#9948,#9949);
#7971=AXIS2_PLACEMENT_3D('',#12144,#9952,#9953);
#7972=AXIS2_PLACEMENT_3D('',#12148,#9956,#9957);
#7973=AXIS2_PLACEMENT_3D('',#12152,#9960,#9961);
#7974=AXIS2_PLACEMENT_3D('',#12155,#9963,#9964);
#7975=AXIS2_PLACEMENT_3D('',#12156,#9965,#9966);
#7976=AXIS2_PLACEMENT_3D('',#12160,#9969,#9970);
#7977=AXIS2_PLACEMENT_3D('',#12164,#9973,#9974);
#7978=AXIS2_PLACEMENT_3D('',#12168,#9977,#9978);
#7979=AXIS2_PLACEMENT_3D('',#12172,#9981,#9982);
#7980=AXIS2_PLACEMENT_3D('',#12175,#9984,#9985);
#7981=AXIS2_PLACEMENT_3D('',#12176,#9986,#9987);
#7982=AXIS2_PLACEMENT_3D('',#12180,#9990,#9991);
#7983=AXIS2_PLACEMENT_3D('',#12183,#9993,#9994);
#7984=AXIS2_PLACEMENT_3D('',#12184,#9995,#9996);
#7985=AXIS2_PLACEMENT_3D('',#12188,#9999,#10000);
#7986=AXIS2_PLACEMENT_3D('',#12191,#10002,#10003);
#7987=AXIS2_PLACEMENT_3D('',#12192,#10004,#10005);
#7988=AXIS2_PLACEMENT_3D('',#12196,#10008,#10009);
#7989=AXIS2_PLACEMENT_3D('',#12199,#10011,#10012);
#7990=AXIS2_PLACEMENT_3D('',#12200,#10013,#10014);
#7991=AXIS2_PLACEMENT_3D('',#12204,#10017,#10018);
#7992=AXIS2_PLACEMENT_3D('',#12207,#10020,#10021);
#7993=AXIS2_PLACEMENT_3D('',#12208,#10022,#10023);
#7994=AXIS2_PLACEMENT_3D('',#12212,#10026,#10027);
#7995=AXIS2_PLACEMENT_3D('',#12216,#10030,#10031);
#7996=AXIS2_PLACEMENT_3D('',#12220,#10034,#10035);
#7997=AXIS2_PLACEMENT_3D('',#12224,#10038,#10039);
#7998=AXIS2_PLACEMENT_3D('',#12228,#10042,#10043);
#7999=AXIS2_PLACEMENT_3D('',#12232,#10046,#10047);
#8000=AXIS2_PLACEMENT_3D('',#12236,#10050,#10051);
#8001=AXIS2_PLACEMENT_3D('',#12239,#10053,#10054);
#8002=AXIS2_PLACEMENT_3D('',#12240,#10055,#10056);
#8003=AXIS2_PLACEMENT_3D('',#12243,#10058,#10059);
#8004=AXIS2_PLACEMENT_3D('',#12244,#10060,#10061);
#8005=AXIS2_PLACEMENT_3D('',#12248,#10064,#10065);
#8006=AXIS2_PLACEMENT_3D('',#12252,#10068,#10069);
#8007=AXIS2_PLACEMENT_3D('',#12256,#10072,#10073);
#8008=AXIS2_PLACEMENT_3D('',#12259,#10075,#10076);
#8009=AXIS2_PLACEMENT_3D('',#12260,#10077,#10078);
#8010=AXIS2_PLACEMENT_3D('',#12264,#10081,#10082);
#8011=AXIS2_PLACEMENT_3D('',#12268,#10085,#10086);
#8012=AXIS2_PLACEMENT_3D('',#12271,#10088,#10089);
#8013=AXIS2_PLACEMENT_3D('',#12272,#10090,#10091);
#8014=AXIS2_PLACEMENT_3D('',#12276,#10094,#10095);
#8015=AXIS2_PLACEMENT_3D('',#12279,#10097,#10098);
#8016=AXIS2_PLACEMENT_3D('',#12280,#10099,#10100);
#8017=AXIS2_PLACEMENT_3D('',#12284,#10103,#10104);
#8018=AXIS2_PLACEMENT_3D('',#12288,#10107,#10108);
#8019=AXIS2_PLACEMENT_3D('',#12291,#10110,#10111);
#8020=AXIS2_PLACEMENT_3D('',#12292,#10112,#10113);
#8021=AXIS2_PLACEMENT_3D('',#12296,#10116,#10117);
#8022=AXIS2_PLACEMENT_3D('',#12300,#10120,#10121);
#8023=AXIS2_PLACEMENT_3D('',#12303,#10123,#10124);
#8024=AXIS2_PLACEMENT_3D('',#12304,#10125,#10126);
#8025=AXIS2_PLACEMENT_3D('',#12308,#10129,#10130);
#8026=AXIS2_PLACEMENT_3D('',#12311,#10132,#10133);
#8027=AXIS2_PLACEMENT_3D('',#12312,#10134,#10135);
#8028=AXIS2_PLACEMENT_3D('',#12316,#10138,#10139);
#8029=AXIS2_PLACEMENT_3D('',#12319,#10141,#10142);
#8030=AXIS2_PLACEMENT_3D('',#12320,#10143,#10144);
#8031=AXIS2_PLACEMENT_3D('',#12324,#10147,#10148);
#8032=AXIS2_PLACEMENT_3D('',#12327,#10150,#10151);
#8033=AXIS2_PLACEMENT_3D('',#12328,#10152,#10153);
#8034=AXIS2_PLACEMENT_3D('',#12331,#10155,#10156);
#8035=AXIS2_PLACEMENT_3D('',#12332,#10157,#10158);
#8036=AXIS2_PLACEMENT_3D('',#12335,#10160,#10161);
#8037=AXIS2_PLACEMENT_3D('',#12336,#10162,#10163);
#8038=AXIS2_PLACEMENT_3D('',#12340,#10166,#10167);
#8039=AXIS2_PLACEMENT_3D('',#12343,#10169,#10170);
#8040=AXIS2_PLACEMENT_3D('',#12344,#10171,#10172);
#8041=AXIS2_PLACEMENT_3D('',#12348,#10175,#10176);
#8042=AXIS2_PLACEMENT_3D('',#12351,#10178,#10179);
#8043=AXIS2_PLACEMENT_3D('',#12352,#10180,#10181);
#8044=AXIS2_PLACEMENT_3D('',#12356,#10184,#10185);
#8045=AXIS2_PLACEMENT_3D('',#12359,#10187,#10188);
#8046=AXIS2_PLACEMENT_3D('',#12360,#10189,#10190);
#8047=AXIS2_PLACEMENT_3D('',#12364,#10193,#10194);
#8048=AXIS2_PLACEMENT_3D('',#12367,#10196,#10197);
#8049=AXIS2_PLACEMENT_3D('',#12368,#10198,#10199);
#8050=AXIS2_PLACEMENT_3D('',#12372,#10202,#10203);
#8051=AXIS2_PLACEMENT_3D('',#12375,#10205,#10206);
#8052=AXIS2_PLACEMENT_3D('',#12376,#10207,#10208);
#8053=AXIS2_PLACEMENT_3D('',#12380,#10211,#10212);
#8054=AXIS2_PLACEMENT_3D('',#12381,#10213,#10214);
#8055=AXIS2_PLACEMENT_3D('',#12382,#10215,#10216);
#8056=AXIS2_PLACEMENT_3D('',#12386,#10219,#10220);
#8057=AXIS2_PLACEMENT_3D('',#12389,#10222,#10223);
#8058=AXIS2_PLACEMENT_3D('',#12390,#10224,#10225);
#8059=AXIS2_PLACEMENT_3D('',#12394,#10228,#10229);
#8060=AXIS2_PLACEMENT_3D('',#12397,#10231,#10232);
#8061=AXIS2_PLACEMENT_3D('',#12398,#10233,#10234);
#8062=AXIS2_PLACEMENT_3D('',#12400,#10236,#10237);
#8063=AXIS2_PLACEMENT_3D('',#12401,#10238,#10239);
#8064=AXIS2_PLACEMENT_3D('',#12402,#10240,#10241);
#8065=AXIS2_PLACEMENT_3D('',#12403,#10242,#10243);
#8066=AXIS2_PLACEMENT_3D('',#12404,#10244,#10245);
#8067=DIRECTION('axis',(0.,0.,1.));
#8068=DIRECTION('refdir',(1.,0.,0.));
#8069=DIRECTION('center_axis',(0.,0.,1.));
#8070=DIRECTION('ref_axis',(1.,0.,0.));
#8071=DIRECTION('center_axis',(0.,0.,-1.));
#8072=DIRECTION('ref_axis',(1.,0.,0.));
#8073=DIRECTION('center_axis',(0.,-1.,0.));
#8074=DIRECTION('ref_axis',(-1.,0.,0.));
#8075=DIRECTION('center_axis',(0.,0.,1.));
#8076=DIRECTION('ref_axis',(1.,0.,0.));
#8077=DIRECTION('center_axis',(0.,0.,-1.));
#8078=DIRECTION('ref_axis',(-1.,0.,0.));
#8079=DIRECTION('',(1.,0.,0.));
#8080=DIRECTION('',(0.,-1.,0.));
#8081=DIRECTION('',(-1.,0.,0.));
#8082=DIRECTION('',(1.81378692006468E-5,0.999999999835509,0.));
#8083=DIRECTION('center_axis',(0.,0.,-1.));
#8084=DIRECTION('ref_axis',(1.,0.,0.));
#8085=DIRECTION('center_axis',(0.,0.,-1.));
#8086=DIRECTION('ref_axis',(1.,0.,0.));
#8087=DIRECTION('center_axis',(0.,0.,-1.));
#8088=DIRECTION('ref_axis',(1.,0.,0.));
#8089=DIRECTION('center_axis',(0.,0.,-1.));
#8090=DIRECTION('ref_axis',(1.,0.,0.));
#8091=DIRECTION('center_axis',(0.,0.,-1.));
#8092=DIRECTION('ref_axis',(1.,0.,0.));
#8093=DIRECTION('center_axis',(0.,0.,-1.));
#8094=DIRECTION('ref_axis',(1.,0.,0.));
#8095=DIRECTION('center_axis',(0.,0.,-1.));
#8096=DIRECTION('ref_axis',(1.,0.,0.));
#8097=DIRECTION('center_axis',(0.,0.,-1.));
#8098=DIRECTION('ref_axis',(1.,0.,0.));
#8099=DIRECTION('center_axis',(0.,0.,-1.));
#8100=DIRECTION('ref_axis',(1.,0.,0.));
#8101=DIRECTION('center_axis',(0.,0.,-1.));
#8102=DIRECTION('ref_axis',(1.,0.,0.));
#8103=DIRECTION('center_axis',(0.,0.,-1.));
#8104=DIRECTION('ref_axis',(1.,0.,0.));
#8105=DIRECTION('center_axis',(0.,0.,-1.));
#8106=DIRECTION('ref_axis',(1.,0.,0.));
#8107=DIRECTION('center_axis',(0.,0.,-1.));
#8108=DIRECTION('ref_axis',(1.,0.,0.));
#8109=DIRECTION('center_axis',(0.,0.,-1.));
#8110=DIRECTION('ref_axis',(1.,0.,0.));
#8111=DIRECTION('center_axis',(0.,0.,-1.));
#8112=DIRECTION('ref_axis',(1.,0.,0.));
#8113=DIRECTION('center_axis',(0.,0.,-1.));
#8114=DIRECTION('ref_axis',(1.,0.,0.));
#8115=DIRECTION('center_axis',(0.,0.,-1.));
#8116=DIRECTION('ref_axis',(1.,0.,0.));
#8117=DIRECTION('center_axis',(0.,0.,-1.));
#8118=DIRECTION('ref_axis',(1.,0.,0.));
#8119=DIRECTION('center_axis',(0.,0.,-1.));
#8120=DIRECTION('ref_axis',(1.,0.,0.));
#8121=DIRECTION('center_axis',(0.,0.,-1.));
#8122=DIRECTION('ref_axis',(1.,0.,0.));
#8123=DIRECTION('center_axis',(0.,0.,-1.));
#8124=DIRECTION('ref_axis',(1.,0.,0.));
#8125=DIRECTION('center_axis',(0.,0.,-1.));
#8126=DIRECTION('ref_axis',(1.,0.,0.));
#8127=DIRECTION('center_axis',(0.,0.,1.));
#8128=DIRECTION('ref_axis',(1.,0.,0.));
#8129=DIRECTION('',(0.,0.,1.));
#8130=DIRECTION('center_axis',(0.,0.,-1.));
#8131=DIRECTION('ref_axis',(1.,0.,0.));
#8132=DIRECTION('center_axis',(0.,0.,1.));
#8133=DIRECTION('ref_axis',(1.,0.,0.));
#8134=DIRECTION('center_axis',(0.,-1.,0.));
#8135=DIRECTION('ref_axis',(-1.,0.,0.));
#8136=DIRECTION('center_axis',(0.,0.,1.));
#8137=DIRECTION('ref_axis',(1.,0.,0.));
#8138=DIRECTION('center_axis',(0.,0.,1.));
#8139=DIRECTION('ref_axis',(1.,0.,0.));
#8140=DIRECTION('',(0.,0.,1.));
#8141=DIRECTION('center_axis',(0.,0.,-1.));
#8142=DIRECTION('ref_axis',(1.,0.,0.));
#8143=DIRECTION('center_axis',(0.,0.,1.));
#8144=DIRECTION('ref_axis',(1.,0.,0.));
#8145=DIRECTION('center_axis',(0.,-1.,0.));
#8146=DIRECTION('ref_axis',(-1.,0.,0.));
#8147=DIRECTION('center_axis',(0.,0.,1.));
#8148=DIRECTION('ref_axis',(1.,0.,0.));
#8149=DIRECTION('center_axis',(0.,0.,1.));
#8150=DIRECTION('ref_axis',(1.,0.,0.));
#8151=DIRECTION('',(0.,0.,1.));
#8152=DIRECTION('center_axis',(0.,0.,-1.));
#8153=DIRECTION('ref_axis',(1.,0.,0.));
#8154=DIRECTION('center_axis',(0.,0.,1.));
#8155=DIRECTION('ref_axis',(1.,0.,0.));
#8156=DIRECTION('center_axis',(0.,-1.,0.));
#8157=DIRECTION('ref_axis',(-1.,0.,0.));
#8158=DIRECTION('center_axis',(0.,0.,1.));
#8159=DIRECTION('ref_axis',(1.,0.,0.));
#8160=DIRECTION('center_axis',(0.,0.,1.));
#8161=DIRECTION('ref_axis',(1.,0.,0.));
#8162=DIRECTION('',(0.,0.,1.));
#8163=DIRECTION('center_axis',(0.,0.,-1.));
#8164=DIRECTION('ref_axis',(1.,0.,0.));
#8165=DIRECTION('center_axis',(0.,0.,1.));
#8166=DIRECTION('ref_axis',(1.,0.,0.));
#8167=DIRECTION('center_axis',(0.,-1.,0.));
#8168=DIRECTION('ref_axis',(-1.,0.,0.));
#8169=DIRECTION('center_axis',(0.,0.,1.));
#8170=DIRECTION('ref_axis',(1.,0.,0.));
#8171=DIRECTION('center_axis',(0.,0.,1.));
#8172=DIRECTION('ref_axis',(1.,0.,0.));
#8173=DIRECTION('',(0.,0.,1.));
#8174=DIRECTION('center_axis',(0.,0.,-1.));
#8175=DIRECTION('ref_axis',(1.,0.,0.));
#8176=DIRECTION('center_axis',(0.,0.,1.));
#8177=DIRECTION('ref_axis',(1.,0.,0.));
#8178=DIRECTION('center_axis',(0.,-1.,0.));
#8179=DIRECTION('ref_axis',(-1.,0.,0.));
#8180=DIRECTION('center_axis',(0.,0.,1.));
#8181=DIRECTION('ref_axis',(1.,0.,0.));
#8182=DIRECTION('center_axis',(0.,0.,1.));
#8183=DIRECTION('ref_axis',(1.,0.,0.));
#8184=DIRECTION('',(0.,0.,1.));
#8185=DIRECTION('center_axis',(0.,0.,-1.));
#8186=DIRECTION('ref_axis',(1.,0.,0.));
#8187=DIRECTION('center_axis',(0.,0.,1.));
#8188=DIRECTION('ref_axis',(1.,0.,0.));
#8189=DIRECTION('center_axis',(0.,-1.,0.));
#8190=DIRECTION('ref_axis',(-1.,0.,0.));
#8191=DIRECTION('center_axis',(0.,0.,1.));
#8192=DIRECTION('ref_axis',(1.,0.,0.));
#8193=DIRECTION('center_axis',(0.,0.,1.));
#8194=DIRECTION('ref_axis',(1.,0.,0.));
#8195=DIRECTION('',(0.,0.,1.));
#8196=DIRECTION('center_axis',(0.,0.,-1.));
#8197=DIRECTION('ref_axis',(1.,0.,0.));
#8198=DIRECTION('center_axis',(0.,0.,1.));
#8199=DIRECTION('ref_axis',(1.,0.,0.));
#8200=DIRECTION('center_axis',(0.,-1.,0.));
#8201=DIRECTION('ref_axis',(-1.,0.,0.));
#8202=DIRECTION('center_axis',(0.,0.,1.));
#8203=DIRECTION('ref_axis',(1.,0.,0.));
#8204=DIRECTION('center_axis',(0.,0.,1.));
#8205=DIRECTION('ref_axis',(1.,0.,0.));
#8206=DIRECTION('',(0.,0.,1.));
#8207=DIRECTION('center_axis',(0.,0.,-1.));
#8208=DIRECTION('ref_axis',(1.,0.,0.));
#8209=DIRECTION('center_axis',(0.,0.,1.));
#8210=DIRECTION('ref_axis',(1.,0.,0.));
#8211=DIRECTION('center_axis',(0.,-1.,0.));
#8212=DIRECTION('ref_axis',(-1.,0.,0.));
#8213=DIRECTION('center_axis',(0.,0.,1.));
#8214=DIRECTION('ref_axis',(1.,0.,0.));
#8215=DIRECTION('center_axis',(0.,0.,1.));
#8216=DIRECTION('ref_axis',(1.,0.,0.));
#8217=DIRECTION('',(0.,0.,1.));
#8218=DIRECTION('center_axis',(0.,0.,-1.));
#8219=DIRECTION('ref_axis',(1.,0.,0.));
#8220=DIRECTION('center_axis',(0.,0.,1.));
#8221=DIRECTION('ref_axis',(1.,0.,0.));
#8222=DIRECTION('center_axis',(0.,-1.,0.));
#8223=DIRECTION('ref_axis',(-1.,0.,0.));
#8224=DIRECTION('center_axis',(0.,0.,1.));
#8225=DIRECTION('ref_axis',(1.,0.,0.));
#8226=DIRECTION('center_axis',(0.,0.,1.));
#8227=DIRECTION('ref_axis',(1.,0.,0.));
#8228=DIRECTION('',(0.,0.,1.));
#8229=DIRECTION('center_axis',(0.,0.,-1.));
#8230=DIRECTION('ref_axis',(1.,0.,0.));
#8231=DIRECTION('center_axis',(0.,0.,1.));
#8232=DIRECTION('ref_axis',(1.,0.,0.));
#8233=DIRECTION('center_axis',(0.,-1.,0.));
#8234=DIRECTION('ref_axis',(-1.,0.,0.));
#8235=DIRECTION('center_axis',(0.,0.,1.));
#8236=DIRECTION('ref_axis',(1.,0.,0.));
#8237=DIRECTION('center_axis',(0.,0.,1.));
#8238=DIRECTION('ref_axis',(1.,0.,0.));
#8239=DIRECTION('',(0.,0.,1.));
#8240=DIRECTION('center_axis',(0.,0.,-1.));
#8241=DIRECTION('ref_axis',(1.,0.,0.));
#8242=DIRECTION('center_axis',(0.,0.,1.));
#8243=DIRECTION('ref_axis',(1.,0.,0.));
#8244=DIRECTION('center_axis',(0.,-1.,0.));
#8245=DIRECTION('ref_axis',(-1.,0.,0.));
#8246=DIRECTION('center_axis',(0.,0.,1.));
#8247=DIRECTION('ref_axis',(1.,0.,0.));
#8248=DIRECTION('center_axis',(0.,0.,1.));
#8249=DIRECTION('ref_axis',(1.,0.,0.));
#8250=DIRECTION('',(0.,0.,1.));
#8251=DIRECTION('center_axis',(0.,0.,-1.));
#8252=DIRECTION('ref_axis',(1.,0.,0.));
#8253=DIRECTION('center_axis',(0.,0.,1.));
#8254=DIRECTION('ref_axis',(1.,0.,0.));
#8255=DIRECTION('center_axis',(0.,-1.,0.));
#8256=DIRECTION('ref_axis',(-1.,0.,0.));
#8257=DIRECTION('center_axis',(0.,0.,1.));
#8258=DIRECTION('ref_axis',(1.,0.,0.));
#8259=DIRECTION('center_axis',(0.,0.,1.));
#8260=DIRECTION('ref_axis',(1.,0.,0.));
#8261=DIRECTION('',(0.,0.,1.));
#8262=DIRECTION('center_axis',(0.,0.,-1.));
#8263=DIRECTION('ref_axis',(1.,0.,0.));
#8264=DIRECTION('center_axis',(0.,0.,1.));
#8265=DIRECTION('ref_axis',(1.,0.,0.));
#8266=DIRECTION('center_axis',(0.,-1.,0.));
#8267=DIRECTION('ref_axis',(-1.,0.,0.));
#8268=DIRECTION('center_axis',(0.,0.,1.));
#8269=DIRECTION('ref_axis',(1.,0.,0.));
#8270=DIRECTION('center_axis',(0.,0.,1.));
#8271=DIRECTION('ref_axis',(1.,0.,0.));
#8272=DIRECTION('',(0.,0.,1.));
#8273=DIRECTION('center_axis',(0.,0.,-1.));
#8274=DIRECTION('ref_axis',(1.,0.,0.));
#8275=DIRECTION('center_axis',(0.,0.,1.));
#8276=DIRECTION('ref_axis',(1.,0.,0.));
#8277=DIRECTION('center_axis',(0.,-1.,0.));
#8278=DIRECTION('ref_axis',(-1.,0.,0.));
#8279=DIRECTION('center_axis',(0.,0.,1.));
#8280=DIRECTION('ref_axis',(1.,0.,0.));
#8281=DIRECTION('center_axis',(0.,0.,1.));
#8282=DIRECTION('ref_axis',(1.,0.,0.));
#8283=DIRECTION('',(0.,0.,1.));
#8284=DIRECTION('center_axis',(0.,0.,-1.));
#8285=DIRECTION('ref_axis',(1.,0.,0.));
#8286=DIRECTION('center_axis',(0.,0.,1.));
#8287=DIRECTION('ref_axis',(1.,0.,0.));
#8288=DIRECTION('center_axis',(0.,-1.,0.));
#8289=DIRECTION('ref_axis',(-1.,0.,0.));
#8290=DIRECTION('center_axis',(0.,0.,1.));
#8291=DIRECTION('ref_axis',(1.,0.,0.));
#8292=DIRECTION('center_axis',(0.,0.,1.));
#8293=DIRECTION('ref_axis',(1.,0.,0.));
#8294=DIRECTION('',(0.,0.,1.));
#8295=DIRECTION('center_axis',(0.,0.,-1.));
#8296=DIRECTION('ref_axis',(1.,0.,0.));
#8297=DIRECTION('center_axis',(0.,0.,1.));
#8298=DIRECTION('ref_axis',(1.,0.,0.));
#8299=DIRECTION('center_axis',(0.,-1.,0.));
#8300=DIRECTION('ref_axis',(-1.,0.,0.));
#8301=DIRECTION('center_axis',(0.,0.,1.));
#8302=DIRECTION('ref_axis',(1.,0.,0.));
#8303=DIRECTION('center_axis',(0.,0.,1.));
#8304=DIRECTION('ref_axis',(1.,0.,0.));
#8305=DIRECTION('',(0.,0.,1.));
#8306=DIRECTION('center_axis',(0.,0.,-1.));
#8307=DIRECTION('ref_axis',(1.,0.,0.));
#8308=DIRECTION('center_axis',(0.,0.,1.));
#8309=DIRECTION('ref_axis',(1.,0.,0.));
#8310=DIRECTION('center_axis',(0.,-1.,0.));
#8311=DIRECTION('ref_axis',(-1.,0.,0.));
#8312=DIRECTION('center_axis',(0.,0.,1.));
#8313=DIRECTION('ref_axis',(1.,0.,0.));
#8314=DIRECTION('center_axis',(0.,0.,1.));
#8315=DIRECTION('ref_axis',(1.,0.,0.));
#8316=DIRECTION('',(0.,0.,1.));
#8317=DIRECTION('center_axis',(0.,0.,-1.));
#8318=DIRECTION('ref_axis',(1.,0.,0.));
#8319=DIRECTION('center_axis',(0.,0.,1.));
#8320=DIRECTION('ref_axis',(1.,0.,0.));
#8321=DIRECTION('center_axis',(0.,-1.,0.));
#8322=DIRECTION('ref_axis',(-1.,0.,0.));
#8323=DIRECTION('center_axis',(0.,0.,1.));
#8324=DIRECTION('ref_axis',(1.,0.,0.));
#8325=DIRECTION('center_axis',(0.,0.,1.));
#8326=DIRECTION('ref_axis',(1.,0.,0.));
#8327=DIRECTION('',(0.,0.,1.));
#8328=DIRECTION('center_axis',(0.,0.,-1.));
#8329=DIRECTION('ref_axis',(1.,0.,0.));
#8330=DIRECTION('center_axis',(0.,0.,1.));
#8331=DIRECTION('ref_axis',(1.,0.,0.));
#8332=DIRECTION('center_axis',(0.,-1.,0.));
#8333=DIRECTION('ref_axis',(-1.,0.,0.));
#8334=DIRECTION('center_axis',(0.,0.,1.));
#8335=DIRECTION('ref_axis',(1.,0.,0.));
#8336=DIRECTION('center_axis',(0.,0.,1.));
#8337=DIRECTION('ref_axis',(1.,0.,0.));
#8338=DIRECTION('',(0.,0.,1.));
#8339=DIRECTION('center_axis',(0.,0.,-1.));
#8340=DIRECTION('ref_axis',(1.,0.,0.));
#8341=DIRECTION('center_axis',(0.,0.,1.));
#8342=DIRECTION('ref_axis',(1.,0.,0.));
#8343=DIRECTION('center_axis',(0.,-1.,0.));
#8344=DIRECTION('ref_axis',(-1.,0.,0.));
#8345=DIRECTION('center_axis',(0.,0.,1.));
#8346=DIRECTION('ref_axis',(1.,0.,0.));
#8347=DIRECTION('center_axis',(0.,0.,1.));
#8348=DIRECTION('ref_axis',(1.,0.,0.));
#8349=DIRECTION('',(0.,0.,1.));
#8350=DIRECTION('center_axis',(0.,0.,-1.));
#8351=DIRECTION('ref_axis',(1.,0.,0.));
#8352=DIRECTION('center_axis',(0.,0.,1.));
#8353=DIRECTION('ref_axis',(1.,0.,0.));
#8354=DIRECTION('center_axis',(0.,-1.,0.));
#8355=DIRECTION('ref_axis',(-1.,0.,0.));
#8356=DIRECTION('center_axis',(0.,0.,1.));
#8357=DIRECTION('ref_axis',(1.,0.,0.));
#8358=DIRECTION('center_axis',(0.,0.,1.));
#8359=DIRECTION('ref_axis',(1.,0.,0.));
#8360=DIRECTION('',(0.,0.,1.));
#8361=DIRECTION('center_axis',(0.,0.,-1.));
#8362=DIRECTION('ref_axis',(1.,0.,0.));
#8363=DIRECTION('center_axis',(0.,0.,1.));
#8364=DIRECTION('ref_axis',(1.,0.,0.));
#8365=DIRECTION('center_axis',(0.,-1.,0.));
#8366=DIRECTION('ref_axis',(-1.,0.,0.));
#8367=DIRECTION('center_axis',(0.,0.,1.));
#8368=DIRECTION('ref_axis',(1.,0.,0.));
#8369=DIRECTION('center_axis',(0.,0.,1.));
#8370=DIRECTION('ref_axis',(1.,0.,0.));
#8371=DIRECTION('',(0.,0.,1.));
#8372=DIRECTION('center_axis',(0.,0.,-1.));
#8373=DIRECTION('ref_axis',(1.,0.,0.));
#8374=DIRECTION('center_axis',(0.,0.,-1.));
#8375=DIRECTION('ref_axis',(-0.16878531264347,0.985652838597772,0.));
#8376=DIRECTION('center_axis',(-0.707106781186551,0.,-0.707106781186544));
#8377=DIRECTION('ref_axis',(-0.707106781186544,0.,0.707106781186551));
#8378=DIRECTION('',(0.,0.,-1.));
#8379=DIRECTION('center_axis',(-0.707106781186544,0.,0.707106781186551));
#8380=DIRECTION('ref_axis',(-0.707106781186551,0.,-0.707106781186544));
#8381=DIRECTION('',(0.,0.,-1.));
#8382=DIRECTION('center_axis',(0.,1.,0.));
#8383=DIRECTION('ref_axis',(1.,0.,0.));
#8384=DIRECTION('',(-1.,0.,0.));
#8385=DIRECTION('',(0.,0.,1.));
#8386=DIRECTION('',(1.,0.,0.));
#8387=DIRECTION('center_axis',(-1.,0.,0.));
#8388=DIRECTION('ref_axis',(0.,0.70710678118654,0.707106781186555));
#8389=DIRECTION('center_axis',(0.70710678118654,0.707106781186555,0.));
#8390=DIRECTION('ref_axis',(-0.707106781186555,0.70710678118654,0.));
#8391=DIRECTION('',(1.,0.,0.));
#8392=DIRECTION('center_axis',(-0.707100368452299,0.70711319386264,0.));
#8393=DIRECTION('ref_axis',(0.70711319386264,0.707100368452299,0.));
#8394=DIRECTION('center_axis',(0.707106781186555,0.,-0.70710678118654));
#8395=DIRECTION('ref_axis',(0.70710678118654,0.,0.707106781186555));
#8396=DIRECTION('center_axis',(0.,0.,-1.));
#8397=DIRECTION('ref_axis',(0.,1.,0.));
#8398=DIRECTION('center_axis',(1.28254102808383E-5,0.707106781070242,-0.70710678118654));
#8399=DIRECTION('ref_axis',(0.,0.707106781244697,0.707106781128399));
#8400=DIRECTION('',(0.,0.,-1.));
#8401=DIRECTION('center_axis',(1.28254102808383E-5,0.70710678107024,0.707106781186542));
#8402=DIRECTION('ref_axis',(0.,0.707106781244698,-0.707106781128397));
#8403=DIRECTION('center_axis',(0.707106781186555,0.,0.70710678118654));
#8404=DIRECTION('ref_axis',(0.70710678118654,0.,-0.707106781186555));
#8405=DIRECTION('center_axis',(-0.999999999835509,1.81378692006468E-5,0.));
#8406=DIRECTION('ref_axis',(-1.81378692006468E-5,-0.999999999835509,0.));
#8407=DIRECTION('',(1.81378692006468E-5,0.999999999835509,0.));
#8408=DIRECTION('',(0.,0.,1.));
#8409=DIRECTION('',(-1.81378692006468E-5,-0.999999999835509,0.));
#8410=DIRECTION('center_axis',(1.81378692006468E-5,0.999999999835509,0.));
#8411=DIRECTION('ref_axis',(0.70710678107029,-1.28254102808369E-5,0.707106781186492));
#8412=DIRECTION('',(-1.81378692006468E-5,-0.999999999835509,0.));
#8413=DIRECTION('center_axis',(-0.707113193862617,-0.707100368452322,0.));
#8414=DIRECTION('ref_axis',(0.707100368452322,-0.707113193862617,-6.1332292878321E-17));
#8415=DIRECTION('center_axis',(-1.28254103080696E-5,-0.70710678107024,-0.707106781186542));
#8416=DIRECTION('ref_axis',(-1.28254103080694E-5,-0.707106781070229,0.707106781186553));
#8417=DIRECTION('center_axis',(0.,0.,-1.));
#8418=DIRECTION('ref_axis',(0.999999999835509,-1.81378692006716E-5,0.));
#8419=DIRECTION('center_axis',(0.707106781186555,0.,-0.70710678118654));
#8420=DIRECTION('ref_axis',(0.707106781128383,-1.28254103091242E-5,0.707106781128399));
#8421=DIRECTION('',(0.,0.,-1.));
#8422=DIRECTION('center_axis',(0.707106781186555,0.,0.70710678118654));
#8423=DIRECTION('ref_axis',(0.707106781128383,-1.28254103091242E-5,-0.707106781128399));
#8424=DIRECTION('center_axis',(-1.28254103080696E-5,-0.707106781070242,
0.70710678118654));
#8425=DIRECTION('ref_axis',(-1.28254103080693E-5,-0.707106781070227,-0.707106781186555));
#8426=DIRECTION('center_axis',(-1.81378692006468E-5,-0.999999999835509,
0.));
#8427=DIRECTION('ref_axis',(0.70710678107029,-1.28254102808369E-5,-0.707106781186492));
#8428=DIRECTION('center_axis',(-0.707113193862617,-0.707100368452322,0.));
#8429=DIRECTION('ref_axis',(0.707100368452322,-0.707113193862617,0.));
#8430=DIRECTION('center_axis',(-0.70710036845233,0.707113193862609,0.));
#8431=DIRECTION('ref_axis',(0.707113193862609,0.70710036845233,0.));
#8432=DIRECTION('center_axis',(1.,0.,0.));
#8433=DIRECTION('ref_axis',(0.,-0.707106781186548,0.707106781186547));
#8434=DIRECTION('',(-1.,0.,0.));
#8435=DIRECTION('center_axis',(0.707106765732229,0.,0.707106796640865));
#8436=DIRECTION('ref_axis',(-0.707106796640865,-6.13317353268865E-17,0.70710676573223));
#8437=DIRECTION('',(1.,0.,0.));
#8438=DIRECTION('center_axis',(0.,0.,1.));
#8439=DIRECTION('ref_axis',(1.,0.,0.));
#8440=DIRECTION('',(0.,1.,0.));
#8441=DIRECTION('',(-1.,0.,0.));
#8442=DIRECTION('',(-1.19248805274807E-8,1.,0.));
#8443=DIRECTION('',(-0.999999995152896,9.8459172844817E-5,0.));
#8444=DIRECTION('center_axis',(0.,0.,1.));
#8445=DIRECTION('ref_axis',(-0.0955922680226773,-0.995420573573945,0.));
#8446=DIRECTION('',(-0.553754543863852,0.832679953613714,0.));
#8447=DIRECTION('center_axis',(0.,0.,-1.));
#8448=DIRECTION('ref_axis',(-0.999907393356601,0.013608993747047,0.));
#8449=DIRECTION('',(-0.135150976757143,0.99082501658042,0.));
#8450=DIRECTION('',(0.,1.,0.));
#8451=DIRECTION('',(0.141512451809315,0.989936475731103,0.));
#8452=DIRECTION('',(0.078454595435357,0.996917687903607,0.));
#8453=DIRECTION('center_axis',(0.,0.,-1.));
#8454=DIRECTION('ref_axis',(0.0061244428922753,0.999981245423763,0.));
#8455=DIRECTION('',(0.999999999325319,3.67336513061971E-5,0.));
#8456=DIRECTION('center_axis',(0.,0.,1.));
#8457=DIRECTION('ref_axis',(0.0264179465732206,-0.999650985143742,0.));
#8458=DIRECTION('center_axis',(0.,0.,1.));
#8459=DIRECTION('ref_axis',(0.999161732885717,-0.0409369214378752,0.));
#8460=DIRECTION('center_axis',(0.,0.,-1.));
#8461=DIRECTION('ref_axis',(-0.999909145698068,-0.0134796271965908,0.));
#8462=DIRECTION('',(1.15294541771688E-14,1.,0.));
#8463=DIRECTION('center_axis',(0.,0.,-1.));
#8464=DIRECTION('ref_axis',(-0.106115033196351,0.994353860418783,0.));
#8465=DIRECTION('',(0.999348350687018,0.036095345671391,0.));
#8466=DIRECTION('',(1.,1.31516297773564E-14,0.));
#8467=DIRECTION('center_axis',(0.,0.,1.));
#8468=DIRECTION('ref_axis',(0.000252089361530354,-0.999999968225476,0.));
#8469=DIRECTION('',(-1.,0.,0.));
#8470=DIRECTION('',(-0.998789875939606,-0.0491811317534151,0.));
#8471=DIRECTION('',(-0.989210131552746,-0.146503636928917,0.));
#8472=DIRECTION('',(-0.999395646566248,-0.0347612086158021,0.));
#8473=DIRECTION('center_axis',(0.,0.,1.));
#8474=DIRECTION('ref_axis',(-0.0985971768145447,0.995127427380133,0.));
#8475=DIRECTION('center_axis',(0.,0.,1.));
#8476=DIRECTION('ref_axis',(0.506757754770225,0.862088497765885,0.));
#8477=DIRECTION('center_axis',(0.,0.,1.));
#8478=DIRECTION('ref_axis',(0.690762388054126,0.7230818233435,0.));
#8479=DIRECTION('center_axis',(0.,0.,1.));
#8480=DIRECTION('ref_axis',(0.927367052092082,-0.374152844027734,0.));
#8481=DIRECTION('center_axis',(0.,0.,1.));
#8482=DIRECTION('ref_axis',(-0.638477681614444,0.769640338132198,0.));
#8483=DIRECTION('',(-1.33151088658231E-5,-0.999999999911354,0.));
#8484=DIRECTION('center_axis',(0.,0.,1.));
#8485=DIRECTION('ref_axis',(0.893599130676684,-0.448865897182972,0.));
#8486=DIRECTION('center_axis',(0.,0.,1.));
#8487=DIRECTION('ref_axis',(-0.402273058205716,0.915519735801376,0.));
#8488=DIRECTION('center_axis',(0.,0.,1.));
#8489=DIRECTION('ref_axis',(0.893602808225175,0.448858575870041,0.));
#8490=DIRECTION('',(7.15077400773953E-16,-1.,0.));
#8491=DIRECTION('',(-0.0503604170607072,-0.998731109154747,0.));
#8492=DIRECTION('',(0.0283163728696222,-0.999599011117713,0.));
#8493=DIRECTION('',(0.174756897571279,-0.98461161213509,0.));
#8494=DIRECTION('',(0.0759129298430392,-0.997114450342911,0.));
#8495=DIRECTION('center_axis',(0.,0.,1.));
#8496=DIRECTION('ref_axis',(-0.990720036523635,-0.135918391804082,0.));
#8497=DIRECTION('',(0.697795805321122,-0.716296736050254,0.));
#8498=DIRECTION('',(0.584402136760313,-0.81146419671479,0.));
#8499=DIRECTION('',(0.45697669544556,-0.889478667433714,0.));
#8500=DIRECTION('',(0.31934970159586,-0.947636938964831,0.));
#8501=DIRECTION('center_axis',(0.,0.,1.));
#8502=DIRECTION('ref_axis',(0.,-1.,0.));
#8503=DIRECTION('',(-1.,0.,0.));
#8504=DIRECTION('',(-0.996917382741987,0.0784584730087552,0.));
#8505=DIRECTION('',(-0.972363751334702,0.233471058356933,0.));
#8506=DIRECTION('',(-0.923869394316812,0.382707907214741,0.));
#8507=DIRECTION('',(-0.852623747044857,0.522525354385016,0.));
#8508=DIRECTION('center_axis',(0.,0.,-1.));
#8509=DIRECTION('ref_axis',(-0.999942062263743,0.0107643910990345,0.));
#8510=DIRECTION('',(-0.141512451809313,0.989936475731103,0.));
#8511=DIRECTION('',(-1.54585816642469E-15,1.,0.));
#8512=DIRECTION('center_axis',(0.,0.,-1.));
#8513=DIRECTION('ref_axis',(-0.00847277397998336,0.999964105406331,0.));
#8514=DIRECTION('',(1.,-8.2087452180384E-16,0.));
#8515=DIRECTION('center_axis',(0.,0.,1.));
#8516=DIRECTION('ref_axis',(0.552651957376229,0.833412151344233,0.));
#8517=DIRECTION('center_axis',(0.,0.,1.));
#8518=DIRECTION('ref_axis',(-0.993249822183958,-0.115994787518815,0.));
#8519=DIRECTION('center_axis',(0.,0.,1.));
#8520=DIRECTION('ref_axis',(-0.552651957376223,0.833412151344237,0.));
#8521=DIRECTION('',(1.,-3.71686641778753E-14,0.));
#8522=DIRECTION('center_axis',(0.,0.,-1.));
#8523=DIRECTION('ref_axis',(0.999753389091827,-0.0222072285394929,0.));
#8524=DIRECTION('',(-3.64827526508122E-13,-1.,0.));
#8525=DIRECTION('center_axis',(0.,0.,-1.));
#8526=DIRECTION('ref_axis',(0.156423348837428,-0.987690101164573,0.));
#8527=DIRECTION('',(-0.996858058694954,-0.0792086536618769,0.));
#8528=DIRECTION('',(-1.,1.05090300887991E-14,0.));
#8529=DIRECTION('center_axis',(0.,0.,1.));
#8530=DIRECTION('ref_axis',(-0.532485995712828,-0.846438813128107,0.));
#8531=DIRECTION('center_axis',(0.,0.,1.));
#8532=DIRECTION('ref_axis',(0.947334817571991,0.320244817937531,0.));
#8533=DIRECTION('',(-1.,-2.32077978836364E-14,0.));
#8534=DIRECTION('center_axis',(0.,0.,1.));
#8535=DIRECTION('ref_axis',(-0.0247165446119791,0.999694499545958,0.));
#8536=DIRECTION('',(-0.585813523794409,-0.810445874404687,0.));
#8537=DIRECTION('center_axis',(0.,0.,-1.));
#8538=DIRECTION('ref_axis',(0.0211550286464719,-0.999776207339906,0.));
#8539=DIRECTION('',(-1.,2.12334304723266E-15,0.));
#8540=DIRECTION('center_axis',(0.,0.,1.));
#8541=DIRECTION('ref_axis',(-0.000252089361633134,0.999999968225476,0.));
#8542=DIRECTION('',(1.,-1.57701379972067E-14,0.));
#8543=DIRECTION('center_axis',(0.,0.,1.));
#8544=DIRECTION('ref_axis',(0.0252320010587123,-0.999681622379132,0.));
#8545=DIRECTION('',(0.580999779563306,0.813903714297576,0.));
#8546=DIRECTION('center_axis',(0.,0.,-1.));
#8547=DIRECTION('ref_axis',(-0.0210888947196747,0.999777604529879,0.));
#8548=DIRECTION('',(1.,-5.09172346613509E-14,0.));
#8549=DIRECTION('center_axis',(0.,0.,-1.));
#8550=DIRECTION('ref_axis',(0.683269412215472,0.730166357983386,0.));
#8551=DIRECTION('center_axis',(0.,0.,-1.));
#8552=DIRECTION('ref_axis',(0.999908674708378,-0.0135145197079076,0.));
#8553=DIRECTION('center_axis',(0.,0.,1.));
#8554=DIRECTION('ref_axis',(-0.994438831608276,-0.105315764202551,0.));
#8555=DIRECTION('',(1.,1.88903082329538E-13,0.));
#8556=DIRECTION('center_axis',(0.,0.,-1.));
#8557=DIRECTION('ref_axis',(0.984991577886502,0.172602408710481,0.));
#8558=DIRECTION('',(0.0897692331582841,-0.99596259205764,0.));
#8559=DIRECTION('center_axis',(0.,0.,1.));
#8560=DIRECTION('ref_axis',(-0.993171780595466,-0.116661108467355,0.));
#8561=DIRECTION('',(0.0798009615591756,0.996810817825645,0.));
#8562=DIRECTION('center_axis',(0.,0.,-1.));
#8563=DIRECTION('ref_axis',(0.0156405395515788,0.999877679280088,0.));
#8564=DIRECTION('',(1.,7.41943252509436E-16,0.));
#8565=DIRECTION('',(0.995876289540768,-0.090721639813839,0.));
#8566=DIRECTION('center_axis',(0.,0.,-1.));
#8567=DIRECTION('ref_axis',(0.987834867924413,0.155506506978833,0.));
#8568=DIRECTION('',(0.0784443989615666,-0.996918490284717,0.));
#8569=DIRECTION('',(-1.81347290707903E-13,-1.,0.));
#8570=DIRECTION('center_axis',(0.,0.,-1.));
#8571=DIRECTION('ref_axis',(0.000794310315646722,-0.999999684535511,0.));
#8572=DIRECTION('',(-1.,-8.60543312520117E-14,0.));
#8573=DIRECTION('center_axis',(0.,0.,1.));
#8574=DIRECTION('ref_axis',(-0.000252089361633164,0.999999968225476,0.));
#8575=DIRECTION('',(1.,-2.33971795994186E-15,0.));
#8576=DIRECTION('',(0.996908925732388,-0.0785658564205556,0.));
#8577=DIRECTION('center_axis',(0.,0.,-1.));
#8578=DIRECTION('ref_axis',(0.987695494151718,0.156389292575908,0.));
#8579=DIRECTION('',(0.0784443989615666,-0.996918490284717,0.));
#8580=DIRECTION('',(0.,-1.,0.));
#8581=DIRECTION('',(-0.140922535832831,-0.990020625489411,0.));
#8582=DIRECTION('center_axis',(0.,0.,-1.));
#8583=DIRECTION('ref_axis',(0.00215146228165593,-0.999997685602347,0.));
#8584=DIRECTION('center_axis',(0.,0.,-1.));
#8585=DIRECTION('ref_axis',(-0.725027060060329,-0.688720380256223,0.));
#8586=DIRECTION('',(-0.782383304381026,0.622797210194318,0.));
#8587=DIRECTION('',(-0.839367464825377,0.54356440188134,0.));
#8588=DIRECTION('',(-0.753213670288927,0.657775924528926,0.));
#8589=DIRECTION('',(-0.844257828139497,0.535937234781443,0.));
#8590=DIRECTION('',(-0.917185932223177,0.398459490703763,0.));
#8591=DIRECTION('',(-0.967457016199242,0.253035416111776,0.));
#8592=DIRECTION('',(-0.807781103251983,0.589482560580896,0.));
#8593=DIRECTION('center_axis',(0.,0.,-1.));
#8594=DIRECTION('ref_axis',(-0.999837002351218,-0.0180546041034157,0.));
#8595=DIRECTION('',(8.53016577568212E-14,1.,0.));
#8596=DIRECTION('center_axis',(0.,0.,-1.));
#8597=DIRECTION('ref_axis',(0.0230336491814148,0.999734690308077,0.));
#8598=DIRECTION('',(1.,-1.4108202427828E-13,0.));
#8599=DIRECTION('center_axis',(0.,0.,1.));
#8600=DIRECTION('ref_axis',(0.000252089362702094,-0.999999968225476,0.));
#8601=DIRECTION('',(-0.99999961577613,0.000876611425589698,0.));
#8602=DIRECTION('center_axis',(0.,0.,-1.));
#8603=DIRECTION('ref_axis',(-0.998234812852649,-0.0593907266249226,0.));
#8604=DIRECTION('',(2.81269475694747E-14,1.,0.));
#8605=DIRECTION('center_axis',(0.,0.,1.));
#8606=DIRECTION('ref_axis',(0.999999996489529,8.37910605883385E-5,0.));
#8607=DIRECTION('',(0.,-1.,0.));
#8608=DIRECTION('',(-0.241384837914548,-0.970429471947842,0.));
#8609=DIRECTION('',(-0.377020515951978,-0.926204907432099,0.));
#8610=DIRECTION('',(-0.505029832963226,-0.863101887274693,0.));
#8611=DIRECTION('center_axis',(0.,0.,-1.));
#8612=DIRECTION('ref_axis',(0.180379713142442,-0.983597051178301,0.));
#8613=DIRECTION('',(-1.,-1.36027786415523E-15,0.));
#8614=DIRECTION('',(-0.999568277426163,0.029381265515529,0.));
#8615=DIRECTION('',(-0.988807778610547,0.149195096967948,0.));
#8616=DIRECTION('',(-0.964048455044743,0.265726506630114,0.));
#8617=DIRECTION('',(-0.980047055935398,0.198765611090951,0.));
#8618=DIRECTION('',(-0.933169206267815,0.35943738324428,0.));
#8619=DIRECTION('',(-0.961652585665585,0.274270495100538,0.));
#8620=DIRECTION('',(-0.971313264613864,0.237803578579376,0.));
#8621=DIRECTION('center_axis',(0.,0.,-1.));
#8622=DIRECTION('ref_axis',(-0.877288837174573,-0.479962807068304,0.));
#8623=DIRECTION('center_axis',(0.,0.,1.));
#8624=DIRECTION('ref_axis',(0.841676290714698,0.539982427166614,0.));
#8625=DIRECTION('center_axis',(0.,0.,1.));
#8626=DIRECTION('ref_axis',(0.462591323245342,0.886571637070645,0.));
#8627=DIRECTION('',(-1.,-1.20597425872821E-13,0.));
#8628=DIRECTION('center_axis',(0.,0.,1.));
#8629=DIRECTION('ref_axis',(-0.000263704548040434,0.999999965229955,0.));
#8630=DIRECTION('',(0.976345424633455,-0.216216585389092,0.));
#8631=DIRECTION('',(0.936924842437836,-0.349530885077178,0.));
#8632=DIRECTION('',(0.878724736166352,-0.477328857339858,0.));
#8633=DIRECTION('',(0.803221559090207,-0.595680389985013,0.));
#8634=DIRECTION('',(0.715282039169557,-0.698835892353449,0.));
#8635=DIRECTION('',(0.64536678608819,-0.763872837201455,0.));
#8636=DIRECTION('center_axis',(0.,0.,1.));
#8637=DIRECTION('ref_axis',(-0.723215758082526,-0.690622159549719,0.));
#8638=DIRECTION('',(0.971309899806604,-0.23781732177805,0.));
#8639=DIRECTION('center_axis',(0.,0.,-1.));
#8640=DIRECTION('ref_axis',(0.998627626561219,0.0523723540496939,0.));
#8641=DIRECTION('',(0.000745313469034797,-0.999999722253878,0.));
#8642=DIRECTION('center_axis',(0.,0.,1.));
#8643=DIRECTION('ref_axis',(-0.999667505128733,0.0257852513986924,0.));
#8644=DIRECTION('',(0.995042055926606,-0.0994550498333467,0.));
#8645=DIRECTION('',(0.967910172968355,-0.251296432653488,0.));
#8646=DIRECTION('',(0.91720257866349,-0.398421171240992,0.));
#8647=DIRECTION('',(0.844278359475278,-0.535904890555901,0.));
#8648=DIRECTION('',(0.750911027192786,-0.660403383728669,0.));
#8649=DIRECTION('',(0.782495820961158,-0.622655836058993,0.));
#8650=DIRECTION('',(0.839637327466155,-0.543147455416568,0.));
#8651=DIRECTION('',(0.750928914070504,-0.660383044916277,0.));
#8652=DIRECTION('center_axis',(0.,0.,1.));
#8653=DIRECTION('ref_axis',(-0.608884023088467,-0.793259255494446,0.));
#8654=DIRECTION('',(0.996883760235134,-0.0788845268697243,0.));
#8655=DIRECTION('',(0.972311778309459,-0.23368741035986,0.));
#8656=DIRECTION('',(0.923793126479874,-0.382891968404326,0.));
#8657=DIRECTION('',(0.852538430238743,-0.522664543436858,0.));
#8658=DIRECTION('center_axis',(0.,0.,-1.));
#8659=DIRECTION('ref_axis',(0.99994206095049,-0.0107645130910475,0.));
#8660=DIRECTION('',(0.141491888468241,-0.98993941506422,0.));
#8661=DIRECTION('',(0.,-1.,0.));
#8662=DIRECTION('',(-0.139762394541978,-0.990185070111589,0.));
#8663=DIRECTION('',(-0.0741496918816293,-0.997247122429471,0.));
#8664=DIRECTION('center_axis',(0.,0.,-1.));
#8665=DIRECTION('ref_axis',(0.087341908440344,-0.996178393175639,0.));
#8666=DIRECTION('',(-9.84591728438038E-5,-0.999999995152896,0.));
#8667=DIRECTION('center_axis',(0.,0.,1.));
#8668=DIRECTION('ref_axis',(0.707037156610334,-0.707176398907921,0.));
#8669=DIRECTION('',(1.19248806385E-8,-1.,0.));
#8670=DIRECTION('center_axis',(-1.,0.,0.));
#8671=DIRECTION('ref_axis',(0.,-0.707106781186548,-0.707106781186548));
#8672=DIRECTION('',(-1.,0.,0.));
#8673=DIRECTION('center_axis',(-0.707106781186555,0.,0.70710678118654));
#8674=DIRECTION('ref_axis',(-0.70710678118654,0.,-0.707106781186555));
#8675=DIRECTION('center_axis',(0.70710678118654,-0.707106781186555,0.));
#8676=DIRECTION('ref_axis',(-0.707106781186555,-0.70710678118654,0.));
#8677=DIRECTION('center_axis',(0.,0.,-1.));
#8678=DIRECTION('ref_axis',(0.,-1.,0.));
#8679=DIRECTION('center_axis',(0.,-0.707106781186548,-0.707106781186548));
#8680=DIRECTION('ref_axis',(0.,-0.707106781186548,0.707106781186548));
#8681=DIRECTION('',(0.,0.,-1.));
#8682=DIRECTION('center_axis',(0.,-0.707106781186547,0.707106781186548));
#8683=DIRECTION('ref_axis',(0.,-0.707106781186548,-0.707106781186547));
#8684=DIRECTION('',(0.,0.,1.));
#8685=DIRECTION('center_axis',(-0.707106781186555,0.,-0.70710678118654));
#8686=DIRECTION('ref_axis',(-0.70710678118654,0.,0.707106781186555));
#8687=DIRECTION('center_axis',(1.,0.,0.));
#8688=DIRECTION('ref_axis',(0.,-0.707106781186548,0.707106781186547));
#8689=DIRECTION('',(1.,0.,0.));
#8690=DIRECTION('center_axis',(0.707106796640897,0.,-0.707106765732198));
#8691=DIRECTION('ref_axis',(0.707106765732198,3.06658690038902E-16,0.707106796640897));
#8692=DIRECTION('center_axis',(0.707106781186556,-0.707106781186539,0.));
#8693=DIRECTION('ref_axis',(-0.707106781186539,-0.707106781186556,0.));
#8694=DIRECTION('center_axis',(0.,-1.,0.));
#8695=DIRECTION('ref_axis',(-1.,0.,0.));
#8696=DIRECTION('',(-4.37114094919986E-8,0.,0.999999999999999));
#8697=DIRECTION('',(0.999999999999999,0.,4.37114092210216E-8));
#8698=DIRECTION('',(4.37114091299767E-8,0.,-0.999999999999999));
#8699=DIRECTION('',(1.,0.,0.));
#8700=DIRECTION('',(-4.371140912996E-8,0.,0.999999999999999));
#8701=DIRECTION('',(0.999999999999999,0.,4.37114344720157E-8));
#8702=DIRECTION('',(4.37114091299609E-8,0.,-0.999999999999999));
#8703=DIRECTION('',(1.,0.,0.));
#8704=DIRECTION('',(-4.37114091299609E-8,0.,0.999999999999999));
#8705=DIRECTION('',(0.999999999999999,0.,4.37114092210216E-8));
#8706=DIRECTION('',(4.37114094919986E-8,0.,-0.999999999999999));
#8707=DIRECTION('',(1.,0.,0.));
#8708=DIRECTION('',(-4.37114094919976E-8,0.,0.999999999999999));
#8709=DIRECTION('',(0.999999999999999,0.,4.37114122675552E-8));
#8710=DIRECTION('',(4.37114091299599E-8,0.,-0.999999999999999));
#8711=DIRECTION('center_axis',(0.,1.,0.));
#8712=DIRECTION('ref_axis',(-0.707106781186548,0.,-0.707106781186548));
#8713=DIRECTION('',(0.,1.,0.));
#8714=DIRECTION('center_axis',(0.,-0.707106781186555,-0.70710678118654));
#8715=DIRECTION('ref_axis',(0.,0.70710678118654,-0.707106781186555));
#8716=DIRECTION('center_axis',(-0.70710678118654,-0.707106781186555,0.));
#8717=DIRECTION('ref_axis',(-0.707106781186555,0.70710678118654,0.));
#8718=DIRECTION('center_axis',(-1.,0.,0.));
#8719=DIRECTION('ref_axis',(0.,1.,0.));
#8720=DIRECTION('',(0.,-1.,0.));
#8721=DIRECTION('',(0.,0.,1.));
#8722=DIRECTION('center_axis',(0.,-1.,0.));
#8723=DIRECTION('ref_axis',(-0.707106781186548,0.,0.707106781186547));
#8724=DIRECTION('center_axis',(0.,0.707106781186555,-0.70710678118654));
#8725=DIRECTION('ref_axis',(6.13317366673342E-17,0.70710678118654,0.707106781186555));
#8726=DIRECTION('center_axis',(1.,0.,0.));
#8727=DIRECTION('ref_axis',(0.,0.70710678118654,-0.707106781186555));
#8728=DIRECTION('center_axis',(0.,0.,1.));
#8729=DIRECTION('ref_axis',(-0.976767171595178,0.214303272242766,0.));
#8730=DIRECTION('center_axis',(4.37114094919986E-8,0.,-0.999999999999999));
#8731=DIRECTION('ref_axis',(-0.707106776970458,-0.707106785402637,-3.0908633882723E-8));
#8732=DIRECTION('',(4.37114094919986E-8,0.,-0.999999999999999));
#8733=DIRECTION('center_axis',(-0.707106750277911,0.,-0.707106812095183));
#8734=DIRECTION('ref_axis',(-0.707106812095183,1.83995210002005E-16,0.707106750277911));
#8735=DIRECTION('center_axis',(-0.999999999999999,0.,-4.37114092210216E-8));
#8736=DIRECTION('ref_axis',(-3.09087145342521E-8,-0.707106781186548,0.707106781186546));
#8737=DIRECTION('',(-0.999999999999999,-3.44936524007715E-39,-4.37114092210216E-8));
#8738=DIRECTION('center_axis',(-0.707106812095197,0.,0.707106750277897));
#8739=DIRECTION('ref_axis',(0.707106750277897,1.83995210002009E-16,0.707106812095197));
#8740=DIRECTION('center_axis',(4.37114092210216E-8,5.2125333750131E-16,
-0.999999999999999));
#8741=DIRECTION('ref_axis',(0.999999999999999,1.19248806385E-8,4.37114092210216E-8));
#8742=DIRECTION('',(1.19248806385E-8,-1.,-1.9695372583217E-32));
#8743=DIRECTION('',(-0.999999995152895,9.845917284479E-5,-4.37114090090965E-8));
#8744=DIRECTION('',(-1.19248806385E-8,1.,-7.89122405694094E-32));
#8745=DIRECTION('center_axis',(-4.37114091299767E-8,0.,0.999999999999999));
#8746=DIRECTION('ref_axis',(0.707106785402621,-0.707106776970473,3.0908633269997E-8));
#8747=DIRECTION('center_axis',(0.707106796640881,0.,-0.707106765732214));
#8748=DIRECTION('ref_axis',(0.707106765732214,1.83995214023345E-16,0.707106796640881));
#8749=DIRECTION('',(-4.37114091299767E-8,0.,0.999999999999999));
#8750=DIRECTION('center_axis',(1.,0.,0.));
#8751=DIRECTION('ref_axis',(0.,-0.707106781186548,0.707106781186547));
#8752=DIRECTION('',(-1.,0.,0.));
#8753=DIRECTION('center_axis',(0.707106765732229,0.,0.707106796640865));
#8754=DIRECTION('ref_axis',(-0.707106796640865,-6.13317353268865E-17,0.70710676573223));
#8755=DIRECTION('center_axis',(4.371140912996E-8,0.,-0.999999999999999));
#8756=DIRECTION('ref_axis',(-0.707106776970457,-0.707106785402637,-3.0908633882723E-8));
#8757=DIRECTION('',(4.371140912996E-8,0.,-0.999999999999999));
#8758=DIRECTION('center_axis',(-0.707106750277901,0.,-0.707106812095192));
#8759=DIRECTION('ref_axis',(-0.707106812095192,0.,0.707106750277902));
#8760=DIRECTION('center_axis',(0.,0.,1.));
#8761=DIRECTION('ref_axis',(1.,0.,0.));
#8762=DIRECTION('',(-1.19248806385E-8,1.,0.));
#8763=DIRECTION('',(-0.999999995152896,9.84591728447901E-5,0.));
#8764=DIRECTION('',(-1.19248806385E-8,1.,0.));
#8765=DIRECTION('center_axis',(-0.999999999999999,0.,-4.37114344720157E-8));
#8766=DIRECTION('ref_axis',(-3.09087145342521E-8,-0.707106781186548,0.707106781186546));
#8767=DIRECTION('',(-0.999999999999999,0.,-4.37114344720157E-8));
#8768=DIRECTION('center_axis',(-0.707106812095206,0.,0.707106750277887));
#8769=DIRECTION('ref_axis',(0.707106750277887,2.45326946669343E-16,0.707106812095206));
#8770=DIRECTION('center_axis',(4.37114344720157E-8,0.,-0.999999999999999));
#8771=DIRECTION('ref_axis',(-0.999999999999999,0.,-4.37114344720157E-8));
#8772=DIRECTION('',(1.19248806385E-8,-1.,1.97215226305253E-31));
#8773=DIRECTION('',(-0.999999995152895,9.845917284479E-5,-4.37114342601419E-8));
#8774=DIRECTION('',(-1.19248806385E-8,1.,-7.89122405694094E-32));
#8775=DIRECTION('center_axis',(-4.37114091299609E-8,0.,0.999999999999999));
#8776=DIRECTION('ref_axis',(0.707106785402621,-0.707106776970473,3.09086342513048E-8));
#8777=DIRECTION('center_axis',(0.707106796640881,0.,-0.707106765732214));
#8778=DIRECTION('ref_axis',(0.707106765732214,1.83995214023345E-16,0.707106796640881));
#8779=DIRECTION('',(-4.37114091299609E-8,0.,0.999999999999999));
#8780=DIRECTION('center_axis',(1.,0.,0.));
#8781=DIRECTION('ref_axis',(0.,-0.707106781186548,0.707106781186547));
#8782=DIRECTION('',(-1.,0.,0.));
#8783=DIRECTION('center_axis',(0.707106765732261,0.,0.707106796640834));
#8784=DIRECTION('ref_axis',(-0.707106796640834,-6.13317353268893E-17,0.707106765732261));
#8785=DIRECTION('center_axis',(4.37114091299609E-8,0.,-0.999999999999999));
#8786=DIRECTION('ref_axis',(-0.707106776970458,-0.707106785402637,-3.09086329014152E-8));
#8787=DIRECTION('',(4.37114091299609E-8,0.,-0.999999999999999));
#8788=DIRECTION('center_axis',(-0.707106750277911,0.,-0.707106812095183));
#8789=DIRECTION('ref_axis',(-0.707106812095183,1.2266347333467E-16,0.707106750277911));
#8790=DIRECTION('center_axis',(0.,0.,1.));
#8791=DIRECTION('ref_axis',(1.,0.,0.));
#8792=DIRECTION('',(-1.1924880527481E-8,1.,0.));
#8793=DIRECTION('',(-0.999999995152896,9.84591728447901E-5,0.));
#8794=DIRECTION('center_axis',(0.,0.,1.));
#8795=DIRECTION('ref_axis',(-0.597086996201572,-0.802176488665047,0.));
#8796=DIRECTION('',(-0.287068554355634,0.957910040191753,0.));
#8797=DIRECTION('center_axis',(0.,0.,-1.));
#8798=DIRECTION('ref_axis',(-0.999885206256091,-0.0151517098115742,0.));
#8799=DIRECTION('',(0.00102867627422772,0.999999470912421,0.));
#8800=DIRECTION('',(0.0451194503071609,0.998981599031724,0.));
#8801=DIRECTION('',(0.130637879745894,0.991430151032082,0.));
#8802=DIRECTION('center_axis',(0.,0.,1.));
#8803=DIRECTION('ref_axis',(0.991418894558346,-0.130723278388769,0.));
#8804=DIRECTION('',(-0.125869717510941,-0.9920467802547,0.));
#8805=DIRECTION('',(-0.0438006207975705,-0.999040292289429,0.));
#8806=DIRECTION('',(-0.00102583233364374,-0.999999473833873,0.));
#8807=DIRECTION('',(-0.0769380508937913,-0.997035875144252,0.));
#8808=DIRECTION('center_axis',(0.,0.,-1.));
#8809=DIRECTION('ref_axis',(0.08734190844045,-0.99617839317563,0.));
#8810=DIRECTION('',(-0.999901400932058,-0.0140423792181859,0.));
#8811=DIRECTION('',(-1.,5.48795368401124E-17,0.));
#8812=DIRECTION('',(-0.999904617586697,0.0138114347119009,0.));
#8813=DIRECTION('center_axis',(0.,0.,-1.));
#8814=DIRECTION('ref_axis',(-0.99993267402029,0.0116037677774359,0.));
#8815=DIRECTION('center_axis',(0.,0.,1.));
#8816=DIRECTION('ref_axis',(0.999990620513807,-0.00433115278091154,0.));
#8817=DIRECTION('center_axis',(0.,0.,1.));
#8818=DIRECTION('ref_axis',(0.958073366384079,0.286522991443058,0.));
#8819=DIRECTION('',(0.286535718041829,-0.958069560254501,0.));
#8820=DIRECTION('',(0.173661920294493,-0.984805329717315,0.));
#8821=DIRECTION('',(0.0581534198568659,-0.998307657868531,0.));
#8822=DIRECTION('center_axis',(0.,0.,-1.));
#8823=DIRECTION('ref_axis',(0.0882533772571961,-0.996098058126156,0.));
#8824=DIRECTION('',(-9.84591728461153E-5,-0.999999995152896,0.));
#8825=DIRECTION('center_axis',(0.,0.,1.));
#8826=DIRECTION('ref_axis',(0.707037156610339,-0.707176398907915,0.));
#8827=DIRECTION('',(-0.999999995152896,9.8459172844817E-5,0.));
#8828=DIRECTION('',(1.19248887879906E-8,-1.,0.));
#8829=DIRECTION('center_axis',(-0.999999999999999,0.,-4.37114092210216E-8));
#8830=DIRECTION('ref_axis',(-3.09087145342521E-8,-0.707106781186548,0.707106781186546));
#8831=DIRECTION('',(-0.999999999999999,-3.44936524007715E-39,-4.37114092210216E-8));
#8832=DIRECTION('center_axis',(-0.707106812095229,0.,0.707106750277865));
#8833=DIRECTION('ref_axis',(0.707106750277865,1.83995210002017E-16,0.707106812095228));
#8834=DIRECTION('center_axis',(4.37114092210216E-8,5.2125333750131E-16,
-0.999999999999999));
#8835=DIRECTION('ref_axis',(0.999999999999999,1.19248806385E-8,4.37114092210216E-8));
#8836=DIRECTION('',(-1.19248806385E-8,1.,-7.89122405694094E-32));
#8837=DIRECTION('',(-0.999999995152895,9.84591728448169E-5,-4.37114090090965E-8));
#8838=DIRECTION('',(1.19248806385E-8,-1.,-1.9695372583217E-32));
#8839=DIRECTION('center_axis',(-4.37114094919986E-8,0.,0.999999999999999));
#8840=DIRECTION('ref_axis',(0.707106785402653,-0.707106776970441,3.09086342513034E-8));
#8841=DIRECTION('center_axis',(0.707106796640866,0.,-0.707106765732229));
#8842=DIRECTION('ref_axis',(0.707106765732229,1.8399521402335E-16,0.707106796640866));
#8843=DIRECTION('',(-4.37114094919986E-8,0.,0.999999999999999));
#8844=DIRECTION('center_axis',(1.,0.,0.));
#8845=DIRECTION('ref_axis',(0.,-0.707106781186548,0.707106781186547));
#8846=DIRECTION('',(-1.,0.,0.));
#8847=DIRECTION('center_axis',(0.707106765732245,0.,0.70710679664085));
#8848=DIRECTION('ref_axis',(-0.70710679664085,-6.13317353268879E-17,0.707106765732245));
#8849=DIRECTION('center_axis',(4.37114094919976E-8,0.,-0.999999999999999));
#8850=DIRECTION('ref_axis',(-0.707106776970457,-0.707106785402637,-3.0908633882723E-8));
#8851=DIRECTION('',(4.37114094919976E-8,0.,-0.999999999999999));
#8852=DIRECTION('center_axis',(-0.707106750277918,0.,-0.707106812095176));
#8853=DIRECTION('ref_axis',(-0.707106812095176,6.13317366673345E-17,0.707106750277918));
#8854=DIRECTION('center_axis',(0.,0.,1.));
#8855=DIRECTION('ref_axis',(1.,0.,0.));
#8856=DIRECTION('',(-1.19248806385002E-8,1.,0.));
#8857=DIRECTION('',(-0.999999995152896,9.8459172844817E-5,0.));
#8858=DIRECTION('',(1.19248805274807E-8,-1.,0.));
#8859=DIRECTION('center_axis',(-0.999999999999999,0.,-4.37114122675552E-8));
#8860=DIRECTION('ref_axis',(-3.09087145342521E-8,-0.707106781186548,0.707106781186546));
#8861=DIRECTION('',(-0.999999999999999,0.,-4.37114122675552E-8));
#8862=DIRECTION('center_axis',(-0.707106812095214,0.,0.70710675027788));
#8863=DIRECTION('ref_axis',(0.70710675027788,6.13317366673376E-17,0.707106812095214));
#8864=DIRECTION('center_axis',(4.37114122675552E-8,0.,-0.999999999999999));
#8865=DIRECTION('ref_axis',(-0.999999999999999,0.,-4.37114122675552E-8));
#8866=DIRECTION('',(-1.19248806385E-8,1.,1.9695372583217E-32));
#8867=DIRECTION('',(-0.999999995152895,9.84591728448169E-5,-4.37114120556815E-8));
#8868=DIRECTION('',(1.19248806385E-8,-1.,7.89122405694094E-32));
#8869=DIRECTION('center_axis',(-4.37114091299599E-8,0.,0.999999999999999));
#8870=DIRECTION('ref_axis',(0.707106785402637,-0.707106776970457,3.09086342513041E-8));
#8871=DIRECTION('',(-4.37114091299599E-8,0.,0.999999999999999));
#8872=DIRECTION('center_axis',(0.,0.,-1.));
#8873=DIRECTION('ref_axis',(-0.998720014881502,0.0505799552697848,0.));
#8874=DIRECTION('center_axis',(0.,0.,1.));
#8875=DIRECTION('ref_axis',(-0.998720014881502,0.0505799552697848,0.));
#8876=DIRECTION('',(0.,0.,1.));
#8877=DIRECTION('center_axis',(0.,0.,1.));
#8878=DIRECTION('ref_axis',(-0.998720014881502,0.0505799552697848,0.));
#8879=DIRECTION('',(0.,0.,-1.));
#8880=DIRECTION('center_axis',(0.998720014881502,-0.0505799552697846,0.));
#8881=DIRECTION('ref_axis',(-0.0505799552697846,-0.998720014881502,0.));
#8882=DIRECTION('',(-0.0505799552697846,-0.998720014881502,0.));
#8883=DIRECTION('',(0.,0.,-1.));
#8884=DIRECTION('',(-0.0505799552697846,-0.998720014881502,0.));
#8885=DIRECTION('center_axis',(0.,0.,-1.));
#8886=DIRECTION('ref_axis',(0.986454587601709,0.164034589643593,0.));
#8887=DIRECTION('center_axis',(0.,0.,1.));
#8888=DIRECTION('ref_axis',(0.986454587601709,0.164034589643593,0.));
#8889=DIRECTION('',(0.,0.,1.));
#8890=DIRECTION('center_axis',(0.,0.,1.));
#8891=DIRECTION('ref_axis',(0.986454587601709,0.164034589643593,0.));
#8892=DIRECTION('',(0.,0.,-1.));
#8893=DIRECTION('center_axis',(0.,0.,-1.));
#8894=DIRECTION('ref_axis',(-0.408502784788436,0.912757073278587,0.));
#8895=DIRECTION('center_axis',(0.,0.,1.));
#8896=DIRECTION('ref_axis',(-0.408502784788436,0.912757073278587,0.));
#8897=DIRECTION('center_axis',(0.,0.,1.));
#8898=DIRECTION('ref_axis',(-0.408502784788436,0.912757073278587,0.));
#8899=DIRECTION('center_axis',(0.,0.,1.));
#8900=DIRECTION('ref_axis',(0.506757754770225,0.862088497765885,0.));
#8901=DIRECTION('',(0.,0.,-1.));
#8902=DIRECTION('center_axis',(0.,0.,1.));
#8903=DIRECTION('ref_axis',(0.506757754770225,0.862088497765885,0.));
#8904=DIRECTION('',(0.,0.,1.));
#8905=DIRECTION('center_axis',(0.,0.,-1.));
#8906=DIRECTION('ref_axis',(0.950471752224944,-0.310810952545827,0.));
#8907=DIRECTION('center_axis',(0.,0.,1.));
#8908=DIRECTION('ref_axis',(0.950471752224944,-0.310810952545827,0.));
#8909=DIRECTION('',(0.,0.,1.));
#8910=DIRECTION('center_axis',(0.,0.,1.));
#8911=DIRECTION('ref_axis',(0.950471752224944,-0.310810952545827,0.));
#8912=DIRECTION('',(0.,0.,-1.));
#8913=DIRECTION('center_axis',(1.,-2.6735614553626E-14,0.));
#8914=DIRECTION('ref_axis',(-2.6735614553626E-14,-1.,0.));
#8915=DIRECTION('',(-2.6735614553626E-14,-1.,0.));
#8916=DIRECTION('',(0.,0.,-1.));
#8917=DIRECTION('',(-2.6735614553626E-14,-1.,0.));
#8918=DIRECTION('center_axis',(0.,0.,-1.));
#8919=DIRECTION('ref_axis',(-0.981967093522435,-0.189051916782404,0.));
#8920=DIRECTION('center_axis',(0.,0.,1.));
#8921=DIRECTION('ref_axis',(-0.981967093522435,-0.189051916782404,0.));
#8922=DIRECTION('',(0.,0.,1.));
#8923=DIRECTION('center_axis',(0.,0.,1.));
#8924=DIRECTION('ref_axis',(-0.981967093522435,-0.189051916782404,0.));
#8925=DIRECTION('',(0.,0.,-1.));
#8926=DIRECTION('center_axis',(-0.9285187455218,-0.371285522495319,0.));
#8927=DIRECTION('ref_axis',(-0.371285522495319,0.9285187455218,0.));
#8928=DIRECTION('',(-0.371285522495319,0.9285187455218,0.));
#8929=DIRECTION('',(0.,0.,-1.));
#8930=DIRECTION('',(-0.371285522495319,0.9285187455218,0.));
#8931=DIRECTION('center_axis',(0.,0.,-1.));
#8932=DIRECTION('ref_axis',(0.79186900766194,0.610690981351857,0.));
#8933=DIRECTION('center_axis',(0.,0.,1.));
#8934=DIRECTION('ref_axis',(0.79186900766194,0.610690981351857,0.));
#8935=DIRECTION('',(0.,0.,1.));
#8936=DIRECTION('center_axis',(0.,0.,1.));
#8937=DIRECTION('ref_axis',(0.79186900766194,0.610690981351857,0.));
#8938=DIRECTION('',(0.,0.,-1.));
#8939=DIRECTION('center_axis',(0.,0.,-1.));
#8940=DIRECTION('ref_axis',(-0.999891407579022,-0.0147367923796709,0.));
#8941=DIRECTION('center_axis',(0.,0.,1.));
#8942=DIRECTION('ref_axis',(-0.999891407579022,-0.0147367923796709,0.));
#8943=DIRECTION('',(0.,0.,-1.));
#8944=DIRECTION('center_axis',(0.,0.,1.));
#8945=DIRECTION('ref_axis',(-0.999891407579022,-0.0147367923796709,0.));
#8946=DIRECTION('center_axis',(0.,0.,1.));
#8947=DIRECTION('ref_axis',(1.,0.,0.));
#8948=DIRECTION('center_axis',(0.,0.,1.));
#8949=DIRECTION('ref_axis',(1.,0.,0.));
#8950=DIRECTION('',(0.,0.,-1.));
#8951=DIRECTION('center_axis',(0.,0.,1.));
#8952=DIRECTION('ref_axis',(1.,0.,0.));
#8953=DIRECTION('',(0.,0.,1.));
#8954=DIRECTION('center_axis',(0.,0.,-1.));
#8955=DIRECTION('ref_axis',(0.869056176669609,0.494713413798739,0.));
#8956=DIRECTION('center_axis',(0.,0.,1.));
#8957=DIRECTION('ref_axis',(0.869056176669609,0.494713413798739,0.));
#8958=DIRECTION('',(0.,0.,-1.));
#8959=DIRECTION('center_axis',(0.,0.,1.));
#8960=DIRECTION('ref_axis',(0.869056176669609,0.494713413798739,0.));
#8961=DIRECTION('center_axis',(0.,0.,-1.));
#8962=DIRECTION('ref_axis',(-0.47081162800232,0.882233762070918,0.));
#8963=DIRECTION('center_axis',(0.,0.,1.));
#8964=DIRECTION('ref_axis',(-0.47081162800232,0.882233762070918,0.));
#8965=DIRECTION('',(0.,0.,1.));
#8966=DIRECTION('center_axis',(0.,0.,1.));
#8967=DIRECTION('ref_axis',(-0.47081162800232,0.882233762070918,0.));
#8968=DIRECTION('',(0.,0.,-1.));
#8969=DIRECTION('center_axis',(0.,0.,-1.));
#8970=DIRECTION('ref_axis',(-0.932121724830568,-0.362145122980948,0.));
#8971=DIRECTION('center_axis',(0.,0.,1.));
#8972=DIRECTION('ref_axis',(-0.932121724830568,-0.362145122980948,0.));
#8973=DIRECTION('',(0.,0.,1.));
#8974=DIRECTION('center_axis',(0.,0.,1.));
#8975=DIRECTION('ref_axis',(-0.932121724830568,-0.362145122980948,0.));
#8976=DIRECTION('center_axis',(0.,0.,-1.));
#8977=DIRECTION('ref_axis',(0.467133123049086,0.884186996822735,0.));
#8978=DIRECTION('center_axis',(0.,0.,1.));
#8979=DIRECTION('ref_axis',(0.467133123049086,0.884186996822735,0.));
#8980=DIRECTION('center_axis',(0.,0.,1.));
#8981=DIRECTION('ref_axis',(0.467133123049086,0.884186996822735,0.));
#8982=DIRECTION('',(0.,0.,-1.));
#8983=DIRECTION('center_axis',(-0.00208018818676623,0.999997836406213,0.));
#8984=DIRECTION('ref_axis',(0.999997836406213,0.00208018818676623,0.));
#8985=DIRECTION('',(0.999997836406213,0.00208018818676623,0.));
#8986=DIRECTION('',(0.,0.,-1.));
#8987=DIRECTION('',(0.999997836406213,0.00208018818676623,0.));
#8988=DIRECTION('center_axis',(0.,0.,-1.));
#8989=DIRECTION('ref_axis',(-0.532485995712828,-0.846438813128107,0.));
#8990=DIRECTION('center_axis',(0.,0.,1.));
#8991=DIRECTION('ref_axis',(-0.532485995712828,-0.846438813128107,0.));
#8992=DIRECTION('',(0.,0.,1.));
#8993=DIRECTION('',(0.,0.,-1.));
#8994=DIRECTION('center_axis',(-1.05090300887991E-14,-1.,0.));
#8995=DIRECTION('ref_axis',(-1.,1.05090300887991E-14,0.));
#8996=DIRECTION('',(0.,0.,-1.));
#8997=DIRECTION('',(-1.,1.05090300887991E-14,0.));
#8998=DIRECTION('center_axis',(0.,0.,-1.));
#8999=DIRECTION('ref_axis',(-0.552651957376223,0.833412151344237,0.));
#9000=DIRECTION('center_axis',(0.,0.,1.));
#9001=DIRECTION('ref_axis',(-0.552651957376223,0.833412151344237,0.));
#9002=DIRECTION('',(0.,0.,1.));
#9003=DIRECTION('',(0.,0.,-1.));
#9004=DIRECTION('center_axis',(0.,0.,-1.));
#9005=DIRECTION('ref_axis',(-0.993249822183958,-0.115994787518815,0.));
#9006=DIRECTION('',(0.,0.,1.));
#9007=DIRECTION('center_axis',(0.,0.,1.));
#9008=DIRECTION('ref_axis',(-0.993249822183958,-0.115994787518815,0.));
#9009=DIRECTION('center_axis',(0.,0.,-1.));
#9010=DIRECTION('ref_axis',(0.552651957376229,0.833412151344233,0.));
#9011=DIRECTION('center_axis',(0.,0.,1.));
#9012=DIRECTION('ref_axis',(0.552651957376229,0.833412151344233,0.));
#9013=DIRECTION('',(0.,0.,-1.));
#9014=DIRECTION('center_axis',(8.2087452180384E-16,1.,0.));
#9015=DIRECTION('ref_axis',(1.,-8.2087452180384E-16,0.));
#9016=DIRECTION('',(0.,0.,-1.));
#9017=DIRECTION('',(1.,-8.2087452180384E-16,0.));
#9018=DIRECTION('center_axis',(0.,0.,-1.));
#9019=DIRECTION('ref_axis',(-0.0985971768145447,0.995127427380133,0.));
#9020=DIRECTION('',(0.,0.,-1.));
#9021=DIRECTION('center_axis',(0.,0.,1.));
#9022=DIRECTION('ref_axis',(-0.0985971768145447,0.995127427380133,0.));
#9023=DIRECTION('center_axis',(0.,0.,-1.));
#9024=DIRECTION('ref_axis',(0.927367052092082,-0.374152844027734,0.));
#9025=DIRECTION('center_axis',(0.,0.,1.));
#9026=DIRECTION('ref_axis',(0.927367052092082,-0.374152844027734,0.));
#9027=DIRECTION('',(0.,0.,1.));
#9028=DIRECTION('',(0.,0.,-1.));
#9029=DIRECTION('center_axis',(0.,0.,-1.));
#9030=DIRECTION('ref_axis',(0.690762388054126,0.7230818233435,0.));
#9031=DIRECTION('center_axis',(0.,0.,1.));
#9032=DIRECTION('ref_axis',(0.690762388054126,0.7230818233435,0.));
#9033=DIRECTION('center_axis',(0.,0.,-1.));
#9034=DIRECTION('ref_axis',(0.893599130676684,-0.448865897182972,0.));
#9035=DIRECTION('center_axis',(0.,0.,1.));
#9036=DIRECTION('ref_axis',(0.893599130676684,-0.448865897182972,0.));
#9037=DIRECTION('',(0.,0.,1.));
#9038=DIRECTION('',(0.,0.,-1.));
#9039=DIRECTION('center_axis',(0.999999999911354,-1.33151088658231E-5,0.));
#9040=DIRECTION('ref_axis',(-1.33151088658231E-5,-0.999999999911354,0.));
#9041=DIRECTION('',(0.,0.,-1.));
#9042=DIRECTION('',(-1.33151088658231E-5,-0.999999999911354,0.));
#9043=DIRECTION('center_axis',(0.,0.,-1.));
#9044=DIRECTION('ref_axis',(0.893602808225175,0.448858575870041,0.));
#9045=DIRECTION('center_axis',(0.,0.,1.));
#9046=DIRECTION('ref_axis',(0.893602808225175,0.448858575870041,0.));
#9047=DIRECTION('',(0.,0.,1.));
#9048=DIRECTION('',(0.,0.,-1.));
#9049=DIRECTION('center_axis',(0.,0.,-1.));
#9050=DIRECTION('ref_axis',(-0.402273058205716,0.915519735801376,0.));
#9051=DIRECTION('center_axis',(0.,0.,1.));
#9052=DIRECTION('ref_axis',(-0.402273058205716,0.915519735801376,0.));
#9053=DIRECTION('center_axis',(0.,0.,-1.));
#9054=DIRECTION('ref_axis',(0.,-1.,0.));
#9055=DIRECTION('center_axis',(0.,0.,1.));
#9056=DIRECTION('ref_axis',(0.,-1.,0.));
#9057=DIRECTION('',(0.,0.,1.));
#9058=DIRECTION('',(0.,0.,1.));
#9059=DIRECTION('center_axis',(0.,-1.,0.));
#9060=DIRECTION('ref_axis',(-1.,0.,0.));
#9061=DIRECTION('',(-1.,0.,0.));
#9062=DIRECTION('',(0.,0.,-1.));
#9063=DIRECTION('center_axis',(0.,0.,-1.));
#9064=DIRECTION('ref_axis',(-0.0955922680226773,-0.995420573573945,0.));
#9065=DIRECTION('center_axis',(0.,0.,1.));
#9066=DIRECTION('ref_axis',(-0.0955922680226773,-0.995420573573945,0.));
#9067=DIRECTION('',(0.,0.,1.));
#9068=DIRECTION('',(0.,0.,-1.));
#9069=DIRECTION('center_axis',(0.,0.,-1.));
#9070=DIRECTION('ref_axis',(0.707037156610339,-0.707176398907915,0.));
#9071=DIRECTION('center_axis',(0.,0.,1.));
#9072=DIRECTION('ref_axis',(0.707037156610339,-0.707176398907915,0.));
#9073=DIRECTION('',(0.,0.,1.));
#9074=DIRECTION('',(0.,0.,-1.));
#9075=DIRECTION('center_axis',(0.999999995152896,-9.84591728461153E-5,0.));
#9076=DIRECTION('ref_axis',(-9.84591728461153E-5,-0.999999995152896,0.));
#9077=DIRECTION('',(0.,0.,1.));
#9078=DIRECTION('',(-9.84591728461153E-5,-0.999999995152896,0.));
#9079=DIRECTION('center_axis',(0.,0.,-1.));
#9080=DIRECTION('ref_axis',(-0.597086996201572,-0.802176488665047,0.));
#9081=DIRECTION('center_axis',(0.,0.,1.));
#9082=DIRECTION('ref_axis',(-0.597086996201572,-0.802176488665047,0.));
#9083=DIRECTION('',(0.,0.,1.));
#9084=DIRECTION('',(0.,0.,-1.));
#9085=DIRECTION('center_axis',(0.,0.,-1.));
#9086=DIRECTION('ref_axis',(-1.,0.,0.));
#9087=DIRECTION('',(-0.999999995152896,9.84591728447901E-5,0.));
#9088=DIRECTION('center_axis',(0.,0.,1.));
#9089=DIRECTION('ref_axis',(0.707037156610334,-0.707176398907921,0.));
#9090=DIRECTION('',(-9.84591728438038E-5,-0.999999995152896,0.));
#9091=DIRECTION('center_axis',(0.,0.,1.));
#9092=DIRECTION('ref_axis',(0.087341908440344,-0.996178393175639,0.));
#9093=DIRECTION('',(0.999912348193526,0.0132399369375201,0.));
#9094=DIRECTION('',(0.996388167135473,0.0849153719441504,0.));
#9095=DIRECTION('',(1.,-1.97647580221468E-17,0.));
#9096=DIRECTION('',(0.999904617586698,-0.0138114347118449,0.));
#9097=DIRECTION('center_axis',(0.,0.,1.));
#9098=DIRECTION('ref_axis',(-0.999885206256091,-0.0151517098115742,0.));
#9099=DIRECTION('',(-0.287068554355634,0.957910040191753,0.));
#9100=DIRECTION('center_axis',(-9.84591728447901E-5,-0.999999995152896,
0.));
#9101=DIRECTION('ref_axis',(-0.999999995152896,9.84591728447901E-5,0.));
#9102=DIRECTION('',(-4.37114091300122E-8,4.30378920768212E-12,0.999999999999999));
#9103=DIRECTION('',(4.37114091300113E-8,-4.30378920768203E-12,-0.999999999999999));
#9104=DIRECTION('',(-4.3711409130028E-8,4.30378920768368E-12,0.999999999999999));
#9105=DIRECTION('',(0.,0.,1.));
#9106=DIRECTION('center_axis',(0.,0.,-1.));
#9107=DIRECTION('ref_axis',(0.707037156610334,-0.707176398907921,0.));
#9108=DIRECTION('',(4.37114094920499E-8,-4.30378924332806E-12,-0.999999999999999));
#9109=DIRECTION('',(0.,0.,-1.));
#9110=DIRECTION('center_axis',(-9.8459172844817E-5,-0.999999995152896,0.));
#9111=DIRECTION('ref_axis',(-0.999999995152896,9.8459172844817E-5,0.));
#9112=DIRECTION('',(-0.999999995152896,9.8459172844817E-5,0.));
#9113=DIRECTION('',(-4.37114091300112E-8,4.3037892076832E-12,0.999999999999999));
#9114=DIRECTION('',(4.37114094920489E-8,-4.30378924332914E-12,-0.999999999999999));
#9115=DIRECTION('',(-4.37114094920499E-8,4.30378924332923E-12,0.999999999999999));
#9116=DIRECTION('',(4.37114091300122E-8,-4.3037892076833E-12,-0.999999999999999));
#9117=DIRECTION('center_axis',(-0.832679953613714,-0.553754543863852,0.));
#9118=DIRECTION('ref_axis',(-0.553754543863852,0.832679953613714,0.));
#9119=DIRECTION('',(-0.553754543863851,0.832679953613714,0.));
#9120=DIRECTION('',(0.,0.,-1.));
#9121=DIRECTION('center_axis',(0.,0.,-1.));
#9122=DIRECTION('ref_axis',(-1.,0.,0.));
#9123=DIRECTION('center_axis',(0.,0.,1.));
#9124=DIRECTION('ref_axis',(0.0882533772571961,-0.996098058126156,0.));
#9125=DIRECTION('',(0.999901400932058,0.0140423792181853,0.));
#9126=DIRECTION('',(1.,0.,0.));
#9127=DIRECTION('',(0.996388167135474,-0.0849153719441309,0.));
#9128=DIRECTION('',(0.999915474274438,-0.0130017039854638,0.));
#9129=DIRECTION('',(0.987013191320252,-0.160639223603115,0.));
#9130=DIRECTION('',(0.95242267800132,-0.304780318309423,0.));
#9131=DIRECTION('center_axis',(0.,0.,1.));
#9132=DIRECTION('ref_axis',(-0.999907393356601,0.013608993747047,0.));
#9133=DIRECTION('center_axis',(0.999999995152896,-9.84591728438038E-5,0.));
#9134=DIRECTION('ref_axis',(-9.84591728438038E-5,-0.999999995152896,0.));
#9135=DIRECTION('',(0.,0.,1.));
#9136=DIRECTION('center_axis',(-0.957910040191753,-0.287068554355634,0.));
#9137=DIRECTION('ref_axis',(-0.287068554355634,0.957910040191753,0.));
#9138=DIRECTION('',(0.,0.,-1.));
#9139=DIRECTION('center_axis',(-0.999999999999999,-1.19248805274807E-8,
-4.37114091299599E-8));
#9140=DIRECTION('ref_axis',(-4.37114091299599E-8,0.,0.999999999999999));
#9141=DIRECTION('center_axis',(0.,0.,-1.));
#9142=DIRECTION('ref_axis',(-0.999907393356601,0.013608993747047,0.));
#9143=DIRECTION('',(0.,0.,-1.));
#9144=DIRECTION('center_axis',(0.,0.,-1.));
#9145=DIRECTION('ref_axis',(-0.999907393356601,0.013608993747047,0.));
#9146=DIRECTION('',(0.,0.,-1.));
#9147=DIRECTION('center_axis',(-0.304780318309423,-0.95242267800132,0.));
#9148=DIRECTION('ref_axis',(-0.95242267800132,0.304780318309423,0.));
#9149=DIRECTION('',(0.,0.,-1.));
#9150=DIRECTION('',(-0.95242267800132,0.304780318309423,0.));
#9151=DIRECTION('center_axis',(-0.160639223603115,-0.987013191320252,0.));
#9152=DIRECTION('ref_axis',(-0.987013191320252,0.160639223603115,0.));
#9153=DIRECTION('',(0.,0.,-1.));
#9154=DIRECTION('',(-0.987013191320252,0.160639223603115,0.));
#9155=DIRECTION('center_axis',(-0.0130017039854638,-0.999915474274438,0.));
#9156=DIRECTION('ref_axis',(-0.999915474274438,0.0130017039854638,0.));
#9157=DIRECTION('',(0.,0.,-1.));
#9158=DIRECTION('',(-0.999915474274438,0.0130017039854638,0.));
#9159=DIRECTION('center_axis',(-0.0849153719441309,-0.996388167135474,0.));
#9160=DIRECTION('ref_axis',(-0.996388167135474,0.0849153719441309,0.));
#9161=DIRECTION('',(0.,0.,-1.));
#9162=DIRECTION('',(-0.996388167135474,0.0849153719441309,0.));
#9163=DIRECTION('center_axis',(0.0849153719441504,-0.996388167135473,0.));
#9164=DIRECTION('ref_axis',(-0.996388167135473,-0.0849153719441504,0.));
#9165=DIRECTION('',(0.,0.,-1.));
#9166=DIRECTION('',(-0.996388167135473,-0.0849153719441504,0.));
#9167=DIRECTION('',(0.,0.,-1.));
#9168=DIRECTION('center_axis',(0.0132399369375201,-0.999912348193526,0.));
#9169=DIRECTION('ref_axis',(-0.999912348193526,-0.0132399369375201,0.));
#9170=DIRECTION('',(0.,0.,-1.));
#9171=DIRECTION('',(-0.999912348193526,-0.0132399369375201,0.));
#9172=DIRECTION('center_axis',(0.,0.,-1.));
#9173=DIRECTION('ref_axis',(0.087341908440344,-0.996178393175639,0.));
#9174=DIRECTION('',(0.,0.,-1.));
#9175=DIRECTION('center_axis',(0.,0.,-1.));
#9176=DIRECTION('ref_axis',(0.087341908440344,-0.996178393175639,0.));
#9177=DIRECTION('center_axis',(0.999999999999999,1.1924880527481E-8,4.37114094919986E-8));
#9178=DIRECTION('ref_axis',(4.37114094919986E-8,0.,-0.999999999999999));
#9179=DIRECTION('center_axis',(-0.999999999999999,-1.1924880527481E-8,-4.37114091299767E-8));
#9180=DIRECTION('ref_axis',(-4.37114091299767E-8,0.,0.999999999999999));
#9181=DIRECTION('center_axis',(0.999999999999999,1.19248806385002E-8,4.37114091299609E-8));
#9182=DIRECTION('ref_axis',(4.37114091299609E-8,0.,-0.999999999999999));
#9183=DIRECTION('center_axis',(-0.999999999999999,-1.19248806385002E-8,
-4.37114094919986E-8));
#9184=DIRECTION('ref_axis',(-4.37114094919986E-8,0.,0.999999999999999));
#9185=DIRECTION('center_axis',(0.999999999999999,1.19248805274807E-8,4.37114094919976E-8));
#9186=DIRECTION('ref_axis',(4.37114094919976E-8,0.,-0.999999999999999));
#9187=DIRECTION('center_axis',(0.,-1.,0.));
#9188=DIRECTION('ref_axis',(-1.,0.,0.));
#9189=DIRECTION('',(0.,0.,-1.));
#9190=DIRECTION('',(-1.,0.,0.));
#9191=DIRECTION('center_axis',(-0.999999999999999,-1.1924880527481E-8,-4.37114091299609E-8));
#9192=DIRECTION('ref_axis',(-4.37114091299609E-8,0.,0.999999999999999));
#9193=DIRECTION('center_axis',(0.,0.,-1.));
#9194=DIRECTION('ref_axis',(0.0882533772571961,-0.996098058126156,0.));
#9195=DIRECTION('',(0.,0.,-1.));
#9196=DIRECTION('center_axis',(0.,0.,-1.));
#9197=DIRECTION('ref_axis',(0.0882533772571961,-0.996098058126156,0.));
#9198=DIRECTION('',(0.,0.,-1.));
#9199=DIRECTION('center_axis',(-0.999999999999999,-1.19248806385E-8,-4.371140912996E-8));
#9200=DIRECTION('ref_axis',(1.19248806385E-8,-1.,9.86076131526265E-32));
#9201=DIRECTION('center_axis',(0.,0.,-1.));
#9202=DIRECTION('ref_axis',(0.993816688157607,0.111033284826876,0.));
#9203=DIRECTION('center_axis',(0.,0.,-1.));
#9204=DIRECTION('ref_axis',(0.993816688157607,0.111033284826876,0.));
#9205=DIRECTION('',(0.,0.,-1.));
#9206=DIRECTION('center_axis',(0.,0.,-1.));
#9207=DIRECTION('ref_axis',(0.993816688157607,0.111033284826876,0.));
#9208=DIRECTION('',(0.,0.,-1.));
#9209=DIRECTION('center_axis',(1.01654513279288E-13,1.,0.));
#9210=DIRECTION('ref_axis',(1.,-1.01654513279288E-13,0.));
#9211=DIRECTION('',(1.,-1.01654513279288E-13,0.));
#9212=DIRECTION('',(0.,0.,-1.));
#9213=DIRECTION('',(1.,-1.01654513279288E-13,0.));
#9214=DIRECTION('center_axis',(0.,0.,-1.));
#9215=DIRECTION('ref_axis',(-0.999859311739288,-0.016773691550707,0.));
#9216=DIRECTION('center_axis',(0.,0.,1.));
#9217=DIRECTION('ref_axis',(-0.999859311739288,-0.016773691550707,0.));
#9218=DIRECTION('',(0.,0.,-1.));
#9219=DIRECTION('center_axis',(0.,0.,1.));
#9220=DIRECTION('ref_axis',(-0.999859311739288,-0.016773691550707,0.));
#9221=DIRECTION('center_axis',(0.,0.,-1.));
#9222=DIRECTION('ref_axis',(-0.0358795916893623,0.999356120159478,0.));
#9223=DIRECTION('center_axis',(0.,0.,1.));
#9224=DIRECTION('ref_axis',(-0.0358795916893623,0.999356120159478,0.));
#9225=DIRECTION('',(0.,0.,-1.));
#9226=DIRECTION('center_axis',(0.,0.,1.));
#9227=DIRECTION('ref_axis',(-0.0358795916893623,0.999356120159478,0.));
#9228=DIRECTION('center_axis',(0.,0.,-1.));
#9229=DIRECTION('ref_axis',(-0.043733228555265,-0.999043244669686,0.));
#9230=DIRECTION('center_axis',(0.,0.,-1.));
#9231=DIRECTION('ref_axis',(-0.043733228555265,-0.999043244669686,0.));
#9232=DIRECTION('',(0.,0.,-1.));
#9233=DIRECTION('center_axis',(0.,0.,-1.));
#9234=DIRECTION('ref_axis',(-0.043733228555265,-0.999043244669686,0.));
#9235=DIRECTION('center_axis',(0.691600513333345,-0.722280229521101,0.));
#9236=DIRECTION('ref_axis',(-0.722280229521101,-0.691600513333345,0.));
#9237=DIRECTION('',(-0.722280229521101,-0.691600513333345,0.));
#9238=DIRECTION('',(0.,0.,-1.));
#9239=DIRECTION('',(-0.722280229521101,-0.691600513333345,0.));
#9240=DIRECTION('center_axis',(0.,0.,-1.));
#9241=DIRECTION('ref_axis',(0.999999995904084,9.0508736997426E-5,0.));
#9242=DIRECTION('center_axis',(0.,0.,1.));
#9243=DIRECTION('ref_axis',(0.999999995904084,9.0508736997426E-5,0.));
#9244=DIRECTION('',(0.,0.,-1.));
#9245=DIRECTION('center_axis',(0.,0.,1.));
#9246=DIRECTION('ref_axis',(0.999999995904084,9.0508736997426E-5,0.));
#9247=DIRECTION('center_axis',(-1.,-1.57779724107211E-13,0.));
#9248=DIRECTION('ref_axis',(-1.57779724107211E-13,1.,0.));
#9249=DIRECTION('',(-1.57779724107211E-13,1.,0.));
#9250=DIRECTION('',(0.,0.,-1.));
#9251=DIRECTION('',(-1.57779724107211E-13,1.,0.));
#9252=DIRECTION('center_axis',(0.,0.,-1.));
#9253=DIRECTION('ref_axis',(0.00577450833740535,-0.999983327387743,0.));
#9254=DIRECTION('center_axis',(0.,0.,1.));
#9255=DIRECTION('ref_axis',(0.00577450833740535,-0.999983327387743,0.));
#9256=DIRECTION('',(0.,0.,-1.));
#9257=DIRECTION('center_axis',(0.,0.,1.));
#9258=DIRECTION('ref_axis',(0.00577450833740535,-0.999983327387743,0.));
#9259=DIRECTION('center_axis',(-0.00539033915524187,0.999985472016365,0.));
#9260=DIRECTION('ref_axis',(0.999985472016365,0.00539033915524186,0.));
#9261=DIRECTION('',(0.999985472016365,0.00539033915524186,0.));
#9262=DIRECTION('',(0.,0.,-1.));
#9263=DIRECTION('',(0.999985472016365,0.00539033915524186,0.));
#9264=DIRECTION('center_axis',(0.,0.,-1.));
#9265=DIRECTION('ref_axis',(-0.994690281031275,-0.102913773723073,0.));
#9266=DIRECTION('center_axis',(0.,0.,1.));
#9267=DIRECTION('ref_axis',(-0.994690281031275,-0.102913773723073,0.));
#9268=DIRECTION('',(0.,0.,-1.));
#9269=DIRECTION('center_axis',(0.,0.,1.));
#9270=DIRECTION('ref_axis',(-0.994690281031275,-0.102913773723073,0.));
#9271=DIRECTION('center_axis',(0.999116299124861,0.0420311886941206,0.));
#9272=DIRECTION('ref_axis',(0.0420311886941206,-0.999116299124861,0.));
#9273=DIRECTION('',(0.0420311886941206,-0.999116299124861,0.));
#9274=DIRECTION('',(0.0420311886941206,-0.999116299124861,0.));
#9275=DIRECTION('center_axis',(0.,0.,-1.));
#9276=DIRECTION('ref_axis',(-0.00231740030089949,0.999997314824318,0.));
#9277=DIRECTION('center_axis',(0.,0.,1.));
#9278=DIRECTION('ref_axis',(-0.00231740030089949,0.999997314824318,0.));
#9279=DIRECTION('',(0.,0.,-1.));
#9280=DIRECTION('center_axis',(0.,0.,1.));
#9281=DIRECTION('ref_axis',(-0.00231740030089949,0.999997314824318,0.));
#9282=DIRECTION('center_axis',(0.00208244363006671,-0.999997831711913,0.));
#9283=DIRECTION('ref_axis',(-0.999997831711913,-0.00208244363006671,0.));
#9284=DIRECTION('',(-0.999997831711913,-0.00208244363006671,0.));
#9285=DIRECTION('',(0.,0.,-1.));
#9286=DIRECTION('',(-0.999997831711913,-0.00208244363006671,0.));
#9287=DIRECTION('center_axis',(0.,0.,-1.));
#9288=DIRECTION('ref_axis',(0.00231740030116928,-0.999997314824317,0.));
#9289=DIRECTION('center_axis',(0.,0.,1.));
#9290=DIRECTION('ref_axis',(0.00231740030116928,-0.999997314824317,0.));
#9291=DIRECTION('',(0.,0.,-1.));
#9292=DIRECTION('center_axis',(0.,0.,1.));
#9293=DIRECTION('ref_axis',(0.00231740030116928,-0.999997314824317,0.));
#9294=DIRECTION('center_axis',(-0.00208190847048779,0.999997832826212,0.));
#9295=DIRECTION('ref_axis',(0.999997832826212,0.00208190847048779,0.));
#9296=DIRECTION('',(0.999997832826212,0.00208190847048779,0.));
#9297=DIRECTION('',(0.999997832826212,0.00208190847048779,0.));
#9298=DIRECTION('center_axis',(0.,0.,-1.));
#9299=DIRECTION('ref_axis',(0.996789324228459,0.080068989653744,0.));
#9300=DIRECTION('center_axis',(0.,0.,-1.));
#9301=DIRECTION('ref_axis',(0.996789324228459,0.080068989653744,0.));
#9302=DIRECTION('',(0.,0.,-1.));
#9303=DIRECTION('center_axis',(0.,0.,-1.));
#9304=DIRECTION('ref_axis',(0.996789324228459,0.080068989653744,0.));
#9305=DIRECTION('',(0.,0.,-1.));
#9306=DIRECTION('center_axis',(0.000405529518776571,0.999999917772901,0.));
#9307=DIRECTION('ref_axis',(0.999999917772901,-0.000405529518776571,0.));
#9308=DIRECTION('',(0.999999917772901,-0.000405529518776571,0.));
#9309=DIRECTION('',(0.,0.,-1.));
#9310=DIRECTION('',(0.999999917772901,-0.000405529518776571,0.));
#9311=DIRECTION('center_axis',(0.,0.,-1.));
#9312=DIRECTION('ref_axis',(0.0735806398734624,0.997289270691213,0.));
#9313=DIRECTION('center_axis',(0.,0.,-1.));
#9314=DIRECTION('ref_axis',(0.0735806398734624,0.997289270691213,0.));
#9315=DIRECTION('',(0.,0.,-1.));
#9316=DIRECTION('center_axis',(0.,0.,-1.));
#9317=DIRECTION('ref_axis',(0.0735806398734624,0.997289270691213,0.));
#9318=DIRECTION('center_axis',(-1.,5.58494320113107E-15,0.));
#9319=DIRECTION('ref_axis',(5.58494320113107E-15,1.,0.));
#9320=DIRECTION('',(5.58494320113107E-15,1.,0.));
#9321=DIRECTION('',(0.,0.,-1.));
#9322=DIRECTION('',(5.58494320113107E-15,1.,0.));
#9323=DIRECTION('center_axis',(0.,0.,-1.));
#9324=DIRECTION('ref_axis',(-0.999625822724658,-0.0273535105982681,0.));
#9325=DIRECTION('center_axis',(0.,0.,-1.));
#9326=DIRECTION('ref_axis',(-0.999625822724658,-0.0273535105982681,0.));
#9327=DIRECTION('',(0.,0.,-1.));
#9328=DIRECTION('center_axis',(0.,0.,-1.));
#9329=DIRECTION('ref_axis',(-0.999625822724658,-0.0273535105982681,0.));
#9330=DIRECTION('center_axis',(-1.0110982009513E-13,-1.,0.));
#9331=DIRECTION('ref_axis',(-1.,1.0110982009513E-13,0.));
#9332=DIRECTION('',(-1.,1.0110982009513E-13,0.));
#9333=DIRECTION('',(0.,0.,-1.));
#9334=DIRECTION('',(-1.,1.0110982009513E-13,0.));
#9335=DIRECTION('center_axis',(0.,0.,-1.));
#9336=DIRECTION('ref_axis',(-0.0641167215416126,-0.997942406163179,0.));
#9337=DIRECTION('center_axis',(0.,0.,-1.));
#9338=DIRECTION('ref_axis',(-0.0641167215416126,-0.997942406163179,0.));
#9339=DIRECTION('',(0.,0.,-1.));
#9340=DIRECTION('center_axis',(0.,0.,-1.));
#9341=DIRECTION('ref_axis',(-0.0641167215416126,-0.997942406163179,0.));
#9342=DIRECTION('center_axis',(1.,6.39597153759588E-15,0.));
#9343=DIRECTION('ref_axis',(6.39597153759588E-15,-1.,0.));
#9344=DIRECTION('',(6.39597153759588E-15,-1.,0.));
#9345=DIRECTION('',(0.,0.,-1.));
#9346=DIRECTION('',(6.39597153759588E-15,-1.,0.));
#9347=DIRECTION('center_axis',(0.,0.,-1.));
#9348=DIRECTION('ref_axis',(0.999999994950026,0.000100498501381898,0.));
#9349=DIRECTION('center_axis',(0.,0.,1.));
#9350=DIRECTION('ref_axis',(0.999999994950026,0.000100498501381898,0.));
#9351=DIRECTION('',(0.,0.,-1.));
#9352=DIRECTION('center_axis',(0.,0.,1.));
#9353=DIRECTION('ref_axis',(0.999999994950026,0.000100498501381898,0.));
#9354=DIRECTION('center_axis',(-1.,0.,0.));
#9355=DIRECTION('ref_axis',(0.,1.,0.));
#9356=DIRECTION('',(0.,1.,0.));
#9357=DIRECTION('',(0.,1.,0.));
#9358=DIRECTION('center_axis',(-0.965810648990665,-0.259248510692405,0.));
#9359=DIRECTION('ref_axis',(-0.259248510692405,0.965810648990665,0.));
#9360=DIRECTION('',(-0.259248510692405,0.965810648990665,0.));
#9361=DIRECTION('',(0.,0.,-1.));
#9362=DIRECTION('',(-0.259248510692405,0.965810648990665,0.));
#9363=DIRECTION('center_axis',(-0.987703974780167,-0.156335722736228,0.));
#9364=DIRECTION('ref_axis',(-0.156335722736228,0.987703974780167,0.));
#9365=DIRECTION('',(-0.156335722736228,0.987703974780167,0.));
#9366=DIRECTION('',(0.,0.,-1.));
#9367=DIRECTION('',(-0.156335722736228,0.987703974780167,0.));
#9368=DIRECTION('center_axis',(-0.998649205170844,-0.0519592630013419,0.));
#9369=DIRECTION('ref_axis',(-0.0519592630013419,0.998649205170844,0.));
#9370=DIRECTION('',(-0.0519592630013419,0.998649205170844,0.));
#9371=DIRECTION('',(0.,0.,-1.));
#9372=DIRECTION('',(-0.0519592630013419,0.998649205170844,0.));
#9373=DIRECTION('center_axis',(0.,0.,-1.));
#9374=DIRECTION('ref_axis',(-0.31088517734339,-0.950447476985535,0.));
#9375=DIRECTION('center_axis',(0.,0.,1.));
#9376=DIRECTION('ref_axis',(-0.703893537980886,0.710305488637636,0.));
#9377=DIRECTION('center_axis',(0.,0.,1.));
#9378=DIRECTION('ref_axis',(-0.703893537980886,0.710305488637636,0.));
#9379=DIRECTION('center_axis',(0.,0.,-1.));
#9380=DIRECTION('ref_axis',(0.999209979246552,-0.0397418843803985,0.));
#9381=DIRECTION('center_axis',(0.,0.,-1.));
#9382=DIRECTION('ref_axis',(0.999209979246552,-0.0397418843803985,0.));
#9383=DIRECTION('',(0.,0.,-1.));
#9384=DIRECTION('center_axis',(0.,0.,-1.));
#9385=DIRECTION('ref_axis',(0.999209979246552,-0.0397418843803985,0.));
#9386=DIRECTION('center_axis',(0.000285973061988353,0.999999959109703,0.));
#9387=DIRECTION('ref_axis',(0.999999959109703,-0.000285973061988353,0.));
#9388=DIRECTION('',(0.999999959109703,-0.000285973061988353,0.));
#9389=DIRECTION('',(0.,0.,-1.));
#9390=DIRECTION('',(0.999999959109703,-0.000285973061988353,0.));
#9391=DIRECTION('center_axis',(0.,0.,-1.));
#9392=DIRECTION('ref_axis',(-0.999636477286931,-0.0269613292953956,0.));
#9393=DIRECTION('center_axis',(0.,0.,1.));
#9394=DIRECTION('ref_axis',(-0.999636477286931,-0.0269613292953956,0.));
#9395=DIRECTION('',(0.,0.,-1.));
#9396=DIRECTION('center_axis',(0.,0.,1.));
#9397=DIRECTION('ref_axis',(-0.999636477286931,-0.0269613292953956,0.));
#9398=DIRECTION('center_axis',(1.,0.,0.));
#9399=DIRECTION('ref_axis',(0.,-1.,0.));
#9400=DIRECTION('',(0.,-1.,0.));
#9401=DIRECTION('',(0.,0.,-1.));
#9402=DIRECTION('',(0.,-1.,0.));
#9403=DIRECTION('center_axis',(0.,0.,-1.));
#9404=DIRECTION('ref_axis',(0.0472545401574352,0.998882880238974,0.));
#9405=DIRECTION('center_axis',(0.,0.,1.));
#9406=DIRECTION('ref_axis',(0.0472545401574352,0.998882880238974,0.));
#9407=DIRECTION('',(0.,0.,-1.));
#9408=DIRECTION('center_axis',(0.,0.,1.));
#9409=DIRECTION('ref_axis',(0.0472545401574352,0.998882880238974,0.));
#9410=DIRECTION('center_axis',(-0.000700220396889146,-0.999999754845668,
0.));
#9411=DIRECTION('ref_axis',(-0.999999754845668,0.000700220396889146,0.));
#9412=DIRECTION('',(-0.999999754845668,0.000700220396889146,0.));
#9413=DIRECTION('',(0.,0.,-1.));
#9414=DIRECTION('',(-0.999999754845668,0.000700220396889146,0.));
#9415=DIRECTION('center_axis',(0.,0.,-1.));
#9416=DIRECTION('ref_axis',(0.99901426494057,-0.0443902967466201,0.));
#9417=DIRECTION('center_axis',(0.,0.,1.));
#9418=DIRECTION('ref_axis',(0.99901426494057,-0.0443902967466201,0.));
#9419=DIRECTION('',(0.,0.,-1.));
#9420=DIRECTION('center_axis',(0.,0.,1.));
#9421=DIRECTION('ref_axis',(0.99901426494057,-0.0443902967466201,0.));
#9422=DIRECTION('center_axis',(-1.,0.,0.));
#9423=DIRECTION('ref_axis',(0.,1.,0.));
#9424=DIRECTION('',(0.,1.,0.));
#9425=DIRECTION('',(0.,1.,0.));
#9426=DIRECTION('center_axis',(0.,0.,-1.));
#9427=DIRECTION('ref_axis',(0.770683596082562,-0.637218011930964,0.));
#9428=DIRECTION('center_axis',(0.,0.,1.));
#9429=DIRECTION('ref_axis',(0.770683596082562,-0.637218011930964,0.));
#9430=DIRECTION('',(0.,0.,-1.));
#9431=DIRECTION('center_axis',(0.,0.,1.));
#9432=DIRECTION('ref_axis',(0.770683596082562,-0.637218011930964,0.));
#9433=DIRECTION('center_axis',(0.,0.,-1.));
#9434=DIRECTION('ref_axis',(-0.94193574915764,-0.335793157254337,0.));
#9435=DIRECTION('center_axis',(0.,0.,1.));
#9436=DIRECTION('ref_axis',(-0.94193574915764,-0.335793157254337,0.));
#9437=DIRECTION('center_axis',(0.,0.,1.));
#9438=DIRECTION('ref_axis',(-0.94193574915764,-0.335793157254337,0.));
#9439=DIRECTION('center_axis',(0.999999769859815,0.000678439619841583,0.));
#9440=DIRECTION('ref_axis',(0.000678439619841583,-0.999999769859815,0.));
#9441=DIRECTION('',(0.000678439619841583,-0.999999769859815,0.));
#9442=DIRECTION('',(0.000678439619841583,-0.999999769859815,0.));
#9443=DIRECTION('center_axis',(0.,0.,-1.));
#9444=DIRECTION('ref_axis',(0.999542271135788,-0.030253069475848,0.));
#9445=DIRECTION('center_axis',(0.,0.,-1.));
#9446=DIRECTION('ref_axis',(0.999542271135788,-0.030253069475848,0.));
#9447=DIRECTION('',(0.,0.,-1.));
#9448=DIRECTION('center_axis',(0.,0.,-1.));
#9449=DIRECTION('ref_axis',(0.999542271135788,-0.030253069475848,0.));
#9450=DIRECTION('',(0.,0.,-1.));
#9451=DIRECTION('center_axis',(-1.070271308052E-14,1.,0.));
#9452=DIRECTION('ref_axis',(1.,1.070271308052E-14,0.));
#9453=DIRECTION('',(1.,1.070271308052E-14,0.));
#9454=DIRECTION('',(0.,0.,-1.));
#9455=DIRECTION('',(1.,1.070271308052E-14,0.));
#9456=DIRECTION('center_axis',(0.,0.,-1.));
#9457=DIRECTION('ref_axis',(-0.00025208936154501,0.999999968225476,0.));
#9458=DIRECTION('center_axis',(0.,0.,1.));
#9459=DIRECTION('ref_axis',(-0.00025208936154501,0.999999968225476,0.));
#9460=DIRECTION('',(0.,0.,-1.));
#9461=DIRECTION('center_axis',(0.,0.,1.));
#9462=DIRECTION('ref_axis',(-0.00025208936154501,0.999999968225476,0.));
#9463=DIRECTION('center_axis',(-3.10099860366224E-15,-1.,0.));
#9464=DIRECTION('ref_axis',(-1.,3.10099860366224E-15,0.));
#9465=DIRECTION('',(-1.,3.10099860366224E-15,0.));
#9466=DIRECTION('',(0.,0.,-1.));
#9467=DIRECTION('',(-1.,3.10099860366224E-15,0.));
#9468=DIRECTION('center_axis',(0.,0.,-1.));
#9469=DIRECTION('ref_axis',(0.999692541740931,0.0247956041982495,0.));
#9470=DIRECTION('center_axis',(0.,0.,1.));
#9471=DIRECTION('ref_axis',(0.999692541740931,0.0247956041982495,0.));
#9472=DIRECTION('',(0.,0.,-1.));
#9473=DIRECTION('center_axis',(0.,0.,1.));
#9474=DIRECTION('ref_axis',(0.999692541740931,0.0247956041982495,0.));
#9475=DIRECTION('center_axis',(-0.999999980405548,-0.000197961872055743,
0.));
#9476=DIRECTION('ref_axis',(-0.000197961872055743,0.999999980405548,0.));
#9477=DIRECTION('',(-0.000197961872055743,0.999999980405548,0.));
#9478=DIRECTION('',(0.,0.,-1.));
#9479=DIRECTION('',(-0.000197961872055743,0.999999980405548,0.));
#9480=DIRECTION('center_axis',(-0.999048637756795,-0.0436098543484336,0.));
#9481=DIRECTION('ref_axis',(-0.0436098543484336,0.999048637756795,0.));
#9482=DIRECTION('',(-0.0436098543484336,0.999048637756795,0.));
#9483=DIRECTION('',(0.,0.,-1.));
#9484=DIRECTION('',(-0.0436098543484336,0.999048637756795,0.));
#9485=DIRECTION('center_axis',(-0.987823313920687,-0.155579884544092,0.));
#9486=DIRECTION('ref_axis',(-0.155579884544092,0.987823313920686,0.));
#9487=DIRECTION('',(-0.155579884544092,0.987823313920686,0.));
#9488=DIRECTION('',(0.,0.,-1.));
#9489=DIRECTION('',(-0.155579884544092,0.987823313920686,0.));
#9490=DIRECTION('center_axis',(-0.994793767320519,-0.10190858894249,0.));
#9491=DIRECTION('ref_axis',(-0.10190858894249,0.994793767320519,0.));
#9492=DIRECTION('',(-0.10190858894249,0.994793767320519,0.));
#9493=DIRECTION('',(0.,0.,-1.));
#9494=DIRECTION('',(-0.10190858894249,0.994793767320519,0.));
#9495=DIRECTION('center_axis',(0.,0.,-1.));
#9496=DIRECTION('ref_axis',(0.942437741126714,-0.334381674288495,0.));
#9497=DIRECTION('center_axis',(0.,0.,1.));
#9498=DIRECTION('ref_axis',(0.942437741126714,-0.334381674288495,0.));
#9499=DIRECTION('',(0.,0.,-1.));
#9500=DIRECTION('center_axis',(0.,0.,1.));
#9501=DIRECTION('ref_axis',(0.942437741126714,-0.334381674288495,0.));
#9502=DIRECTION('center_axis',(-0.899436967589458,0.437050502040075,0.));
#9503=DIRECTION('ref_axis',(0.437050502040074,0.899436967589457,0.));
#9504=DIRECTION('',(0.437050502040074,0.899436967589457,0.));
#9505=DIRECTION('',(0.,0.,-1.));
#9506=DIRECTION('',(0.437050502040074,0.899436967589457,0.));
#9507=DIRECTION('center_axis',(-0.936834118581597,0.349773975963682,0.));
#9508=DIRECTION('ref_axis',(0.349773975963682,0.936834118581597,0.));
#9509=DIRECTION('',(0.349773975963682,0.936834118581597,0.));
#9510=DIRECTION('',(0.,0.,-1.));
#9511=DIRECTION('',(0.349773975963682,0.936834118581597,0.));
#9512=DIRECTION('center_axis',(0.,0.,-1.));
#9513=DIRECTION('ref_axis',(-0.967127771229771,0.254290924171775,0.));
#9514=DIRECTION('center_axis',(0.,0.,1.));
#9515=DIRECTION('ref_axis',(-0.967127771229771,0.254290924171775,0.));
#9516=DIRECTION('center_axis',(0.,0.,1.));
#9517=DIRECTION('ref_axis',(-0.967127771229771,0.254290924171775,0.));
#9518=DIRECTION('center_axis',(0.994793134051769,0.101914770487205,0.));
#9519=DIRECTION('ref_axis',(0.101914770487205,-0.994793134051769,0.));
#9520=DIRECTION('',(0.101914770487205,-0.994793134051769,0.));
#9521=DIRECTION('',(0.,0.,-1.));
#9522=DIRECTION('',(0.101914770487205,-0.994793134051769,0.));
#9523=DIRECTION('center_axis',(0.991107575225731,0.133063046448561,0.));
#9524=DIRECTION('ref_axis',(0.133063046448561,-0.991107575225731,0.));
#9525=DIRECTION('',(0.133063046448561,-0.991107575225731,0.));
#9526=DIRECTION('',(0.,0.,-1.));
#9527=DIRECTION('',(0.133063046448561,-0.991107575225731,0.));
#9528=DIRECTION('center_axis',(0.998789323041005,0.0491923589522934,0.));
#9529=DIRECTION('ref_axis',(0.0491923589522934,-0.998789323041005,0.));
#9530=DIRECTION('',(0.0491923589522934,-0.998789323041005,0.));
#9531=DIRECTION('',(0.,0.,-1.));
#9532=DIRECTION('',(0.0491923589522934,-0.998789323041005,0.));
#9533=DIRECTION('center_axis',(1.,1.42243027932775E-14,0.));
#9534=DIRECTION('ref_axis',(1.42243027932775E-14,-1.,0.));
#9535=DIRECTION('',(1.42243027932775E-14,-1.,0.));
#9536=DIRECTION('',(1.42243027932775E-14,-1.,0.));
#9537=DIRECTION('center_axis',(0.,0.,-1.));
#9538=DIRECTION('ref_axis',(-0.00847277397998336,0.999964105406331,0.));
#9539=DIRECTION('',(0.,0.,-1.));
#9540=DIRECTION('center_axis',(0.,0.,-1.));
#9541=DIRECTION('ref_axis',(-0.00847277397998336,0.999964105406331,0.));
#9542=DIRECTION('center_axis',(-1.,-1.54585816642469E-15,0.));
#9543=DIRECTION('ref_axis',(-1.54585816642469E-15,1.,0.));
#9544=DIRECTION('',(0.,0.,-1.));
#9545=DIRECTION('',(-1.54585816642469E-15,1.,0.));
#9546=DIRECTION('center_axis',(-0.989936475731103,-0.141512451809313,0.));
#9547=DIRECTION('ref_axis',(-0.141512451809313,0.989936475731103,0.));
#9548=DIRECTION('',(0.,0.,-1.));
#9549=DIRECTION('',(-0.141512451809313,0.989936475731103,0.));
#9550=DIRECTION('center_axis',(0.,0.,-1.));
#9551=DIRECTION('ref_axis',(-0.999942062263743,0.0107643910990345,0.));
#9552=DIRECTION('',(0.,0.,-1.));
#9553=DIRECTION('center_axis',(0.,0.,-1.));
#9554=DIRECTION('ref_axis',(-0.999942062263743,0.0107643910990345,0.));
#9555=DIRECTION('center_axis',(-0.522525354385016,-0.852623747044857,0.));
#9556=DIRECTION('ref_axis',(-0.852623747044857,0.522525354385016,0.));
#9557=DIRECTION('',(0.,0.,-1.));
#9558=DIRECTION('',(-0.852623747044857,0.522525354385016,0.));
#9559=DIRECTION('center_axis',(-0.382707907214741,-0.923869394316812,0.));
#9560=DIRECTION('ref_axis',(-0.923869394316812,0.382707907214741,0.));
#9561=DIRECTION('',(0.,0.,-1.));
#9562=DIRECTION('',(-0.923869394316812,0.382707907214741,0.));
#9563=DIRECTION('center_axis',(-0.233471058356933,-0.972363751334702,0.));
#9564=DIRECTION('ref_axis',(-0.972363751334702,0.233471058356933,0.));
#9565=DIRECTION('',(0.,0.,-1.));
#9566=DIRECTION('',(-0.972363751334702,0.233471058356933,0.));
#9567=DIRECTION('center_axis',(-0.0784584730087552,-0.996917382741988,0.));
#9568=DIRECTION('ref_axis',(-0.996917382741987,0.0784584730087552,0.));
#9569=DIRECTION('',(-0.996917382741987,0.0784584730087552,0.));
#9570=DIRECTION('center_axis',(0.947636938964831,0.31934970159586,0.));
#9571=DIRECTION('ref_axis',(0.31934970159586,-0.947636938964831,0.));
#9572=DIRECTION('',(0.,0.,-1.));
#9573=DIRECTION('',(0.31934970159586,-0.947636938964831,0.));
#9574=DIRECTION('center_axis',(0.889478667433714,0.45697669544556,0.));
#9575=DIRECTION('ref_axis',(0.45697669544556,-0.889478667433714,0.));
#9576=DIRECTION('',(0.,0.,-1.));
#9577=DIRECTION('',(0.45697669544556,-0.889478667433714,0.));
#9578=DIRECTION('center_axis',(0.81146419671479,0.584402136760314,0.));
#9579=DIRECTION('ref_axis',(0.584402136760313,-0.81146419671479,0.));
#9580=DIRECTION('',(0.,0.,-1.));
#9581=DIRECTION('',(0.584402136760313,-0.81146419671479,0.));
#9582=DIRECTION('center_axis',(0.716296736050254,0.697795805321122,0.));
#9583=DIRECTION('ref_axis',(0.697795805321122,-0.716296736050254,0.));
#9584=DIRECTION('',(0.,0.,-1.));
#9585=DIRECTION('',(0.697795805321122,-0.716296736050254,0.));
#9586=DIRECTION('center_axis',(0.,0.,-1.));
#9587=DIRECTION('ref_axis',(-0.990720036523635,-0.135918391804082,0.));
#9588=DIRECTION('',(0.,0.,-1.));
#9589=DIRECTION('center_axis',(0.,0.,1.));
#9590=DIRECTION('ref_axis',(-0.990720036523635,-0.135918391804082,0.));
#9591=DIRECTION('center_axis',(0.997114450342911,0.0759129298430392,0.));
#9592=DIRECTION('ref_axis',(0.0759129298430392,-0.997114450342911,0.));
#9593=DIRECTION('',(0.,0.,-1.));
#9594=DIRECTION('',(0.0759129298430392,-0.997114450342911,0.));
#9595=DIRECTION('center_axis',(0.98461161213509,0.174756897571279,0.));
#9596=DIRECTION('ref_axis',(0.174756897571279,-0.98461161213509,0.));
#9597=DIRECTION('',(0.,0.,-1.));
#9598=DIRECTION('',(0.174756897571279,-0.98461161213509,0.));
#9599=DIRECTION('center_axis',(0.999599011117712,0.0283163728696222,0.));
#9600=DIRECTION('ref_axis',(0.0283163728696222,-0.999599011117713,0.));
#9601=DIRECTION('',(0.,0.,-1.));
#9602=DIRECTION('',(0.0283163728696222,-0.999599011117712,0.));
#9603=DIRECTION('center_axis',(0.998731109154747,-0.0503604170607072,0.));
#9604=DIRECTION('ref_axis',(-0.0503604170607072,-0.998731109154747,0.));
#9605=DIRECTION('',(0.,0.,-1.));
#9606=DIRECTION('',(-0.0503604170607072,-0.998731109154747,0.));
#9607=DIRECTION('center_axis',(1.,7.15077400773953E-16,0.));
#9608=DIRECTION('ref_axis',(7.15077400773953E-16,-1.,0.));
#9609=DIRECTION('',(7.15077400773953E-16,-1.,0.));
#9610=DIRECTION('center_axis',(0.,0.,-1.));
#9611=DIRECTION('ref_axis',(-0.638477681614444,0.769640338132198,0.));
#9612=DIRECTION('center_axis',(0.,0.,1.));
#9613=DIRECTION('ref_axis',(-0.638477681614444,0.769640338132198,0.));
#9614=DIRECTION('center_axis',(0.0347612086158021,-0.999395646566248,0.));
#9615=DIRECTION('ref_axis',(-0.999395646566248,-0.0347612086158021,0.));
#9616=DIRECTION('',(0.,0.,-1.));
#9617=DIRECTION('',(-0.999395646566248,-0.0347612086158021,0.));
#9618=DIRECTION('center_axis',(0.146503636928917,-0.989210131552746,0.));
#9619=DIRECTION('ref_axis',(-0.989210131552746,-0.146503636928917,0.));
#9620=DIRECTION('',(0.,0.,-1.));
#9621=DIRECTION('',(-0.989210131552746,-0.146503636928917,0.));
#9622=DIRECTION('center_axis',(0.0491811317534151,-0.998789875939606,0.));
#9623=DIRECTION('ref_axis',(-0.998789875939606,-0.0491811317534151,0.));
#9624=DIRECTION('',(0.,0.,-1.));
#9625=DIRECTION('',(-0.998789875939606,-0.0491811317534151,0.));
#9626=DIRECTION('center_axis',(0.,-1.,0.));
#9627=DIRECTION('ref_axis',(-1.,0.,0.));
#9628=DIRECTION('',(0.,0.,-1.));
#9629=DIRECTION('',(-1.,0.,0.));
#9630=DIRECTION('center_axis',(0.,0.,-1.));
#9631=DIRECTION('ref_axis',(0.000252089361530354,-0.999999968225476,0.));
#9632=DIRECTION('',(0.,0.,-1.));
#9633=DIRECTION('center_axis',(0.,0.,1.));
#9634=DIRECTION('ref_axis',(0.000252089361530354,-0.999999968225476,0.));
#9635=DIRECTION('center_axis',(-1.31516297773564E-14,1.,0.));
#9636=DIRECTION('ref_axis',(1.,1.31516297773564E-14,0.));
#9637=DIRECTION('',(0.,0.,-1.));
#9638=DIRECTION('',(1.,1.31516297773564E-14,0.));
#9639=DIRECTION('center_axis',(-0.036095345671391,0.999348350687018,0.));
#9640=DIRECTION('ref_axis',(0.999348350687018,0.036095345671391,0.));
#9641=DIRECTION('',(0.,0.,-1.));
#9642=DIRECTION('',(0.999348350687018,0.0360953456713909,0.));
#9643=DIRECTION('center_axis',(0.,0.,-1.));
#9644=DIRECTION('ref_axis',(-0.106115033196351,0.994353860418783,0.));
#9645=DIRECTION('',(0.,0.,-1.));
#9646=DIRECTION('center_axis',(0.,0.,-1.));
#9647=DIRECTION('ref_axis',(-0.106115033196351,0.994353860418783,0.));
#9648=DIRECTION('center_axis',(-1.,1.15294541771688E-14,0.));
#9649=DIRECTION('ref_axis',(1.15294541771688E-14,1.,0.));
#9650=DIRECTION('',(0.,0.,-1.));
#9651=DIRECTION('',(1.15294541771688E-14,1.,0.));
#9652=DIRECTION('center_axis',(0.,0.,-1.));
#9653=DIRECTION('ref_axis',(-0.999909145698068,-0.0134796271965908,0.));
#9654=DIRECTION('',(0.,0.,-1.));
#9655=DIRECTION('center_axis',(0.,0.,-1.));
#9656=DIRECTION('ref_axis',(-0.999909145698068,-0.0134796271965908,0.));
#9657=DIRECTION('center_axis',(0.,0.,-1.));
#9658=DIRECTION('ref_axis',(0.999161732885717,-0.0409369214378752,0.));
#9659=DIRECTION('',(0.,0.,-1.));
#9660=DIRECTION('center_axis',(0.,0.,1.));
#9661=DIRECTION('ref_axis',(0.999161732885717,-0.0409369214378752,0.));
#9662=DIRECTION('center_axis',(0.,0.,-1.));
#9663=DIRECTION('ref_axis',(0.0264179465732206,-0.999650985143742,0.));
#9664=DIRECTION('',(0.,0.,-1.));
#9665=DIRECTION('center_axis',(0.,0.,1.));
#9666=DIRECTION('ref_axis',(0.0264179465732206,-0.999650985143742,0.));
#9667=DIRECTION('center_axis',(-3.67336513061971E-5,0.999999999325319,0.));
#9668=DIRECTION('ref_axis',(0.999999999325319,3.67336513061971E-5,0.));
#9669=DIRECTION('',(0.,0.,-1.));
#9670=DIRECTION('',(0.999999999325319,3.67336513061971E-5,0.));
#9671=DIRECTION('center_axis',(0.,0.,-1.));
#9672=DIRECTION('ref_axis',(0.0061244428922753,0.999981245423763,0.));
#9673=DIRECTION('',(0.,0.,-1.));
#9674=DIRECTION('center_axis',(0.,0.,-1.));
#9675=DIRECTION('ref_axis',(0.0061244428922753,0.999981245423763,0.));
#9676=DIRECTION('center_axis',(-0.996917687903607,0.078454595435357,0.));
#9677=DIRECTION('ref_axis',(0.078454595435357,0.996917687903607,0.));
#9678=DIRECTION('',(0.,0.,-1.));
#9679=DIRECTION('',(0.078454595435357,0.996917687903607,0.));
#9680=DIRECTION('center_axis',(-0.989936475731103,0.141512451809315,0.));
#9681=DIRECTION('ref_axis',(0.141512451809315,0.989936475731103,0.));
#9682=DIRECTION('',(0.,0.,-1.));
#9683=DIRECTION('',(0.141512451809315,0.989936475731103,0.));
#9684=DIRECTION('center_axis',(-1.,0.,0.));
#9685=DIRECTION('ref_axis',(0.,1.,0.));
#9686=DIRECTION('',(0.,0.,-1.));
#9687=DIRECTION('',(0.,1.,0.));
#9688=DIRECTION('center_axis',(-0.99082501658042,-0.135150976757143,0.));
#9689=DIRECTION('ref_axis',(-0.135150976757143,0.99082501658042,0.));
#9690=DIRECTION('',(-0.135150976757143,0.99082501658042,0.));
#9691=DIRECTION('center_axis',(0.0140423792181853,-0.999901400932058,0.));
#9692=DIRECTION('ref_axis',(-0.999901400932058,-0.0140423792181853,0.));
#9693=DIRECTION('',(-0.999901400932058,-0.0140423792181853,0.));
#9694=DIRECTION('center_axis',(0.998307657868531,0.0581534198568658,0.));
#9695=DIRECTION('ref_axis',(0.0581534198568659,-0.998307657868531,0.));
#9696=DIRECTION('',(0.,0.,-1.));
#9697=DIRECTION('',(0.0581534198568659,-0.998307657868531,0.));
#9698=DIRECTION('center_axis',(0.984805329717315,0.173661920294493,0.));
#9699=DIRECTION('ref_axis',(0.173661920294493,-0.984805329717315,0.));
#9700=DIRECTION('',(0.,0.,-1.));
#9701=DIRECTION('',(0.173661920294493,-0.984805329717315,0.));
#9702=DIRECTION('center_axis',(0.958069560254501,0.286535718041829,0.));
#9703=DIRECTION('ref_axis',(0.286535718041829,-0.958069560254501,0.));
#9704=DIRECTION('',(0.,0.,-1.));
#9705=DIRECTION('',(0.286535718041829,-0.958069560254501,0.));
#9706=DIRECTION('center_axis',(0.,0.,-1.));
#9707=DIRECTION('ref_axis',(-0.286585761362649,0.95805459206884,0.));
#9708=DIRECTION('',(0.,0.,-1.));
#9709=DIRECTION('center_axis',(0.,0.,1.));
#9710=DIRECTION('ref_axis',(0.958073366384079,0.286522991443058,0.));
#9711=DIRECTION('center_axis',(0.,0.,-1.));
#9712=DIRECTION('ref_axis',(0.999990620513807,-0.00433115278091154,0.));
#9713=DIRECTION('',(0.,0.,-1.));
#9714=DIRECTION('center_axis',(0.,0.,1.));
#9715=DIRECTION('ref_axis',(0.999990620513807,-0.00433115278091154,0.));
#9716=DIRECTION('center_axis',(0.,0.,-1.));
#9717=DIRECTION('ref_axis',(-0.99993267402029,0.0116037677774359,0.));
#9718=DIRECTION('',(0.,0.,-1.));
#9719=DIRECTION('center_axis',(0.,0.,-1.));
#9720=DIRECTION('ref_axis',(-0.99993267402029,0.0116037677774359,0.));
#9721=DIRECTION('center_axis',(-0.0138114347119009,-0.999904617586697,0.));
#9722=DIRECTION('ref_axis',(-0.999904617586697,0.0138114347119009,0.));
#9723=DIRECTION('',(0.,0.,-1.));
#9724=DIRECTION('',(-0.999904617586697,0.0138114347119009,0.));
#9725=DIRECTION('center_axis',(-5.48795368401124E-17,-1.,0.));
#9726=DIRECTION('ref_axis',(-1.,5.48795368401124E-17,0.));
#9727=DIRECTION('',(0.,0.,-1.));
#9728=DIRECTION('',(-1.,5.48795368401124E-17,0.));
#9729=DIRECTION('center_axis',(0.0140423792181859,-0.999901400932058,0.));
#9730=DIRECTION('ref_axis',(-0.999901400932058,-0.0140423792181859,0.));
#9731=DIRECTION('',(0.,0.,-1.));
#9732=DIRECTION('',(-0.999901400932058,-0.0140423792181859,0.));
#9733=DIRECTION('center_axis',(0.,0.,-1.));
#9734=DIRECTION('ref_axis',(0.08734190844045,-0.99617839317563,0.));
#9735=DIRECTION('',(0.,0.,-1.));
#9736=DIRECTION('center_axis',(0.,0.,-1.));
#9737=DIRECTION('ref_axis',(0.08734190844045,-0.99617839317563,0.));
#9738=DIRECTION('center_axis',(0.997035875144252,-0.0769380508937913,0.));
#9739=DIRECTION('ref_axis',(-0.0769380508937913,-0.997035875144252,0.));
#9740=DIRECTION('',(0.,0.,-1.));
#9741=DIRECTION('',(-0.0769380508937913,-0.997035875144252,0.));
#9742=DIRECTION('center_axis',(0.999999473833873,-0.00102583233364374,0.));
#9743=DIRECTION('ref_axis',(-0.00102583233364374,-0.999999473833873,0.));
#9744=DIRECTION('',(0.,0.,-1.));
#9745=DIRECTION('',(-0.00102583233364374,-0.999999473833873,0.));
#9746=DIRECTION('center_axis',(0.999040292289429,-0.0438006207975705,0.));
#9747=DIRECTION('ref_axis',(-0.0438006207975705,-0.999040292289429,0.));
#9748=DIRECTION('',(0.,0.,-1.));
#9749=DIRECTION('',(-0.0438006207975705,-0.999040292289429,0.));
#9750=DIRECTION('center_axis',(0.9920467802547,-0.125869717510941,0.));
#9751=DIRECTION('ref_axis',(-0.125869717510941,-0.9920467802547,0.));
#9752=DIRECTION('',(0.,0.,-1.));
#9753=DIRECTION('',(-0.125869717510941,-0.9920467802547,0.));
#9754=DIRECTION('center_axis',(0.,0.,-1.));
#9755=DIRECTION('ref_axis',(0.130656447069932,0.991427704292684,0.));
#9756=DIRECTION('',(0.,0.,-1.));
#9757=DIRECTION('center_axis',(0.,0.,1.));
#9758=DIRECTION('ref_axis',(0.991418894558346,-0.130723278388769,0.));
#9759=DIRECTION('center_axis',(-0.991430151032082,0.130637879745894,0.));
#9760=DIRECTION('ref_axis',(0.130637879745894,0.991430151032082,0.));
#9761=DIRECTION('',(0.,0.,-1.));
#9762=DIRECTION('',(0.130637879745894,0.991430151032082,0.));
#9763=DIRECTION('center_axis',(-0.998981599031724,0.0451194503071609,0.));
#9764=DIRECTION('ref_axis',(0.0451194503071609,0.998981599031724,0.));
#9765=DIRECTION('',(0.,0.,-1.));
#9766=DIRECTION('',(0.0451194503071609,0.998981599031724,0.));
#9767=DIRECTION('center_axis',(-0.999999470912421,0.00102867627422772,0.));
#9768=DIRECTION('ref_axis',(0.00102867627422772,0.999999470912421,0.));
#9769=DIRECTION('',(0.,0.,-1.));
#9770=DIRECTION('',(0.00102867627422772,0.999999470912421,0.));
#9771=DIRECTION('center_axis',(0.,0.,-1.));
#9772=DIRECTION('ref_axis',(-0.999885206256091,-0.0151517098115742,0.));
#9773=DIRECTION('',(0.,0.,-1.));
#9774=DIRECTION('center_axis',(0.,0.,-1.));
#9775=DIRECTION('ref_axis',(-0.999885206256091,-0.0151517098115742,0.));
#9776=DIRECTION('center_axis',(-0.0138114347118449,-0.999904617586698,0.));
#9777=DIRECTION('ref_axis',(-0.999904617586698,0.0138114347118449,0.));
#9778=DIRECTION('',(0.,0.,-1.));
#9779=DIRECTION('',(-0.999904617586698,0.0138114347118449,0.));
#9780=DIRECTION('center_axis',(-1.97647580221468E-17,-1.,0.));
#9781=DIRECTION('ref_axis',(-1.,1.97647580221468E-17,0.));
#9782=DIRECTION('',(-1.,1.97647580221468E-17,0.));
#9783=DIRECTION('center_axis',(0.997247122429471,-0.0741496918816293,0.));
#9784=DIRECTION('ref_axis',(-0.0741496918816293,-0.997247122429471,0.));
#9785=DIRECTION('',(0.,0.,-1.));
#9786=DIRECTION('',(-0.0741496918816293,-0.997247122429471,0.));
#9787=DIRECTION('center_axis',(0.990185070111589,-0.139762394541978,0.));
#9788=DIRECTION('ref_axis',(-0.139762394541978,-0.990185070111589,0.));
#9789=DIRECTION('',(0.,0.,-1.));
#9790=DIRECTION('',(-0.139762394541978,-0.990185070111589,0.));
#9791=DIRECTION('center_axis',(1.,0.,0.));
#9792=DIRECTION('ref_axis',(0.,-1.,0.));
#9793=DIRECTION('',(0.,0.,-1.));
#9794=DIRECTION('',(0.,-1.,0.));
#9795=DIRECTION('center_axis',(0.98993941506422,0.141491888468241,0.));
#9796=DIRECTION('ref_axis',(0.141491888468241,-0.98993941506422,0.));
#9797=DIRECTION('',(0.,0.,-1.));
#9798=DIRECTION('',(0.141491888468241,-0.98993941506422,0.));
#9799=DIRECTION('center_axis',(0.,0.,-1.));
#9800=DIRECTION('ref_axis',(0.99994206095049,-0.0107645130910475,0.));
#9801=DIRECTION('',(0.,0.,-1.));
#9802=DIRECTION('center_axis',(0.,0.,-1.));
#9803=DIRECTION('ref_axis',(0.99994206095049,-0.0107645130910475,0.));
#9804=DIRECTION('center_axis',(0.522664543436858,0.852538430238743,0.));
#9805=DIRECTION('ref_axis',(0.852538430238743,-0.522664543436858,0.));
#9806=DIRECTION('',(0.,0.,-1.));
#9807=DIRECTION('',(0.852538430238743,-0.522664543436858,0.));
#9808=DIRECTION('center_axis',(0.382891968404326,0.923793126479874,0.));
#9809=DIRECTION('ref_axis',(0.923793126479874,-0.382891968404326,0.));
#9810=DIRECTION('',(0.,0.,-1.));
#9811=DIRECTION('',(0.923793126479874,-0.382891968404326,0.));
#9812=DIRECTION('center_axis',(0.23368741035986,0.972311778309459,0.));
#9813=DIRECTION('ref_axis',(0.972311778309459,-0.23368741035986,0.));
#9814=DIRECTION('',(0.,0.,-1.));
#9815=DIRECTION('',(0.972311778309459,-0.23368741035986,0.));
#9816=DIRECTION('center_axis',(0.0788845268697243,0.996883760235134,0.));
#9817=DIRECTION('ref_axis',(0.996883760235134,-0.0788845268697243,0.));
#9818=DIRECTION('',(0.,0.,-1.));
#9819=DIRECTION('',(0.996883760235134,-0.0788845268697243,0.));
#9820=DIRECTION('center_axis',(0.,0.,-1.));
#9821=DIRECTION('ref_axis',(-0.608884023088467,-0.793259255494446,0.));
#9822=DIRECTION('',(0.,0.,-1.));
#9823=DIRECTION('center_axis',(0.,0.,1.));
#9824=DIRECTION('ref_axis',(-0.608884023088467,-0.793259255494446,0.));
#9825=DIRECTION('center_axis',(0.660383044916277,0.750928914070504,0.));
#9826=DIRECTION('ref_axis',(0.750928914070504,-0.660383044916277,0.));
#9827=DIRECTION('',(0.,0.,-1.));
#9828=DIRECTION('',(0.750928914070504,-0.660383044916277,0.));
#9829=DIRECTION('center_axis',(0.543147455416568,0.839637327466155,0.));
#9830=DIRECTION('ref_axis',(0.839637327466155,-0.543147455416568,0.));
#9831=DIRECTION('',(0.,0.,-1.));
#9832=DIRECTION('',(0.839637327466155,-0.543147455416568,0.));
#9833=DIRECTION('center_axis',(0.622655836058993,0.782495820961158,0.));
#9834=DIRECTION('ref_axis',(0.782495820961158,-0.622655836058993,0.));
#9835=DIRECTION('',(0.,0.,-1.));
#9836=DIRECTION('',(0.782495820961158,-0.622655836058993,0.));
#9837=DIRECTION('center_axis',(0.660403383728669,0.750911027192786,0.));
#9838=DIRECTION('ref_axis',(0.750911027192786,-0.660403383728669,0.));
#9839=DIRECTION('',(0.,0.,-1.));
#9840=DIRECTION('',(0.750911027192786,-0.660403383728669,0.));
#9841=DIRECTION('center_axis',(0.535904890555901,0.844278359475278,0.));
#9842=DIRECTION('ref_axis',(0.844278359475278,-0.535904890555901,0.));
#9843=DIRECTION('',(0.,0.,-1.));
#9844=DIRECTION('',(0.844278359475278,-0.535904890555901,0.));
#9845=DIRECTION('center_axis',(0.398421171240993,0.91720257866349,0.));
#9846=DIRECTION('ref_axis',(0.91720257866349,-0.398421171240992,0.));
#9847=DIRECTION('',(0.,0.,-1.));
#9848=DIRECTION('',(0.91720257866349,-0.398421171240992,0.));
#9849=DIRECTION('center_axis',(0.251296432653488,0.967910172968355,0.));
#9850=DIRECTION('ref_axis',(0.967910172968355,-0.251296432653488,0.));
#9851=DIRECTION('',(0.,0.,-1.));
#9852=DIRECTION('',(0.967910172968355,-0.251296432653488,0.));
#9853=DIRECTION('center_axis',(0.0994550498333467,0.995042055926606,0.));
#9854=DIRECTION('ref_axis',(0.995042055926606,-0.0994550498333467,0.));
#9855=DIRECTION('',(0.,0.,-1.));
#9856=DIRECTION('',(0.995042055926606,-0.0994550498333467,0.));
#9857=DIRECTION('center_axis',(0.,0.,-1.));
#9858=DIRECTION('ref_axis',(-0.999667505128733,0.0257852513986924,0.));
#9859=DIRECTION('',(0.,0.,-1.));
#9860=DIRECTION('center_axis',(0.,0.,1.));
#9861=DIRECTION('ref_axis',(-0.999667505128733,0.0257852513986924,0.));
#9862=DIRECTION('center_axis',(0.999999722253878,0.000745313469034797,0.));
#9863=DIRECTION('ref_axis',(0.000745313469034797,-0.999999722253878,0.));
#9864=DIRECTION('',(0.,0.,-1.));
#9865=DIRECTION('',(0.000745313469034797,-0.999999722253878,0.));
#9866=DIRECTION('center_axis',(0.,0.,-1.));
#9867=DIRECTION('ref_axis',(0.998627626561219,0.0523723540496939,0.));
#9868=DIRECTION('',(0.,0.,-1.));
#9869=DIRECTION('center_axis',(0.,0.,-1.));
#9870=DIRECTION('ref_axis',(0.998627626561219,0.0523723540496939,0.));
#9871=DIRECTION('center_axis',(0.23781732177805,0.971309899806604,0.));
#9872=DIRECTION('ref_axis',(0.971309899806604,-0.23781732177805,0.));
#9873=DIRECTION('',(0.,0.,-1.));
#9874=DIRECTION('',(0.971309899806604,-0.23781732177805,0.));
#9875=DIRECTION('center_axis',(0.,0.,-1.));
#9876=DIRECTION('ref_axis',(-0.723215758082526,-0.690622159549719,0.));
#9877=DIRECTION('',(0.,0.,-1.));
#9878=DIRECTION('center_axis',(0.,0.,1.));
#9879=DIRECTION('ref_axis',(-0.723215758082526,-0.690622159549719,0.));
#9880=DIRECTION('center_axis',(0.763872837201455,0.64536678608819,0.));
#9881=DIRECTION('ref_axis',(0.64536678608819,-0.763872837201455,0.));
#9882=DIRECTION('',(0.,0.,-1.));
#9883=DIRECTION('',(0.64536678608819,-0.763872837201455,0.));
#9884=DIRECTION('center_axis',(0.698835892353449,0.715282039169557,0.));
#9885=DIRECTION('ref_axis',(0.715282039169557,-0.698835892353449,0.));
#9886=DIRECTION('',(0.,0.,-1.));
#9887=DIRECTION('',(0.715282039169557,-0.698835892353449,0.));
#9888=DIRECTION('center_axis',(0.595680389985013,0.803221559090207,0.));
#9889=DIRECTION('ref_axis',(0.803221559090207,-0.595680389985013,0.));
#9890=DIRECTION('',(0.,0.,-1.));
#9891=DIRECTION('',(0.803221559090207,-0.595680389985013,0.));
#9892=DIRECTION('center_axis',(0.477328857339858,0.878724736166352,0.));
#9893=DIRECTION('ref_axis',(0.878724736166352,-0.477328857339858,0.));
#9894=DIRECTION('',(0.,0.,-1.));
#9895=DIRECTION('',(0.878724736166352,-0.477328857339858,0.));
#9896=DIRECTION('center_axis',(0.349530885077178,0.936924842437836,0.));
#9897=DIRECTION('ref_axis',(0.936924842437836,-0.349530885077178,0.));
#9898=DIRECTION('',(0.,0.,-1.));
#9899=DIRECTION('',(0.936924842437836,-0.349530885077178,0.));
#9900=DIRECTION('center_axis',(0.216216585389092,0.976345424633455,0.));
#9901=DIRECTION('ref_axis',(0.976345424633455,-0.216216585389092,0.));
#9902=DIRECTION('',(0.,0.,-1.));
#9903=DIRECTION('',(0.976345424633455,-0.216216585389092,0.));
#9904=DIRECTION('center_axis',(0.,0.,-1.));
#9905=DIRECTION('ref_axis',(-0.000263704548040434,0.999999965229955,0.));
#9906=DIRECTION('',(0.,0.,-1.));
#9907=DIRECTION('center_axis',(0.,0.,1.));
#9908=DIRECTION('ref_axis',(-0.000263704548040434,0.999999965229955,0.));
#9909=DIRECTION('center_axis',(1.20597425872821E-13,-1.,0.));
#9910=DIRECTION('ref_axis',(-1.,-1.20597425872821E-13,0.));
#9911=DIRECTION('',(0.,0.,-1.));
#9912=DIRECTION('',(-1.,-1.20597425872821E-13,0.));
#9913=DIRECTION('center_axis',(0.,0.,-1.));
#9914=DIRECTION('ref_axis',(0.462591323245342,0.886571637070645,0.));
#9915=DIRECTION('',(0.,0.,-1.));
#9916=DIRECTION('center_axis',(0.,0.,1.));
#9917=DIRECTION('ref_axis',(0.462591323245342,0.886571637070645,0.));
#9918=DIRECTION('center_axis',(0.,0.,-1.));
#9919=DIRECTION('ref_axis',(0.841676290714698,0.539982427166614,0.));
#9920=DIRECTION('',(0.,0.,-1.));
#9921=DIRECTION('center_axis',(0.,0.,1.));
#9922=DIRECTION('ref_axis',(0.841676290714698,0.539982427166614,0.));
#9923=DIRECTION('center_axis',(0.,0.,-1.));
#9924=DIRECTION('ref_axis',(-0.877288837174573,-0.479962807068304,0.));
#9925=DIRECTION('',(0.,0.,-1.));
#9926=DIRECTION('center_axis',(0.,0.,-1.));
#9927=DIRECTION('ref_axis',(-0.877288837174573,-0.479962807068304,0.));
#9928=DIRECTION('center_axis',(-0.237803578579376,-0.971313264613864,0.));
#9929=DIRECTION('ref_axis',(-0.971313264613864,0.237803578579376,0.));
#9930=DIRECTION('',(0.,0.,-1.));
#9931=DIRECTION('',(-0.971313264613864,0.237803578579376,0.));
#9932=DIRECTION('center_axis',(-0.274270495100538,-0.961652585665585,0.));
#9933=DIRECTION('ref_axis',(-0.961652585665585,0.274270495100538,0.));
#9934=DIRECTION('',(0.,0.,-1.));
#9935=DIRECTION('',(-0.961652585665585,0.274270495100538,0.));
#9936=DIRECTION('center_axis',(-0.35943738324428,-0.933169206267816,0.));
#9937=DIRECTION('ref_axis',(-0.933169206267815,0.35943738324428,0.));
#9938=DIRECTION('',(0.,0.,-1.));
#9939=DIRECTION('',(-0.933169206267815,0.35943738324428,0.));
#9940=DIRECTION('center_axis',(-0.198765611090951,-0.980047055935398,0.));
#9941=DIRECTION('ref_axis',(-0.980047055935398,0.198765611090951,0.));
#9942=DIRECTION('',(0.,0.,-1.));
#9943=DIRECTION('',(-0.980047055935398,0.198765611090951,0.));
#9944=DIRECTION('center_axis',(-0.265726506630114,-0.964048455044743,0.));
#9945=DIRECTION('ref_axis',(-0.964048455044743,0.265726506630114,0.));
#9946=DIRECTION('',(0.,0.,-1.));
#9947=DIRECTION('',(-0.964048455044743,0.265726506630114,0.));
#9948=DIRECTION('center_axis',(-0.149195096967948,-0.988807778610547,0.));
#9949=DIRECTION('ref_axis',(-0.988807778610547,0.149195096967948,0.));
#9950=DIRECTION('',(0.,0.,-1.));
#9951=DIRECTION('',(-0.988807778610547,0.149195096967948,0.));
#9952=DIRECTION('center_axis',(-0.0293812655155291,-0.999568277426163,0.));
#9953=DIRECTION('ref_axis',(-0.999568277426163,0.029381265515529,0.));
#9954=DIRECTION('',(0.,0.,-1.));
#9955=DIRECTION('',(-0.999568277426163,0.029381265515529,0.));
#9956=DIRECTION('center_axis',(1.36027786415523E-15,-1.,0.));
#9957=DIRECTION('ref_axis',(-1.,-1.36027786415523E-15,0.));
#9958=DIRECTION('',(0.,0.,-1.));
#9959=DIRECTION('',(-1.,-1.36027786415523E-15,0.));
#9960=DIRECTION('center_axis',(0.,0.,-1.));
#9961=DIRECTION('ref_axis',(0.180379713142442,-0.983597051178301,0.));
#9962=DIRECTION('',(0.,0.,-1.));
#9963=DIRECTION('center_axis',(0.,0.,-1.));
#9964=DIRECTION('ref_axis',(0.180379713142442,-0.983597051178301,0.));
#9965=DIRECTION('center_axis',(0.863101887274693,-0.505029832963226,0.));
#9966=DIRECTION('ref_axis',(-0.505029832963226,-0.863101887274693,0.));
#9967=DIRECTION('',(0.,0.,-1.));
#9968=DIRECTION('',(-0.505029832963226,-0.863101887274693,0.));
#9969=DIRECTION('center_axis',(0.926204907432099,-0.377020515951978,0.));
#9970=DIRECTION('ref_axis',(-0.377020515951978,-0.926204907432099,0.));
#9971=DIRECTION('',(0.,0.,-1.));
#9972=DIRECTION('',(-0.377020515951978,-0.926204907432099,0.));
#9973=DIRECTION('center_axis',(0.970429471947842,-0.241384837914548,0.));
#9974=DIRECTION('ref_axis',(-0.241384837914548,-0.970429471947842,0.));
#9975=DIRECTION('',(0.,0.,-1.));
#9976=DIRECTION('',(-0.241384837914548,-0.970429471947842,0.));
#9977=DIRECTION('center_axis',(1.,0.,0.));
#9978=DIRECTION('ref_axis',(0.,-1.,0.));
#9979=DIRECTION('',(0.,0.,-1.));
#9980=DIRECTION('',(0.,-1.,0.));
#9981=DIRECTION('center_axis',(0.,0.,-1.));
#9982=DIRECTION('ref_axis',(0.999999996489529,8.37910605883385E-5,0.));
#9983=DIRECTION('',(0.,0.,-1.));
#9984=DIRECTION('center_axis',(0.,0.,1.));
#9985=DIRECTION('ref_axis',(0.999999996489529,8.37910605883385E-5,0.));
#9986=DIRECTION('center_axis',(-1.,2.81269475694747E-14,0.));
#9987=DIRECTION('ref_axis',(2.81269475694747E-14,1.,0.));
#9988=DIRECTION('',(0.,0.,-1.));
#9989=DIRECTION('',(2.81269475694747E-14,1.,0.));
#9990=DIRECTION('center_axis',(0.,0.,-1.));
#9991=DIRECTION('ref_axis',(-0.998234812852649,-0.0593907266249226,0.));
#9992=DIRECTION('',(0.,0.,-1.));
#9993=DIRECTION('center_axis',(0.,0.,-1.));
#9994=DIRECTION('ref_axis',(-0.998234812852649,-0.0593907266249226,0.));
#9995=DIRECTION('center_axis',(-0.000876611425589698,-0.999999615776131,
0.));
#9996=DIRECTION('ref_axis',(-0.99999961577613,0.000876611425589698,0.));
#9997=DIRECTION('',(0.,0.,-1.));
#9998=DIRECTION('',(-0.99999961577613,0.000876611425589698,0.));
#9999=DIRECTION('center_axis',(0.,0.,-1.));
#10000=DIRECTION('ref_axis',(0.000252089362702094,-0.999999968225476,0.));
#10001=DIRECTION('',(0.,0.,-1.));
#10002=DIRECTION('center_axis',(0.,0.,1.));
#10003=DIRECTION('ref_axis',(0.000252089362702094,-0.999999968225476,0.));
#10004=DIRECTION('center_axis',(1.4108202427828E-13,1.,0.));
#10005=DIRECTION('ref_axis',(1.,-1.4108202427828E-13,0.));
#10006=DIRECTION('',(0.,0.,-1.));
#10007=DIRECTION('',(1.,-1.4108202427828E-13,0.));
#10008=DIRECTION('center_axis',(0.,0.,-1.));
#10009=DIRECTION('ref_axis',(0.0230336491814148,0.999734690308077,0.));
#10010=DIRECTION('',(0.,0.,-1.));
#10011=DIRECTION('center_axis',(0.,0.,-1.));
#10012=DIRECTION('ref_axis',(0.0230336491814148,0.999734690308077,0.));
#10013=DIRECTION('center_axis',(-1.,8.53016577568212E-14,0.));
#10014=DIRECTION('ref_axis',(8.53016577568212E-14,1.,0.));
#10015=DIRECTION('',(0.,0.,-1.));
#10016=DIRECTION('',(8.53016577568212E-14,1.,0.));
#10017=DIRECTION('center_axis',(0.,0.,-1.));
#10018=DIRECTION('ref_axis',(-0.999837002351218,-0.0180546041034157,0.));
#10019=DIRECTION('',(0.,0.,-1.));
#10020=DIRECTION('center_axis',(0.,0.,-1.));
#10021=DIRECTION('ref_axis',(-0.999837002351218,-0.0180546041034157,0.));
#10022=DIRECTION('center_axis',(-0.589482560580896,-0.807781103251983,0.));
#10023=DIRECTION('ref_axis',(-0.807781103251983,0.589482560580896,0.));
#10024=DIRECTION('',(0.,0.,-1.));
#10025=DIRECTION('',(-0.807781103251983,0.589482560580896,0.));
#10026=DIRECTION('center_axis',(-0.253035416111776,-0.967457016199242,0.));
#10027=DIRECTION('ref_axis',(-0.967457016199242,0.253035416111776,0.));
#10028=DIRECTION('',(0.,0.,-1.));
#10029=DIRECTION('',(-0.967457016199242,0.253035416111776,0.));
#10030=DIRECTION('center_axis',(-0.398459490703763,-0.917185932223177,0.));
#10031=DIRECTION('ref_axis',(-0.917185932223177,0.398459490703763,0.));
#10032=DIRECTION('',(0.,0.,-1.));
#10033=DIRECTION('',(-0.917185932223177,0.398459490703763,0.));
#10034=DIRECTION('center_axis',(-0.535937234781443,-0.844257828139497,0.));
#10035=DIRECTION('ref_axis',(-0.844257828139497,0.535937234781443,0.));
#10036=DIRECTION('',(0.,0.,-1.));
#10037=DIRECTION('',(-0.844257828139497,0.535937234781443,0.));
#10038=DIRECTION('center_axis',(-0.657775924528926,-0.753213670288927,0.));
#10039=DIRECTION('ref_axis',(-0.753213670288927,0.657775924528926,0.));
#10040=DIRECTION('',(0.,0.,-1.));
#10041=DIRECTION('',(-0.753213670288927,0.657775924528926,0.));
#10042=DIRECTION('center_axis',(-0.54356440188134,-0.839367464825377,0.));
#10043=DIRECTION('ref_axis',(-0.839367464825377,0.54356440188134,0.));
#10044=DIRECTION('',(0.,0.,-1.));
#10045=DIRECTION('',(-0.839367464825377,0.54356440188134,0.));
#10046=DIRECTION('center_axis',(-0.622797210194318,-0.782383304381026,0.));
#10047=DIRECTION('ref_axis',(-0.782383304381026,0.622797210194318,0.));
#10048=DIRECTION('',(0.,0.,-1.));
#10049=DIRECTION('',(-0.782383304381026,0.622797210194318,0.));
#10050=DIRECTION('center_axis',(0.,0.,-1.));
#10051=DIRECTION('ref_axis',(-0.725027060060329,-0.688720380256223,0.));
#10052=DIRECTION('',(0.,0.,-1.));
#10053=DIRECTION('center_axis',(0.,0.,-1.));
#10054=DIRECTION('ref_axis',(-0.725027060060329,-0.688720380256223,0.));
#10055=DIRECTION('center_axis',(0.,0.,-1.));
#10056=DIRECTION('ref_axis',(0.00215146228165593,-0.999997685602347,0.));
#10057=DIRECTION('',(0.,0.,-1.));
#10058=DIRECTION('center_axis',(0.,0.,-1.));
#10059=DIRECTION('ref_axis',(0.00215146228165593,-0.999997685602347,0.));
#10060=DIRECTION('center_axis',(0.990020625489411,-0.140922535832831,0.));
#10061=DIRECTION('ref_axis',(-0.140922535832831,-0.990020625489411,0.));
#10062=DIRECTION('',(0.,0.,-1.));
#10063=DIRECTION('',(-0.140922535832831,-0.990020625489411,0.));
#10064=DIRECTION('center_axis',(1.,0.,0.));
#10065=DIRECTION('ref_axis',(0.,-1.,0.));
#10066=DIRECTION('',(0.,0.,-1.));
#10067=DIRECTION('',(0.,-1.,0.));
#10068=DIRECTION('center_axis',(0.996918490284717,0.0784443989615666,0.));
#10069=DIRECTION('ref_axis',(0.0784443989615666,-0.996918490284717,0.));
#10070=DIRECTION('',(0.,0.,-1.));
#10071=DIRECTION('',(0.0784443989615666,-0.996918490284717,0.));
#10072=DIRECTION('center_axis',(0.,0.,-1.));
#10073=DIRECTION('ref_axis',(0.987695494151718,0.156389292575908,0.));
#10074=DIRECTION('',(0.,0.,-1.));
#10075=DIRECTION('center_axis',(0.,0.,-1.));
#10076=DIRECTION('ref_axis',(0.987695494151718,0.156389292575908,0.));
#10077=DIRECTION('center_axis',(0.0785658564205556,0.996908925732388,0.));
#10078=DIRECTION('ref_axis',(0.996908925732388,-0.0785658564205556,0.));
#10079=DIRECTION('',(0.,0.,-1.));
#10080=DIRECTION('',(0.996908925732388,-0.0785658564205556,0.));
#10081=DIRECTION('center_axis',(2.33971795994186E-15,1.,0.));
#10082=DIRECTION('ref_axis',(1.,-2.33971795994186E-15,0.));
#10083=DIRECTION('',(0.,0.,-1.));
#10084=DIRECTION('',(1.,-2.33971795994186E-15,0.));
#10085=DIRECTION('center_axis',(0.,0.,-1.));
#10086=DIRECTION('ref_axis',(-0.000252089361633164,0.999999968225476,0.));
#10087=DIRECTION('',(0.,0.,-1.));
#10088=DIRECTION('center_axis',(0.,0.,1.));
#10089=DIRECTION('ref_axis',(-0.000252089361633164,0.999999968225476,0.));
#10090=DIRECTION('center_axis',(8.60543312520117E-14,-1.,0.));
#10091=DIRECTION('ref_axis',(-1.,-8.60543312520117E-14,0.));
#10092=DIRECTION('',(0.,0.,-1.));
#10093=DIRECTION('',(-1.,-8.60543312520117E-14,0.));
#10094=DIRECTION('center_axis',(0.,0.,-1.));
#10095=DIRECTION('ref_axis',(0.000794310315646722,-0.999999684535511,0.));
#10096=DIRECTION('',(0.,0.,-1.));
#10097=DIRECTION('center_axis',(0.,0.,-1.));
#10098=DIRECTION('ref_axis',(0.000794310315646722,-0.999999684535511,0.));
#10099=DIRECTION('center_axis',(1.,-1.81347290707903E-13,0.));
#10100=DIRECTION('ref_axis',(-1.81347290707903E-13,-1.,0.));
#10101=DIRECTION('',(0.,0.,-1.));
#10102=DIRECTION('',(-1.81347290707903E-13,-1.,0.));
#10103=DIRECTION('center_axis',(0.996918490284717,0.0784443989615666,0.));
#10104=DIRECTION('ref_axis',(0.0784443989615666,-0.996918490284717,0.));
#10105=DIRECTION('',(0.,0.,-1.));
#10106=DIRECTION('',(0.0784443989615666,-0.996918490284717,0.));
#10107=DIRECTION('center_axis',(0.,0.,-1.));
#10108=DIRECTION('ref_axis',(0.987834867924413,0.155506506978833,0.));
#10109=DIRECTION('',(0.,0.,-1.));
#10110=DIRECTION('center_axis',(0.,0.,-1.));
#10111=DIRECTION('ref_axis',(0.987834867924413,0.155506506978833,0.));
#10112=DIRECTION('center_axis',(0.090721639813839,0.995876289540768,0.));
#10113=DIRECTION('ref_axis',(0.995876289540768,-0.090721639813839,0.));
#10114=DIRECTION('',(0.,0.,-1.));
#10115=DIRECTION('',(0.995876289540768,-0.090721639813839,0.));
#10116=DIRECTION('center_axis',(-7.41943252509436E-16,1.,0.));
#10117=DIRECTION('ref_axis',(1.,7.41943252509436E-16,0.));
#10118=DIRECTION('',(0.,0.,-1.));
#10119=DIRECTION('',(1.,7.41943252509436E-16,0.));
#10120=DIRECTION('center_axis',(0.,0.,-1.));
#10121=DIRECTION('ref_axis',(0.0156405395515788,0.999877679280088,0.));
#10122=DIRECTION('',(0.,0.,-1.));
#10123=DIRECTION('center_axis',(0.,0.,-1.));
#10124=DIRECTION('ref_axis',(0.0156405395515788,0.999877679280088,0.));
#10125=DIRECTION('center_axis',(-0.996810817825645,0.0798009615591756,0.));
#10126=DIRECTION('ref_axis',(0.0798009615591756,0.996810817825645,0.));
#10127=DIRECTION('',(0.,0.,-1.));
#10128=DIRECTION('',(0.0798009615591756,0.996810817825645,0.));
#10129=DIRECTION('center_axis',(0.,0.,-1.));
#10130=DIRECTION('ref_axis',(-0.993171780595466,-0.116661108467355,0.));
#10131=DIRECTION('',(0.,0.,-1.));
#10132=DIRECTION('center_axis',(0.,0.,1.));
#10133=DIRECTION('ref_axis',(-0.993171780595466,-0.116661108467355,0.));
#10134=DIRECTION('center_axis',(0.99596259205764,0.0897692331582841,0.));
#10135=DIRECTION('ref_axis',(0.0897692331582841,-0.99596259205764,0.));
#10136=DIRECTION('',(0.,0.,-1.));
#10137=DIRECTION('',(0.0897692331582841,-0.99596259205764,0.));
#10138=DIRECTION('center_axis',(0.,0.,-1.));
#10139=DIRECTION('ref_axis',(0.984991577886502,0.172602408710481,0.));
#10140=DIRECTION('',(0.,0.,-1.));
#10141=DIRECTION('center_axis',(0.,0.,-1.));
#10142=DIRECTION('ref_axis',(0.984991577886502,0.172602408710481,0.));
#10143=DIRECTION('center_axis',(-1.88903082329538E-13,1.,0.));
#10144=DIRECTION('ref_axis',(1.,1.88903082329538E-13,0.));
#10145=DIRECTION('',(0.,0.,-1.));
#10146=DIRECTION('',(1.,1.88903082329538E-13,0.));
#10147=DIRECTION('center_axis',(0.,0.,-1.));
#10148=DIRECTION('ref_axis',(-0.994438831608276,-0.105315764202551,0.));
#10149=DIRECTION('',(0.,0.,-1.));
#10150=DIRECTION('center_axis',(0.,0.,1.));
#10151=DIRECTION('ref_axis',(-0.994438831608276,-0.105315764202551,0.));
#10152=DIRECTION('center_axis',(0.,0.,-1.));
#10153=DIRECTION('ref_axis',(0.999908674708378,-0.0135145197079076,0.));
#10154=DIRECTION('',(0.,0.,-1.));
#10155=DIRECTION('center_axis',(0.,0.,-1.));
#10156=DIRECTION('ref_axis',(0.999908674708378,-0.0135145197079076,0.));
#10157=DIRECTION('center_axis',(0.,0.,-1.));
#10158=DIRECTION('ref_axis',(0.683269412215472,0.730166357983386,0.));
#10159=DIRECTION('',(0.,0.,-1.));
#10160=DIRECTION('center_axis',(0.,0.,-1.));
#10161=DIRECTION('ref_axis',(0.683269412215472,0.730166357983386,0.));
#10162=DIRECTION('center_axis',(5.09172346613509E-14,1.,0.));
#10163=DIRECTION('ref_axis',(1.,-5.09172346613509E-14,0.));
#10164=DIRECTION('',(0.,0.,-1.));
#10165=DIRECTION('',(1.,-5.09172346613509E-14,0.));
#10166=DIRECTION('center_axis',(0.,0.,-1.));
#10167=DIRECTION('ref_axis',(-0.0210888947196747,0.999777604529879,0.));
#10168=DIRECTION('',(0.,0.,-1.));
#10169=DIRECTION('center_axis',(0.,0.,-1.));
#10170=DIRECTION('ref_axis',(-0.0210888947196747,0.999777604529879,0.));
#10171=DIRECTION('center_axis',(-0.813903714297576,0.580999779563306,0.));
#10172=DIRECTION('ref_axis',(0.580999779563306,0.813903714297576,0.));
#10173=DIRECTION('',(0.,0.,-1.));
#10174=DIRECTION('',(0.580999779563306,0.813903714297576,0.));
#10175=DIRECTION('center_axis',(0.,0.,-1.));
#10176=DIRECTION('ref_axis',(0.0252320010587123,-0.999681622379132,0.));
#10177=DIRECTION('',(0.,0.,-1.));
#10178=DIRECTION('center_axis',(0.,0.,1.));
#10179=DIRECTION('ref_axis',(0.0252320010587123,-0.999681622379132,0.));
#10180=DIRECTION('center_axis',(1.57701379972067E-14,1.,0.));
#10181=DIRECTION('ref_axis',(1.,-1.57701379972067E-14,0.));
#10182=DIRECTION('',(0.,0.,-1.));
#10183=DIRECTION('',(1.,-1.57701379972067E-14,0.));
#10184=DIRECTION('center_axis',(0.,0.,-1.));
#10185=DIRECTION('ref_axis',(-0.000252089361633134,0.999999968225476,0.));
#10186=DIRECTION('',(0.,0.,-1.));
#10187=DIRECTION('center_axis',(0.,0.,1.));
#10188=DIRECTION('ref_axis',(-0.000252089361633134,0.999999968225476,0.));
#10189=DIRECTION('center_axis',(-2.12334304723266E-15,-1.,0.));
#10190=DIRECTION('ref_axis',(-1.,2.12334304723266E-15,0.));
#10191=DIRECTION('',(0.,0.,-1.));
#10192=DIRECTION('',(-1.,2.12334304723266E-15,0.));
#10193=DIRECTION('center_axis',(0.,0.,-1.));
#10194=DIRECTION('ref_axis',(0.0211550286464719,-0.999776207339906,0.));
#10195=DIRECTION('',(0.,0.,-1.));
#10196=DIRECTION('center_axis',(0.,0.,-1.));
#10197=DIRECTION('ref_axis',(0.0211550286464719,-0.999776207339906,0.));
#10198=DIRECTION('center_axis',(0.810445874404687,-0.585813523794409,0.));
#10199=DIRECTION('ref_axis',(-0.585813523794409,-0.810445874404687,0.));
#10200=DIRECTION('',(0.,0.,-1.));
#10201=DIRECTION('',(-0.585813523794409,-0.810445874404687,0.));
#10202=DIRECTION('center_axis',(0.,0.,-1.));
#10203=DIRECTION('ref_axis',(-0.0247165446119791,0.999694499545958,0.));
#10204=DIRECTION('',(0.,0.,-1.));
#10205=DIRECTION('center_axis',(0.,0.,1.));
#10206=DIRECTION('ref_axis',(-0.0247165446119791,0.999694499545958,0.));
#10207=DIRECTION('center_axis',(2.32077978836364E-14,-1.,0.));
#10208=DIRECTION('ref_axis',(-1.,-2.32077978836364E-14,0.));
#10209=DIRECTION('',(0.,0.,-1.));
#10210=DIRECTION('',(-1.,-2.32077978836364E-14,0.));
#10211=DIRECTION('center_axis',(0.,0.,-1.));
#10212=DIRECTION('ref_axis',(0.947334817571991,0.320244817937531,0.));
#10213=DIRECTION('center_axis',(0.,0.,1.));
#10214=DIRECTION('ref_axis',(0.947334817571991,0.320244817937531,0.));
#10215=DIRECTION('center_axis',(0.0792086536618769,-0.996858058694954,0.));
#10216=DIRECTION('ref_axis',(-0.996858058694954,-0.0792086536618769,0.));
#10217=DIRECTION('',(0.,0.,-1.));
#10218=DIRECTION('',(-0.996858058694954,-0.0792086536618769,0.));
#10219=DIRECTION('center_axis',(0.,0.,-1.));
#10220=DIRECTION('ref_axis',(0.156423348837428,-0.987690101164573,0.));
#10221=DIRECTION('',(0.,0.,-1.));
#10222=DIRECTION('center_axis',(0.,0.,-1.));
#10223=DIRECTION('ref_axis',(0.156423348837428,-0.987690101164573,0.));
#10224=DIRECTION('center_axis',(1.,-3.64827526508122E-13,0.));
#10225=DIRECTION('ref_axis',(-3.64827526508122E-13,-1.,0.));
#10226=DIRECTION('',(0.,0.,-1.));
#10227=DIRECTION('',(-3.64827526508122E-13,-1.,0.));
#10228=DIRECTION('center_axis',(0.,0.,-1.));
#10229=DIRECTION('ref_axis',(0.999753389091827,-0.0222072285394929,0.));
#10230=DIRECTION('',(0.,0.,-1.));
#10231=DIRECTION('center_axis',(0.,0.,-1.));
#10232=DIRECTION('ref_axis',(0.999753389091827,-0.0222072285394929,0.));
#10233=DIRECTION('center_axis',(3.71686641778753E-14,1.,0.));
#10234=DIRECTION('ref_axis',(1.,-3.71686641778753E-14,0.));
#10235=DIRECTION('',(1.,-3.71686641778753E-14,0.));
#10236=DIRECTION('center_axis',(0.,0.,1.));
#10237=DIRECTION('ref_axis',(1.,0.,0.));
#10238=DIRECTION('center_axis',(0.,0.,1.));
#10239=DIRECTION('ref_axis',(1.,0.,0.));
#10240=DIRECTION('center_axis',(0.,0.,1.));
#10241=DIRECTION('ref_axis',(1.,0.,0.));
#10242=DIRECTION('center_axis',(0.,0.,1.));
#10243=DIRECTION('ref_axis',(1.,0.,0.));
#10244=DIRECTION('center_axis',(0.,0.,1.));
#10245=DIRECTION('ref_axis',(1.,0.,0.));
#10246=CARTESIAN_POINT('',(0.,0.,0.));
#10247=CARTESIAN_POINT('Origin',(2.75013601314811,95.2527787067378,-5.8));
#10248=CARTESIAN_POINT('',(1.75013601314811,95.2527787067378,-6.));
#10249=CARTESIAN_POINT('Origin',(2.75013601314811,95.2527787067378,-6.));
#10250=CARTESIAN_POINT('',(1.95013601314811,95.2527787067378,-5.8));
#10251=CARTESIAN_POINT('Origin',(1.75013601314811,95.2527787067378,-5.8));
#10252=CARTESIAN_POINT('Origin',(2.75013601314811,95.2527787067378,-5.8));
#10253=CARTESIAN_POINT('Origin',(61.,49.,-6.));
#10254=CARTESIAN_POINT('',(0.2,0.2,-6.));
#10255=CARTESIAN_POINT('',(121.776593009606,0.199999999999996,-6.));
#10256=CARTESIAN_POINT('',(91.4842702325718,0.2,-6.));
#10257=CARTESIAN_POINT('',(0.2,97.8,-6.));
#10258=CARTESIAN_POINT('',(0.2,24.5063483015054,-6.));
#10259=CARTESIAN_POINT('',(121.77836326564,97.8,-6.));
#10260=CARTESIAN_POINT('',(30.5063477673237,97.8,-6.));
#10261=CARTESIAN_POINT('',(121.777922463311,73.4971271484616,-6.));
#10262=CARTESIAN_POINT('',(21.8601360131481,68.1027787067378,-6.));
#10263=CARTESIAN_POINT('Origin',(22.8601360131481,68.1027787067378,-6.));
#10264=CARTESIAN_POINT('',(77.6151360131481,22.5977787067378,-6.));
#10265=CARTESIAN_POINT('Origin',(78.6151360131481,22.5977787067378,-6.));
#10266=CARTESIAN_POINT('',(118.250136013148,77.7527787067378,-6.));
#10267=CARTESIAN_POINT('Origin',(119.250136013148,77.7527787067378,-6.));
#10268=CARTESIAN_POINT('',(118.250136013148,57.2527787067378,-6.));
#10269=CARTESIAN_POINT('Origin',(119.250136013148,57.2527787067378,-6.));
#10270=CARTESIAN_POINT('',(47.7501360131481,2.75277870673783,-6.));
#10271=CARTESIAN_POINT('Origin',(48.7501360131481,2.75277870673783,-6.));
#10272=CARTESIAN_POINT('',(52.0001360131481,60.7827787067378,-6.));
#10273=CARTESIAN_POINT('Origin',(53.0001360131481,60.7827787067378,-6.));
#10274=CARTESIAN_POINT('',(1.75013601314813,23.7527787067378,-6.));
#10275=CARTESIAN_POINT('Origin',(2.75013601314813,23.7527787067378,-6.));
#10276=CARTESIAN_POINT('',(91.5001360131481,35.5027787067378,-6.));
#10277=CARTESIAN_POINT('Origin',(92.5001360131481,35.5027787067378,-6.));
#10278=CARTESIAN_POINT('',(75.5001360131481,95.2527787067378,-6.));
#10279=CARTESIAN_POINT('Origin',(76.5001360131481,95.2527787067378,-6.));
#10280=CARTESIAN_POINT('',(118.250136013148,23.7527787067378,-6.));
#10281=CARTESIAN_POINT('Origin',(119.250136013148,23.7527787067378,-6.));
#10282=CARTESIAN_POINT('',(38.3301360131481,26.5227787067378,-6.));
#10283=CARTESIAN_POINT('Origin',(39.3301360131481,26.5227787067378,-6.));
#10284=CARTESIAN_POINT('',(38.0001360131481,38.2527787067378,-6.));
#10285=CARTESIAN_POINT('Origin',(39.0001360131481,38.2527787067378,-6.));
#10286=CARTESIAN_POINT('',(72.2501360131481,2.75277870673783,-6.));
#10287=CARTESIAN_POINT('Origin',(73.2501360131481,2.75277870673783,-6.));
#10288=CARTESIAN_POINT('',(93.5001360131481,57.2527787067378,-6.));
#10289=CARTESIAN_POINT('Origin',(94.5001360131481,57.2527787067378,-6.));
#10290=CARTESIAN_POINT('',(93.5001360131481,77.0027787067378,-6.));
#10291=CARTESIAN_POINT('Origin',(94.5001360131481,77.0027787067378,-6.));
#10292=CARTESIAN_POINT('',(118.250136013148,2.75277870673781,-6.));
#10293=CARTESIAN_POINT('Origin',(119.250136013148,2.75277870673781,-6.));
#10294=CARTESIAN_POINT('',(40.5301360131481,50.9827787067378,-6.));
#10295=CARTESIAN_POINT('Origin',(41.5301360131481,50.9827787067378,-6.));
#10296=CARTESIAN_POINT('',(15.5001360131481,49.2527787067378,-6.));
#10297=CARTESIAN_POINT('Origin',(16.5001360131481,49.2527787067378,-6.));
#10298=CARTESIAN_POINT('',(90.8351360131481,23.0627787067378,-6.));
#10299=CARTESIAN_POINT('Origin',(91.8351360131481,23.0627787067378,-6.));
#10300=CARTESIAN_POINT('',(118.250136013148,95.2527787067378,-6.));
#10301=CARTESIAN_POINT('Origin',(119.250136013148,95.2527787067378,-6.));
#10302=CARTESIAN_POINT('',(84.7501360131481,56.2527787067378,-6.));
#10303=CARTESIAN_POINT('Origin',(85.7501360131481,56.2527787067378,-6.));
#10304=CARTESIAN_POINT('',(1.75013601314813,2.75277870673783,-6.));
#10305=CARTESIAN_POINT('Origin',(2.75013601314813,2.75277870673783,-6.));
#10306=CARTESIAN_POINT('Origin',(2.75013601314811,95.2527787067378,1.6));
#10307=CARTESIAN_POINT('',(1.95013601314811,95.2527787067378,0.));
#10308=CARTESIAN_POINT('',(1.95013601314811,95.2527787067378,1.6));
#10309=CARTESIAN_POINT('Origin',(2.75013601314811,95.2527787067378,0.));
#10310=CARTESIAN_POINT('Origin',(22.8601360131481,68.1027787067378,-5.8));
#10311=CARTESIAN_POINT('',(22.0601360131481,68.1027787067378,-5.8));
#10312=CARTESIAN_POINT('Origin',(21.8601360131481,68.1027787067378,-5.8));
#10313=CARTESIAN_POINT('Origin',(22.8601360131481,68.1027787067378,-5.8));
#10314=CARTESIAN_POINT('Origin',(22.8601360131481,68.1027787067378,1.6));
#10315=CARTESIAN_POINT('',(22.0601360131481,68.1027787067378,0.));
#10316=CARTESIAN_POINT('',(22.0601360131481,68.1027787067378,1.6));
#10317=CARTESIAN_POINT('Origin',(22.8601360131481,68.1027787067378,0.));
#10318=CARTESIAN_POINT('Origin',(2.75013601314813,2.75277870673783,-5.8));
#10319=CARTESIAN_POINT('',(1.95013601314813,2.75277870673783,-5.8));
#10320=CARTESIAN_POINT('Origin',(1.75013601314813,2.75277870673783,-5.8));
#10321=CARTESIAN_POINT('Origin',(2.75013601314813,2.75277870673783,-5.8));
#10322=CARTESIAN_POINT('Origin',(2.75013601314813,2.75277870673783,1.6));
#10323=CARTESIAN_POINT('',(1.95013601314813,2.75277870673783,0.));
#10324=CARTESIAN_POINT('',(1.95013601314813,2.75277870673783,1.6));
#10325=CARTESIAN_POINT('Origin',(2.75013601314813,2.75277870673783,0.));
#10326=CARTESIAN_POINT('Origin',(78.6151360131481,22.5977787067378,-5.8));
#10327=CARTESIAN_POINT('',(77.8151360131481,22.5977787067378,-5.8));
#10328=CARTESIAN_POINT('Origin',(77.6151360131481,22.5977787067378,-5.8));
#10329=CARTESIAN_POINT('Origin',(78.6151360131481,22.5977787067378,-5.8));
#10330=CARTESIAN_POINT('Origin',(78.6151360131481,22.5977787067378,1.6));
#10331=CARTESIAN_POINT('',(77.8151360131481,22.5977787067378,0.));
#10332=CARTESIAN_POINT('',(77.8151360131481,22.5977787067378,1.6));
#10333=CARTESIAN_POINT('Origin',(78.6151360131481,22.5977787067378,0.));
#10334=CARTESIAN_POINT('Origin',(85.7501360131481,56.2527787067378,-5.8));
#10335=CARTESIAN_POINT('',(84.9501360131481,56.2527787067378,-5.8));
#10336=CARTESIAN_POINT('Origin',(84.7501360131481,56.2527787067378,-5.8));
#10337=CARTESIAN_POINT('Origin',(85.7501360131481,56.2527787067378,-5.8));
#10338=CARTESIAN_POINT('Origin',(85.7501360131481,56.2527787067378,1.6));
#10339=CARTESIAN_POINT('',(84.9501360131481,56.2527787067378,0.));
#10340=CARTESIAN_POINT('',(84.9501360131481,56.2527787067378,1.6));
#10341=CARTESIAN_POINT('Origin',(85.7501360131481,56.2527787067378,0.));
#10342=CARTESIAN_POINT('Origin',(119.250136013148,77.7527787067378,-5.8));
#10343=CARTESIAN_POINT('',(118.450136013148,77.7527787067378,-5.8));
#10344=CARTESIAN_POINT('Origin',(118.250136013148,77.7527787067378,-5.8));
#10345=CARTESIAN_POINT('Origin',(119.250136013148,77.7527787067378,-5.8));
#10346=CARTESIAN_POINT('Origin',(119.250136013148,77.7527787067378,1.6));
#10347=CARTESIAN_POINT('',(118.450136013148,77.7527787067378,0.));
#10348=CARTESIAN_POINT('',(118.450136013148,77.7527787067378,1.6));
#10349=CARTESIAN_POINT('Origin',(119.250136013148,77.7527787067378,0.));
#10350=CARTESIAN_POINT('Origin',(119.250136013148,95.2527787067378,-5.8));
#10351=CARTESIAN_POINT('',(118.450136013148,95.2527787067378,-5.8));
#10352=CARTESIAN_POINT('Origin',(118.250136013148,95.2527787067378,-5.8));
#10353=CARTESIAN_POINT('Origin',(119.250136013148,95.2527787067378,-5.8));
#10354=CARTESIAN_POINT('Origin',(119.250136013148,95.2527787067378,1.6));
#10355=CARTESIAN_POINT('',(118.450136013148,95.2527787067378,0.));
#10356=CARTESIAN_POINT('',(118.450136013148,95.2527787067378,1.6));
#10357=CARTESIAN_POINT('Origin',(119.250136013148,95.2527787067378,0.));
#10358=CARTESIAN_POINT('Origin',(119.250136013148,57.2527787067378,-5.8));
#10359=CARTESIAN_POINT('',(118.450136013148,57.2527787067378,-5.8));
#10360=CARTESIAN_POINT('Origin',(118.250136013148,57.2527787067378,-5.8));
#10361=CARTESIAN_POINT('Origin',(119.250136013148,57.2527787067378,-5.8));
#10362=CARTESIAN_POINT('Origin',(119.250136013148,57.2527787067378,1.6));
#10363=CARTESIAN_POINT('',(118.450136013148,57.2527787067378,0.));
#10364=CARTESIAN_POINT('',(118.450136013148,57.2527787067378,1.6));
#10365=CARTESIAN_POINT('Origin',(119.250136013148,57.2527787067378,0.));
#10366=CARTESIAN_POINT('Origin',(91.8351360131481,23.0627787067378,-5.8));
#10367=CARTESIAN_POINT('',(91.0351360131481,23.0627787067378,-5.8));
#10368=CARTESIAN_POINT('Origin',(90.8351360131481,23.0627787067378,-5.8));
#10369=CARTESIAN_POINT('Origin',(91.8351360131481,23.0627787067378,-5.8));
#10370=CARTESIAN_POINT('Origin',(91.8351360131481,23.0627787067378,1.6));
#10371=CARTESIAN_POINT('',(91.0351360131481,23.0627787067378,0.));
#10372=CARTESIAN_POINT('',(91.0351360131481,23.0627787067378,1.6));
#10373=CARTESIAN_POINT('Origin',(91.8351360131481,23.0627787067378,0.));
#10374=CARTESIAN_POINT('Origin',(48.7501360131481,2.75277870673783,-5.8));
#10375=CARTESIAN_POINT('',(47.9501360131481,2.75277870673783,-5.8));
#10376=CARTESIAN_POINT('Origin',(47.7501360131481,2.75277870673783,-5.8));
#10377=CARTESIAN_POINT('Origin',(48.7501360131481,2.75277870673783,-5.8));
#10378=CARTESIAN_POINT('Origin',(48.7501360131481,2.75277870673783,1.6));
#10379=CARTESIAN_POINT('',(47.9501360131481,2.75277870673783,0.));
#10380=CARTESIAN_POINT('',(47.9501360131481,2.75277870673783,1.6));
#10381=CARTESIAN_POINT('Origin',(48.7501360131481,2.75277870673783,0.));
#10382=CARTESIAN_POINT('Origin',(16.5001360131481,49.2527787067378,-5.8));
#10383=CARTESIAN_POINT('',(15.7001360131481,49.2527787067378,-5.8));
#10384=CARTESIAN_POINT('Origin',(15.5001360131481,49.2527787067378,-5.8));
#10385=CARTESIAN_POINT('Origin',(16.5001360131481,49.2527787067378,-5.8));
#10386=CARTESIAN_POINT('Origin',(16.5001360131481,49.2527787067378,1.6));
#10387=CARTESIAN_POINT('',(15.7001360131481,49.2527787067378,0.));
#10388=CARTESIAN_POINT('',(15.7001360131481,49.2527787067378,1.6));
#10389=CARTESIAN_POINT('Origin',(16.5001360131481,49.2527787067378,0.));
#10390=CARTESIAN_POINT('Origin',(53.0001360131481,60.7827787067378,-5.8));
#10391=CARTESIAN_POINT('',(52.2001360131481,60.7827787067378,-5.8));
#10392=CARTESIAN_POINT('Origin',(52.0001360131481,60.7827787067378,-5.8));
#10393=CARTESIAN_POINT('Origin',(53.0001360131481,60.7827787067378,-5.8));
#10394=CARTESIAN_POINT('Origin',(53.0001360131481,60.7827787067378,1.6));
#10395=CARTESIAN_POINT('',(52.2001360131481,60.7827787067378,0.));
#10396=CARTESIAN_POINT('',(52.2001360131481,60.7827787067378,1.6));
#10397=CARTESIAN_POINT('Origin',(53.0001360131481,60.7827787067378,0.));
#10398=CARTESIAN_POINT('Origin',(41.5301360131481,50.9827787067378,-5.8));
#10399=CARTESIAN_POINT('',(40.7301360131481,50.9827787067378,-5.8));
#10400=CARTESIAN_POINT('Origin',(40.5301360131481,50.9827787067378,-5.8));
#10401=CARTESIAN_POINT('Origin',(41.5301360131481,50.9827787067378,-5.8));
#10402=CARTESIAN_POINT('Origin',(41.5301360131481,50.9827787067378,1.6));
#10403=CARTESIAN_POINT('',(40.7301360131481,50.9827787067378,0.));
#10404=CARTESIAN_POINT('',(40.7301360131481,50.9827787067378,1.6));
#10405=CARTESIAN_POINT('Origin',(41.5301360131481,50.9827787067378,0.));
#10406=CARTESIAN_POINT('Origin',(2.75013601314813,23.7527787067378,-5.8));
#10407=CARTESIAN_POINT('',(1.95013601314813,23.7527787067378,-5.8));
#10408=CARTESIAN_POINT('Origin',(1.75013601314813,23.7527787067378,-5.8));
#10409=CARTESIAN_POINT('Origin',(2.75013601314813,23.7527787067378,-5.8));
#10410=CARTESIAN_POINT('Origin',(2.75013601314813,23.7527787067378,1.6));
#10411=CARTESIAN_POINT('',(1.95013601314813,23.7527787067378,0.));
#10412=CARTESIAN_POINT('',(1.95013601314813,23.7527787067378,1.6));
#10413=CARTESIAN_POINT('Origin',(2.75013601314813,23.7527787067378,0.));
#10414=CARTESIAN_POINT('Origin',(119.250136013148,2.75277870673781,-5.8));
#10415=CARTESIAN_POINT('',(118.450136013148,2.75277870673781,-5.8));
#10416=CARTESIAN_POINT('Origin',(118.250136013148,2.75277870673781,-5.8));
#10417=CARTESIAN_POINT('Origin',(119.250136013148,2.75277870673781,-5.8));
#10418=CARTESIAN_POINT('Origin',(119.250136013148,2.75277870673781,1.6));
#10419=CARTESIAN_POINT('',(118.450136013148,2.75277870673781,0.));
#10420=CARTESIAN_POINT('',(118.450136013148,2.75277870673781,1.6));
#10421=CARTESIAN_POINT('Origin',(119.250136013148,2.75277870673781,0.));
#10422=CARTESIAN_POINT('Origin',(92.5001360131481,35.5027787067378,-5.8));
#10423=CARTESIAN_POINT('',(91.7001360131481,35.5027787067378,-5.8));
#10424=CARTESIAN_POINT('Origin',(91.5001360131481,35.5027787067378,-5.8));
#10425=CARTESIAN_POINT('Origin',(92.5001360131481,35.5027787067378,-5.8));
#10426=CARTESIAN_POINT('Origin',(92.5001360131481,35.5027787067378,1.6));
#10427=CARTESIAN_POINT('',(91.7001360131481,35.5027787067378,0.));
#10428=CARTESIAN_POINT('',(91.7001360131481,35.5027787067378,1.6));
#10429=CARTESIAN_POINT('Origin',(92.5001360131481,35.5027787067378,0.));
#10430=CARTESIAN_POINT('Origin',(94.5001360131481,77.0027787067378,-5.8));
#10431=CARTESIAN_POINT('',(93.7001360131481,77.0027787067378,-5.8));
#10432=CARTESIAN_POINT('Origin',(93.5001360131481,77.0027787067378,-5.8));
#10433=CARTESIAN_POINT('Origin',(94.5001360131481,77.0027787067378,-5.8));
#10434=CARTESIAN_POINT('Origin',(94.5001360131481,77.0027787067378,1.6));
#10435=CARTESIAN_POINT('',(93.7001360131481,77.0027787067378,0.));
#10436=CARTESIAN_POINT('',(93.7001360131481,77.0027787067378,1.6));
#10437=CARTESIAN_POINT('Origin',(94.5001360131481,77.0027787067378,0.));
#10438=CARTESIAN_POINT('Origin',(76.5001360131481,95.2527787067378,-5.8));
#10439=CARTESIAN_POINT('',(75.7001360131481,95.2527787067378,-5.8));
#10440=CARTESIAN_POINT('Origin',(75.5001360131481,95.2527787067378,-5.8));
#10441=CARTESIAN_POINT('Origin',(76.5001360131481,95.2527787067378,-5.8));
#10442=CARTESIAN_POINT('Origin',(76.5001360131481,95.2527787067378,1.6));
#10443=CARTESIAN_POINT('',(75.7001360131481,95.2527787067378,0.));
#10444=CARTESIAN_POINT('',(75.7001360131481,95.2527787067378,1.6));
#10445=CARTESIAN_POINT('Origin',(76.5001360131481,95.2527787067378,0.));
#10446=CARTESIAN_POINT('Origin',(94.5001360131481,57.2527787067378,-5.8));
#10447=CARTESIAN_POINT('',(93.7001360131481,57.2527787067378,-5.8));
#10448=CARTESIAN_POINT('Origin',(93.5001360131481,57.2527787067378,-5.8));
#10449=CARTESIAN_POINT('Origin',(94.5001360131481,57.2527787067378,-5.8));
#10450=CARTESIAN_POINT('Origin',(94.5001360131481,57.2527787067378,1.6));
#10451=CARTESIAN_POINT('',(93.7001360131481,57.2527787067378,0.));
#10452=CARTESIAN_POINT('',(93.7001360131481,57.2527787067378,1.6));
#10453=CARTESIAN_POINT('Origin',(94.5001360131481,57.2527787067378,0.));
#10454=CARTESIAN_POINT('Origin',(119.250136013148,23.7527787067378,-5.8));
#10455=CARTESIAN_POINT('',(118.450136013148,23.7527787067378,-5.8));
#10456=CARTESIAN_POINT('Origin',(118.250136013148,23.7527787067378,-5.8));
#10457=CARTESIAN_POINT('Origin',(119.250136013148,23.7527787067378,-5.8));
#10458=CARTESIAN_POINT('Origin',(119.250136013148,23.7527787067378,1.6));
#10459=CARTESIAN_POINT('',(118.450136013148,23.7527787067378,0.));
#10460=CARTESIAN_POINT('',(118.450136013148,23.7527787067378,1.6));
#10461=CARTESIAN_POINT('Origin',(119.250136013148,23.7527787067378,0.));
#10462=CARTESIAN_POINT('Origin',(73.2501360131481,2.75277870673783,-5.8));
#10463=CARTESIAN_POINT('',(72.4501360131481,2.75277870673783,-5.8));
#10464=CARTESIAN_POINT('Origin',(72.2501360131481,2.75277870673783,-5.8));
#10465=CARTESIAN_POINT('Origin',(73.2501360131481,2.75277870673783,-5.8));
#10466=CARTESIAN_POINT('Origin',(73.2501360131481,2.75277870673783,1.6));
#10467=CARTESIAN_POINT('',(72.4501360131481,2.75277870673783,0.));
#10468=CARTESIAN_POINT('',(72.4501360131481,2.75277870673783,1.6));
#10469=CARTESIAN_POINT('Origin',(73.2501360131481,2.75277870673783,0.));
#10470=CARTESIAN_POINT('Origin',(39.3301360131481,26.5227787067378,-5.8));
#10471=CARTESIAN_POINT('',(38.5301360131481,26.5227787067378,-5.8));
#10472=CARTESIAN_POINT('Origin',(38.3301360131481,26.5227787067378,-5.8));
#10473=CARTESIAN_POINT('Origin',(39.3301360131481,26.5227787067378,-5.8));
#10474=CARTESIAN_POINT('Origin',(39.3301360131481,26.5227787067378,1.6));
#10475=CARTESIAN_POINT('',(38.5301360131481,26.5227787067378,0.));
#10476=CARTESIAN_POINT('',(38.5301360131481,26.5227787067378,1.6));
#10477=CARTESIAN_POINT('Origin',(39.3301360131481,26.5227787067378,0.));
#10478=CARTESIAN_POINT('Origin',(39.0001360131481,38.2527787067378,-5.8));
#10479=CARTESIAN_POINT('',(38.2001360131481,38.2527787067378,-5.8));
#10480=CARTESIAN_POINT('Origin',(38.0001360131481,38.2527787067378,-5.8));
#10481=CARTESIAN_POINT('Origin',(39.0001360131481,38.2527787067378,-5.8));
#10482=CARTESIAN_POINT('Origin',(39.0001360131481,38.2527787067378,1.6));
#10483=CARTESIAN_POINT('',(38.2001360131481,38.2527787067378,0.));
#10484=CARTESIAN_POINT('',(38.2001360131481,38.2527787067378,1.6));
#10485=CARTESIAN_POINT('Origin',(39.0001360131481,38.2527787067378,0.));
#10486=CARTESIAN_POINT('Origin',(0.0384036282096581,97.8,0.));
#10487=CARTESIAN_POINT('',(0.00464656568096355,97.9971305677196,-0.166242937471306));
#10488=CARTESIAN_POINT('',(0.03840362820966,98.,-0.2));
#10489=CARTESIAN_POINT('Origin',(0.0384036282096581,97.8,-0.2));
#10490=CARTESIAN_POINT('',(0.03840362820966,98.,-5.8));
#10491=CARTESIAN_POINT('',(0.0384036282096581,98.,0.));
#10492=CARTESIAN_POINT('',(0.00464656568096355,97.9971305677196,-5.8337570625287));
#10493=CARTESIAN_POINT('Origin',(0.0384036282096581,97.8,-5.8));
#10494=CARTESIAN_POINT('',(0.00464656568096409,97.9971305677196,0.));
#10495=CARTESIAN_POINT('Origin',(0.0126955346474666,98.,0.));
#10496=CARTESIAN_POINT('',(121.77836326564,98.,-0.2));
#10497=CARTESIAN_POINT('',(30.5063477673237,98.,-0.2));
#10498=CARTESIAN_POINT('',(121.77836326564,98.,-5.8));
#10499=CARTESIAN_POINT('',(121.77836326564,98.,0.));
#10500=CARTESIAN_POINT('',(30.5063477673237,98.,-5.8));
#10501=CARTESIAN_POINT('Origin',(30.5063477673237,97.8,-0.2));
#10502=CARTESIAN_POINT('',(0.00433151028276112,97.9956684897172,-0.158601423553762));
#10503=CARTESIAN_POINT('Ctrl Pts',(0.00464656568096411,97.9971305677196,
-0.166242937471306));
#10504=CARTESIAN_POINT('Ctrl Pts',(0.00455075859632223,97.9966938911625,
-0.163692884500167));
#10505=CARTESIAN_POINT('Ctrl Pts',(0.00444527480850569,97.9962061925768,
-0.16114285167697));
#10506=CARTESIAN_POINT('Ctrl Pts',(0.00433151028276187,97.9956684897172,
-0.158601423553762));
#10507=CARTESIAN_POINT('',(0.2,97.8,0.));
#10508=CARTESIAN_POINT('Origin',(0.2,97.8,-0.2));
#10509=CARTESIAN_POINT('',(121.77836326564,97.8,0.));
#10510=CARTESIAN_POINT('',(30.5063477673237,97.8,0.));
#10511=CARTESIAN_POINT('',(121.919785904412,97.9414200736905,-0.0585773612274867));
#10512=CARTESIAN_POINT('Origin',(121.77836326564,97.8,-0.2));
#10513=CARTESIAN_POINT('Origin',(121.77836326564,97.8,-0.2));
#10514=CARTESIAN_POINT('Origin',(121.77836326564,97.8,0.));
#10515=CARTESIAN_POINT('',(121.978363265607,97.7999963724262,-0.2));
#10516=CARTESIAN_POINT('Origin',(121.77836326564,97.8,-0.2));
#10517=CARTESIAN_POINT('',(121.978363265607,97.7999963724262,-5.8));
#10518=CARTESIAN_POINT('',(121.978363265607,97.7999963724262,0.));
#10519=CARTESIAN_POINT('',(121.919785904412,97.9414200736905,-5.94142263877251));
#10520=CARTESIAN_POINT('Origin',(121.77836326564,97.8,-5.8));
#10521=CARTESIAN_POINT('Origin',(121.77836326564,97.8,-5.8));
#10522=CARTESIAN_POINT('Origin',(121.978366808961,97.995353043298,-6.));
#10523=CARTESIAN_POINT('',(121.976593009573,0.199996372426154,-0.2));
#10524=CARTESIAN_POINT('',(121.977922463278,73.4971235208878,-0.2));
#10525=CARTESIAN_POINT('',(121.976593009573,0.199996372426154,-5.8));
#10526=CARTESIAN_POINT('',(121.976593009573,0.199996372426156,-6.));
#10527=CARTESIAN_POINT('',(121.977922463278,73.4971235208878,-5.8));
#10528=CARTESIAN_POINT('Origin',(121.777922463311,73.4971271484616,-0.2));
#10529=CARTESIAN_POINT('',(121.776593009606,0.199999999999996,0.));
#10530=CARTESIAN_POINT('',(121.777922463311,73.4971271484616,0.));
#10531=CARTESIAN_POINT('',(121.918013083296,0.0585773612274686,-0.0585799263095439));
#10532=CARTESIAN_POINT('Origin',(121.776593009606,0.2,-0.2));
#10533=CARTESIAN_POINT('Origin',(121.776593009606,0.199999999999996,-0.200000000000001));
#10534=CARTESIAN_POINT('Origin',(121.776593009606,0.199999999999996,-6.));
#10535=CARTESIAN_POINT('',(121.776593009606,0.,-0.2));
#10536=CARTESIAN_POINT('Origin',(121.776593009606,0.199999999999996,-0.2));
#10537=CARTESIAN_POINT('',(121.776593009606,0.,-5.8));
#10538=CARTESIAN_POINT('',(121.776593009606,0.,-6.));
#10539=CARTESIAN_POINT('',(121.918013083296,0.0585773612274686,-5.94142007369046));
#10540=CARTESIAN_POINT('Origin',(121.776593009606,0.199999999999996,-5.8));
#10541=CARTESIAN_POINT('Origin',(121.776593009606,0.199999999999996,-5.8));
#10542=CARTESIAN_POINT('Origin',(121.777922463311,73.4971271484616,-5.8));
#10543=CARTESIAN_POINT('Origin',(121.776593009606,0.2,-5.8));
#10544=CARTESIAN_POINT('Origin',(121.77836326564,97.8,-5.8));
#10545=CARTESIAN_POINT('Origin',(91.4842702325718,0.2,-0.2));
#10546=CARTESIAN_POINT('',(115.962575995281,0.199999997615024,1.6940658945086E-20));
#10547=CARTESIAN_POINT('',(91.4842702325718,0.2,0.));
#10548=CARTESIAN_POINT('',(116.162576004024,0.,-0.2));
#10549=CARTESIAN_POINT('Origin',(116.162576004024,0.2,-0.2));
#10550=CARTESIAN_POINT('',(91.4842702325718,0.,-0.2));
#10551=CARTESIAN_POINT('Origin',(61.,49.,0.));
#10552=CARTESIAN_POINT('',(0.2,0.2,0.));
#10553=CARTESIAN_POINT('',(0.2,24.5063483015054,0.));
#10554=CARTESIAN_POINT('',(34.0375759952894,0.2,1.38777878078145E-16));
#10555=CARTESIAN_POINT('',(91.4842702325718,0.2,0.));
#10556=CARTESIAN_POINT('',(34.0375759862641,0.956844558252112,0.));
#10557=CARTESIAN_POINT('',(34.0375757055212,24.49945826504,1.38777878078145E-16));
#10558=CARTESIAN_POINT('',(7.98001636486346,0.959410164031225,0.));
#10559=CARTESIAN_POINT('',(53.3390054151643,0.954944155466606,0.));
#10560=CARTESIAN_POINT('',(7.24292867927242,1.40107619374132,0.));
#10561=CARTESIAN_POINT('Origin',(8.07560863288614,1.95483073760517,0.));
#10562=CARTESIAN_POINT('',(4.38432187823672,5.69955934816848,0.));
#10563=CARTESIAN_POINT('',(4.65799359520688,5.28803955999293,0.));
#10564=CARTESIAN_POINT('',(3.04911194735142,9.79959370870365,0.));
#10565=CARTESIAN_POINT('Origin',(9.73239772365891,9.70863249075108,0.));
#10566=CARTESIAN_POINT('',(3.0240763530266,9.98313580182935,0.));
#10567=CARTESIAN_POINT('',(0.953689030571203,25.1616539473989,0.));
#10568=CARTESIAN_POINT('',(3.0240763530266,13.7570232943798,0.));
#10569=CARTESIAN_POINT('',(3.0240763530266,29.4915679009147,0.));
#10570=CARTESIAN_POINT('',(3.04855334382691,13.9282496825849,0.));
#10571=CARTESIAN_POINT('',(6.07314773891195,35.086503092123,0.));
#10572=CARTESIAN_POINT('',(3.15930918809141,15.3356173399321,0.));
#10573=CARTESIAN_POINT('',(4.59843193941051,33.6224610600892,0.));
#10574=CARTESIAN_POINT('',(11.3508236176072,22.2863472650481,0.));
#10575=CARTESIAN_POINT('Origin',(11.3003403188833,14.043580891194,0.));
#10576=CARTESIAN_POINT('',(25.8676850566689,22.2868805223746,0.));
#10577=CARTESIAN_POINT('',(36.1759024203083,22.2872591808371,0.));
#10578=CARTESIAN_POINT('',(27.339326041934,23.8377959733631,0.));
#10579=CARTESIAN_POINT('Origin',(25.8277384933274,23.7984522596689,0.));
#10580=CARTESIAN_POINT('',(23.3454124061181,33.3198476407639,0.));
#10581=CARTESIAN_POINT('Origin',(15.261409611096,24.3326435038369,0.));
#10582=CARTESIAN_POINT('',(18.6967138753244,44.0578218847977,0.));
#10583=CARTESIAN_POINT('Origin',(33.896121907141,44.2627228548101,0.));
#10584=CARTESIAN_POINT('',(18.6967138753246,56.7686958774907,0.));
#10585=CARTESIAN_POINT('',(18.6967138753244,46.5289109423991,0.));
#10586=CARTESIAN_POINT('',(28.915045020239,67.749226025445,0.));
#10587=CARTESIAN_POINT('Origin',(30.1288904931529,56.3748533697779,0.));
#10588=CARTESIAN_POINT('',(30.7035919413741,67.8138263415645,0.));
#10589=CARTESIAN_POINT('',(44.5984617914348,68.3156935132591,0.));
#10590=CARTESIAN_POINT('',(35.4309520048434,67.8138263415646,0.));
#10591=CARTESIAN_POINT('',(45.8517959706869,67.8138263415647,0.));
#10592=CARTESIAN_POINT('',(35.4309520048434,70.838157178763,0.));
#10593=CARTESIAN_POINT('Origin',(35.4305708040164,69.3259917601638,0.));
#10594=CARTESIAN_POINT('',(30.3471521106118,70.838157178763,0.));
#10595=CARTESIAN_POINT('',(48.2154760024217,70.838157178763,0.));
#10596=CARTESIAN_POINT('',(30.1991475676916,70.8308693286347,0.));
#10597=CARTESIAN_POINT('',(45.1001419597637,71.5646050082881,0.));
#10598=CARTESIAN_POINT('',(30.1034740185883,70.8166999196745,0.));
#10599=CARTESIAN_POINT('',(43.6871333256871,72.8284620598071,0.));
#10600=CARTESIAN_POINT('',(28.701023697152,70.7679195709065,0.));
#10601=CARTESIAN_POINT('',(45.1541119647138,71.3401946609652,0.));
#10602=CARTESIAN_POINT('',(24.7916207494308,69.818081736623,0.));
#10603=CARTESIAN_POINT('Origin',(30.1265230614499,56.3805551355737,0.));
#10604=CARTESIAN_POINT('',(23.9158650703398,69.88542345778,0.));
#10605=CARTESIAN_POINT('Origin',(24.4226228251101,70.7475119555458,0.));
#10606=CARTESIAN_POINT('',(20.7954885484433,67.9451687198377,0.));
#10607=CARTESIAN_POINT('Origin',(22.8645404386619,68.0969261652254,0.));
#10608=CARTESIAN_POINT('',(20.465495277462,67.1272546192103,0.));
#10609=CARTESIAN_POINT('Origin',(19.7981675889631,67.8720188477838,0.));
#10610=CARTESIAN_POINT('',(15.6727136955057,56.8649107351074,0.));
#10611=CARTESIAN_POINT('Origin',(30.0960291692014,56.3791959544096,0.));
#10612=CARTESIAN_POINT('',(15.6726450822233,51.7118712006382,0.));
#10613=CARTESIAN_POINT('',(15.6726613384525,52.9327571371267,0.));
#10614=CARTESIAN_POINT('',(15.2696945764961,50.9096801144287,0.));
#10615=CARTESIAN_POINT('Origin',(14.672645082312,51.711884515747,0.));
#10616=CARTESIAN_POINT('',(15.2696894800337,47.5905698373117,0.));
#10617=CARTESIAN_POINT('Origin',(16.5048382465583,49.2501230793149,0.));
#10618=CARTESIAN_POINT('',(15.6726375222978,46.7883672695248,0.));
#10619=CARTESIAN_POINT('Origin',(14.6726375222978,46.7883672695248,0.));
#10620=CARTESIAN_POINT('',(15.6726375222978,44.2509626097997,0.));
#10621=CARTESIAN_POINT('',(15.6726375222978,48.1780727074858,0.));
#10622=CARTESIAN_POINT('',(15.6650202015093,44.0998984271759,0.));
#10623=CARTESIAN_POINT('',(15.8495465227688,47.7593633056642,0.));
#10624=CARTESIAN_POINT('',(15.6799247591855,43.5737511984038,0.));
#10625=CARTESIAN_POINT('',(15.6138466472427,45.906381004442,0.));
#10626=CARTESIAN_POINT('',(15.716386334693,43.3683201616874,0.));
#10627=CARTESIAN_POINT('',(15.9051207061008,42.3049569624102,0.));
#10628=CARTESIAN_POINT('',(15.8362575728343,41.7938144223046,0.));
#10629=CARTESIAN_POINT('',(15.633724078899,44.454086840968,0.));
#10630=CARTESIAN_POINT('',(21.1201898752487,31.2716570362501,0.));
#10631=CARTESIAN_POINT('Origin',(33.8859925889189,44.2700850794364,0.));
#10632=CARTESIAN_POINT('',(22.1895601496741,30.173934133133,0.));
#10633=CARTESIAN_POINT('',(26.3987395206754,25.8531551575259,0.));
#10634=CARTESIAN_POINT('',(22.9846560935756,29.0699137149224,0.));
#10635=CARTESIAN_POINT('',(24.3530827691789,27.1698021594835,0.));
#10636=CARTESIAN_POINT('',(23.606178687777,27.860155986837,0.));
#10637=CARTESIAN_POINT('',(22.9034832417977,29.2279119689927,0.));
#10638=CARTESIAN_POINT('',(24.032273951442,26.595762723436,0.));
#10639=CARTESIAN_POINT('',(22.3142189092839,31.6939119090715,0.));
#10640=CARTESIAN_POINT('',(22.944553692691,25.3106781022465,0.));
#10641=CARTESIAN_POINT('Origin',(22.944553692691,26.4135540522721,0.));
#10642=CARTESIAN_POINT('',(11.3508236176072,25.3106781022465,0.));
#10643=CARTESIAN_POINT('',(42.6320306466044,25.3106781022465,0.));
#10644=CARTESIAN_POINT('',(10.0034211344022,25.4167201305936,0.));
#10645=CARTESIAN_POINT('',(35.0961490052685,23.4418953893925,0.));
#10646=CARTESIAN_POINT('',(8.74712180782747,25.7183660249268,0.));
#10647=CARTESIAN_POINT('',(31.4349071844373,20.2708765886111,0.));
#10648=CARTESIAN_POINT('',(7.55348764027264,26.2128225325836,0.));
#10649=CARTESIAN_POINT('',(26.9310746908663,18.1857617460445,0.));
#10650=CARTESIAN_POINT('',(6.45189609891193,26.8879263078797,0.));
#10651=CARTESIAN_POINT('',(21.9043763438126,17.4179663823213,0.));
#10652=CARTESIAN_POINT('',(3.04855334382691,33.6687756847097,0.));
#10653=CARTESIAN_POINT('Origin',(11.3277610339068,33.5796498913968,0.));
#10654=CARTESIAN_POINT('',(3.0240763530266,33.8400020729148,0.));
#10655=CARTESIAN_POINT('',(2.55495176566868,37.1217171075301,0.));
#10656=CARTESIAN_POINT('',(3.02407635302651,88.4225968439873,0.));
#10657=CARTESIAN_POINT('',(3.02407635302659,41.4200010364573,0.));
#10658=CARTESIAN_POINT('',(9.34492914330741,94.9756691628016,0.));
#10659=CARTESIAN_POINT('Origin',(9.39896269214762,88.598583044893,0.));
#10660=CARTESIAN_POINT('',(73.5043649280353,94.9756691628015,0.));
#10661=CARTESIAN_POINT('',(35.1724645716537,94.9756691628015,0.));
#10662=CARTESIAN_POINT('',(74.4255386415183,94.364820790818,0.));
#10663=CARTESIAN_POINT('Origin',(73.5043649280353,93.9756691628015,0.));
#10664=CARTESIAN_POINT('',(78.545497432739,94.364820790818,0.));
#10665=CARTESIAN_POINT('Origin',(76.4855180371286,95.2350630955522,0.));
#10666=CARTESIAN_POINT('',(79.466671146222,94.9756691628015,0.));
#10667=CARTESIAN_POINT('Origin',(79.466671146222,93.9756691628015,0.));
#10668=CARTESIAN_POINT('',(112.638845963413,94.9756691628003,0.));
#10669=CARTESIAN_POINT('',(69.8533389984564,94.9756691628019,0.));
#10670=CARTESIAN_POINT('',(118.957159646764,88.462997434768,0.));
#10671=CARTESIAN_POINT('Origin',(112.587341890797,88.604488326627,0.));
#10672=CARTESIAN_POINT('',(118.957159646764,87.3918104319436,0.));
#10673=CARTESIAN_POINT('',(118.957159646757,68.7314987173734,0.));
#10674=CARTESIAN_POINT('',(112.024178957921,79.3172533879201,0.));
#10675=CARTESIAN_POINT('Origin',(110.738584320111,87.4347697773373,0.));
#10676=CARTESIAN_POINT('',(110.901817521877,79.2280724483714,0.));
#10677=CARTESIAN_POINT('',(85.4752307038387,77.2077189070555,0.));
#10678=CARTESIAN_POINT('',(89.5981381457902,79.2280724483717,0.));
#10679=CARTESIAN_POINT('',(85.9509087609389,79.2280724483717,0.));
#10680=CARTESIAN_POINT('',(88.6967045173532,79.7951551196322,0.));
#10681=CARTESIAN_POINT('Origin',(89.5981381457902,80.2280724483717,0.));
#10682=CARTESIAN_POINT('',(84.0726234531479,82.6485372995103,0.));
#10683=CARTESIAN_POINT('Origin',(84.1597736693589,77.6162748100582,0.));
#10684=CARTESIAN_POINT('',(64.9372788557535,82.6485372995098,0.));
#10685=CARTESIAN_POINT('',(72.5363117265736,82.64853729951,0.));
#10686=CARTESIAN_POINT('',(61.0254291558989,80.708064674941,0.));
#10687=CARTESIAN_POINT('Origin',(65.0651263674039,77.4775695860212,0.));
#10688=CARTESIAN_POINT('',(60.4875193528861,79.9638913792653,0.));
#10689=CARTESIAN_POINT('',(53.4940444320947,70.2887427746435,0.));
#10690=CARTESIAN_POINT('',(58.8836670698019,79.1925219599409,0.));
#10691=CARTESIAN_POINT('Origin',(58.8382253105438,81.3400770630407,0.));
#10692=CARTESIAN_POINT('',(50.5178175585072,79.1925219599409,0.));
#10693=CARTESIAN_POINT('',(59.941833534901,79.1925219599409,0.));
#10694=CARTESIAN_POINT('',(50.5178175585075,76.1681911227425,0.));
#10695=CARTESIAN_POINT('Origin',(50.5181987593343,77.6803565413417,0.));
#10696=CARTESIAN_POINT('',(58.9658579611096,76.1681911227423,0.));
#10697=CARTESIAN_POINT('',(55.758908779254,76.1681911227424,0.));
#10698=CARTESIAN_POINT('',(62.9152102703129,78.1511719741922,0.));
#10699=CARTESIAN_POINT('Origin',(58.8349898067966,81.3531341844128,0.));
#10700=CARTESIAN_POINT('',(63.4165061514022,78.853421086726,0.));
#10701=CARTESIAN_POINT('',(55.6994881877497,68.0429013501457,0.));
#10702=CARTESIAN_POINT('',(65.0196982666849,79.6242064623118,0.));
#10703=CARTESIAN_POINT('Origin',(65.0649832352608,77.4773467996401,0.));
#10704=CARTESIAN_POINT('',(84.033191122533,79.6242064623109,0.));
#10705=CARTESIAN_POINT('',(63.0098491333432,79.6242064623119,0.));
#10706=CARTESIAN_POINT('',(85.5413190743753,79.0726152411064,0.));
#10707=CARTESIAN_POINT('Origin',(84.1378329000872,77.5727992533876,0.));
#10708=CARTESIAN_POINT('',(86.1768321477572,77.5565646619853,0.));
#10709=CARTESIAN_POINT('Origin',(84.1171741979917,77.5844024922369,0.));
#10710=CARTESIAN_POINT('',(87.6801865785721,76.203741611173,0.));
#10711=CARTESIAN_POINT('Origin',(87.6804909255184,77.7158092210736,0.));
#10712=CARTESIAN_POINT('',(90.2191411616497,76.2037416111735,0.));
#10713=CARTESIAN_POINT('',(74.3400932892835,76.2037416111705,0.));
#10714=CARTESIAN_POINT('',(92.880226788036,74.0491534734278,0.));
#10715=CARTESIAN_POINT('Origin',(90.3132326433,73.5993330054418,0.));
#10716=CARTESIAN_POINT('',(92.9327609104094,73.4663032156093,0.));
#10717=CARTESIAN_POINT('',(93.871555445743,63.0506607295948,0.));
#10718=CARTESIAN_POINT('',(95.9392158613431,73.4945658539113,0.));
#10719=CARTESIAN_POINT('Origin',(94.4344630042869,73.6426979081311,0.));
#10720=CARTESIAN_POINT('',(95.9830916290855,74.0426274194801,0.));
#10721=CARTESIAN_POINT('',(94.8537379953168,59.9356304949312,0.));
#10722=CARTESIAN_POINT('',(98.546116945854,76.203741611173,0.));
#10723=CARTESIAN_POINT('Origin',(98.5061812145366,73.6507065180879,0.));
#10724=CARTESIAN_POINT('',(110.517092039921,76.203741611173,0.));
#10725=CARTESIAN_POINT('',(79.773058472927,76.203741611173,0.));
#10726=CARTESIAN_POINT('',(110.708870786305,76.1862710854298,0.));
#10727=CARTESIAN_POINT('',(87.1912145827317,78.3286660372668,0.));
#10728=CARTESIAN_POINT('',(118.87016984336,69.2479330448527,0.));
#10729=CARTESIAN_POINT('Origin',(110.753997580775,67.9702725374391,0.));
#10730=CARTESIAN_POINT('',(118.957159646764,68.1424144274869,0.));
#10731=CARTESIAN_POINT('',(119.483838342816,61.449065539822,0.));
#10732=CARTESIAN_POINT('',(118.957159646764,66.8690213251108,0.));
#10733=CARTESIAN_POINT('',(118.957159646763,58.5712072137382,0.));
#10734=CARTESIAN_POINT('',(110.742006131735,58.6925867385277,0.));
#10735=CARTESIAN_POINT('Origin',(110.735475463733,66.9143935224511,0.));
#10736=CARTESIAN_POINT('',(106.819974613093,58.6925867385274,0.));
#10737=CARTESIAN_POINT('',(85.8710030658672,58.6925867385256,0.));
#10738=CARTESIAN_POINT('',(106.819974613094,55.6682559013293,0.));
#10739=CARTESIAN_POINT('Origin',(106.82035581392,57.1804213199283,0.));
#10740=CARTESIAN_POINT('',(110.616066428032,55.6682559013293,0.));
#10741=CARTESIAN_POINT('',(83.9099873065469,55.6682559013293,0.));
#10742=CARTESIAN_POINT('',(112.026057897049,55.557135231778,0.));
#10743=CARTESIAN_POINT('',(86.2223020411291,57.5907153566605,0.));
#10744=CARTESIAN_POINT('',(118.87016984336,48.7124473350089,0.));
#10745=CARTESIAN_POINT('Origin',(110.737697796736,47.4247715707723,0.));
#10746=CARTESIAN_POINT('',(118.957159646764,47.6069287176431,0.));
#10747=CARTESIAN_POINT('',(118.68087341837,51.1181398856048,0.));
#10748=CARTESIAN_POINT('',(118.957159646764,33.8396465680305,0.));
#10749=CARTESIAN_POINT('',(118.957159646764,48.3034643588216,0.));
#10750=CARTESIAN_POINT('',(118.932479527409,33.6662617573135,0.));
#10751=CARTESIAN_POINT('',(119.439226941584,37.2263055003622,0.));
#10752=CARTESIAN_POINT('',(110.706484025792,25.3164677532212,0.));
#10753=CARTESIAN_POINT('Origin',(110.688746495359,33.5608555505134,0.));
#10754=CARTESIAN_POINT('',(105.343077676484,27.6892597103102,0.));
#10755=CARTESIAN_POINT('Origin',(110.874029232031,32.9432416212719,0.));
#10756=CARTESIAN_POINT('',(105.227472137984,27.7812846889332,0.));
#10757=CARTESIAN_POINT('',(86.579353656865,42.6256660815071,0.));
#10758=CARTESIAN_POINT('',(105.142539011193,27.8362863731765,0.));
#10759=CARTESIAN_POINT('',(84.8069881456517,41.0053476084186,0.));
#10760=CARTESIAN_POINT('',(104.15698465651,28.69696369808,0.));
#10761=CARTESIAN_POINT('',(87.3780905862848,43.3498477268331,0.));
#10762=CARTESIAN_POINT('',(102.761364532714,29.5829072629752,0.));
#10763=CARTESIAN_POINT('',(84.183205695147,41.3763745461601,0.));
#10764=CARTESIAN_POINT('',(101.244857528005,30.2417339932112,0.));
#10765=CARTESIAN_POINT('',(81.6478081435939,38.7554170346436,0.));
#10766=CARTESIAN_POINT('',(99.7153249047471,30.6417785608789,0.));
#10767=CARTESIAN_POINT('',(80.1147858429082,35.7682394521461,0.));
#10768=CARTESIAN_POINT('',(98.9488193048715,31.2011401031274,0.));
#10769=CARTESIAN_POINT('',(82.7134070380021,43.0490186393194,0.));
#10770=CARTESIAN_POINT('',(95.9465030982308,37.5220677324903,0.));
#10771=CARTESIAN_POINT('Origin',(104.42383149434,37.6751474921776,0.));
#10772=CARTESIAN_POINT('',(95.9465030982321,52.7238882698935,0.));
#10773=CARTESIAN_POINT('',(95.9465030982313,43.2610338662437,0.));
#10774=CARTESIAN_POINT('',(99.0371548349487,55.7723680460187,0.));
#10775=CARTESIAN_POINT('Origin',(98.9675657305956,52.7519763945987,0.));
#10776=CARTESIAN_POINT('',(101.366480749927,55.7723680460184,0.));
#10777=CARTESIAN_POINT('',(80.0185774174748,55.7723680460214,0.));
#10778=CARTESIAN_POINT('',(101.366480749927,58.7966988832172,0.));
#10779=CARTESIAN_POINT('Origin',(101.366099549099,57.2845334646178,0.));
#10780=CARTESIAN_POINT('',(98.2379963199599,58.799441349467,0.));
#10781=CARTESIAN_POINT('',(81.1875498321633,58.8143879714124,0.));
#10782=CARTESIAN_POINT('',(95.9465030982308,61.1730204959449,0.));
#10783=CARTESIAN_POINT('Origin',(98.4775322340347,61.3236059669671,0.));
#10784=CARTESIAN_POINT('',(95.946503098231,68.1200684061877,0.));
#10785=CARTESIAN_POINT('',(95.9465030982306,55.086510247972,0.));
#10786=CARTESIAN_POINT('',(92.9224267452041,68.1200684061865,0.));
#10787=CARTESIAN_POINT('Origin',(94.4344649217176,68.1199417109048,0.));
#10788=CARTESIAN_POINT('',(92.9224267452042,61.2508506724017,0.));
#10789=CARTESIAN_POINT('',(92.9224267452042,58.5600342030933,0.));
#10790=CARTESIAN_POINT('',(92.8332025277018,60.8921462441375,0.));
#10791=CARTESIAN_POINT('',(90.5575582034847,51.7434675658485,0.));
#10792=CARTESIAN_POINT('',(92.6647581739992,60.478338558806,0.));
#10793=CARTESIAN_POINT('',(88.494387344675,50.2332251909602,0.));
#10794=CARTESIAN_POINT('',(92.4391331322451,60.0927427253642,0.));
#10795=CARTESIAN_POINT('',(86.1249694985718,49.301763276074,0.));
#10796=CARTESIAN_POINT('',(90.4511393617975,58.7966988832172,0.));
#10797=CARTESIAN_POINT('Origin',(89.8967401634725,61.8197961437027,0.));
#10798=CARTESIAN_POINT('',(83.9217497193975,58.7966988832171,0.));
#10799=CARTESIAN_POINT('',(75.7255696808988,58.7966988832171,0.));
#10800=CARTESIAN_POINT('',(82.8539790823376,58.8280848858601,0.));
#10801=CARTESIAN_POINT('',(72.6146261325025,59.129059971325,0.));
#10802=CARTESIAN_POINT('',(81.6939119083907,59.0031202549685,0.));
#10803=CARTESIAN_POINT('',(72.8951607850375,60.3307094542466,0.));
#10804=CARTESIAN_POINT('',(80.4748104983331,59.3391485502552,0.));
#10805=CARTESIAN_POINT('',(73.3588262811392,61.3005703204734,0.));
#10806=CARTESIAN_POINT('',(80.2931373975278,59.3759940921929,0.));
#10807=CARTESIAN_POINT('',(72.1291396677887,61.0317533619842,0.));
#10808=CARTESIAN_POINT('',(80.1167202480666,59.4439463115073,0.));
#10809=CARTESIAN_POINT('',(73.6329960704647,61.9413421068482,0.));
#10810=CARTESIAN_POINT('',(80.0073863036826,59.4751291685021,0.));
#10811=CARTESIAN_POINT('',(72.6546918406705,61.5721725090527,0.));
#10812=CARTESIAN_POINT('',(77.9504303890307,59.9787272303268,0.));
#10813=CARTESIAN_POINT('',(72.2509140898908,61.374121920675,0.));
#10814=CARTESIAN_POINT('',(67.6575764557354,68.210138107947,0.));
#10815=CARTESIAN_POINT('Origin',(82.6588681646148,76.4173120433102,0.));
#10816=CARTESIAN_POINT('',(67.0977287688516,68.7271691757573,0.));
#10817=CARTESIAN_POINT('Origin',(66.3848008016129,67.3935813217649,0.));
#10818=CARTESIAN_POINT('',(66.2328581665275,68.9158914829114,0.));
#10819=CARTESIAN_POINT('Origin',(66.3190607642381,67.2348260796059,0.));
#10820=CARTESIAN_POINT('',(63.5815227107506,68.9158914829111,0.));
#10821=CARTESIAN_POINT('',(63.6164290832626,68.9158914829111,0.));
#10822=CARTESIAN_POINT('',(63.2548666042712,65.9273142797917,0.));
#10823=CARTESIAN_POINT('Origin',(63.5819214806145,67.4037072865829,0.));
#10824=CARTESIAN_POINT('',(64.1380187764876,65.7317358070116,0.));
#10825=CARTESIAN_POINT('',(63.9668359461326,65.7696451023519,0.));
#10826=CARTESIAN_POINT('',(64.8857349850848,65.452791438862,0.));
#10827=CARTESIAN_POINT('',(65.5003874535158,65.2234880715326,0.));
#10828=CARTESIAN_POINT('',(65.586096849447,65.0723504262431,0.));
#10829=CARTESIAN_POINT('',(66.8360209030426,64.3933837422422,0.));
#10830=CARTESIAN_POINT('',(66.2262564885108,64.5975990464592,0.));
#10831=CARTESIAN_POINT('',(67.9517177192524,63.3179727625278,0.));
#10832=CARTESIAN_POINT('',(66.9437065425085,63.8966449874329,0.));
#10833=CARTESIAN_POINT('',(68.7876509460725,62.0950975388057,0.));
#10834=CARTESIAN_POINT('',(68.1126351996393,62.5130707641282,0.));
#10835=CARTESIAN_POINT('',(69.377795043685,61.0155948164701,0.));
#10836=CARTESIAN_POINT('',(77.1445940228174,57.0624190915451,0.));
#10837=CARTESIAN_POINT('Origin',(82.6523783608814,76.3975425957962,0.));
#10838=CARTESIAN_POINT('',(79.1780885894407,56.5645345010752,0.));
#10839=CARTESIAN_POINT('',(70.4600290511882,58.6990804074863,0.));
#10840=CARTESIAN_POINT('',(88.2149986711313,44.7794460135258,0.));
#10841=CARTESIAN_POINT('Origin',(75.1161740383497,44.0924869678751,0.));
#10842=CARTESIAN_POINT('',(88.2200007117827,38.0681232347835,0.));
#10843=CARTESIAN_POINT('',(88.2134182948424,46.8998636842384,0.));
#10844=CARTESIAN_POINT('',(96.6098955656995,27.9255180991372,0.));
#10845=CARTESIAN_POINT('Origin',(98.2334402900138,37.8098382994769,0.));
#10846=CARTESIAN_POINT('',(99.1133788249721,27.6752934469982,0.));
#10847=CARTESIAN_POINT('',(77.9382759978148,29.7917576651261,0.));
#10848=CARTESIAN_POINT('',(100.25790666451,27.3781421501309,0.));
#10849=CARTESIAN_POINT('',(78.6666878917101,32.9838237575533,0.));
#10850=CARTESIAN_POINT('',(101.341826021642,26.9073013240743,0.));
#10851=CARTESIAN_POINT('',(79.7941728035869,36.2673286859053,0.));
#10852=CARTESIAN_POINT('',(102.339593480656,26.2739693726842,0.));
#10853=CARTESIAN_POINT('',(81.9659264326995,39.2061352715509,0.));
#10854=CARTESIAN_POINT('',(103.315829312907,25.4153996838805,0.));
#10855=CARTESIAN_POINT('',(85.0496027103168,41.4799897877203,0.));
#10856=CARTESIAN_POINT('',(103.431764935308,25.3231461664032,0.));
#10857=CARTESIAN_POINT('',(84.6153339109219,40.2959553205073,0.));
#10858=CARTESIAN_POINT('',(103.516241022852,25.2684999870443,0.));
#10859=CARTESIAN_POINT('',(83.0758844630815,38.4910274879959,0.));
#10860=CARTESIAN_POINT('',(104.411276215498,24.4813867799858,0.));
#10861=CARTESIAN_POINT('',(85.6446754364034,40.9851393097004,0.));
#10862=CARTESIAN_POINT('',(110.54593629464,22.2934573627342,0.));
#10863=CARTESIAN_POINT('Origin',(110.869621832875,32.8953740778951,0.));
#10864=CARTESIAN_POINT('',(111.979719195586,22.1800005182287,0.));
#10865=CARTESIAN_POINT('',(84.8770406475371,24.3246657835759,0.));
#10866=CARTESIAN_POINT('',(113.235739220398,21.8781260850413,0.));
#10867=CARTESIAN_POINT('',(84.8348756793796,28.7040479764987,0.));
#10868=CARTESIAN_POINT('',(114.429068695122,21.3835172181484,0.));
#10869=CARTESIAN_POINT('',(86.1502335108607,33.1044735204998,0.));
#10870=CARTESIAN_POINT('',(115.53038093472,20.7083372632343,0.));
#10871=CARTESIAN_POINT('',(88.8595269170131,37.0594004456086,0.));
#10872=CARTESIAN_POINT('',(118.932682655964,13.9282750757909,0.));
#10873=CARTESIAN_POINT('Origin',(110.653531856304,14.0174012668434,0.));
#10874=CARTESIAN_POINT('',(118.957159646764,13.7570232943798,0.));
#10875=CARTESIAN_POINT('',(115.896557670024,35.1703393748913,0.));
#10876=CARTESIAN_POINT('',(118.957159646764,9.97711761200218,0.));
#10877=CARTESIAN_POINT('',(118.957159646764,31.3785116471899,0.));
#10878=CARTESIAN_POINT('',(118.93212405244,9.79974606793978,0.));
#10879=CARTESIAN_POINT('',(121.091306542116,25.0970674391898,0.));
#10880=CARTESIAN_POINT('',(118.850618720003,8.70357215038994,0.));
#10881=CARTESIAN_POINT('',(120.222206021033,27.1501961943154,0.));
#10882=CARTESIAN_POINT('',(116.962971811362,4.96892338723848,0.));
#10883=CARTESIAN_POINT('Origin',(112.266322593697,9.68717739507521,0.));
#10884=CARTESIAN_POINT('',(116.962674440678,1.94867982645774,0.));
#10885=CARTESIAN_POINT('',(116.965187021845,27.4676952922726,0.));
#10886=CARTESIAN_POINT('',(115.962575986352,0.948778290477694,1.6940658945086E-20));
#10887=CARTESIAN_POINT('Origin',(115.962674445525,1.94877828563059,0.));
#10888=CARTESIAN_POINT('',(115.962575705507,24.5000003289036,1.6940658945086E-20));
#10889=CARTESIAN_POINT('Origin',(91.4842702325718,0.2,-5.8));
#10890=CARTESIAN_POINT('',(0.199999999999996,0.,-5.8));
#10891=CARTESIAN_POINT('',(91.4842702325718,0.,-5.8));
#10892=CARTESIAN_POINT('',(0.0585786437626846,0.0585786437626921,-5.94142135623731));
#10893=CARTESIAN_POINT('Origin',(0.199999999999996,0.2,-5.8));
#10894=CARTESIAN_POINT('Origin',(0.199999999999996,0.2,-5.8));
#10895=CARTESIAN_POINT('Origin',(0.199999999999996,0.2,0.));
#10896=CARTESIAN_POINT('',(0.0585786437626878,0.058578643762689,-0.0585786437626922));
#10897=CARTESIAN_POINT('',(0.,0.2,-0.2));
#10898=CARTESIAN_POINT('Origin',(0.199999999999996,0.2,-0.2));
#10899=CARTESIAN_POINT('',(0.,0.2,-5.8));
#10900=CARTESIAN_POINT('',(0.,0.2,0.));
#10901=CARTESIAN_POINT('Origin',(0.199999999999996,0.2,-5.8));
#10902=CARTESIAN_POINT('',(0.199999999999996,0.,-0.2));
#10903=CARTESIAN_POINT('',(0.199999999999996,0.,0.));
#10904=CARTESIAN_POINT('Origin',(0.199999999999996,0.2,-0.2));
#10905=CARTESIAN_POINT('Origin',(91.4842702325718,0.2,-0.2));
#10906=CARTESIAN_POINT('',(33.8375760040316,0.,-0.2));
#10907=CARTESIAN_POINT('',(91.4842702325718,0.,-0.2));
#10908=CARTESIAN_POINT('Origin',(33.8375760040316,0.2,-0.200000000000002));
#10909=CARTESIAN_POINT('Origin',(0.199999999999996,0.2,-0.2));
#10910=CARTESIAN_POINT('Origin',(121.968540465144,0.,0.));
#10911=CARTESIAN_POINT('',(116.162576098823,0.,-2.36875075185585));
#10912=CARTESIAN_POINT('',(116.16257603831,0.,-0.984375502821369));
#10913=CARTESIAN_POINT('',(114.346576098823,0.,-2.36875083123577));
#10914=CARTESIAN_POINT('',(118.865558334953,0.,-2.36875063370468));
#10915=CARTESIAN_POINT('',(114.346576004024,0.,-0.2));
#10916=CARTESIAN_POINT('',(114.34657603831,0.,-0.984375582201286));
#10917=CARTESIAN_POINT('',(107.653576004024,0.,-0.2));
#10918=CARTESIAN_POINT('',(91.4842702325718,0.,-0.2));
#10919=CARTESIAN_POINT('',(107.653576098823,0.,-2.36875112379619));
#10920=CARTESIAN_POINT('',(107.65357603831,0.,-0.984375874761747));
#10921=CARTESIAN_POINT('',(105.837576098823,0.,-2.36875120317615));
#10922=CARTESIAN_POINT('',(118.865558334953,0.,-2.36875063370436));
#10923=CARTESIAN_POINT('',(105.837576004024,0.,-0.2));
#10924=CARTESIAN_POINT('',(105.83757603831,0.,-0.984375954141667));
#10925=CARTESIAN_POINT('',(44.1625760040316,0.,-0.2));
#10926=CARTESIAN_POINT('',(91.4842702325718,0.,-0.2));
#10927=CARTESIAN_POINT('',(44.1625760988308,0.,-2.36875075185585));
#10928=CARTESIAN_POINT('',(44.1625760383179,0.,-0.984377076432096));
#10929=CARTESIAN_POINT('',(42.3465760988308,0.,-2.36875083123577));
#10930=CARTESIAN_POINT('',(82.8655583349568,0.,-2.36874906009395));
#10931=CARTESIAN_POINT('',(42.3465760040316,0.,-0.2));
#10932=CARTESIAN_POINT('',(42.3465760383179,0.,-0.984377155812029));
#10933=CARTESIAN_POINT('',(35.6535760040316,0.,-0.2));
#10934=CARTESIAN_POINT('',(91.4842702325718,0.,-0.2));
#10935=CARTESIAN_POINT('',(35.6535760988308,0.,-2.36875112379622));
#10936=CARTESIAN_POINT('',(35.6535760383179,0.,-0.984377448372491));
#10937=CARTESIAN_POINT('',(33.8375760988308,0.,-2.36875120317615));
#10938=CARTESIAN_POINT('',(82.8655583349568,0.,-2.3687490600938));
#10939=CARTESIAN_POINT('',(33.8375760383179,0.,-0.984377527752396));
#10940=CARTESIAN_POINT('Origin',(0.2,24.5063483015054,-5.8));
#10941=CARTESIAN_POINT('',(0.,97.954269913271,-5.8));
#10942=CARTESIAN_POINT('',(0.,24.5063483015054,-5.8));
#10943=CARTESIAN_POINT('',(0.00433151037600615,97.9956684894641,-5.84139857761194));
#10944=CARTESIAN_POINT('Origin',(0.2,97.954269913271,-5.8));
#10945=CARTESIAN_POINT('Origin',(0.2,97.8,-5.8));
#10946=CARTESIAN_POINT('Origin',(0.,0.012696603010891,0.));
#10947=CARTESIAN_POINT('',(0.,97.954269913271,-0.2));
#10948=CARTESIAN_POINT('',(0.,24.5063483015054,-0.2));
#10949=CARTESIAN_POINT('',(0.,97.954269913271,0.));
#10950=CARTESIAN_POINT('Origin',(0.2,24.5063483015054,-0.2));
#10951=CARTESIAN_POINT('Origin',(0.2,97.954269913271,-0.2));
#10952=CARTESIAN_POINT('Origin',(30.5063477673237,97.8,-5.8));
#10953=CARTESIAN_POINT('Ctrl Pts',(0.00464656568096411,97.9971305677196,
-5.8337570625287));
#10954=CARTESIAN_POINT('Ctrl Pts',(0.00455065593246823,97.9966934232337,
-5.83630984805627));
#10955=CARTESIAN_POINT('Ctrl Pts',(0.00444524062083853,97.9962060309938,
-5.83885791211458));
#10956=CARTESIAN_POINT('Ctrl Pts',(0.00433151022919061,97.9956684894641,
-5.841398577643));
#10957=CARTESIAN_POINT('Origin',(0.2,97.954269913271,0.));
#10958=CARTESIAN_POINT('Origin',(116.16257603831,0.2,-0.984375502821369));
#10959=CARTESIAN_POINT('',(115.962576090081,0.2,-2.16875076059813));
#10960=CARTESIAN_POINT('',(115.96257603831,0.199999997615024,-0.984375511563651));
#10961=CARTESIAN_POINT('Origin',(116.162576098823,0.2,-2.36875075185584));
#10962=CARTESIAN_POINT('Origin',(118.865558334953,0.2,-2.36875063370468));
#10963=CARTESIAN_POINT('',(114.546576090081,0.200000002384976,-2.16875082249349));
#10964=CARTESIAN_POINT('',(118.865558326211,0.2,-2.16875063370468));
#10965=CARTESIAN_POINT('Origin',(114.346576098823,0.2,-2.36875083123577));
#10966=CARTESIAN_POINT('Origin',(115.762576092478,-0.00108303242675412,
-2.16875076934041));
#10967=CARTESIAN_POINT('',(115.962576081151,0.948778290468359,-2.16875076059813));
#10968=CARTESIAN_POINT('',(115.962576092478,-0.00108303004177857,-2.16875076059813));
#10969=CARTESIAN_POINT('',(114.54657608115,0.948917708657784,-2.16875082249349));
#10970=CARTESIAN_POINT('',(116.362622846641,0.948738902194539,-2.16875074311152));
#10971=CARTESIAN_POINT('',(114.546576035686,4.76141695307259,-2.16875082249349));
#10972=CARTESIAN_POINT('Origin',(114.34657603831,0.2,-0.984375582201286));
#10973=CARTESIAN_POINT('',(114.546575995281,0.2,1.6940658945086E-20));
#10974=CARTESIAN_POINT('Origin',(114.346576004024,0.2,-0.200000000000006));
#10975=CARTESIAN_POINT('',(114.54657603831,0.200000002384976,-0.984375573459004));
#10976=CARTESIAN_POINT('Origin',(91.4842702325718,0.2,-0.2));
#10977=CARTESIAN_POINT('',(107.453575995281,0.199999997615024,2.77555756156289E-16));
#10978=CARTESIAN_POINT('',(91.4842702325718,0.2,0.));
#10979=CARTESIAN_POINT('Origin',(107.653576004024,0.2,-0.2));
#10980=CARTESIAN_POINT('Origin',(107.65357603831,0.2,-0.984375874761747));
#10981=CARTESIAN_POINT('',(107.453576090081,0.2,-2.16875113253851));
#10982=CARTESIAN_POINT('',(107.45357603831,0.199999997615024,-0.984375883504028));
#10983=CARTESIAN_POINT('Origin',(107.653576098823,0.2,-2.36875112379618));
#10984=CARTESIAN_POINT('Origin',(61.,49.,0.));
#10985=CARTESIAN_POINT('',(114.546575986351,0.948917708667119,1.6940658945086E-20));
#10986=CARTESIAN_POINT('',(114.546575685041,26.2162547143774,1.6940658945086E-20));
#10987=CARTESIAN_POINT('',(107.453575986342,0.949616079583491,2.77555756156289E-16));
#10988=CARTESIAN_POINT('',(88.9789227154015,0.951435078671965,0.));
#10989=CARTESIAN_POINT('',(107.453575677117,26.8807087112214,2.77555756156289E-16));
#10990=CARTESIAN_POINT('Origin',(118.865558334953,0.2,-2.36875063370436));
#10991=CARTESIAN_POINT('',(106.037576090081,0.200000002384976,-2.16875119443387));
#10992=CARTESIAN_POINT('',(118.865558326211,0.2,-2.16875063370436));
#10993=CARTESIAN_POINT('Origin',(105.837576098823,0.2,-2.36875120317615));
#10994=CARTESIAN_POINT('Origin',(115.762576092478,-0.00108303242675412,
-2.16875076934016));
#10995=CARTESIAN_POINT('',(107.453576081141,0.949616079574158,-2.16875113253851));
#10996=CARTESIAN_POINT('',(107.453576064082,2.38016686848941,-2.16875113253851));
#10997=CARTESIAN_POINT('',(106.03757608114,0.949755497763582,-2.16875119443387));
#10998=CARTESIAN_POINT('',(116.362622846641,0.948738902194539,-2.16875074311126));
#10999=CARTESIAN_POINT('',(106.037576092478,-0.0010831483962187,-2.16875119443387));
#11000=CARTESIAN_POINT('Origin',(105.83757603831,0.2,-0.984375954141667));
#11001=CARTESIAN_POINT('',(106.037575995281,0.2,1.38777878078145E-16));
#11002=CARTESIAN_POINT('Origin',(105.837576004024,0.2,-0.200000000000004));
#11003=CARTESIAN_POINT('',(106.03757603831,0.200000002384976,-0.984375945399385));
#11004=CARTESIAN_POINT('Origin',(91.4842702325718,0.2,-0.2));
#11005=CARTESIAN_POINT('',(43.9625759952895,0.199999997615024,0.));
#11006=CARTESIAN_POINT('',(91.4842702325718,0.2,0.));
#11007=CARTESIAN_POINT('Origin',(44.1625760040316,0.2,-0.2));
#11008=CARTESIAN_POINT('Origin',(44.1625760383179,0.2,-0.984377076432096));
#11009=CARTESIAN_POINT('',(43.9625760900885,0.2,-2.16875076059813));
#11010=CARTESIAN_POINT('',(43.9625760383179,0.199999997615024,-0.984377085174378));
#11011=CARTESIAN_POINT('Origin',(44.1625760988308,0.2,-2.36875075185584));
#11012=CARTESIAN_POINT('Origin',(61.,49.,0.));
#11013=CARTESIAN_POINT('',(106.037575986341,0.949755497772915,1.38777878078145E-16));
#11014=CARTESIAN_POINT('',(106.037575705513,24.4994586943357,1.38777878078145E-16));
#11015=CARTESIAN_POINT('',(79.6776655091014,0.952350872767353,0.));
#11016=CARTESIAN_POINT('',(88.9789227154015,0.951435078671965,0.));
#11017=CARTESIAN_POINT('',(78.7198539280825,1.6652823135646,0.));
#11018=CARTESIAN_POINT('Origin',(79.6777639682743,1.95235086792024,0.));
#11019=CARTESIAN_POINT('',(77.4529658546405,5.8927213239896,0.));
#11020=CARTESIAN_POINT('',(71.5883485628917,25.4621785160469,0.));
#11021=CARTESIAN_POINT('',(76.2836844273034,9.55711398440132,0.));
#11022=CARTESIAN_POINT('Origin',(82.9256371104852,9.65776247785648,0.));
#11023=CARTESIAN_POINT('',(76.2861727520943,11.9760707900396,0.));
#11024=CARTESIAN_POINT('',(76.30396331068,29.2706751458477,0.));
#11025=CARTESIAN_POINT('',(76.3280172342923,12.9025419117457,0.));
#11026=CARTESIAN_POINT('',(77.1050122739296,30.1058487306984,0.));
#11027=CARTESIAN_POINT('',(76.4535252898174,13.855041069624,0.));
#11028=CARTESIAN_POINT('',(78.534862599926,29.6506171132907,0.));
#11029=CARTESIAN_POINT('',(73.4553478274714,14.2501593553236,0.));
#11030=CARTESIAN_POINT('Origin',(74.9544498760015,14.0527012652503,0.));
#11031=CARTESIAN_POINT('',(73.3099839557579,13.1044686860311,0.));
#11032=CARTESIAN_POINT('',(75.5262644421945,30.5721643652529,0.));
#11033=CARTESIAN_POINT('',(73.262121790137,12.0127893659472,0.));
#11034=CARTESIAN_POINT('',(74.0835444673597,30.7484679157653,0.));
#11035=CARTESIAN_POINT('',(73.2599127671083,9.85939470888503,0.));
#11036=CARTESIAN_POINT('',(73.2810866665433,30.5000857843649,0.));
#11037=CARTESIAN_POINT('',(73.169545951488,8.68833622677683,0.));
#11038=CARTESIAN_POINT('',(74.7248645683309,28.8436227236079,0.));
#11039=CARTESIAN_POINT('',(67.1667163041259,3.04002383851994,0.));
#11040=CARTESIAN_POINT('Origin',(66.5852498251807,9.67194147146313,0.));
#11041=CARTESIAN_POINT('',(66.0492807355252,3.02433083719846,0.));
#11042=CARTESIAN_POINT('',(64.4066280443275,3.00126181060036,0.));
#11043=CARTESIAN_POINT('',(55.9341896783638,3.02433083719846,0.));
#11044=CARTESIAN_POINT('',(63.5246403677626,3.02433083719846,0.));
#11045=CARTESIAN_POINT('',(54.8164494169316,3.03976990645978,0.));
#11046=CARTESIAN_POINT('',(58.1491469799601,2.99373618084565,0.));
#11047=CARTESIAN_POINT('',(48.7318097443015,9.76254502111781,0.));
#11048=CARTESIAN_POINT('Origin',(55.4025184384545,9.68513445477772,0.));
#11049=CARTESIAN_POINT('',(47.8279638506098,15.0598217293291,0.));
#11050=CARTESIAN_POINT('Origin',(33.1521768814237,9.8300234242302,0.));
#11051=CARTESIAN_POINT('',(44.9306904976422,14.1931516078041,0.));
#11052=CARTESIAN_POINT('Origin',(46.379298783113,14.626581579564,0.));
#11053=CARTESIAN_POINT('',(45.3701083428602,12.7239007073822,0.));
#11054=CARTESIAN_POINT('',(40.8127494751183,27.9620247226997,0.));
#11055=CARTESIAN_POINT('',(45.6211244539099,11.3004337574171,0.));
#11056=CARTESIAN_POINT('',(42.5037680797382,28.9783977388504,0.));
#11057=CARTESIAN_POINT('',(45.7077333912749,9.81363615163372,0.));
#11058=CARTESIAN_POINT('',(44.5528045086509,29.6400599570592,0.));
#11059=CARTESIAN_POINT('',(45.6835434580601,9.10198849494455,0.));
#11060=CARTESIAN_POINT('Origin',(39.0389048620743,9.6840843257251,0.));
#11061=CARTESIAN_POINT('',(45.6828398402036,1.95569798004704,0.));
#11062=CARTESIAN_POINT('',(45.6855259605024,29.2372625929192,0.));
#11063=CARTESIAN_POINT('',(44.6827413858779,0.955796444066987,0.));
#11064=CARTESIAN_POINT('Origin',(44.6828398450507,1.95579643921989,0.));
#11065=CARTESIAN_POINT('',(43.9625759862759,0.955867350956892,0.));
#11066=CARTESIAN_POINT('',(53.3390054151643,0.954944155466606,0.));
#11067=CARTESIAN_POINT('',(43.9625756758525,26.9874195242155,0.));
#11068=CARTESIAN_POINT('Origin',(82.8655583349568,0.2,-2.36874906009395));
#11069=CARTESIAN_POINT('',(42.5465760900885,0.200000002384976,-2.16875082249348));
#11070=CARTESIAN_POINT('',(82.8655583262145,0.2,-2.16874906009395));
#11071=CARTESIAN_POINT('Origin',(42.3465760988308,0.2,-2.36875083123577));
#11072=CARTESIAN_POINT('Origin',(43.7625760924864,-0.00108303242675401,
-2.16875076934041));
#11073=CARTESIAN_POINT('',(43.9625760810749,0.955867350947555,-2.16875076059813));
#11074=CARTESIAN_POINT('',(43.9625760924864,-0.00108303004177788,-2.16875076059813));
#11075=CARTESIAN_POINT('',(42.5465760810732,0.95600676913698,-2.16875082249348));
#11076=CARTESIAN_POINT('',(44.722705895399,0.955792509194419,-2.16875072737178));
#11077=CARTESIAN_POINT('',(42.5465760356942,4.76141695307259,-2.16875082249348));
#11078=CARTESIAN_POINT('Origin',(42.3465760383179,0.2,-0.984377155812029));
#11079=CARTESIAN_POINT('',(42.5465759952894,0.2,1.38777878078145E-16));
#11080=CARTESIAN_POINT('Origin',(42.3465760040316,0.2,-0.200000000000004));
#11081=CARTESIAN_POINT('',(42.5465760383179,0.200000002384976,-0.984377147069747));
#11082=CARTESIAN_POINT('Origin',(91.4842702325718,0.2,-0.2));
#11083=CARTESIAN_POINT('',(35.4535759952894,0.199999997615024,1.38777878078145E-16));
#11084=CARTESIAN_POINT('',(91.4842702325718,0.2,0.));
#11085=CARTESIAN_POINT('Origin',(35.6535760040316,0.2,-0.2));
#11086=CARTESIAN_POINT('Origin',(35.6535760383179,0.2,-0.984377448372491));
#11087=CARTESIAN_POINT('',(35.4535760900885,0.2,-2.16875113253851));
#11088=CARTESIAN_POINT('',(35.4535760383179,0.199999997615024,-0.984377457114773));
#11089=CARTESIAN_POINT('Origin',(35.6535760988308,0.2,-2.36875112379622));
#11090=CARTESIAN_POINT('Origin',(61.,49.,0.));
#11091=CARTESIAN_POINT('',(42.5465759862741,0.956006769146313,0.));
#11092=CARTESIAN_POINT('',(42.5465756771251,26.8807083665089,1.38777878078145E-16));
#11093=CARTESIAN_POINT('',(35.4535759862657,0.956705140062688,0.));
#11094=CARTESIAN_POINT('',(53.3390054151643,0.954944155466606,0.));
#11095=CARTESIAN_POINT('',(35.4535756771251,26.8807082819257,1.38777878078145E-16));
#11096=CARTESIAN_POINT('Origin',(82.8655583349568,0.2,-2.3687490600938));
#11097=CARTESIAN_POINT('',(34.0375760900885,0.200000002384976,-2.16875119443387));
#11098=CARTESIAN_POINT('',(82.8655583262145,0.2,-2.1687490600938));
#11099=CARTESIAN_POINT('Origin',(33.8375760988308,0.2,-2.36875120317615));
#11100=CARTESIAN_POINT('Origin',(43.7625760924864,-0.00108303242675412,
-2.16875076934038));
#11101=CARTESIAN_POINT('',(35.4535760810649,0.956705140053354,-2.16875113253851));
#11102=CARTESIAN_POINT('',(35.4535760356942,4.76141686848941,-2.16875113253851));
#11103=CARTESIAN_POINT('',(34.0375760810633,0.956844558242778,-2.16875119443387));
#11104=CARTESIAN_POINT('',(44.722705895399,0.955792509194419,-2.16875072737175));
#11105=CARTESIAN_POINT('',(34.0375760924864,-0.0010831483962187,-2.16875119443387));
#11106=CARTESIAN_POINT('Origin',(33.8375760383179,0.2,-0.984377527752396));
#11107=CARTESIAN_POINT('',(34.0375760383179,0.200000002384976,-0.984377519010114));
#11108=CARTESIAN_POINT('Origin',(76.9238792652535,24.9517769206544,0.));
#11109=CARTESIAN_POINT('',(77.5050837192268,24.1380193506856,-3.));
#11110=CARTESIAN_POINT('',(77.922599280135,24.9011969653847,-3.));
#11111=CARTESIAN_POINT('Origin',(76.9238792652535,24.9517769206544,-3.));
#11112=CARTESIAN_POINT('',(77.5050837192268,24.1380193506856,0.));
#11113=CARTESIAN_POINT('',(77.5050837192268,24.1380193506856,0.));
#11114=CARTESIAN_POINT('',(77.922599280135,24.9011969653847,0.));
#11115=CARTESIAN_POINT('Origin',(76.9238792652535,24.9517769206544,0.));
#11116=CARTESIAN_POINT('',(77.922599280135,24.9011969653847,0.));
#11117=CARTESIAN_POINT('Origin',(77.9895072446756,26.2223195916358,0.));
#11118=CARTESIAN_POINT('',(77.9895072446756,26.2223195916358,0.));
#11119=CARTESIAN_POINT('',(78.5430845421912,37.152909068514,0.));
#11120=CARTESIAN_POINT('',(77.9895072446756,26.2223195916358,-3.));
#11121=CARTESIAN_POINT('',(77.9895072446756,26.2223195916358,0.));
#11122=CARTESIAN_POINT('',(77.9895072446756,26.2223195916358,-3.));
#11123=CARTESIAN_POINT('Origin',(75.9622550927358,21.4395136935608,0.));
#11124=CARTESIAN_POINT('',(76.9585122346752,21.3530746564606,-3.));
#11125=CARTESIAN_POINT('',(76.876925098862,21.8437151036191,-3.));
#11126=CARTESIAN_POINT('Origin',(75.9622550927358,21.4395136935608,-3.));
#11127=CARTESIAN_POINT('',(76.9585122346752,21.3530746564606,0.));
#11128=CARTESIAN_POINT('',(76.9585122346752,21.3530746564606,0.));
#11129=CARTESIAN_POINT('',(76.876925098862,21.8437151036191,0.));
#11130=CARTESIAN_POINT('Origin',(75.9622550927358,21.4395136935608,0.));
#11131=CARTESIAN_POINT('',(76.876925098862,21.8437151036191,0.));
#11132=CARTESIAN_POINT('Origin',(78.5999152111177,22.6051208873724,0.));
#11133=CARTESIAN_POINT('Origin',(78.5999152111177,22.6051208873724,-3.));
#11134=CARTESIAN_POINT('Origin',(78.5999152111177,22.6051208873724,0.));
#11135=CARTESIAN_POINT('Origin',(24.4226228251101,70.7475119555458,0.));
#11136=CARTESIAN_POINT('',(24.7916207494308,69.818081736623,-3.));
#11137=CARTESIAN_POINT('',(24.7916207494308,69.818081736623,0.));
#11138=CARTESIAN_POINT('',(23.9158650703398,69.88542345778,-3.));
#11139=CARTESIAN_POINT('Origin',(24.4226228251101,70.7475119555458,-3.));
#11140=CARTESIAN_POINT('',(23.9158650703398,69.88542345778,0.));
#11141=CARTESIAN_POINT('Origin',(37.0015438602625,28.2003346392131,0.));
#11142=CARTESIAN_POINT('',(37.8083369638177,27.6095005778593,-3.));
#11143=CARTESIAN_POINT('',(38.0015438602625,28.2003346392131,-3.));
#11144=CARTESIAN_POINT('Origin',(37.0015438602625,28.2003346392131,-3.));
#11145=CARTESIAN_POINT('',(37.8083369638177,27.6095005778593,0.));
#11146=CARTESIAN_POINT('',(37.8083369638177,27.6095005778593,0.));
#11147=CARTESIAN_POINT('',(38.0015438602625,28.2003346392131,0.));
#11148=CARTESIAN_POINT('Origin',(37.0015438602625,28.2003346392131,0.));
#11149=CARTESIAN_POINT('',(38.0015438602625,28.2003346392131,0.));
#11150=CARTESIAN_POINT('Origin',(38.0015438602627,35.6407104915399,0.));
#11151=CARTESIAN_POINT('',(38.0015438602627,35.6407104915399,0.));
#11152=CARTESIAN_POINT('',(38.0015438602629,42.3203552457703,0.));
#11153=CARTESIAN_POINT('',(38.0015438602627,35.6407104915399,-3.));
#11154=CARTESIAN_POINT('',(38.0015438602627,35.6407104915399,0.));
#11155=CARTESIAN_POINT('',(38.0015438602627,35.6407104915399,-3.));
#11156=CARTESIAN_POINT('Origin',(42.0256202132891,27.4815102820556,0.));
#11157=CARTESIAN_POINT('',(41.0256202132891,27.4815102820556,-3.));
#11158=CARTESIAN_POINT('',(41.0971014677673,27.1102247595603,-3.));
#11159=CARTESIAN_POINT('Origin',(42.0256202132891,27.4815102820556,-3.));
#11160=CARTESIAN_POINT('',(41.0256202132891,27.4815102820556,0.));
#11161=CARTESIAN_POINT('',(41.0256202132891,27.4815102820556,0.));
#11162=CARTESIAN_POINT('',(41.0971014677673,27.1102247595603,0.));
#11163=CARTESIAN_POINT('Origin',(42.0256202132891,27.4815102820556,0.));
#11164=CARTESIAN_POINT('',(41.0971014677673,27.1102247595603,0.));
#11165=CARTESIAN_POINT('Origin',(41.1087505741607,27.0810924260876,0.));
#11166=CARTESIAN_POINT('',(41.1087505741607,27.0810924260876,0.));
#11167=CARTESIAN_POINT('',(38.7015610570359,33.1010432597542,0.));
#11168=CARTESIAN_POINT('',(41.1087505741607,27.0810924260876,-3.));
#11169=CARTESIAN_POINT('',(41.1087505741607,27.0810924260876,0.));
#11170=CARTESIAN_POINT('',(41.1087505741607,27.0810924260876,-3.));
#11171=CARTESIAN_POINT('Origin',(38.8341625456322,49.6923490311028,0.));
#11172=CARTESIAN_POINT('',(39.7363339154521,50.1237268463383,-3.));
#11173=CARTESIAN_POINT('',(39.4806336971622,50.4552874625896,-3.));
#11174=CARTESIAN_POINT('Origin',(38.8341625456322,49.6923490311028,-3.));
#11175=CARTESIAN_POINT('',(39.7363339154521,50.1237268463383,0.));
#11176=CARTESIAN_POINT('',(39.7363339154521,50.1237268463383,0.));
#11177=CARTESIAN_POINT('',(39.4806336971622,50.4552874625896,0.));
#11178=CARTESIAN_POINT('Origin',(38.8341625456322,49.6923490311028,0.));
#11179=CARTESIAN_POINT('',(39.4806336971622,50.4552874625896,0.));
#11180=CARTESIAN_POINT('Origin',(42.1536516644231,53.6098723662645,0.));
#11181=CARTESIAN_POINT('',(38.019317608769,53.5489389267484,0.));
#11182=CARTESIAN_POINT('Origin',(42.1536516644231,53.6098723662645,0.));
#11183=CARTESIAN_POINT('',(38.019317608769,53.5489389267484,-3.));
#11184=CARTESIAN_POINT('',(38.019317608769,53.5489389267484,0.));
#11185=CARTESIAN_POINT('Origin',(42.1536516644231,53.6098723662645,-3.));
#11186=CARTESIAN_POINT('Origin',(42.0433939617956,53.9258595703015,0.));
#11187=CARTESIAN_POINT('',(41.8715564362826,52.9407342661774,0.));
#11188=CARTESIAN_POINT('',(41.0433939617956,53.9258595703015,0.));
#11189=CARTESIAN_POINT('Origin',(42.0433939617956,53.9258595703015,0.));
#11190=CARTESIAN_POINT('',(41.8715564362826,52.9407342661774,-3.));
#11191=CARTESIAN_POINT('',(41.8715564362826,52.9407342661774,0.));
#11192=CARTESIAN_POINT('',(41.0433939617956,53.9258595703015,-3.));
#11193=CARTESIAN_POINT('Origin',(42.0433939617956,53.9258595703015,-3.));
#11194=CARTESIAN_POINT('',(41.0433939617956,53.9258595703015,0.));
#11195=CARTESIAN_POINT('Origin',(41.5301761998481,50.983639573179,0.));
#11196=CARTESIAN_POINT('',(43.2566826900959,51.9664597206743,0.));
#11197=CARTESIAN_POINT('Origin',(41.5301761998481,50.983639573179,0.));
#11198=CARTESIAN_POINT('',(43.2566826900959,51.9664597206743,-3.));
#11199=CARTESIAN_POINT('',(43.2566826900959,51.9664597206743,0.));
#11200=CARTESIAN_POINT('Origin',(41.5301761998481,50.983639573179,-3.));
#11201=CARTESIAN_POINT('Origin',(94.471499213579,21.2800030091851,0.));
#11202=CARTESIAN_POINT('',(94.4694173051085,22.2800008420113,-3.));
#11203=CARTESIAN_POINT('',(93.641928128184,21.8384041322825,-3.));
#11204=CARTESIAN_POINT('Origin',(94.471499213579,21.2800030091851,-3.));
#11205=CARTESIAN_POINT('',(94.4694173051085,22.2800008420113,0.));
#11206=CARTESIAN_POINT('',(94.4694173051085,22.2800008420113,0.));
#11207=CARTESIAN_POINT('',(93.641928128184,21.8384041322825,0.));
#11208=CARTESIAN_POINT('Origin',(94.471499213579,21.2800030091851,0.));
#11209=CARTESIAN_POINT('',(93.641928128184,21.8384041322825,0.));
#11210=CARTESIAN_POINT('Origin',(91.816745550118,23.0669715442778,0.));
#11211=CARTESIAN_POINT('',(89.9966991563072,21.8308079412428,0.));
#11212=CARTESIAN_POINT('Origin',(91.816745550118,23.0669715442778,0.));
#11213=CARTESIAN_POINT('',(89.9966991563072,21.8308079412428,-3.));
#11214=CARTESIAN_POINT('',(89.9966991563072,21.8308079412428,0.));
#11215=CARTESIAN_POINT('Origin',(91.816745550118,23.0669715442778,-3.));
#11216=CARTESIAN_POINT('Origin',(89.1694625387065,21.2689542427584,0.));
#11217=CARTESIAN_POINT('',(89.1673823505197,22.2689520791646,-3.));
#11218=CARTESIAN_POINT('Origin',(89.1694625387065,21.2689542427584,-3.));
#11219=CARTESIAN_POINT('',(89.1673823505197,22.2689520791646,0.));
#11220=CARTESIAN_POINT('Origin',(89.1694625387065,21.2689542427584,0.));
#11221=CARTESIAN_POINT('',(89.1673823505197,22.2689520791646,0.));
#11222=CARTESIAN_POINT('Origin',(86.5432506687529,22.2634933796293,0.));
#11223=CARTESIAN_POINT('',(86.5432506687529,22.2634933796293,0.));
#11224=CARTESIAN_POINT('',(73.7994890219824,22.236983899841,0.));
#11225=CARTESIAN_POINT('',(86.5432506687529,22.2634933796293,-3.));
#11226=CARTESIAN_POINT('',(86.5432506687529,22.2634933796293,0.));
#11227=CARTESIAN_POINT('',(86.5432506687529,22.2634933796293,-3.));
#11228=CARTESIAN_POINT('Origin',(89.5981381457902,80.2280724483717,0.));
#11229=CARTESIAN_POINT('',(88.6967045173532,79.7951551196322,-3.));
#11230=CARTESIAN_POINT('',(89.5981381457902,79.2280724483717,-3.));
#11231=CARTESIAN_POINT('Origin',(89.5981381457902,80.2280724483717,-3.));
#11232=CARTESIAN_POINT('',(88.6967045173532,79.7951551196322,0.));
#11233=CARTESIAN_POINT('',(89.5981381457902,79.2280724483717,0.));
#11234=CARTESIAN_POINT('Origin',(110.901817521877,79.2280724483714,0.));
#11235=CARTESIAN_POINT('',(110.901817521877,79.2280724483714,-3.));
#11236=CARTESIAN_POINT('',(110.901817521877,79.2280724483714,0.));
#11237=CARTESIAN_POINT('',(88.9277259862408,79.2280724483717,-3.));
#11238=CARTESIAN_POINT('Origin',(79.466671146222,93.9756691628015,0.));
#11239=CARTESIAN_POINT('',(79.466671146222,94.9756691628015,-3.));
#11240=CARTESIAN_POINT('',(78.545497432739,94.364820790818,-3.));
#11241=CARTESIAN_POINT('Origin',(79.466671146222,93.9756691628015,-3.));
#11242=CARTESIAN_POINT('',(79.466671146222,94.9756691628015,0.));
#11243=CARTESIAN_POINT('',(78.545497432739,94.364820790818,0.));
#11244=CARTESIAN_POINT('Origin',(76.4855180371286,95.2350630955522,0.));
#11245=CARTESIAN_POINT('',(74.4255386415183,94.364820790818,-3.));
#11246=CARTESIAN_POINT('',(74.4255386415183,94.364820790818,0.));
#11247=CARTESIAN_POINT('Origin',(76.4855180371286,95.2350630955522,-3.));
#11248=CARTESIAN_POINT('Origin',(73.5043649280353,93.9756691628015,0.));
#11249=CARTESIAN_POINT('',(73.5043649280353,94.9756691628015,-3.));
#11250=CARTESIAN_POINT('Origin',(73.5043649280353,93.9756691628015,-3.));
#11251=CARTESIAN_POINT('',(73.5043649280353,94.9756691628015,0.));
#11252=CARTESIAN_POINT('Origin',(9.34492914330741,94.9756691628016,0.));
#11253=CARTESIAN_POINT('',(9.34492914330741,94.9756691628016,-3.));
#11254=CARTESIAN_POINT('',(9.34492914330741,94.9756691628016,0.));
#11255=CARTESIAN_POINT('',(74.2643580773463,94.9756691628015,-3.));
#11256=CARTESIAN_POINT('Origin',(30.1265230614499,56.3805551355737,0.));
#11257=CARTESIAN_POINT('',(28.701023697152,70.7679195709065,-3.));
#11258=CARTESIAN_POINT('',(28.701023697152,70.7679195709065,0.));
#11259=CARTESIAN_POINT('Origin',(30.1265230614499,56.3805551355737,-3.));
#11260=CARTESIAN_POINT('Origin',(19.7981675889631,67.8720188477838,0.));
#11261=CARTESIAN_POINT('',(20.465495277462,67.1272546192103,-3.));
#11262=CARTESIAN_POINT('',(20.7954885484433,67.9451687198377,-3.));
#11263=CARTESIAN_POINT('Origin',(19.7981675889631,67.8720188477838,-3.));
#11264=CARTESIAN_POINT('',(20.465495277462,67.1272546192103,0.));
#11265=CARTESIAN_POINT('',(20.7954885484433,67.9451687198377,0.));
#11266=CARTESIAN_POINT('Origin',(22.8645404386619,68.0969261652254,0.));
#11267=CARTESIAN_POINT('Origin',(22.8645404386619,68.0969261652254,-3.));
#11268=CARTESIAN_POINT('Origin',(14.672645082312,51.711884515747,0.));
#11269=CARTESIAN_POINT('',(15.2696945764961,50.9096801144287,-3.));
#11270=CARTESIAN_POINT('',(15.6726450822233,51.7118712006382,-3.));
#11271=CARTESIAN_POINT('Origin',(14.672645082312,51.711884515747,-3.));
#11272=CARTESIAN_POINT('',(15.2696945764961,50.9096801144287,0.));
#11273=CARTESIAN_POINT('',(15.6726450822233,51.7118712006382,0.));
#11274=CARTESIAN_POINT('Origin',(15.6727136955057,56.8649107351074,0.));
#11275=CARTESIAN_POINT('',(15.6727136955057,56.8649107351074,-3.));
#11276=CARTESIAN_POINT('',(15.6727136955057,56.8649107351074,0.));
#11277=CARTESIAN_POINT('',(15.6726375222979,51.1441007436581,-3.));
#11278=CARTESIAN_POINT('Origin',(14.6726375222978,46.7883672695248,0.));
#11279=CARTESIAN_POINT('',(15.6726375222978,46.7883672695248,-3.));
#11280=CARTESIAN_POINT('',(15.2696894800337,47.5905698373117,-3.));
#11281=CARTESIAN_POINT('Origin',(14.6726375222978,46.7883672695248,-3.));
#11282=CARTESIAN_POINT('',(15.6726375222978,46.7883672695248,0.));
#11283=CARTESIAN_POINT('',(15.2696894800337,47.5905698373117,0.));
#11284=CARTESIAN_POINT('Origin',(16.5048382465583,49.2501230793149,0.));
#11285=CARTESIAN_POINT('Origin',(16.5048382465583,49.2501230793149,-3.));
#11286=CARTESIAN_POINT('Origin',(22.944553692691,26.4135540522721,0.));
#11287=CARTESIAN_POINT('',(22.944553692691,25.3106781022465,-3.));
#11288=CARTESIAN_POINT('',(24.032273951442,26.595762723436,-3.));
#11289=CARTESIAN_POINT('Origin',(22.944553692691,26.4135540522721,-3.));
#11290=CARTESIAN_POINT('',(22.944553692691,25.3106781022465,0.));
#11291=CARTESIAN_POINT('',(24.032273951442,26.595762723436,0.));
#11292=CARTESIAN_POINT('Origin',(24.2640612932088,25.3106781022465,0.));
#11293=CARTESIAN_POINT('',(11.3508236176072,25.3106781022465,-3.));
#11294=CARTESIAN_POINT('',(11.3508236176072,25.3106781022465,-3.));
#11295=CARTESIAN_POINT('',(11.3508236176072,25.3106781022465,0.));
#11296=CARTESIAN_POINT('Origin',(8.07560863288614,1.95483073760517,0.));
#11297=CARTESIAN_POINT('',(7.24292867927242,1.40107619374132,-2.169));
#11298=CARTESIAN_POINT('',(7.98001636486346,0.959410164031225,-2.169));
#11299=CARTESIAN_POINT('Origin',(8.07560863288614,1.95483073760517,-2.169));
#11300=CARTESIAN_POINT('',(7.24292867927242,1.40107619374132,0.));
#11301=CARTESIAN_POINT('',(7.98001636486346,0.959410164031225,0.));
#11302=CARTESIAN_POINT('Origin',(44.6828398450507,1.95579643921989,0.));
#11303=CARTESIAN_POINT('',(44.6827413858779,0.955796444066989,-2.169));
#11304=CARTESIAN_POINT('',(45.6828398402036,1.95569798004704,-2.169));
#11305=CARTESIAN_POINT('Origin',(44.6828398450507,1.95579643921989,-2.169));
#11306=CARTESIAN_POINT('',(44.6827413858779,0.955796444066989,0.));
#11307=CARTESIAN_POINT('',(45.6828398402036,1.95569798004704,0.));
#11308=CARTESIAN_POINT('Origin',(45.6835799892718,9.47301752698337,0.));
#11309=CARTESIAN_POINT('',(45.68354345806,9.1019884949445,-2.169));
#11310=CARTESIAN_POINT('',(45.6835434580601,9.10198849494455,0.));
#11311=CARTESIAN_POINT('',(45.6827413810308,0.955697984894142,-2.169));
#11312=CARTESIAN_POINT('Origin',(79.6777639682743,1.95235086792024,0.));
#11313=CARTESIAN_POINT('',(78.7198539280825,1.66528231356461,-2.169));
#11314=CARTESIAN_POINT('',(79.6776655091014,0.952350872767347,-2.169));
#11315=CARTESIAN_POINT('Origin',(79.6777639682743,1.95235086792024,-2.169));
#11316=CARTESIAN_POINT('',(78.7198539280825,1.66528231356461,0.));
#11317=CARTESIAN_POINT('',(79.6776655091014,0.952350872767348,0.));
#11318=CARTESIAN_POINT('Origin',(61.,48.9999999988075,-2.169));
#11319=CARTESIAN_POINT('',(115.962575986352,0.948778290477693,-2.169));
#11320=CARTESIAN_POINT('',(115.962575986352,0.948778290477693,-2.169));
#11321=CARTESIAN_POINT('',(116.962674440678,1.94867982645775,-2.169));
#11322=CARTESIAN_POINT('Origin',(115.962674445525,1.94877828563059,-2.169));
#11323=CARTESIAN_POINT('',(116.962971811362,4.96892338723848,-2.169));
#11324=CARTESIAN_POINT('',(116.962575981505,0.948679831304849,-2.169));
#11325=CARTESIAN_POINT('',(112.847789072641,3.05525976213303,-2.169));
#11326=CARTESIAN_POINT('Origin',(112.266322593697,9.68717739507521,-2.169));
#11327=CARTESIAN_POINT('',(111.748914375695,3.04070945508253,-2.169));
#11328=CARTESIAN_POINT('',(87.2325649616612,2.71608608107735,-2.169));
#11329=CARTESIAN_POINT('',(111.556729372202,3.02433083719846,-2.169));
#11330=CARTESIAN_POINT('',(88.5017000314801,1.05950783324914,-2.169));
#11331=CARTESIAN_POINT('',(83.4708043287194,3.02433083719846,-2.169));
#11332=CARTESIAN_POINT('',(86.2783646861008,3.02433083719845,-2.169));
#11333=CARTESIAN_POINT('',(82.3530640672871,3.03976990645971,-2.169));
#11334=CARTESIAN_POINT('',(71.9200806886455,3.18387812063282,-2.169));
#11335=CARTESIAN_POINT('',(77.4529658546405,5.8927213239896,-2.169));
#11336=CARTESIAN_POINT('Origin',(82.9256371104852,9.65776247785648,-2.169));
#11337=CARTESIAN_POINT('',(77.4369344032222,5.946216170567,-2.169));
#11338=CARTESIAN_POINT('Origin',(116.962575981505,0.948679831304849,0.));
#11339=CARTESIAN_POINT('',(106.037576029369,0.949755497768679,-0.984375835992553));
#11340=CARTESIAN_POINT('',(107.453576029371,0.949616079579255,-0.984375774086948));
#11341=CARTESIAN_POINT('',(114.546576029379,0.948917708662881,-0.98437546404192));
#11342=CARTESIAN_POINT('',(115.962575986352,0.948778290477693,0.));
#11343=CARTESIAN_POINT('Origin',(115.962674445525,1.94877828563059,0.));
#11344=CARTESIAN_POINT('',(115.962576029381,0.948778290473457,-0.984375402156813));
#11345=CARTESIAN_POINT('',(116.962674440678,1.94867982645775,0.));
#11346=CARTESIAN_POINT('Origin',(45.6827413810308,0.955697984894144,0.));
#11347=CARTESIAN_POINT('',(7.98001636486346,0.959410164031225,-2.169));
#11348=CARTESIAN_POINT('',(34.0375760292925,0.956844558247875,-0.984375851732291));
#11349=CARTESIAN_POINT('',(35.4535760292942,0.956705140058451,-0.984375789826687));
#11350=CARTESIAN_POINT('',(42.5465760293025,0.956006769142077,-0.984375479781658));
#11351=CARTESIAN_POINT('',(43.9625760293042,0.955867350952653,-0.984375417896551));
#11352=CARTESIAN_POINT('Origin',(7.53664845689358,0.959410164062384,0.));
#11353=CARTESIAN_POINT('',(4.38432187823672,5.69955934816848,-2.169));
#11354=CARTESIAN_POINT('',(4.21644071885163,5.95200201894819,-2.169));
#11355=CARTESIAN_POINT('',(4.38432187823672,5.69955934816848,0.));
#11356=CARTESIAN_POINT('Origin',(24.9500103540617,5.21435775593875,-2.169));
#11357=CARTESIAN_POINT('',(39.6275625468408,3.04002383851994,-2.169));
#11358=CARTESIAN_POINT('Origin',(39.0389048620743,9.6840843257251,-2.169));
#11359=CARTESIAN_POINT('',(38.51012697824,3.02433083719846,-2.169));
#11360=CARTESIAN_POINT('',(32.305498477525,2.93719449932176,-2.169));
#11361=CARTESIAN_POINT('',(10.4270457345189,3.02433083719846,-2.169));
#11362=CARTESIAN_POINT('',(31.7300686661509,3.02433083719846,-2.169));
#11363=CARTESIAN_POINT('',(10.2348607310255,3.04070945508253,-2.169));
#11364=CARTESIAN_POINT('',(17.5435206174536,2.41784218995491,-2.169));
#11365=CARTESIAN_POINT('',(9.13537664841629,3.05500583007281,-2.169));
#11366=CARTESIAN_POINT('',(17.5770624149201,2.94524025258335,-2.169));
#11367=CARTESIAN_POINT('',(8.16132444812408,3.21353561526702,-2.169));
#11368=CARTESIAN_POINT('',(16.6674596065817,1.82913775743288,-2.169));
#11369=CARTESIAN_POINT('',(7.22147401817208,3.51429274738942,-2.169));
#11370=CARTESIAN_POINT('',(15.4855091213521,0.869757597771798,-2.169));
#11371=CARTESIAN_POINT('Origin',(9.73239772365891,9.70863249075108,-2.169));
#11372=CARTESIAN_POINT('Origin',(116.963067511482,5.94090107927933,0.));
#11373=CARTESIAN_POINT('',(116.962971811362,4.96892338723848,0.));
#11374=CARTESIAN_POINT('Origin',(78.9334848073493,0.952424144184045,0.));
#11375=CARTESIAN_POINT('',(77.4529658546405,5.8927213239896,0.));
#11376=CARTESIAN_POINT('Origin',(34.0375760837441,-0.00108314839621815,
-1.96875119443386));
#11377=CARTESIAN_POINT('Origin',(9.73239772365891,9.70863249075108,0.));
#11378=CARTESIAN_POINT('',(7.22147401817208,3.51429274738942,-3.));
#11379=CARTESIAN_POINT('',(7.22147401817208,3.51429274738942,0.));
#11380=CARTESIAN_POINT('',(3.04911194735141,9.79959370870365,-3.));
#11381=CARTESIAN_POINT('Origin',(9.73239772365891,9.70863249075108,-3.));
#11382=CARTESIAN_POINT('',(3.04911194735142,9.79959370870365,0.));
#11383=CARTESIAN_POINT('Origin',(8.16132444812408,3.21353561526702,0.));
#11384=CARTESIAN_POINT('',(8.16132444812408,3.21353561526702,-3.));
#11385=CARTESIAN_POINT('',(8.16132444812408,3.21353561526702,0.));
#11386=CARTESIAN_POINT('',(7.22147401817208,3.51429274738942,-3.));
#11387=CARTESIAN_POINT('Origin',(9.13537664841629,3.05500583007281,0.));
#11388=CARTESIAN_POINT('',(9.1353766484163,3.05500583007281,-3.));
#11389=CARTESIAN_POINT('',(9.13537664841629,3.05500583007281,0.));
#11390=CARTESIAN_POINT('',(8.16132444812408,3.21353561526702,-3.));
#11391=CARTESIAN_POINT('Origin',(10.2348607310255,3.04070945508253,0.));
#11392=CARTESIAN_POINT('',(10.2348607310255,3.04070945508253,-3.));
#11393=CARTESIAN_POINT('',(10.2348607310255,3.04070945508253,0.));
#11394=CARTESIAN_POINT('',(9.13537664841629,3.05500583007281,-3.));
#11395=CARTESIAN_POINT('Origin',(10.4270457345189,3.02433083719846,0.));
#11396=CARTESIAN_POINT('',(10.4270457345189,3.02433083719845,-3.));
#11397=CARTESIAN_POINT('',(10.4270457345189,3.02433083719846,0.));
#11398=CARTESIAN_POINT('',(10.2348607310255,3.04070945508253,-3.));
#11399=CARTESIAN_POINT('Origin',(111.748914375695,3.04070945508253,0.));
#11400=CARTESIAN_POINT('',(111.748914375695,3.04070945508253,-3.));
#11401=CARTESIAN_POINT('',(111.748914375695,3.04070945508253,0.));
#11402=CARTESIAN_POINT('',(111.556729372202,3.02433083719845,-3.));
#11403=CARTESIAN_POINT('',(111.556729372202,3.02433083719846,-3.));
#11404=CARTESIAN_POINT('',(111.556729372202,3.02433083719846,0.));
#11405=CARTESIAN_POINT('Origin',(112.847789072641,3.05525976213303,0.));
#11406=CARTESIAN_POINT('',(112.847789072641,3.05525976213303,-3.));
#11407=CARTESIAN_POINT('',(112.847789072641,3.05525976213303,0.));
#11408=CARTESIAN_POINT('',(111.748914375695,3.04070945508253,-3.));
#11409=CARTESIAN_POINT('Origin',(112.266322593697,9.68717739507521,0.));
#11410=CARTESIAN_POINT('',(118.850618720003,8.70357215038995,-3.));
#11411=CARTESIAN_POINT('',(118.850618720003,8.70357215038994,0.));
#11412=CARTESIAN_POINT('Origin',(112.266322593697,9.68717739507521,-3.));
#11413=CARTESIAN_POINT('Origin',(115.962576083736,-0.00108303004177801,
-1.96875076059813));
#11414=CARTESIAN_POINT('Origin',(114.546576026944,4.76141695307259,-1.96875082249348));
#11415=CARTESIAN_POINT('Origin',(43.9625760837441,-0.00108303004177799,
-1.96875076059813));
#11416=CARTESIAN_POINT('Origin',(42.5465760269519,4.76141695307259,-1.96875082249348));
#11417=CARTESIAN_POINT('Origin',(35.4535760269519,4.76141686848941,-1.96875113253851));
#11418=CARTESIAN_POINT('Origin',(38.51012697824,3.02433083719846,0.));
#11419=CARTESIAN_POINT('',(38.51012697824,3.02433083719845,-3.));
#11420=CARTESIAN_POINT('',(38.51012697824,3.02433083719846,0.));
#11421=CARTESIAN_POINT('',(10.4270457345189,3.02433083719846,-3.));
#11422=CARTESIAN_POINT('Origin',(106.037576083736,-0.00108314839621815,
-1.96875119443386));
#11423=CARTESIAN_POINT('Origin',(39.0389048620743,9.6840843257251,0.));
#11424=CARTESIAN_POINT('',(45.7077333912749,9.81363615163372,-3.));
#11425=CARTESIAN_POINT('',(45.7077333912749,9.81363615163372,0.));
#11426=CARTESIAN_POINT('',(39.6275625468408,3.04002383851994,-3.));
#11427=CARTESIAN_POINT('Origin',(39.0389048620743,9.6840843257251,-3.));
#11428=CARTESIAN_POINT('',(39.6275625468408,3.04002383851994,0.));
#11429=CARTESIAN_POINT('Origin',(107.453576026944,4.76141686848941,-1.96875113253851));
#11430=CARTESIAN_POINT('Origin',(48.6522413031473,58.1442026148757,0.));
#11431=CARTESIAN_POINT('',(48.5630606977674,59.8378203301117,0.));
#11432=CARTESIAN_POINT('',(50.3377187039977,58.3325110771383,0.));
#11433=CARTESIAN_POINT('Origin',(48.6522413031473,58.1442026148757,0.));
#11434=CARTESIAN_POINT('',(48.5630606977674,59.8378203301117,-3.));
#11435=CARTESIAN_POINT('',(48.5630606977674,59.8378203301117,0.));
#11436=CARTESIAN_POINT('',(50.3377187039977,58.3325110771383,-3.));
#11437=CARTESIAN_POINT('Origin',(48.6522413031473,58.1442026148757,-3.));
#11438=CARTESIAN_POINT('',(50.3377187039977,58.3325110771383,0.));
#11439=CARTESIAN_POINT('Origin',(45.7671484934251,59.837820330112,0.));
#11440=CARTESIAN_POINT('',(45.7671484934251,59.837820330112,0.));
#11441=CARTESIAN_POINT('',(53.3835742467131,59.8378203301112,0.));
#11442=CARTESIAN_POINT('',(45.7671484934251,59.837820330112,-3.));
#11443=CARTESIAN_POINT('',(45.7671484934251,59.837820330112,0.));
#11444=CARTESIAN_POINT('',(45.7671484934251,59.837820330112,-3.));
#11445=CARTESIAN_POINT('Origin',(45.7665682581775,61.347916366408,0.));
#11446=CARTESIAN_POINT('',(44.2566845632084,61.3225864794134,0.));
#11447=CARTESIAN_POINT('Origin',(45.7665682581775,61.347916366408,0.));
#11448=CARTESIAN_POINT('',(44.2566845632084,61.3225864794134,-3.));
#11449=CARTESIAN_POINT('',(44.2566845632084,61.3225864794134,0.));
#11450=CARTESIAN_POINT('Origin',(45.7665682581775,61.347916366408,-3.));
#11451=CARTESIAN_POINT('Origin',(45.7668009281493,61.3517356801857,0.));
#11452=CARTESIAN_POINT('',(45.7126084765795,62.8611608322752,0.));
#11453=CARTESIAN_POINT('Origin',(45.7668009281493,61.3517356801857,0.));
#11454=CARTESIAN_POINT('',(45.7126084765795,62.8611608322752,-3.));
#11455=CARTESIAN_POINT('',(45.7126084765795,62.8611608322752,0.));
#11456=CARTESIAN_POINT('Origin',(45.7668009281493,61.3517356801857,-3.));
#11457=CARTESIAN_POINT('Origin',(46.1499271198712,72.851281634735,0.));
#11458=CARTESIAN_POINT('',(52.5187861653637,65.142105563185,0.));
#11459=CARTESIAN_POINT('Origin',(46.1499271198712,72.851281634735,0.));
#11460=CARTESIAN_POINT('',(52.5187861653637,65.142105563185,-3.));
#11461=CARTESIAN_POINT('',(52.5187861653637,65.142105563185,0.));
#11462=CARTESIAN_POINT('Origin',(46.1499271198712,72.851281634735,-3.));
#11463=CARTESIAN_POINT('Origin',(53.7275788012876,66.2995532868655,0.));
#11464=CARTESIAN_POINT('',(53.7275788012876,66.2995532868655,0.));
#11465=CARTESIAN_POINT('',(51.3037313484508,63.9786616521393,0.));
#11466=CARTESIAN_POINT('',(53.7275788012876,66.2995532868655,-3.));
#11467=CARTESIAN_POINT('',(53.7275788012876,66.2995532868655,0.));
#11468=CARTESIAN_POINT('',(53.7275788012876,66.2995532868655,-3.));
#11469=CARTESIAN_POINT('Origin',(54.687297177356,65.1311512058514,0.));
#11470=CARTESIAN_POINT('',(56.1993232239415,65.1312880574197,0.));
#11471=CARTESIAN_POINT('Origin',(54.687297177356,65.1311512058514,0.));
#11472=CARTESIAN_POINT('',(56.1993232239415,65.1312880574197,-3.));
#11473=CARTESIAN_POINT('',(56.1993232239415,65.1312880574197,0.));
#11474=CARTESIAN_POINT('Origin',(54.687297177356,65.1311512058514,-3.));
#11475=CARTESIAN_POINT('Origin',(56.1993232239427,58.0384577514057,0.));
#11476=CARTESIAN_POINT('',(56.1993232239427,58.0384577514057,0.));
#11477=CARTESIAN_POINT('',(56.1993232239434,53.5192288757025,0.));
#11478=CARTESIAN_POINT('',(56.1993232239427,58.0384577514057,-3.));
#11479=CARTESIAN_POINT('',(56.1993232239427,58.0384577514057,0.));
#11480=CARTESIAN_POINT('',(56.1993232239427,58.0384577514057,-3.));
#11481=CARTESIAN_POINT('Origin',(54.6871606242592,58.0387090669389,0.));
#11482=CARTESIAN_POINT('',(54.6958926199192,56.5265716580727,0.));
#11483=CARTESIAN_POINT('Origin',(54.6871606242592,58.0387090669389,0.));
#11484=CARTESIAN_POINT('',(54.6958926199192,56.5265716580727,-3.));
#11485=CARTESIAN_POINT('',(54.6958926199192,56.5265716580727,0.));
#11486=CARTESIAN_POINT('Origin',(54.6871606242592,58.0387090669389,-3.));
#11487=CARTESIAN_POINT('Origin',(51.8694095681458,56.5113357344598,0.));
#11488=CARTESIAN_POINT('',(51.8694095681458,56.5113357344598,0.));
#11489=CARTESIAN_POINT('',(56.4143281065185,56.5358347427358,0.));
#11490=CARTESIAN_POINT('',(51.8694095681458,56.5113357344598,-3.));
#11491=CARTESIAN_POINT('',(51.8694095681458,56.5113357344598,0.));
#11492=CARTESIAN_POINT('',(51.8694095681458,56.5113357344598,-3.));
#11493=CARTESIAN_POINT('Origin',(51.8613038890967,58.0233766980286,0.));
#11494=CARTESIAN_POINT('',(50.3572698273553,57.867764620527,0.));
#11495=CARTESIAN_POINT('Origin',(51.8613038890967,58.0233766980286,0.));
#11496=CARTESIAN_POINT('',(50.3572698273553,57.867764620527,-3.));
#11497=CARTESIAN_POINT('',(50.3572698273553,57.867764620527,0.));
#11498=CARTESIAN_POINT('Origin',(51.8613038890967,58.0233766980286,-3.));
#11499=CARTESIAN_POINT('Origin',(50.3377187039977,58.3325110771383,0.));
#11500=CARTESIAN_POINT('',(50.5430917563924,53.4506228787858,0.));
#11501=CARTESIAN_POINT('',(50.3377187039977,58.3325110771383,-3.));
#11502=CARTESIAN_POINT('Origin',(86.5405087658876,23.7756595855243,0.));
#11503=CARTESIAN_POINT('',(86.5370044657064,25.2878242168269,0.));
#11504=CARTESIAN_POINT('Origin',(86.5405087658876,23.7756595855243,0.));
#11505=CARTESIAN_POINT('',(86.5370044657064,25.2878242168269,-3.));
#11506=CARTESIAN_POINT('',(86.5370044657064,25.2878242168269,0.));
#11507=CARTESIAN_POINT('Origin',(86.5405087658876,23.7756595855243,-3.));
#11508=CARTESIAN_POINT('Origin',(97.5115324363626,25.3106781022462,0.));
#11509=CARTESIAN_POINT('',(97.5115324363626,25.3106781022462,0.));
#11510=CARTESIAN_POINT('',(79.2805111708769,25.2727129458229,0.));
#11511=CARTESIAN_POINT('',(97.5115324363626,25.3106781022462,-3.));
#11512=CARTESIAN_POINT('',(97.5115324363626,25.3106781022462,0.));
#11513=CARTESIAN_POINT('',(97.5115324363626,25.3106781022462,-3.));
#11514=CARTESIAN_POINT('Origin',(97.5142743392274,23.7985118963509,0.));
#11515=CARTESIAN_POINT('',(97.5177786394091,22.2863472650481,0.));
#11516=CARTESIAN_POINT('Origin',(97.5142743392274,23.7985118963509,0.));
#11517=CARTESIAN_POINT('',(97.5177786394091,22.2863472650481,-3.));
#11518=CARTESIAN_POINT('',(97.5177786394091,22.2863472650481,0.));
#11519=CARTESIAN_POINT('Origin',(97.5142743392274,23.7985118963509,-3.));
#11520=CARTESIAN_POINT('Origin',(93.8708593565778,22.2787546964475,0.));
#11521=CARTESIAN_POINT('',(93.8708593565778,22.2787546964475,-3.));
#11522=CARTESIAN_POINT('',(77.463316448265,22.2445956198582,0.));
#11523=CARTESIAN_POINT('Origin',(35.775539555422,58.2343066264726,0.));
#11524=CARTESIAN_POINT('',(35.9140424892489,60.4777291218615,0.));
#11525=CARTESIAN_POINT('',(38.0160167697604,58.4142772005286,0.));
#11526=CARTESIAN_POINT('Origin',(35.775539555422,58.2343066264726,0.));
#11527=CARTESIAN_POINT('',(35.9140424892489,60.4777291218615,-3.));
#11528=CARTESIAN_POINT('',(35.9140424892489,60.4777291218615,0.));
#11529=CARTESIAN_POINT('',(38.0160167697604,58.4142772005286,-3.));
#11530=CARTESIAN_POINT('Origin',(35.775539555422,58.2343066264726,-3.));
#11531=CARTESIAN_POINT('',(38.0160167697604,58.4142772005286,0.));
#11532=CARTESIAN_POINT('Origin',(30.6541809205262,60.4798621511677,0.));
#11533=CARTESIAN_POINT('',(30.6541809205262,60.4798621511677,0.));
#11534=CARTESIAN_POINT('',(45.82941567631,60.4737081450138,0.));
#11535=CARTESIAN_POINT('',(30.6541809205262,60.4798621511677,-3.));
#11536=CARTESIAN_POINT('',(30.6541809205262,60.4798621511677,0.));
#11537=CARTESIAN_POINT('',(30.6541809205262,60.4798621511677,-3.));
#11538=CARTESIAN_POINT('Origin',(30.3452068468863,56.2921229701457,0.));
#11539=CARTESIAN_POINT('',(26.1540709272464,56.5509745290597,0.));
#11540=CARTESIAN_POINT('Origin',(30.3452068468863,56.2921229701457,0.));
#11541=CARTESIAN_POINT('',(26.1540709272464,56.5509745290597,-3.));
#11542=CARTESIAN_POINT('',(26.1540709272464,56.5509745290597,0.));
#11543=CARTESIAN_POINT('Origin',(30.3452068468863,56.2921229701457,-3.));
#11544=CARTESIAN_POINT('Origin',(26.1540709272464,44.6236586945819,0.));
#11545=CARTESIAN_POINT('',(26.1540709272464,44.6236586945819,0.));
#11546=CARTESIAN_POINT('',(26.1540709272464,46.8118293472911,0.));
#11547=CARTESIAN_POINT('',(26.1540709272464,44.6236586945819,-3.));
#11548=CARTESIAN_POINT('',(26.1540709272464,44.6236586945819,0.));
#11549=CARTESIAN_POINT('',(26.1540709272464,44.6236586945819,-3.));
#11550=CARTESIAN_POINT('Origin',(31.1535402607066,44.7604629210131,0.));
#11551=CARTESIAN_POINT('',(31.3852151965966,39.764490969865,0.));
#11552=CARTESIAN_POINT('Origin',(31.1535402607066,44.7604629210131,0.));
#11553=CARTESIAN_POINT('',(31.3852151965966,39.764490969865,-3.));
#11554=CARTESIAN_POINT('',(31.3852151965966,39.764490969865,0.));
#11555=CARTESIAN_POINT('Origin',(31.1535402607066,44.7604629210131,-3.));
#11556=CARTESIAN_POINT('Origin',(36.8753991548936,39.7644909698644,0.));
#11557=CARTESIAN_POINT('',(36.8753991548936,39.7644909698644,0.));
#11558=CARTESIAN_POINT('',(48.9376995774463,39.7644909698632,0.));
#11559=CARTESIAN_POINT('',(36.8753991548936,39.7644909698644,-3.));
#11560=CARTESIAN_POINT('',(36.8753991548936,39.7644909698644,0.));
#11561=CARTESIAN_POINT('',(36.8753991548936,39.7644909698644,-3.));
#11562=CARTESIAN_POINT('Origin',(36.9432992859164,40.8213201168088,0.));
#11563=CARTESIAN_POINT('',(38.0015438602625,40.8615282564196,0.));
#11564=CARTESIAN_POINT('Origin',(36.9432992859164,40.8213201168088,0.));
#11565=CARTESIAN_POINT('',(38.0015438602625,40.8615282564196,-3.));
#11566=CARTESIAN_POINT('',(38.0015438602625,40.8615282564196,0.));
#11567=CARTESIAN_POINT('Origin',(36.9432992859164,40.8213201168088,-3.));
#11568=CARTESIAN_POINT('Origin',(38.0015438602625,45.0274868499469,0.));
#11569=CARTESIAN_POINT('',(38.0015438602625,45.0274868499469,0.));
#11570=CARTESIAN_POINT('',(38.0015438602625,47.0137434249734,0.));
#11571=CARTESIAN_POINT('',(38.0015438602625,45.0274868499469,-3.));
#11572=CARTESIAN_POINT('',(38.0015438602625,45.0274868499469,0.));
#11573=CARTESIAN_POINT('',(38.0015438602625,45.0274868499469,-3.));
#11574=CARTESIAN_POINT('Origin',(39.5135820367758,45.0273348923753,0.));
#11575=CARTESIAN_POINT('',(41.0256202132891,45.0274868499469,0.));
#11576=CARTESIAN_POINT('Origin',(39.5135820367758,45.0273348923753,0.));
#11577=CARTESIAN_POINT('',(41.0256202132891,45.0274868499469,-3.));
#11578=CARTESIAN_POINT('',(41.0256202132891,45.0274868499469,0.));
#11579=CARTESIAN_POINT('Origin',(39.5135820367758,45.0273348923753,-3.));
#11580=CARTESIAN_POINT('Origin',(41.0256202132891,27.2889866037883,0.));
#11581=CARTESIAN_POINT('',(41.0256202132891,27.2889866037883,-3.));
#11582=CARTESIAN_POINT('',(41.0256202132891,38.1444933018941,0.));
#11583=CARTESIAN_POINT('Origin',(41.154657627446,26.9100691835307,0.));
#11584=CARTESIAN_POINT('',(41.154657627446,26.9100691835307,0.));
#11585=CARTESIAN_POINT('',(39.0560649185774,34.7282170321186,0.));
#11586=CARTESIAN_POINT('',(41.154657627446,26.9100691835307,-3.));
#11587=CARTESIAN_POINT('',(41.154657627446,26.9100691835307,0.));
#11588=CARTESIAN_POINT('',(41.154657627446,26.9100691835307,-3.));
#11589=CARTESIAN_POINT('Origin',(41.1916270243394,26.676502474542,0.));
#11590=CARTESIAN_POINT('',(41.1916270243394,26.676502474542,0.));
#11591=CARTESIAN_POINT('',(39.7101701009113,36.0361092625845,0.));
#11592=CARTESIAN_POINT('',(41.1916270243394,26.676502474542,-3.));
#11593=CARTESIAN_POINT('',(41.1916270243394,26.676502474542,0.));
#11594=CARTESIAN_POINT('',(41.1916270243394,26.676502474542,-3.));
#11595=CARTESIAN_POINT('Origin',(41.200818591424,26.4998419402482,0.));
#11596=CARTESIAN_POINT('',(41.200818591424,26.4998419402482,0.));
#11597=CARTESIAN_POINT('',(40.6437889464023,37.2058677790519,0.));
#11598=CARTESIAN_POINT('',(41.200818591424,26.4998419402482,-3.));
#11599=CARTESIAN_POINT('',(41.200818591424,26.4998419402482,0.));
#11600=CARTESIAN_POINT('',(41.200818591424,26.4998419402482,-3.));
#11601=CARTESIAN_POINT('Origin',(39.3231926460658,26.5001352013287,0.));
#11602=CARTESIAN_POINT('Origin',(39.3231926460658,26.5001352013287,-3.));
#11603=CARTESIAN_POINT('Origin',(39.3231926460658,26.5001352013287,0.));
#11604=CARTESIAN_POINT('Origin',(36.94285072346,35.6828182177546,0.));
#11605=CARTESIAN_POINT('',(36.8747897692305,36.7401601326666,0.));
#11606=CARTESIAN_POINT('Origin',(36.94285072346,35.6828182177546,0.));
#11607=CARTESIAN_POINT('',(36.8747897692305,36.7401601326666,-3.));
#11608=CARTESIAN_POINT('',(36.8747897692305,36.7401601326666,0.));
#11609=CARTESIAN_POINT('Origin',(36.94285072346,35.6828182177546,-3.));
#11610=CARTESIAN_POINT('Origin',(31.28065477324,36.7417599046459,0.));
#11611=CARTESIAN_POINT('',(31.28065477324,36.7417599046459,0.));
#11612=CARTESIAN_POINT('',(46.1385734082315,36.7375109399854,0.));
#11613=CARTESIAN_POINT('',(31.28065477324,36.7417599046459,-3.));
#11614=CARTESIAN_POINT('',(31.28065477324,36.7417599046459,0.));
#11615=CARTESIAN_POINT('',(31.28065477324,36.7417599046459,-3.));
#11616=CARTESIAN_POINT('Origin',(31.1420431862191,44.7555234662566,0.));
#11617=CARTESIAN_POINT('',(23.1299945742199,44.5394294302075,0.));
#11618=CARTESIAN_POINT('Origin',(31.1420431862191,44.7555234662566,0.));
#11619=CARTESIAN_POINT('',(23.1299945742199,44.5394294302075,-3.));
#11620=CARTESIAN_POINT('',(23.1299945742199,44.5394294302075,0.));
#11621=CARTESIAN_POINT('Origin',(31.1420431862191,44.7555234662566,-3.));
#11622=CARTESIAN_POINT('Origin',(23.1299945742199,56.6524965667349,0.));
#11623=CARTESIAN_POINT('',(23.1299945742198,56.6524965667349,0.));
#11624=CARTESIAN_POINT('',(23.1299945742199,52.8262482833674,0.));
#11625=CARTESIAN_POINT('',(23.1299945742198,56.6524965667349,-3.));
#11626=CARTESIAN_POINT('',(23.1299945742198,56.6524965667349,0.));
#11627=CARTESIAN_POINT('',(23.1299945742199,56.6524965667349,-3.));
#11628=CARTESIAN_POINT('Origin',(30.3379862469608,56.2957983912611,0.));
#11629=CARTESIAN_POINT('',(30.6790133862966,63.5045484932501,0.));
#11630=CARTESIAN_POINT('Origin',(30.3379862469608,56.2957983912611,0.));
#11631=CARTESIAN_POINT('',(30.6790133862966,63.5045484932501,-3.));
#11632=CARTESIAN_POINT('',(30.6790133862966,63.5045484932501,0.));
#11633=CARTESIAN_POINT('Origin',(30.3379862469608,56.2957983912611,-3.));
#11634=CARTESIAN_POINT('Origin',(36.0824360608128,63.5007649055528,0.));
#11635=CARTESIAN_POINT('',(36.0824360608128,63.5007649055528,0.));
#11636=CARTESIAN_POINT('',(48.5462887861925,63.4920374595111,0.));
#11637=CARTESIAN_POINT('',(36.0824360608128,63.5007649055528,-3.));
#11638=CARTESIAN_POINT('',(36.0824360608128,63.5007649055528,0.));
#11639=CARTESIAN_POINT('',(36.0824360608128,63.5007649055528,-3.));
#11640=CARTESIAN_POINT('Origin',(35.7712477880213,58.2325995403425,0.));
#11641=CARTESIAN_POINT('',(41.0433939617956,57.9983364858912,0.));
#11642=CARTESIAN_POINT('Origin',(35.7712477880213,58.2325995403425,0.));
#11643=CARTESIAN_POINT('',(41.0433939617956,57.9983364858912,-3.));
#11644=CARTESIAN_POINT('',(41.0433939617956,57.9983364858912,0.));
#11645=CARTESIAN_POINT('Origin',(35.7712477880213,58.2325995403425,-3.));
#11646=CARTESIAN_POINT('Origin',(41.0433939617956,53.7038628766875,0.));
#11647=CARTESIAN_POINT('',(41.0433939617956,53.7038628766875,-3.));
#11648=CARTESIAN_POINT('',(41.0433939617956,51.3519314383437,0.));
#11649=CARTESIAN_POINT('Origin',(42.1085273656466,50.9864602893034,0.));
#11650=CARTESIAN_POINT('',(43.2718919406041,50.0245650765683,0.));
#11651=CARTESIAN_POINT('Origin',(42.1085273656466,50.9864602893034,0.));
#11652=CARTESIAN_POINT('',(43.2718919406041,50.0245650765683,-3.));
#11653=CARTESIAN_POINT('',(43.2718919406041,50.0245650765683,0.));
#11654=CARTESIAN_POINT('Origin',(42.1085273656466,50.9864602893034,-3.));
#11655=CARTESIAN_POINT('Origin',(41.5295520333151,50.9811631824954,0.));
#11656=CARTESIAN_POINT('Origin',(41.5295520333151,50.9811631824954,-3.));
#11657=CARTESIAN_POINT('Origin',(41.5295520333151,50.9811631824954,0.));
#11658=CARTESIAN_POINT('Origin',(38.0160167697604,58.4142772005286,0.));
#11659=CARTESIAN_POINT('',(38.0192155678856,53.6993441462393,0.));
#11660=CARTESIAN_POINT('',(38.0160167697604,58.4142772005286,-3.));
#11661=CARTESIAN_POINT('Origin',(76.3318729094805,48.1039458723739,0.));
#11662=CARTESIAN_POINT('',(76.2816531417598,49.5256393646516,0.));
#11663=CARTESIAN_POINT('',(77.7538019484105,48.0609084549012,0.));
#11664=CARTESIAN_POINT('Origin',(76.3318729094805,48.1039458723739,0.));
#11665=CARTESIAN_POINT('',(76.2816531417598,49.5256393646516,-3.));
#11666=CARTESIAN_POINT('',(76.2816531417598,49.5256393646516,0.));
#11667=CARTESIAN_POINT('',(77.7538019484105,48.0609084549012,-3.));
#11668=CARTESIAN_POINT('Origin',(76.3318729094805,48.1039458723739,-3.));
#11669=CARTESIAN_POINT('',(77.7538019484105,48.0609084549012,0.));
#11670=CARTESIAN_POINT('Origin',(50.5559041624495,49.5256393646514,0.));
#11671=CARTESIAN_POINT('',(50.5559041624495,49.5256393646514,0.));
#11672=CARTESIAN_POINT('',(55.7779520812248,49.5256393646514,0.));
#11673=CARTESIAN_POINT('',(50.5559041624495,49.5256393646514,-3.));
#11674=CARTESIAN_POINT('',(50.5559041624495,49.5256393646514,0.));
#11675=CARTESIAN_POINT('',(50.5559041624495,49.5256393646514,-3.));
#11676=CARTESIAN_POINT('Origin',(50.5562853632766,51.0378047832507,0.));
#11677=CARTESIAN_POINT('',(50.5559041624495,52.5499702018501,0.));
#11678=CARTESIAN_POINT('Origin',(50.5562853632766,51.0378047832507,0.));
#11679=CARTESIAN_POINT('',(50.5559041624495,52.5499702018501,-3.));
#11680=CARTESIAN_POINT('',(50.5559041624495,52.5499702018501,0.));
#11681=CARTESIAN_POINT('Origin',(50.5562853632766,51.0378047832507,-3.));
#11682=CARTESIAN_POINT('Origin',(76.3334255320521,52.54997020185,0.));
#11683=CARTESIAN_POINT('',(76.3334255320521,52.54997020185,0.));
#11684=CARTESIAN_POINT('',(68.6667127660261,52.54997020185,0.));
#11685=CARTESIAN_POINT('',(76.3334255320521,52.54997020185,-3.));
#11686=CARTESIAN_POINT('',(76.3334255320521,52.54997020185,0.));
#11687=CARTESIAN_POINT('',(76.3334255320521,52.54997020185,-3.));
#11688=CARTESIAN_POINT('Origin',(76.3385673295262,48.1131575162507,0.));
#11689=CARTESIAN_POINT('',(80.7740188589045,48.2231710413806,0.));
#11690=CARTESIAN_POINT('Origin',(76.3385673295262,48.1131575162507,0.));
#11691=CARTESIAN_POINT('',(80.7740188589045,48.2231710413806,-3.));
#11692=CARTESIAN_POINT('',(80.7740188589045,48.2231710413806,0.));
#11693=CARTESIAN_POINT('Origin',(76.3385673295262,48.1131575162507,-3.));
#11694=CARTESIAN_POINT('Origin',(80.7778783014374,28.72728318607,0.));
#11695=CARTESIAN_POINT('',(80.7778783014374,28.72728318607,0.));
#11696=CARTESIAN_POINT('',(80.775871301454,38.8655988286708,0.));
#11697=CARTESIAN_POINT('',(80.7778783014374,28.72728318607,-3.));
#11698=CARTESIAN_POINT('',(80.7778783014374,28.72728318607,0.));
#11699=CARTESIAN_POINT('',(80.7778783014374,28.72728318607,-3.));
#11700=CARTESIAN_POINT('Origin',(80.7923258198662,28.3963081387816,0.));
#11701=CARTESIAN_POINT('',(80.7923258198662,28.3963081387816,0.));
#11702=CARTESIAN_POINT('',(80.3246705156459,39.1097214624774,0.));
#11703=CARTESIAN_POINT('',(80.7923258198662,28.3963081387816,-3.));
#11704=CARTESIAN_POINT('',(80.7923258198662,28.3963081387816,0.));
#11705=CARTESIAN_POINT('',(80.7923258198662,28.3963081387816,-3.));
#11706=CARTESIAN_POINT('Origin',(80.833459352124,28.1351390148473,0.));
#11707=CARTESIAN_POINT('',(80.833459352124,28.1351390148473,0.));
#11708=CARTESIAN_POINT('',(78.9901112733567,39.839108414318,0.));
#11709=CARTESIAN_POINT('',(80.833459352124,28.1351390148473,-3.));
#11710=CARTESIAN_POINT('',(80.833459352124,28.1351390148473,0.));
#11711=CARTESIAN_POINT('',(80.833459352124,28.1351390148473,-3.));
#11712=CARTESIAN_POINT('Origin',(81.0096733730315,26.4150032389294,0.));
#11713=CARTESIAN_POINT('',(81.0096733730315,26.4150032389294,0.));
#11714=CARTESIAN_POINT('',(79.7609583076769,38.6044955777449,0.));
#11715=CARTESIAN_POINT('',(81.0096733730315,26.4150032389294,-3.));
#11716=CARTESIAN_POINT('',(81.0096733730315,26.4150032389294,0.));
#11717=CARTESIAN_POINT('',(81.0096733730315,26.4150032389294,-3.));
#11718=CARTESIAN_POINT('Origin',(69.0032538737352,25.8753722719992,0.));
#11719=CARTESIAN_POINT('',(80.3299798390747,21.8565926463348,0.));
#11720=CARTESIAN_POINT('Origin',(69.0032538737352,25.8753722719992,0.));
#11721=CARTESIAN_POINT('',(80.3299798390747,21.8565926463348,-3.));
#11722=CARTESIAN_POINT('',(80.3299798390747,21.8565926463348,0.));
#11723=CARTESIAN_POINT('Origin',(69.0032538737352,25.8753722719992,-3.));
#11724=CARTESIAN_POINT('Origin',(80.2601290074444,21.7128417070453,0.));
#11725=CARTESIAN_POINT('',(80.2601290074444,21.7128417070453,0.));
#11726=CARTESIAN_POINT('',(83.7839426147706,28.9647455729134,0.));
#11727=CARTESIAN_POINT('',(80.2601290074444,21.7128417070453,-3.));
#11728=CARTESIAN_POINT('',(80.2601290074444,21.7128417070453,0.));
#11729=CARTESIAN_POINT('',(80.2601290074444,21.7128417070453,-3.));
#11730=CARTESIAN_POINT('Origin',(79.8798469626142,20.6942948203042,0.));
#11731=CARTESIAN_POINT('',(79.8798469626142,20.6942948203042,0.));
#11732=CARTESIAN_POINT('',(83.3625588976368,30.0223855020971,0.));
#11733=CARTESIAN_POINT('',(79.8798469626142,20.6942948203042,-3.));
#11734=CARTESIAN_POINT('',(79.8798469626142,20.6942948203042,0.));
#11735=CARTESIAN_POINT('',(79.8798469626142,20.6942948203042,-3.));
#11736=CARTESIAN_POINT('Origin',(78.4640030302412,21.2224525818438,0.));
#11737=CARTESIAN_POINT('Origin',(78.4640030302412,21.2224525818438,-3.));
#11738=CARTESIAN_POINT('Origin',(78.4640030302412,21.2224525818438,0.));
#11739=CARTESIAN_POINT('Origin',(77.8483582904651,27.6000787707615,0.));
#11740=CARTESIAN_POINT('',(77.8483582904651,27.6000787707615,0.));
#11741=CARTESIAN_POINT('',(76.676053513039,39.0429808940207,0.));
#11742=CARTESIAN_POINT('',(77.8483582904651,27.6000787707615,-3.));
#11743=CARTESIAN_POINT('',(77.8483582904651,27.6000787707615,0.));
#11744=CARTESIAN_POINT('',(77.8483582904651,27.6000787707615,-3.));
#11745=CARTESIAN_POINT('Origin',(77.784906008297,28.0726971212396,0.));
#11746=CARTESIAN_POINT('',(77.784906008297,28.0726971212396,0.));
#11747=CARTESIAN_POINT('',(76.2563669401542,39.4578764771809,0.));
#11748=CARTESIAN_POINT('',(77.784906008297,28.0726971212396,-3.));
#11749=CARTESIAN_POINT('',(77.784906008297,28.0726971212396,0.));
#11750=CARTESIAN_POINT('',(77.784906008297,28.0726971212396,-3.));
#11751=CARTESIAN_POINT('Origin',(77.7538019484107,28.7042261550022,0.));
#11752=CARTESIAN_POINT('',(77.7538019484107,28.7042261550022,0.));
#11753=CARTESIAN_POINT('',(77.2349366567825,39.2391369503438,0.));
#11754=CARTESIAN_POINT('',(77.7538019484107,28.7042261550022,-3.));
#11755=CARTESIAN_POINT('',(77.7538019484107,28.7042261550022,0.));
#11756=CARTESIAN_POINT('',(77.7538019484107,28.7042261550022,-3.));
#11757=CARTESIAN_POINT('Origin',(77.7538019484105,48.0609084549012,0.));
#11758=CARTESIAN_POINT('',(77.7538019484105,48.5304542274507,0.));
#11759=CARTESIAN_POINT('',(77.7538019484105,48.0609084549012,-3.));
#11760=CARTESIAN_POINT('Origin',(9.39896269214762,88.598583044893,0.));
#11761=CARTESIAN_POINT('',(3.02407635302651,88.4225968439873,-3.));
#11762=CARTESIAN_POINT('',(3.02407635302651,88.4225968439873,0.));
#11763=CARTESIAN_POINT('Origin',(9.39896269214762,88.598583044893,-3.));
#11764=CARTESIAN_POINT('Origin',(3.0240763530266,33.8400020729148,0.));
#11765=CARTESIAN_POINT('',(3.0240763530266,33.8400020729148,-3.));
#11766=CARTESIAN_POINT('',(3.0240763530266,33.8400020729148,0.));
#11767=CARTESIAN_POINT('',(3.02407635302651,88.4225968439873,-3.));
#11768=CARTESIAN_POINT('Origin',(3.04855334382691,33.6687756847097,0.));
#11769=CARTESIAN_POINT('',(3.0485533438269,33.6687756847097,-3.));
#11770=CARTESIAN_POINT('',(3.04855334382691,33.6687756847097,0.));
#11771=CARTESIAN_POINT('',(3.0240763530266,33.8400020729148,-3.));
#11772=CARTESIAN_POINT('Origin',(11.3277610339068,33.5796498913968,0.));
#11773=CARTESIAN_POINT('',(6.45189609891193,26.8879263078797,-3.));
#11774=CARTESIAN_POINT('',(6.45189609891193,26.8879263078797,0.));
#11775=CARTESIAN_POINT('Origin',(11.3277610339068,33.5796498913968,-3.));
#11776=CARTESIAN_POINT('Origin',(7.55348764027264,26.2128225325836,0.));
#11777=CARTESIAN_POINT('',(7.55348764027264,26.2128225325836,-3.));
#11778=CARTESIAN_POINT('',(7.55348764027264,26.2128225325836,0.));
#11779=CARTESIAN_POINT('',(6.45189609891193,26.8879263078797,-3.));
#11780=CARTESIAN_POINT('Origin',(8.74712180782747,25.7183660249268,0.));
#11781=CARTESIAN_POINT('',(8.74712180782748,25.7183660249268,-3.));
#11782=CARTESIAN_POINT('',(8.74712180782747,25.7183660249268,0.));
#11783=CARTESIAN_POINT('',(7.55348764027264,26.2128225325836,-3.));
#11784=CARTESIAN_POINT('Origin',(10.0034211344022,25.4167201305936,0.));
#11785=CARTESIAN_POINT('',(10.0034211344022,25.4167201305936,-3.));
#11786=CARTESIAN_POINT('',(10.0034211344022,25.4167201305936,0.));
#11787=CARTESIAN_POINT('',(8.74712180782747,25.7183660249268,-3.));
#11788=CARTESIAN_POINT('Origin',(11.3508236176072,25.3106781022465,0.));
#11789=CARTESIAN_POINT('',(10.0034211344022,25.4167201305936,-3.));
#11790=CARTESIAN_POINT('Origin',(23.606178687777,27.860155986837,0.));
#11791=CARTESIAN_POINT('',(23.606178687777,27.860155986837,-3.));
#11792=CARTESIAN_POINT('',(23.606178687777,27.860155986837,0.));
#11793=CARTESIAN_POINT('',(24.0405183191362,26.5712984219936,-3.));
#11794=CARTESIAN_POINT('Origin',(22.9846560935756,29.0699137149224,0.));
#11795=CARTESIAN_POINT('',(22.9846560935756,29.0699137149224,-3.));
#11796=CARTESIAN_POINT('',(22.9846560935756,29.0699137149224,0.));
#11797=CARTESIAN_POINT('',(23.606178687777,27.860155986837,-3.));
#11798=CARTESIAN_POINT('Origin',(22.1895601496741,30.173934133133,0.));
#11799=CARTESIAN_POINT('',(22.1895601496741,30.173934133133,-3.));
#11800=CARTESIAN_POINT('',(22.1895601496741,30.173934133133,0.));
#11801=CARTESIAN_POINT('',(22.9846560935756,29.0699137149224,-3.));
#11802=CARTESIAN_POINT('Origin',(21.1201898752487,31.2716570362501,0.));
#11803=CARTESIAN_POINT('',(21.1201898752487,31.2716570362501,-3.));
#11804=CARTESIAN_POINT('',(21.1201898752487,31.2716570362501,0.));
#11805=CARTESIAN_POINT('',(22.1895601496741,30.173934133133,-3.));
#11806=CARTESIAN_POINT('Origin',(33.8859925889189,44.2700850794364,0.));
#11807=CARTESIAN_POINT('',(15.8362575728343,41.7938144223046,-3.));
#11808=CARTESIAN_POINT('',(15.8362575728343,41.7938144223046,0.));
#11809=CARTESIAN_POINT('Origin',(33.8859925889189,44.2700850794364,-3.));
#11810=CARTESIAN_POINT('Origin',(15.716386334693,43.3683201616874,0.));
#11811=CARTESIAN_POINT('',(15.716386334693,43.3683201616874,-3.));
#11812=CARTESIAN_POINT('',(15.716386334693,43.3683201616874,0.));
#11813=CARTESIAN_POINT('',(15.8362575728343,41.7938144223046,-3.));
#11814=CARTESIAN_POINT('Origin',(15.6799247591855,43.5737511984038,0.));
#11815=CARTESIAN_POINT('',(15.6799247591855,43.5737511984038,-3.));
#11816=CARTESIAN_POINT('',(15.6799247591855,43.5737511984038,0.));
#11817=CARTESIAN_POINT('',(15.716386334693,43.3683201616874,-3.));
#11818=CARTESIAN_POINT('Origin',(15.6650202015093,44.0998984271759,0.));
#11819=CARTESIAN_POINT('',(15.6650202015093,44.0998984271759,-3.));
#11820=CARTESIAN_POINT('',(15.6650202015093,44.0998984271759,0.));
#11821=CARTESIAN_POINT('',(15.6799247591855,43.5737511984038,-3.));
#11822=CARTESIAN_POINT('Origin',(15.6726375222978,44.2509626097997,0.));
#11823=CARTESIAN_POINT('',(15.6726375222978,44.2509626097997,-3.));
#11824=CARTESIAN_POINT('',(15.6726375222978,44.2509626097997,0.));
#11825=CARTESIAN_POINT('',(15.6650202015093,44.0998984271759,-3.));
#11826=CARTESIAN_POINT('Origin',(15.6726375222978,47.3561454149716,0.));
#11827=CARTESIAN_POINT('',(15.6726375222978,44.2509626097997,-3.));
#11828=CARTESIAN_POINT('Origin',(30.0960291692014,56.3791959544096,0.));
#11829=CARTESIAN_POINT('Origin',(30.0960291692014,56.3791959544096,-3.));
#11830=CARTESIAN_POINT('Origin',(30.1034740185883,70.8166999196745,0.));
#11831=CARTESIAN_POINT('',(30.1034740185883,70.8166999196745,-3.));
#11832=CARTESIAN_POINT('',(30.1034740185883,70.8166999196745,0.));
#11833=CARTESIAN_POINT('',(28.701023697152,70.7679195709065,-3.));
#11834=CARTESIAN_POINT('Origin',(30.1991475676916,70.8308693286347,0.));
#11835=CARTESIAN_POINT('',(30.1991475676916,70.8308693286347,-3.));
#11836=CARTESIAN_POINT('',(30.1991475676916,70.8308693286347,0.));
#11837=CARTESIAN_POINT('',(30.1034740185883,70.8166999196745,-3.));
#11838=CARTESIAN_POINT('Origin',(30.3471521106118,70.838157178763,0.));
#11839=CARTESIAN_POINT('',(30.3471521106118,70.838157178763,-3.));
#11840=CARTESIAN_POINT('',(30.3471521106118,70.838157178763,0.));
#11841=CARTESIAN_POINT('',(30.1991475676916,70.8308693286347,-3.));
#11842=CARTESIAN_POINT('Origin',(35.4309520048434,70.838157178763,0.));
#11843=CARTESIAN_POINT('',(35.4309520048434,70.838157178763,-3.));
#11844=CARTESIAN_POINT('',(35.4309520048434,70.838157178763,0.));
#11845=CARTESIAN_POINT('',(30.3471521106118,70.838157178763,-3.));
#11846=CARTESIAN_POINT('Origin',(35.4305708040164,69.3259917601638,0.));
#11847=CARTESIAN_POINT('',(35.4309520048434,67.8138263415646,-3.));
#11848=CARTESIAN_POINT('',(35.4309520048434,67.8138263415646,0.));
#11849=CARTESIAN_POINT('Origin',(35.4305708040164,69.3259917601638,-3.));
#11850=CARTESIAN_POINT('Origin',(30.7035919413741,67.8138263415645,0.));
#11851=CARTESIAN_POINT('',(30.7035919413741,67.8138263415645,-3.));
#11852=CARTESIAN_POINT('',(30.7035919413741,67.8138263415645,0.));
#11853=CARTESIAN_POINT('',(35.4309520048434,67.8138263415646,-3.));
#11854=CARTESIAN_POINT('Origin',(28.915045020239,67.749226025445,0.));
#11855=CARTESIAN_POINT('',(28.915045020239,67.749226025445,-3.));
#11856=CARTESIAN_POINT('',(28.915045020239,67.749226025445,0.));
#11857=CARTESIAN_POINT('',(30.7035919413741,67.8138263415645,-3.));
#11858=CARTESIAN_POINT('Origin',(30.1288904931529,56.3748533697779,0.));
#11859=CARTESIAN_POINT('',(18.6967138753246,56.7686958774907,-3.));
#11860=CARTESIAN_POINT('',(18.6967138753246,56.7686958774907,0.));
#11861=CARTESIAN_POINT('Origin',(30.1288904931529,56.3748533697779,-3.));
#11862=CARTESIAN_POINT('Origin',(18.6967138753244,44.0578218847977,0.));
#11863=CARTESIAN_POINT('',(18.6967138753244,44.0578218847977,-3.));
#11864=CARTESIAN_POINT('',(18.6967138753244,44.0578218847977,0.));
#11865=CARTESIAN_POINT('',(18.6967138753246,56.7686958774907,-3.));
#11866=CARTESIAN_POINT('Origin',(33.896121907141,44.2627228548101,0.));
#11867=CARTESIAN_POINT('',(23.3454124061181,33.3198476407639,-3.));
#11868=CARTESIAN_POINT('',(23.3454124061181,33.3198476407639,0.));
#11869=CARTESIAN_POINT('Origin',(33.896121907141,44.2627228548101,-3.));
#11870=CARTESIAN_POINT('Origin',(15.261409611096,24.3326435038369,0.));
#11871=CARTESIAN_POINT('',(27.339326041934,23.8377959733631,-3.));
#11872=CARTESIAN_POINT('',(27.339326041934,23.8377959733631,0.));
#11873=CARTESIAN_POINT('Origin',(15.261409611096,24.3326435038369,-3.));
#11874=CARTESIAN_POINT('Origin',(25.8277384933274,23.7984522596689,0.));
#11875=CARTESIAN_POINT('',(25.8676850566689,22.2868805223746,-3.));
#11876=CARTESIAN_POINT('',(25.8676850566689,22.2868805223746,0.));
#11877=CARTESIAN_POINT('Origin',(25.8277384933274,23.7984522596689,-3.));
#11878=CARTESIAN_POINT('Origin',(11.3508236176072,22.2863472650481,0.));
#11879=CARTESIAN_POINT('',(11.3508236176072,22.2863472650481,-3.));
#11880=CARTESIAN_POINT('',(11.3508236176072,22.2863472650481,0.));
#11881=CARTESIAN_POINT('',(25.8676850566689,22.2868805223746,-3.));
#11882=CARTESIAN_POINT('Origin',(11.3003403188833,14.043580891194,0.));
#11883=CARTESIAN_POINT('',(3.15930918809141,15.3356173399321,-3.));
#11884=CARTESIAN_POINT('',(3.15930918809141,15.3356173399321,0.));
#11885=CARTESIAN_POINT('Origin',(11.3003403188833,14.043580891194,-3.));
#11886=CARTESIAN_POINT('Origin',(3.04855334382691,13.9282496825849,0.));
#11887=CARTESIAN_POINT('',(3.0485533438269,13.9282496825849,-3.));
#11888=CARTESIAN_POINT('',(3.04855334382691,13.9282496825849,0.));
#11889=CARTESIAN_POINT('',(3.15930918809141,15.3356173399321,-3.));
#11890=CARTESIAN_POINT('Origin',(3.0240763530266,13.7570232943798,0.));
#11891=CARTESIAN_POINT('',(3.0240763530266,13.7570232943798,-3.));
#11892=CARTESIAN_POINT('',(3.0240763530266,13.7570232943798,0.));
#11893=CARTESIAN_POINT('',(3.04855334382691,13.9282496825849,-3.));
#11894=CARTESIAN_POINT('Origin',(3.0240763530266,9.98313580182935,0.));
#11895=CARTESIAN_POINT('',(3.0240763530266,9.98313580182935,-3.));
#11896=CARTESIAN_POINT('',(3.0240763530266,9.98313580182935,0.));
#11897=CARTESIAN_POINT('',(3.0240763530266,13.7570232943798,-3.));
#11898=CARTESIAN_POINT('Origin',(3.04911194735142,9.79959370870365,0.));
#11899=CARTESIAN_POINT('',(3.0240763530266,9.98313580182935,-3.));
#11900=CARTESIAN_POINT('Origin',(39.6275625468408,3.04002383851994,0.));
#11901=CARTESIAN_POINT('',(38.51012697824,3.02433083719846,-3.));
#11902=CARTESIAN_POINT('Origin',(45.6211244539099,11.3004337574171,0.));
#11903=CARTESIAN_POINT('',(45.6211244539099,11.3004337574171,-3.));
#11904=CARTESIAN_POINT('',(45.6211244539099,11.3004337574171,0.));
#11905=CARTESIAN_POINT('',(45.7077333912749,9.81363615163372,-3.));
#11906=CARTESIAN_POINT('Origin',(45.3701083428602,12.7239007073822,0.));
#11907=CARTESIAN_POINT('',(45.3701083428602,12.7239007073822,-3.));
#11908=CARTESIAN_POINT('',(45.3701083428602,12.7239007073822,0.));
#11909=CARTESIAN_POINT('',(45.6211244539099,11.3004337574171,-3.));
#11910=CARTESIAN_POINT('Origin',(44.9306904976422,14.1931516078041,0.));
#11911=CARTESIAN_POINT('',(44.9306904976422,14.1931516078041,-3.));
#11912=CARTESIAN_POINT('',(44.9306904976422,14.1931516078041,0.));
#11913=CARTESIAN_POINT('',(45.3701083428602,12.7239007073822,-3.));
#11914=CARTESIAN_POINT('Origin',(46.379298783113,14.626581579564,0.));
#11915=CARTESIAN_POINT('',(47.8279638506098,15.0598217293291,-3.));
#11916=CARTESIAN_POINT('',(47.8279638506098,15.0598217293291,0.));
#11917=CARTESIAN_POINT('Origin',(46.379298783113,14.626581579564,-3.));
#11918=CARTESIAN_POINT('Origin',(33.1521768814237,9.8300234242302,0.));
#11919=CARTESIAN_POINT('',(48.7318097443015,9.76254502111781,-3.));
#11920=CARTESIAN_POINT('',(48.7318097443015,9.76254502111781,0.));
#11921=CARTESIAN_POINT('Origin',(33.1521768814237,9.8300234242302,-3.));
#11922=CARTESIAN_POINT('Origin',(55.4025184384545,9.68513445477772,0.));
#11923=CARTESIAN_POINT('',(54.8164494169316,3.03976990645978,-3.));
#11924=CARTESIAN_POINT('',(54.8164494169316,3.03976990645978,0.));
#11925=CARTESIAN_POINT('Origin',(55.4025184384545,9.68513445477772,-3.));
#11926=CARTESIAN_POINT('Origin',(55.9341896783638,3.02433083719846,0.));
#11927=CARTESIAN_POINT('',(55.9341896783638,3.02433083719845,-3.));
#11928=CARTESIAN_POINT('',(55.9341896783638,3.02433083719846,0.));
#11929=CARTESIAN_POINT('',(54.8164494169316,3.03976990645978,-3.));
#11930=CARTESIAN_POINT('Origin',(66.0492807355252,3.02433083719846,0.));
#11931=CARTESIAN_POINT('',(66.0492807355252,3.02433083719845,-3.));
#11932=CARTESIAN_POINT('',(66.0492807355252,3.02433083719846,0.));
#11933=CARTESIAN_POINT('',(55.9341896783638,3.02433083719846,-3.));
#11934=CARTESIAN_POINT('Origin',(67.1667163041259,3.04002383851994,0.));
#11935=CARTESIAN_POINT('',(67.1667163041259,3.04002383851994,-3.));
#11936=CARTESIAN_POINT('',(67.1667163041259,3.04002383851994,0.));
#11937=CARTESIAN_POINT('',(66.0492807355252,3.02433083719846,-3.));
#11938=CARTESIAN_POINT('Origin',(66.5852498251807,9.67194147146313,0.));
#11939=CARTESIAN_POINT('',(73.169545951488,8.68833622677683,-3.));
#11940=CARTESIAN_POINT('',(73.169545951488,8.68833622677683,0.));
#11941=CARTESIAN_POINT('Origin',(66.5852498251807,9.67194147146313,-3.));
#11942=CARTESIAN_POINT('Origin',(73.2599127671083,9.85939470888503,0.));
#11943=CARTESIAN_POINT('',(73.2599127671083,9.85939470888503,-3.));
#11944=CARTESIAN_POINT('',(73.2599127671083,9.85939470888503,0.));
#11945=CARTESIAN_POINT('',(73.169545951488,8.68833622677683,-3.));
#11946=CARTESIAN_POINT('Origin',(73.262121790137,12.0127893659472,0.));
#11947=CARTESIAN_POINT('',(73.262121790137,12.0127893659472,-3.));
#11948=CARTESIAN_POINT('',(73.262121790137,12.0127893659472,0.));
#11949=CARTESIAN_POINT('',(73.2599127671083,9.85939470888503,-3.));
#11950=CARTESIAN_POINT('Origin',(73.3099839557579,13.1044686860311,0.));
#11951=CARTESIAN_POINT('',(73.3099839557579,13.1044686860311,-3.));
#11952=CARTESIAN_POINT('',(73.3099839557579,13.1044686860311,0.));
#11953=CARTESIAN_POINT('',(73.262121790137,12.0127893659472,-3.));
#11954=CARTESIAN_POINT('Origin',(73.4553478274714,14.2501593553235,0.));
#11955=CARTESIAN_POINT('',(73.4553478274714,14.2501593553236,-3.));
#11956=CARTESIAN_POINT('',(73.4553478274714,14.2501593553236,0.));
#11957=CARTESIAN_POINT('',(73.3099839557579,13.1044686860311,-3.));
#11958=CARTESIAN_POINT('Origin',(74.9544498760015,14.0527012652503,0.));
#11959=CARTESIAN_POINT('',(76.4535252898174,13.855041069624,-3.));
#11960=CARTESIAN_POINT('',(76.4535252898174,13.855041069624,0.));
#11961=CARTESIAN_POINT('Origin',(74.9544498760015,14.0527012652503,-3.));
#11962=CARTESIAN_POINT('Origin',(76.3280172342923,12.9025419117457,0.));
#11963=CARTESIAN_POINT('',(76.3280172342923,12.9025419117457,-3.));
#11964=CARTESIAN_POINT('',(76.3280172342923,12.9025419117457,0.));
#11965=CARTESIAN_POINT('',(76.4535252898174,13.855041069624,-3.));
#11966=CARTESIAN_POINT('Origin',(76.2861727520943,11.9760707900396,0.));
#11967=CARTESIAN_POINT('',(76.2861727520943,11.9760707900396,-3.));
#11968=CARTESIAN_POINT('',(76.2861727520943,11.9760707900396,0.));
#11969=CARTESIAN_POINT('',(76.3280172342923,12.9025419117457,-3.));
#11970=CARTESIAN_POINT('Origin',(76.2836844273034,9.55711398440132,0.));
#11971=CARTESIAN_POINT('',(76.2836844273034,9.55711398440132,-3.));
#11972=CARTESIAN_POINT('',(76.2836844273034,9.55711398440132,0.));
#11973=CARTESIAN_POINT('',(76.2861727520943,11.9760707900396,-3.));
#11974=CARTESIAN_POINT('Origin',(82.9256371104852,9.65776247785648,0.));
#11975=CARTESIAN_POINT('',(82.3530640672871,3.03976990645972,-3.));
#11976=CARTESIAN_POINT('',(82.3530640672871,3.03976990645971,0.));
#11977=CARTESIAN_POINT('Origin',(82.9256371104852,9.65776247785648,-3.));
#11978=CARTESIAN_POINT('Origin',(83.4708043287194,3.02433083719846,0.));
#11979=CARTESIAN_POINT('',(83.4708043287194,3.02433083719845,-3.));
#11980=CARTESIAN_POINT('',(83.4708043287194,3.02433083719846,0.));
#11981=CARTESIAN_POINT('',(82.3530640672871,3.03976990645971,-3.));
#11982=CARTESIAN_POINT('Origin',(111.556729372202,3.02433083719846,0.));
#11983=CARTESIAN_POINT('',(83.4708043287194,3.02433083719846,-3.));
#11984=CARTESIAN_POINT('Origin',(118.93212405244,9.79974606793978,0.));
#11985=CARTESIAN_POINT('',(118.93212405244,9.79974606793978,-3.));
#11986=CARTESIAN_POINT('',(118.93212405244,9.79974606793978,0.));
#11987=CARTESIAN_POINT('',(118.850618720003,8.70357215038994,-3.));
#11988=CARTESIAN_POINT('Origin',(118.957159646764,9.97711761200218,0.));
#11989=CARTESIAN_POINT('',(118.957159646764,9.97711761200218,-3.));
#11990=CARTESIAN_POINT('',(118.957159646764,9.97711761200218,0.));
#11991=CARTESIAN_POINT('',(118.93212405244,9.79974606793978,-3.));
#11992=CARTESIAN_POINT('Origin',(118.957159646764,13.7570232943798,0.));
#11993=CARTESIAN_POINT('',(118.957159646764,13.7570232943798,-3.));
#11994=CARTESIAN_POINT('',(118.957159646764,13.7570232943798,0.));
#11995=CARTESIAN_POINT('',(118.957159646764,9.97711761200218,-3.));
#11996=CARTESIAN_POINT('Origin',(118.932682655964,13.9282750757909,0.));
#11997=CARTESIAN_POINT('',(118.932682655964,13.9282750757909,-3.));
#11998=CARTESIAN_POINT('',(118.932682655964,13.9282750757909,0.));
#11999=CARTESIAN_POINT('',(118.957159646764,13.7570232943798,-3.));
#12000=CARTESIAN_POINT('Origin',(110.653531856304,14.0174012668434,0.));
#12001=CARTESIAN_POINT('',(115.53038093472,20.7083372632343,-3.));
#12002=CARTESIAN_POINT('',(115.53038093472,20.7083372632343,0.));
#12003=CARTESIAN_POINT('Origin',(110.653531856304,14.0174012668434,-3.));
#12004=CARTESIAN_POINT('Origin',(114.429068695122,21.3835172181484,0.));
#12005=CARTESIAN_POINT('',(114.429068695122,21.3835172181484,-3.));
#12006=CARTESIAN_POINT('',(114.429068695122,21.3835172181484,0.));
#12007=CARTESIAN_POINT('',(115.53038093472,20.7083372632343,-3.));
#12008=CARTESIAN_POINT('Origin',(113.235739220398,21.8781260850413,0.));
#12009=CARTESIAN_POINT('',(113.235739220398,21.8781260850413,-3.));
#12010=CARTESIAN_POINT('',(113.235739220398,21.8781260850413,0.));
#12011=CARTESIAN_POINT('',(114.429068695122,21.3835172181484,-3.));
#12012=CARTESIAN_POINT('Origin',(111.979719195586,22.1800005182287,0.));
#12013=CARTESIAN_POINT('',(111.979719195586,22.1800005182287,-3.));
#12014=CARTESIAN_POINT('',(111.979719195586,22.1800005182287,0.));
#12015=CARTESIAN_POINT('',(113.235739220398,21.8781260850413,-3.));
#12016=CARTESIAN_POINT('Origin',(110.54593629464,22.2934573627342,0.));
#12017=CARTESIAN_POINT('',(110.54593629464,22.2934573627342,-3.));
#12018=CARTESIAN_POINT('',(110.54593629464,22.2934573627342,0.));
#12019=CARTESIAN_POINT('',(111.979719195586,22.1800005182287,-3.));
#12020=CARTESIAN_POINT('Origin',(110.869621832875,32.8953740778951,0.));
#12021=CARTESIAN_POINT('',(104.411276215498,24.4813867799858,-3.));
#12022=CARTESIAN_POINT('',(104.411276215498,24.4813867799858,0.));
#12023=CARTESIAN_POINT('Origin',(110.869621832875,32.8953740778951,-3.));
#12024=CARTESIAN_POINT('Origin',(103.516241022852,25.2684999870443,0.));
#12025=CARTESIAN_POINT('',(103.516241022852,25.2684999870443,-3.));
#12026=CARTESIAN_POINT('',(103.516241022852,25.2684999870443,0.));
#12027=CARTESIAN_POINT('',(104.411276215498,24.4813867799858,-3.));
#12028=CARTESIAN_POINT('Origin',(103.431764935308,25.3231461664032,0.));
#12029=CARTESIAN_POINT('',(103.431764935308,25.3231461664032,-3.));
#12030=CARTESIAN_POINT('',(103.431764935308,25.3231461664032,0.));
#12031=CARTESIAN_POINT('',(103.516241022852,25.2684999870443,-3.));
#12032=CARTESIAN_POINT('Origin',(103.315829312907,25.4153996838805,0.));
#12033=CARTESIAN_POINT('',(103.315829312907,25.4153996838805,-3.));
#12034=CARTESIAN_POINT('',(103.315829312907,25.4153996838805,0.));
#12035=CARTESIAN_POINT('',(103.431764935308,25.3231461664032,-3.));
#12036=CARTESIAN_POINT('Origin',(102.339593480656,26.2739693726842,0.));
#12037=CARTESIAN_POINT('',(102.339593480656,26.2739693726842,-3.));
#12038=CARTESIAN_POINT('',(102.339593480656,26.2739693726842,0.));
#12039=CARTESIAN_POINT('',(103.315829312907,25.4153996838805,-3.));
#12040=CARTESIAN_POINT('Origin',(101.341826021642,26.9073013240743,0.));
#12041=CARTESIAN_POINT('',(101.341826021642,26.9073013240743,-3.));
#12042=CARTESIAN_POINT('',(101.341826021642,26.9073013240743,0.));
#12043=CARTESIAN_POINT('',(102.339593480656,26.2739693726842,-3.));
#12044=CARTESIAN_POINT('Origin',(100.25790666451,27.3781421501309,0.));
#12045=CARTESIAN_POINT('',(100.25790666451,27.3781421501309,-3.));
#12046=CARTESIAN_POINT('',(100.25790666451,27.3781421501309,0.));
#12047=CARTESIAN_POINT('',(101.341826021642,26.9073013240743,-3.));
#12048=CARTESIAN_POINT('Origin',(99.1133788249721,27.6752934469982,0.));
#12049=CARTESIAN_POINT('',(99.1133788249721,27.6752934469982,-3.));
#12050=CARTESIAN_POINT('',(99.1133788249721,27.6752934469982,0.));
#12051=CARTESIAN_POINT('',(100.25790666451,27.3781421501309,-3.));
#12052=CARTESIAN_POINT('Origin',(96.6098955656995,27.9255180991372,0.));
#12053=CARTESIAN_POINT('',(96.6098955656995,27.9255180991372,-3.));
#12054=CARTESIAN_POINT('',(96.6098955656995,27.9255180991372,0.));
#12055=CARTESIAN_POINT('',(99.1133788249721,27.6752934469982,-3.));
#12056=CARTESIAN_POINT('Origin',(98.2334402900138,37.8098382994769,0.));
#12057=CARTESIAN_POINT('',(88.2200007117827,38.0681232347835,-3.));
#12058=CARTESIAN_POINT('',(88.2200007117827,38.0681232347835,0.));
#12059=CARTESIAN_POINT('Origin',(98.2334402900138,37.8098382994769,-3.));
#12060=CARTESIAN_POINT('Origin',(88.2149986711313,44.7794460135258,0.));
#12061=CARTESIAN_POINT('',(88.2149986711313,44.7794460135258,-3.));
#12062=CARTESIAN_POINT('',(88.2149986711313,44.7794460135258,0.));
#12063=CARTESIAN_POINT('',(88.2200007117827,38.0681232347835,-3.));
#12064=CARTESIAN_POINT('Origin',(75.1161740383497,44.0924869678751,0.));
#12065=CARTESIAN_POINT('',(79.1780885894407,56.5645345010752,-3.));
#12066=CARTESIAN_POINT('',(79.1780885894407,56.5645345010752,0.));
#12067=CARTESIAN_POINT('Origin',(75.1161740383497,44.0924869678751,-3.));
#12068=CARTESIAN_POINT('Origin',(77.1445940228174,57.0624190915451,0.));
#12069=CARTESIAN_POINT('',(77.1445940228174,57.0624190915451,-3.));
#12070=CARTESIAN_POINT('',(77.1445940228174,57.0624190915451,0.));
#12071=CARTESIAN_POINT('',(79.1780885894407,56.5645345010752,-3.));
#12072=CARTESIAN_POINT('Origin',(82.6523783608814,76.3975425957962,0.));
#12073=CARTESIAN_POINT('',(68.1126351996393,62.5130707641282,-3.));
#12074=CARTESIAN_POINT('',(68.1126351996393,62.5130707641282,0.));
#12075=CARTESIAN_POINT('Origin',(82.6523783608814,76.3975425957962,-3.));
#12076=CARTESIAN_POINT('Origin',(66.9437065425085,63.8966449874329,0.));
#12077=CARTESIAN_POINT('',(66.9437065425085,63.8966449874329,-3.));
#12078=CARTESIAN_POINT('',(66.9437065425085,63.8966449874329,0.));
#12079=CARTESIAN_POINT('',(68.1126351996393,62.5130707641282,-3.));
#12080=CARTESIAN_POINT('Origin',(66.2262564885108,64.5975990464592,0.));
#12081=CARTESIAN_POINT('',(66.2262564885108,64.5975990464592,-3.));
#12082=CARTESIAN_POINT('',(66.2262564885108,64.5975990464592,0.));
#12083=CARTESIAN_POINT('',(66.9437065425085,63.8966449874329,-3.));
#12084=CARTESIAN_POINT('Origin',(65.586096849447,65.0723504262431,0.));
#12085=CARTESIAN_POINT('',(65.586096849447,65.0723504262431,-3.));
#12086=CARTESIAN_POINT('',(65.586096849447,65.0723504262431,0.));
#12087=CARTESIAN_POINT('',(66.2262564885108,64.5975990464592,-3.));
#12088=CARTESIAN_POINT('Origin',(64.8857349850848,65.452791438862,0.));
#12089=CARTESIAN_POINT('',(64.8857349850848,65.452791438862,-3.));
#12090=CARTESIAN_POINT('',(64.8857349850848,65.452791438862,0.));
#12091=CARTESIAN_POINT('',(65.586096849447,65.0723504262431,-3.));
#12092=CARTESIAN_POINT('Origin',(64.1380187764876,65.7317358070116,0.));
#12093=CARTESIAN_POINT('',(64.1380187764876,65.7317358070116,-3.));
#12094=CARTESIAN_POINT('',(64.1380187764876,65.7317358070116,0.));
#12095=CARTESIAN_POINT('',(64.8857349850848,65.452791438862,-3.));
#12096=CARTESIAN_POINT('Origin',(63.2548666042712,65.9273142797917,0.));
#12097=CARTESIAN_POINT('',(63.2548666042712,65.9273142797917,-3.));
#12098=CARTESIAN_POINT('',(63.2548666042712,65.9273142797917,0.));
#12099=CARTESIAN_POINT('',(64.1380187764876,65.7317358070116,-3.));
#12100=CARTESIAN_POINT('Origin',(63.5819214806145,67.4037072865829,0.));
#12101=CARTESIAN_POINT('',(63.5815227107506,68.9158914829111,-3.));
#12102=CARTESIAN_POINT('',(63.5815227107506,68.9158914829111,0.));
#12103=CARTESIAN_POINT('Origin',(63.5819214806145,67.4037072865829,-3.));
#12104=CARTESIAN_POINT('Origin',(66.2328581665275,68.9158914829114,0.));
#12105=CARTESIAN_POINT('',(66.2328581665275,68.9158914829114,-3.));
#12106=CARTESIAN_POINT('',(66.2328581665275,68.9158914829114,0.));
#12107=CARTESIAN_POINT('',(63.5815227107506,68.9158914829111,-3.));
#12108=CARTESIAN_POINT('Origin',(66.3190607642381,67.2348260796059,0.));
#12109=CARTESIAN_POINT('',(67.0977287688516,68.7271691757573,-3.));
#12110=CARTESIAN_POINT('',(67.0977287688516,68.7271691757573,0.));
#12111=CARTESIAN_POINT('Origin',(66.3190607642381,67.2348260796059,-3.));
#12112=CARTESIAN_POINT('Origin',(66.3848008016129,67.3935813217649,0.));
#12113=CARTESIAN_POINT('',(67.6575764557354,68.210138107947,-3.));
#12114=CARTESIAN_POINT('',(67.6575764557354,68.210138107947,0.));
#12115=CARTESIAN_POINT('Origin',(66.3848008016129,67.3935813217649,-3.));
#12116=CARTESIAN_POINT('Origin',(82.6588681646148,76.4173120433102,0.));
#12117=CARTESIAN_POINT('',(77.9504303890307,59.9787272303268,-3.));
#12118=CARTESIAN_POINT('',(77.9504303890307,59.9787272303268,0.));
#12119=CARTESIAN_POINT('Origin',(82.6588681646148,76.4173120433102,-3.));
#12120=CARTESIAN_POINT('Origin',(80.0073863036826,59.4751291685021,0.));
#12121=CARTESIAN_POINT('',(80.0073863036826,59.4751291685021,-3.));
#12122=CARTESIAN_POINT('',(80.0073863036826,59.4751291685021,0.));
#12123=CARTESIAN_POINT('',(77.9504303890307,59.9787272303268,-3.));
#12124=CARTESIAN_POINT('Origin',(80.1167202480666,59.4439463115073,0.));
#12125=CARTESIAN_POINT('',(80.1167202480666,59.4439463115073,-3.));
#12126=CARTESIAN_POINT('',(80.1167202480666,59.4439463115073,0.));
#12127=CARTESIAN_POINT('',(80.0073863036826,59.4751291685021,-3.));
#12128=CARTESIAN_POINT('Origin',(80.2931373975278,59.3759940921929,0.));
#12129=CARTESIAN_POINT('',(80.2931373975278,59.3759940921929,-3.));
#12130=CARTESIAN_POINT('',(80.2931373975278,59.3759940921929,0.));
#12131=CARTESIAN_POINT('',(80.1167202480666,59.4439463115073,-3.));
#12132=CARTESIAN_POINT('Origin',(80.4748104983331,59.3391485502552,0.));
#12133=CARTESIAN_POINT('',(80.4748104983331,59.3391485502552,-3.));
#12134=CARTESIAN_POINT('',(80.4748104983331,59.3391485502552,0.));
#12135=CARTESIAN_POINT('',(80.2931373975278,59.3759940921929,-3.));
#12136=CARTESIAN_POINT('Origin',(81.6939119083907,59.0031202549685,0.));
#12137=CARTESIAN_POINT('',(81.6939119083907,59.0031202549685,-3.));
#12138=CARTESIAN_POINT('',(81.6939119083907,59.0031202549685,0.));
#12139=CARTESIAN_POINT('',(80.4748104983331,59.3391485502552,-3.));
#12140=CARTESIAN_POINT('Origin',(82.8539790823376,58.8280848858601,0.));
#12141=CARTESIAN_POINT('',(82.8539790823376,58.8280848858601,-3.));
#12142=CARTESIAN_POINT('',(82.8539790823376,58.8280848858601,0.));
#12143=CARTESIAN_POINT('',(81.6939119083907,59.0031202549685,-3.));
#12144=CARTESIAN_POINT('Origin',(83.9217497193975,58.7966988832171,0.));
#12145=CARTESIAN_POINT('',(83.9217497193975,58.7966988832171,-3.));
#12146=CARTESIAN_POINT('',(83.9217497193975,58.7966988832171,0.));
#12147=CARTESIAN_POINT('',(82.8539790823376,58.8280848858601,-3.));
#12148=CARTESIAN_POINT('Origin',(90.4511393617975,58.7966988832172,0.));
#12149=CARTESIAN_POINT('',(90.4511393617975,58.7966988832172,-3.));
#12150=CARTESIAN_POINT('',(90.4511393617975,58.7966988832172,0.));
#12151=CARTESIAN_POINT('',(83.9217497193975,58.7966988832171,-3.));
#12152=CARTESIAN_POINT('Origin',(89.8967401634725,61.8197961437027,0.));
#12153=CARTESIAN_POINT('',(92.4391331322451,60.0927427253642,-3.));
#12154=CARTESIAN_POINT('',(92.4391331322451,60.0927427253642,0.));
#12155=CARTESIAN_POINT('Origin',(89.8967401634725,61.8197961437027,-3.));
#12156=CARTESIAN_POINT('Origin',(92.6647581739992,60.478338558806,0.));
#12157=CARTESIAN_POINT('',(92.6647581739992,60.478338558806,-3.));
#12158=CARTESIAN_POINT('',(92.6647581739992,60.478338558806,0.));
#12159=CARTESIAN_POINT('',(92.4391331322451,60.0927427253642,-3.));
#12160=CARTESIAN_POINT('Origin',(92.8332025277018,60.8921462441375,0.));
#12161=CARTESIAN_POINT('',(92.8332025277018,60.8921462441375,-3.));
#12162=CARTESIAN_POINT('',(92.8332025277018,60.8921462441375,0.));
#12163=CARTESIAN_POINT('',(92.6647581739992,60.478338558806,-3.));
#12164=CARTESIAN_POINT('Origin',(92.9224267452042,61.2508506724017,0.));
#12165=CARTESIAN_POINT('',(92.9224267452042,61.2508506724017,-3.));
#12166=CARTESIAN_POINT('',(92.9224267452042,61.2508506724017,0.));
#12167=CARTESIAN_POINT('',(92.8332025277018,60.8921462441375,-3.));
#12168=CARTESIAN_POINT('Origin',(92.9224267452042,68.1200684061865,0.));
#12169=CARTESIAN_POINT('',(92.9224267452041,68.1200684061865,-3.));
#12170=CARTESIAN_POINT('',(92.9224267452041,68.1200684061865,0.));
#12171=CARTESIAN_POINT('',(92.9224267452042,61.2508506724017,-3.));
#12172=CARTESIAN_POINT('Origin',(94.4344649217176,68.1199417109048,0.));
#12173=CARTESIAN_POINT('',(95.946503098231,68.1200684061877,-3.));
#12174=CARTESIAN_POINT('',(95.946503098231,68.1200684061877,0.));
#12175=CARTESIAN_POINT('Origin',(94.4344649217176,68.1199417109048,-3.));
#12176=CARTESIAN_POINT('Origin',(95.9465030982308,61.1730204959449,0.));
#12177=CARTESIAN_POINT('',(95.9465030982308,61.1730204959449,-3.));
#12178=CARTESIAN_POINT('',(95.9465030982308,61.1730204959449,0.));
#12179=CARTESIAN_POINT('',(95.946503098231,68.1200684061877,-3.));
#12180=CARTESIAN_POINT('Origin',(98.4775322340347,61.3236059669671,0.));
#12181=CARTESIAN_POINT('',(98.2379963199599,58.799441349467,-3.));
#12182=CARTESIAN_POINT('',(98.2379963199599,58.799441349467,0.));
#12183=CARTESIAN_POINT('Origin',(98.4775322340347,61.3236059669671,-3.));
#12184=CARTESIAN_POINT('Origin',(101.366480749927,58.7966988832171,0.));
#12185=CARTESIAN_POINT('',(101.366480749927,58.7966988832172,-3.));
#12186=CARTESIAN_POINT('',(101.366480749927,58.7966988832172,0.));
#12187=CARTESIAN_POINT('',(98.2379963199599,58.799441349467,-3.));
#12188=CARTESIAN_POINT('Origin',(101.366099549099,57.2845334646178,0.));
#12189=CARTESIAN_POINT('',(101.366480749927,55.7723680460184,-3.));
#12190=CARTESIAN_POINT('',(101.366480749927,55.7723680460184,0.));
#12191=CARTESIAN_POINT('Origin',(101.366099549099,57.2845334646178,-3.));
#12192=CARTESIAN_POINT('Origin',(99.0371548349487,55.7723680460187,0.));
#12193=CARTESIAN_POINT('',(99.0371548349487,55.7723680460187,-3.));
#12194=CARTESIAN_POINT('',(99.0371548349487,55.7723680460187,0.));
#12195=CARTESIAN_POINT('',(101.366480749927,55.7723680460184,-3.));
#12196=CARTESIAN_POINT('Origin',(98.9675657305956,52.7519763945987,0.));
#12197=CARTESIAN_POINT('',(95.9465030982321,52.7238882698935,-3.));
#12198=CARTESIAN_POINT('',(95.9465030982321,52.7238882698935,0.));
#12199=CARTESIAN_POINT('Origin',(98.9675657305956,52.7519763945987,-3.));
#12200=CARTESIAN_POINT('Origin',(95.9465030982308,37.5220677324903,0.));
#12201=CARTESIAN_POINT('',(95.9465030982308,37.5220677324903,-3.));
#12202=CARTESIAN_POINT('',(95.9465030982308,37.5220677324903,0.));
#12203=CARTESIAN_POINT('',(95.9465030982321,52.7238882698935,-3.));
#12204=CARTESIAN_POINT('Origin',(104.42383149434,37.6751474921776,0.));
#12205=CARTESIAN_POINT('',(98.9488193048715,31.2011401031274,-3.));
#12206=CARTESIAN_POINT('',(98.9488193048715,31.2011401031274,0.));
#12207=CARTESIAN_POINT('Origin',(104.42383149434,37.6751474921776,-3.));
#12208=CARTESIAN_POINT('Origin',(99.7153249047471,30.6417785608789,0.));
#12209=CARTESIAN_POINT('',(99.7153249047471,30.6417785608789,-3.));
#12210=CARTESIAN_POINT('',(99.7153249047471,30.6417785608789,0.));
#12211=CARTESIAN_POINT('',(98.9488193048715,31.2011401031274,-3.));
#12212=CARTESIAN_POINT('Origin',(101.244857528005,30.2417339932112,0.));
#12213=CARTESIAN_POINT('',(101.244857528005,30.2417339932112,-3.));
#12214=CARTESIAN_POINT('',(101.244857528005,30.2417339932112,0.));
#12215=CARTESIAN_POINT('',(99.7153249047471,30.6417785608789,-3.));
#12216=CARTESIAN_POINT('Origin',(102.761364532714,29.5829072629752,0.));
#12217=CARTESIAN_POINT('',(102.761364532714,29.5829072629752,-3.));
#12218=CARTESIAN_POINT('',(102.761364532714,29.5829072629752,0.));
#12219=CARTESIAN_POINT('',(101.244857528005,30.2417339932112,-3.));
#12220=CARTESIAN_POINT('Origin',(104.15698465651,28.69696369808,0.));
#12221=CARTESIAN_POINT('',(104.15698465651,28.69696369808,-3.));
#12222=CARTESIAN_POINT('',(104.15698465651,28.69696369808,0.));
#12223=CARTESIAN_POINT('',(102.761364532714,29.5829072629752,-3.));
#12224=CARTESIAN_POINT('Origin',(105.142539011193,27.8362863731765,0.));
#12225=CARTESIAN_POINT('',(105.142539011193,27.8362863731765,-3.));
#12226=CARTESIAN_POINT('',(105.142539011193,27.8362863731765,0.));
#12227=CARTESIAN_POINT('',(104.15698465651,28.69696369808,-3.));
#12228=CARTESIAN_POINT('Origin',(105.227472137984,27.7812846889332,0.));
#12229=CARTESIAN_POINT('',(105.227472137984,27.7812846889332,-3.));
#12230=CARTESIAN_POINT('',(105.227472137984,27.7812846889332,0.));
#12231=CARTESIAN_POINT('',(105.142539011193,27.8362863731765,-3.));
#12232=CARTESIAN_POINT('Origin',(105.343077676484,27.6892597103102,0.));
#12233=CARTESIAN_POINT('',(105.343077676484,27.6892597103102,-3.));
#12234=CARTESIAN_POINT('',(105.343077676484,27.6892597103102,0.));
#12235=CARTESIAN_POINT('',(105.227472137984,27.7812846889332,-3.));
#12236=CARTESIAN_POINT('Origin',(110.874029232031,32.9432416212719,0.));
#12237=CARTESIAN_POINT('',(110.706484025792,25.3164677532212,-3.));
#12238=CARTESIAN_POINT('',(110.706484025792,25.3164677532212,0.));
#12239=CARTESIAN_POINT('Origin',(110.874029232031,32.9432416212719,-3.));
#12240=CARTESIAN_POINT('Origin',(110.688746495359,33.5608555505134,0.));
#12241=CARTESIAN_POINT('',(118.932479527409,33.6662617573135,-3.));
#12242=CARTESIAN_POINT('',(118.932479527409,33.6662617573135,0.));
#12243=CARTESIAN_POINT('Origin',(110.688746495359,33.5608555505134,-3.));
#12244=CARTESIAN_POINT('Origin',(118.957159646764,33.8396465680305,0.));
#12245=CARTESIAN_POINT('',(118.957159646764,33.8396465680305,-3.));
#12246=CARTESIAN_POINT('',(118.957159646764,33.8396465680305,0.));
#12247=CARTESIAN_POINT('',(118.932479527409,33.6662617573135,-3.));
#12248=CARTESIAN_POINT('Origin',(118.957159646764,47.6069287176431,0.));
#12249=CARTESIAN_POINT('',(118.957159646764,47.6069287176431,-3.));
#12250=CARTESIAN_POINT('',(118.957159646764,47.6069287176431,0.));
#12251=CARTESIAN_POINT('',(118.957159646764,33.8396465680305,-3.));
#12252=CARTESIAN_POINT('Origin',(118.87016984336,48.7124473350089,0.));
#12253=CARTESIAN_POINT('',(118.87016984336,48.7124473350089,-3.));
#12254=CARTESIAN_POINT('',(118.87016984336,48.7124473350089,0.));
#12255=CARTESIAN_POINT('',(118.957159646764,47.6069287176431,-3.));
#12256=CARTESIAN_POINT('Origin',(110.737697796736,47.4247715707723,0.));
#12257=CARTESIAN_POINT('',(112.026057897049,55.557135231778,-3.));
#12258=CARTESIAN_POINT('',(112.026057897049,55.557135231778,0.));
#12259=CARTESIAN_POINT('Origin',(110.737697796736,47.4247715707723,-3.));
#12260=CARTESIAN_POINT('Origin',(110.616066428032,55.6682559013293,0.));
#12261=CARTESIAN_POINT('',(110.616066428032,55.6682559013293,-3.));
#12262=CARTESIAN_POINT('',(110.616066428032,55.6682559013293,0.));
#12263=CARTESIAN_POINT('',(112.026057897049,55.557135231778,-3.));
#12264=CARTESIAN_POINT('Origin',(106.819974613094,55.6682559013293,0.));
#12265=CARTESIAN_POINT('',(106.819974613094,55.6682559013293,-3.));
#12266=CARTESIAN_POINT('',(106.819974613094,55.6682559013293,0.));
#12267=CARTESIAN_POINT('',(110.616066428032,55.6682559013293,-3.));
#12268=CARTESIAN_POINT('Origin',(106.82035581392,57.1804213199283,0.));
#12269=CARTESIAN_POINT('',(106.819974613093,58.6925867385274,-3.));
#12270=CARTESIAN_POINT('',(106.819974613093,58.6925867385274,0.));
#12271=CARTESIAN_POINT('Origin',(106.82035581392,57.1804213199283,-3.));
#12272=CARTESIAN_POINT('Origin',(110.742006131735,58.6925867385277,0.));
#12273=CARTESIAN_POINT('',(110.742006131735,58.6925867385277,-3.));
#12274=CARTESIAN_POINT('',(110.742006131735,58.6925867385277,0.));
#12275=CARTESIAN_POINT('',(106.819974613093,58.6925867385274,-3.));
#12276=CARTESIAN_POINT('Origin',(110.735475463733,66.9143935224511,0.));
#12277=CARTESIAN_POINT('',(118.957159646764,66.8690213251108,-3.));
#12278=CARTESIAN_POINT('',(118.957159646764,66.8690213251108,0.));
#12279=CARTESIAN_POINT('Origin',(110.735475463733,66.9143935224511,-3.));
#12280=CARTESIAN_POINT('Origin',(118.957159646764,68.1424144274869,0.));
#12281=CARTESIAN_POINT('',(118.957159646764,68.1424144274869,-3.));
#12282=CARTESIAN_POINT('',(118.957159646764,68.1424144274869,0.));
#12283=CARTESIAN_POINT('',(118.957159646764,66.8690213251108,-3.));
#12284=CARTESIAN_POINT('Origin',(118.87016984336,69.2479330448527,0.));
#12285=CARTESIAN_POINT('',(118.87016984336,69.2479330448527,-3.));
#12286=CARTESIAN_POINT('',(118.87016984336,69.2479330448527,0.));
#12287=CARTESIAN_POINT('',(118.957159646764,68.1424144274869,-3.));
#12288=CARTESIAN_POINT('Origin',(110.753997580775,67.9702725374391,0.));
#12289=CARTESIAN_POINT('',(110.708870786305,76.1862710854298,-3.));
#12290=CARTESIAN_POINT('',(110.708870786305,76.1862710854298,0.));
#12291=CARTESIAN_POINT('Origin',(110.753997580775,67.9702725374391,-3.));
#12292=CARTESIAN_POINT('Origin',(110.517092039921,76.203741611173,0.));
#12293=CARTESIAN_POINT('',(110.517092039921,76.203741611173,-3.));
#12294=CARTESIAN_POINT('',(110.517092039921,76.203741611173,0.));
#12295=CARTESIAN_POINT('',(110.708870786305,76.1862710854298,-3.));
#12296=CARTESIAN_POINT('Origin',(98.546116945854,76.203741611173,0.));
#12297=CARTESIAN_POINT('',(98.546116945854,76.203741611173,-3.));
#12298=CARTESIAN_POINT('',(98.546116945854,76.203741611173,0.));
#12299=CARTESIAN_POINT('',(110.517092039921,76.203741611173,-3.));
#12300=CARTESIAN_POINT('Origin',(98.5061812145366,73.6507065180879,0.));
#12301=CARTESIAN_POINT('',(95.9830916290855,74.0426274194801,-3.));
#12302=CARTESIAN_POINT('',(95.9830916290855,74.0426274194801,0.));
#12303=CARTESIAN_POINT('Origin',(98.5061812145366,73.6507065180879,-3.));
#12304=CARTESIAN_POINT('Origin',(95.9392158613431,73.4945658539113,0.));
#12305=CARTESIAN_POINT('',(95.9392158613431,73.4945658539113,-3.));
#12306=CARTESIAN_POINT('',(95.9392158613431,73.4945658539113,0.));
#12307=CARTESIAN_POINT('',(95.9830916290855,74.0426274194801,-3.));
#12308=CARTESIAN_POINT('Origin',(94.4344630042869,73.6426979081311,0.));
#12309=CARTESIAN_POINT('',(92.9327609104094,73.4663032156093,-3.));
#12310=CARTESIAN_POINT('',(92.9327609104094,73.4663032156093,0.));
#12311=CARTESIAN_POINT('Origin',(94.4344630042869,73.6426979081311,-3.));
#12312=CARTESIAN_POINT('Origin',(92.880226788036,74.0491534734278,0.));
#12313=CARTESIAN_POINT('',(92.880226788036,74.0491534734278,-3.));
#12314=CARTESIAN_POINT('',(92.880226788036,74.0491534734278,0.));
#12315=CARTESIAN_POINT('',(92.9327609104094,73.4663032156093,-3.));
#12316=CARTESIAN_POINT('Origin',(90.3132326433,73.5993330054418,0.));
#12317=CARTESIAN_POINT('',(90.2191411616497,76.2037416111735,-3.));
#12318=CARTESIAN_POINT('',(90.2191411616497,76.2037416111735,0.));
#12319=CARTESIAN_POINT('Origin',(90.3132326433,73.5993330054418,-3.));
#12320=CARTESIAN_POINT('Origin',(87.6801865785721,76.203741611173,0.));
#12321=CARTESIAN_POINT('',(87.6801865785721,76.203741611173,-3.));
#12322=CARTESIAN_POINT('',(87.6801865785721,76.203741611173,0.));
#12323=CARTESIAN_POINT('',(90.2191411616497,76.2037416111735,-3.));
#12324=CARTESIAN_POINT('Origin',(87.6804909255184,77.7158092210736,0.));
#12325=CARTESIAN_POINT('',(86.1768321477572,77.5565646619853,-3.));
#12326=CARTESIAN_POINT('',(86.1768321477572,77.5565646619853,0.));
#12327=CARTESIAN_POINT('Origin',(87.6804909255184,77.7158092210736,-3.));
#12328=CARTESIAN_POINT('Origin',(84.1171741979917,77.5844024922369,0.));
#12329=CARTESIAN_POINT('',(85.5413190743753,79.0726152411064,-3.));
#12330=CARTESIAN_POINT('',(85.5413190743753,79.0726152411064,0.));
#12331=CARTESIAN_POINT('Origin',(84.1171741979917,77.5844024922369,-3.));
#12332=CARTESIAN_POINT('Origin',(84.1378329000872,77.5727992533876,0.));
#12333=CARTESIAN_POINT('',(84.033191122533,79.6242064623109,-3.));
#12334=CARTESIAN_POINT('',(84.033191122533,79.6242064623109,0.));
#12335=CARTESIAN_POINT('Origin',(84.1378329000872,77.5727992533876,-3.));
#12336=CARTESIAN_POINT('Origin',(65.0196982666849,79.6242064623118,0.));
#12337=CARTESIAN_POINT('',(65.0196982666849,79.6242064623118,-3.));
#12338=CARTESIAN_POINT('',(65.0196982666849,79.6242064623118,0.));
#12339=CARTESIAN_POINT('',(84.033191122533,79.6242064623109,-3.));
#12340=CARTESIAN_POINT('Origin',(65.0649832352608,77.4773467996401,0.));
#12341=CARTESIAN_POINT('',(63.4165061514022,78.853421086726,-3.));
#12342=CARTESIAN_POINT('',(63.4165061514022,78.853421086726,0.));
#12343=CARTESIAN_POINT('Origin',(65.0649832352608,77.4773467996401,-3.));
#12344=CARTESIAN_POINT('Origin',(62.9152102703129,78.1511719741922,0.));
#12345=CARTESIAN_POINT('',(62.9152102703129,78.1511719741922,-3.));
#12346=CARTESIAN_POINT('',(62.9152102703129,78.1511719741922,0.));
#12347=CARTESIAN_POINT('',(63.4165061514022,78.853421086726,-3.));
#12348=CARTESIAN_POINT('Origin',(58.8349898067966,81.3531341844128,0.));
#12349=CARTESIAN_POINT('',(58.9658579611096,76.1681911227423,-3.));
#12350=CARTESIAN_POINT('',(58.9658579611096,76.1681911227423,0.));
#12351=CARTESIAN_POINT('Origin',(58.8349898067966,81.3531341844128,-3.));
#12352=CARTESIAN_POINT('Origin',(50.5178175585075,76.1681911227425,0.));
#12353=CARTESIAN_POINT('',(50.5178175585075,76.1681911227425,-3.));
#12354=CARTESIAN_POINT('',(50.5178175585075,76.1681911227425,0.));
#12355=CARTESIAN_POINT('',(58.9658579611096,76.1681911227423,-3.));
#12356=CARTESIAN_POINT('Origin',(50.5181987593343,77.6803565413417,0.));
#12357=CARTESIAN_POINT('',(50.5178175585072,79.1925219599409,-3.));
#12358=CARTESIAN_POINT('',(50.5178175585072,79.1925219599409,0.));
#12359=CARTESIAN_POINT('Origin',(50.5181987593343,77.6803565413417,-3.));
#12360=CARTESIAN_POINT('Origin',(58.8836670698019,79.1925219599409,0.));
#12361=CARTESIAN_POINT('',(58.8836670698019,79.1925219599409,-3.));
#12362=CARTESIAN_POINT('',(58.8836670698019,79.1925219599409,0.));
#12363=CARTESIAN_POINT('',(50.5178175585072,79.1925219599409,-3.));
#12364=CARTESIAN_POINT('Origin',(58.8382253105438,81.3400770630407,0.));
#12365=CARTESIAN_POINT('',(60.4875193528861,79.9638913792653,-3.));
#12366=CARTESIAN_POINT('',(60.4875193528861,79.9638913792653,0.));
#12367=CARTESIAN_POINT('Origin',(58.8382253105438,81.3400770630407,-3.));
#12368=CARTESIAN_POINT('Origin',(61.0254291558988,80.708064674941,0.));
#12369=CARTESIAN_POINT('',(61.0254291558989,80.708064674941,-3.));
#12370=CARTESIAN_POINT('',(61.0254291558989,80.708064674941,0.));
#12371=CARTESIAN_POINT('',(60.4875193528861,79.9638913792653,-3.));
#12372=CARTESIAN_POINT('Origin',(65.0651263674039,77.4775695860212,0.));
#12373=CARTESIAN_POINT('',(64.9372788557535,82.6485372995098,-3.));
#12374=CARTESIAN_POINT('',(64.9372788557535,82.6485372995098,0.));
#12375=CARTESIAN_POINT('Origin',(65.0651263674039,77.4775695860212,-3.));
#12376=CARTESIAN_POINT('Origin',(84.0726234531479,82.6485372995103,0.));
#12377=CARTESIAN_POINT('',(84.0726234531479,82.6485372995103,-3.));
#12378=CARTESIAN_POINT('',(84.0726234531479,82.6485372995103,0.));
#12379=CARTESIAN_POINT('',(64.9372788557535,82.6485372995098,-3.));
#12380=CARTESIAN_POINT('Origin',(84.1597736693589,77.6162748100582,0.));
#12381=CARTESIAN_POINT('Origin',(84.1597736693589,77.6162748100582,-3.));
#12382=CARTESIAN_POINT('Origin',(112.024178957921,79.3172533879201,0.));
#12383=CARTESIAN_POINT('',(112.024178957921,79.3172533879201,-3.));
#12384=CARTESIAN_POINT('',(112.024178957921,79.3172533879201,0.));
#12385=CARTESIAN_POINT('',(110.901817521877,79.2280724483714,-3.));
#12386=CARTESIAN_POINT('Origin',(110.738584320111,87.4347697773373,0.));
#12387=CARTESIAN_POINT('',(118.957159646764,87.3918104319436,-3.));
#12388=CARTESIAN_POINT('',(118.957159646764,87.3918104319436,0.));
#12389=CARTESIAN_POINT('Origin',(110.738584320111,87.4347697773373,-3.));
#12390=CARTESIAN_POINT('Origin',(118.957159646764,88.462997434768,0.));
#12391=CARTESIAN_POINT('',(118.957159646764,88.462997434768,-3.));
#12392=CARTESIAN_POINT('',(118.957159646764,88.462997434768,0.));
#12393=CARTESIAN_POINT('',(118.957159646764,87.3918104319436,-3.));
#12394=CARTESIAN_POINT('Origin',(112.587341890797,88.604488326627,0.));
#12395=CARTESIAN_POINT('',(112.638845963413,94.9756691628003,-3.));
#12396=CARTESIAN_POINT('',(112.638845963413,94.9756691628003,0.));
#12397=CARTESIAN_POINT('Origin',(112.587341890797,88.604488326627,-3.));
#12398=CARTESIAN_POINT('Origin',(78.706677996911,94.9756691628016,0.));
#12399=CARTESIAN_POINT('',(112.638845963413,94.9756691628003,-3.));
#12400=CARTESIAN_POINT('Origin',(60.9901892819509,49.,-3.));
#12401=CARTESIAN_POINT('Origin',(61.,49.,0.));
#12402=CARTESIAN_POINT('Origin',(61.,49.,0.));
#12403=CARTESIAN_POINT('Origin',(61.,49.,0.));
#12404=CARTESIAN_POINT('Origin',(61.,49.,0.));
#12405=UNCERTAINTY_MEASURE_WITH_UNIT(LENGTH_MEASURE(0.01),#12409,
'DISTANCE_ACCURACY_VALUE',
'Maximum model space distance between geometric entities at asserted c
onnectivities');
#12406=UNCERTAINTY_MEASURE_WITH_UNIT(LENGTH_MEASURE(0.01),#12409,
'DISTANCE_ACCURACY_VALUE',
'Maximum model space distance between geometric entities at asserted c
onnectivities');
#12407=(
GEOMETRIC_REPRESENTATION_CONTEXT(3)
GLOBAL_UNCERTAINTY_ASSIGNED_CONTEXT((#12405))
GLOBAL_UNIT_ASSIGNED_CONTEXT((#12409,#12410,#12411))
REPRESENTATION_CONTEXT('','3D')
);
#12408=(
GEOMETRIC_REPRESENTATION_CONTEXT(3)
GLOBAL_UNCERTAINTY_ASSIGNED_CONTEXT((#12406))
GLOBAL_UNIT_ASSIGNED_CONTEXT((#12409,#12410,#12411))
REPRESENTATION_CONTEXT('','3D')
);
#12409=(
LENGTH_UNIT()
NAMED_UNIT(*)
SI_UNIT(.MILLI.,.METRE.)
);
#12410=(
NAMED_UNIT(*)
PLANE_ANGLE_UNIT()
SI_UNIT($,.RADIAN.)
);
#12411=(
NAMED_UNIT(*)
SI_UNIT($,.STERADIAN.)
SOLID_ANGLE_UNIT()
);
#12412=SHAPE_DEFINITION_REPRESENTATION(#12413,#12414);
#12413=PRODUCT_DEFINITION_SHAPE('',$,#12416);
#12414=SHAPE_REPRESENTATION('',(#7337),#12407);
#12415=PRODUCT_DEFINITION_CONTEXT('part definition',#12420,'design');
#12416=PRODUCT_DEFINITION('SNA','SNA v16',#12417,#12415);
#12417=PRODUCT_DEFINITION_FORMATION('',$,#12422);
#12418=PRODUCT_RELATED_PRODUCT_CATEGORY('SNA v16','SNA v16',(#12422));
#12419=APPLICATION_PROTOCOL_DEFINITION('international standard',
'automotive_design',2009,#12420);
#12420=APPLICATION_CONTEXT(
'Core Data for Automotive Mechanical Design Process');
#12421=PRODUCT_CONTEXT('part definition',#12420,'mechanical');
#12422=PRODUCT('SNA','SNA v16',$,(#12421));
#12423=PRESENTATION_STYLE_ASSIGNMENT((#12425));
#12424=PRESENTATION_STYLE_ASSIGNMENT((#12426));
#12425=SURFACE_STYLE_USAGE(.BOTH.,#12427);
#12426=SURFACE_STYLE_USAGE(.BOTH.,#12428);
#12427=SURFACE_SIDE_STYLE('',(#12429));
#12428=SURFACE_SIDE_STYLE('',(#12430));
#12429=SURFACE_STYLE_FILL_AREA(#12431);
#12430=SURFACE_STYLE_FILL_AREA(#12432);
#12431=FILL_AREA_STYLE('Stahl - satiniert',(#12433));
#12432=FILL_AREA_STYLE('Opaque(176,176,176)',(#12434));
#12433=FILL_AREA_STYLE_COLOUR('Stahl - satiniert',#12435);
#12434=FILL_AREA_STYLE_COLOUR('Opaque(176,176,176)',#12436);
#12435=COLOUR_RGB('Stahl - satiniert',0.627450980392157,0.627450980392157,
0.627450980392157);
#12436=COLOUR_RGB('Opaque(176,176,176)',0.690196078431373,0.690196078431373,
0.690196078431373);
ENDSEC;
END-ISO-10303-21;
